game_id,team,opp,plays,expl20,expl15,epa_sum,succ,pass_plays,pace_secs,pace_plays,rz_trips,rz_td,season,game_date,old_game_id
,PIT,TEN,70,4,6,-11.289527040932729,29,47,1117.0,36,3,1,2009,2009-09-10,2009091000
,TEN,PIT,61,3,8,-2.358306402066197,22,36,1144.0,39,3,1,2009,2009-09-10,2009091000
,ATL,MIA,62,3,5,0.5245023481241692,25,38,754.0,27,5,2,2009,2009-09-13,2009091300
,MIA,ATL,55,2,4,-20.146277431931505,22,33,704.0,18,2,1,2009,2009-09-13,2009091300
,BAL,KC,85,4,9,19.693164797880623,43,44,1592.0,51,5,5,2009,2009-09-13,2009091301
,KC,BAL,44,3,3,-8.235599665219901,14,27,470.0,14,2,2,2009,2009-09-13,2009091301
,CAR,PHI,68,1,4,-47.85639263106662,19,39,583.0,18,4,1,2009,2009-09-13,2009091302
,PHI,CAR,62,1,6,-9.233305973107951,25,31,175.0,6,3,3,2009,2009-09-13,2009091302
,CIN,DEN,63,3,7,-8.22146150105863,26,36,1353.0,40,2,1,2009,2009-09-13,2009091303
,DEN,CIN,52,4,4,-5.346598444438724,19,32,925.0,30,1,1,2009,2009-09-13,2009091303
,CLE,MIN,60,1,6,-14.4166425132467,22,40,794.0,24,3,1,2009,2009-09-13,2009091304
,MIN,CLE,62,2,5,7.872176507665041,31,26,1418.0,41,6,4,2009,2009-09-13,2009091304
,HOU,NYJ,48,1,3,-17.35809418821261,17,35,531.0,15,1,0,2009,2009-09-13,2009091305
,NYJ,HOU,70,8,10,15.896880404161035,25,30,590.0,21,4,3,2009,2009-09-13,2009091305
,IND,JAX,67,3,7,3.108327476250108,27,39,1407.0,46,3,2,2009,2009-09-13,2009091306
,JAX,IND,56,2,3,-4.665925794079148,22,29,1048.0,34,2,1,2009,2009-09-13,2009091306
,DET,NO,54,2,3,-3.790549955420211,19,35,115.0,4,4,2,2009,2009-09-13,2009091307
,NO,DET,69,5,9,17.859249989253694,40,34,660.0,19,9,6,2009,2009-09-13,2009091307
,DAL,TB,52,6,9,17.401231962377746,22,28,811.0,27,5,4,2009,2009-09-13,2009091308
,TB,DAL,73,5,8,12.7824479800685,31,42,878.0,27,4,3,2009,2009-09-13,2009091308
,ARI,SF,61,3,6,-12.786227494166813,21,44,1066.0,31,2,1,2009,2009-09-13,2009091309
,SF,ARI,60,1,3,-11.17613523477039,18,35,920.0,27,3,2,2009,2009-09-13,2009091309
,NYG,WAS,59,6,8,-0.5991816861692844,23,30,855.0,24,4,1,2009,2009-09-13,2009091310
,WAS,NYG,50,3,7,-5.740131121466397,19,29,178.0,5,3,2,2009,2009-09-13,2009091310
,LA,SEA,57,2,4,-17.65557958664108,17,39,557.0,20,2,0,2009,2009-09-13,2009091311
,SEA,LA,70,4,4,9.473673299607805,34,36,891.0,33,5,4,2009,2009-09-13,2009091311
,CHI,GB,68,6,7,-24.127289989566993,24,37,1233.0,40,5,1,2009,2009-09-13,2009091312
,GB,CHI,53,1,3,-6.489491400526325,21,33,930.0,30,3,2,2009,2009-09-13,2009091312
,BUF,NE,48,3,10,6.690983072442193,21,29,796.0,23,2,2,2009,2009-09-14,2009091400
,NE,BUF,79,2,7,3.254504892686565,36,56,1575.0,49,5,3,2009,2009-09-14,2009091400
,LAC,LV,61,3,8,2.696143424722956,25,39,954.0,32,4,3,2009,2009-09-14,2009091401
,LV,LAC,64,3,7,-0.5154701123200247,25,32,1330.0,42,4,2,2009,2009-09-14,2009091401
,ATL,CAR,64,4,8,10.454742800118753,33,27,1368.0,43,5,4,2009,2009-09-20,2009092000
,CAR,ATL,67,6,11,8.702150195760847,29,42,1094.0,36,4,2,2009,2009-09-20,2009092000
,DET,MIN,66,2,2,-11.990296607992414,28,32,1240.0,38,2,1,2009,2009-09-20,2009092001
,MIN,DET,53,2,2,-1.8871782042140612,25,31,740.0,21,5,3,2009,2009-09-20,2009092001
,CIN,GB,59,3,3,-0.9215735054614478,26,25,1216.0,34,4,4,2009,2009-09-20,2009092002
,GB,CIN,62,5,9,-1.1954793845469749,26,44,863.0,31,3,2,2009,2009-09-20,2009092002
,ARI,JAX,56,2,10,13.948162786372016,29,32,640.0,16,3,3,2009,2009-09-20,2009092003
,JAX,ARI,67,4,11,-7.491463858829958,22,47,285.0,9,3,2,2009,2009-09-20,2009092003
,KC,LV,79,3,6,-2.815306634399491,33,41,1416.0,48,3,1,2009,2009-09-20,2009092004
,LV,KC,48,1,4,-9.534272886709331,15,26,761.0,25,1,1,2009,2009-09-20,2009092004
,NE,NYJ,66,1,5,-8.696441592024819,23,46,1273.0,41,3,0,2009,2009-09-20,2009092005
,NYJ,NE,53,2,5,-6.560011174907791,19,24,897.0,29,3,1,2009,2009-09-20,2009092005
,NO,PHI,65,5,13,16.25094520603912,28,36,872.0,30,7,5,2009,2009-09-20,2009092006
,PHI,NO,75,5,10,-5.982464440298071,35,54,725.0,28,6,2,2009,2009-09-20,2009092006
,HOU,TEN,66,6,7,9.328655991085377,24,39,1248.0,40,6,4,2009,2009-09-20,2009092007
,TEN,HOU,60,3,7,6.029416302166721,24,34,850.0,34,4,4,2009,2009-09-20,2009092007
,LA,WAS,50,2,2,-3.830801639008411,18,29,978.0,31,2,1,2009,2009-09-20,2009092008
,WAS,LA,67,3,7,2.084226329104648,28,37,1234.0,42,5,0,2009,2009-09-20,2009092008
,BUF,TB,68,6,6,-2.2550583371200226,33,33,572.0,21,6,2,2009,2009-09-20,2009092009
,TB,BUF,71,4,7,-16.53167147697625,22,52,616.0,18,3,3,2009,2009-09-20,2009092009
,SEA,SF,65,2,6,-15.484831228514466,24,42,208.0,9,3,1,2009,2009-09-20,2009092010
,SF,SEA,60,2,6,9.466058552781858,24,31,648.0,19,4,2,2009,2009-09-20,2009092010
,CHI,PIT,55,2,5,5.352278178914427,23,38,980.0,31,2,2,2009,2009-09-20,2009092011
,PIT,CHI,57,4,7,11.560348168476244,26,36,1180.0,35,3,2,2009,2009-09-20,2009092011
,CLE,DEN,55,2,4,-16.838745214078344,18,35,1082.0,33,1,0,2009,2009-09-20,2009092012
,DEN,CLE,73,6,8,12.666480128440483,30,37,1233.0,48,6,3,2009,2009-09-20,2009092012
,BAL,LAC,60,3,5,3.4468909611996015,32,28,1012.0,33,5,4,2009,2009-09-20,2009092013
,LAC,BAL,67,8,12,7.131759090324862,26,46,900.0,31,7,2,2009,2009-09-20,2009092013
,DAL,NYG,58,7,9,2.625072240205456,26,29,1009.0,38,4,4,2009,2009-09-20,2009092014
,NYG,DAL,64,7,10,7.678080197569323,23,38,1235.0,35,7,2,2009,2009-09-20,2009092014
,IND,MIA,35,5,9,15.641901325074963,14,24,525.0,19,3,3,2009,2009-09-21,2009092100
,MIA,IND,82,1,7,16.921687255121324,44,33,1821.0,51,2,2,2009,2009-09-21,2009092100
,BAL,CLE,66,5,10,19.151974715226615,31,38,443.0,15,7,4,2009,2009-09-27,2009092700
,CLE,BAL,51,1,3,-16.988249080974505,15,28,290.0,8,1,0,2009,2009-09-27,2009092700
,CIN,PIT,58,3,5,4.286291339458783,26,39,216.0,6,3,2,2009,2009-09-27,2009092701
,PIT,CIN,60,5,7,2.972745140351895,29,32,1077.0,28,4,2,2009,2009-09-27,2009092701
,DET,WAS,73,6,10,8.468299394185985,29,37,1099.0,34,4,2,2009,2009-09-27,2009092702
,WAS,DET,56,5,10,5.479273275982026,26,42,572.0,22,3,2,2009,2009-09-27,2009092702
,HOU,JAX,59,6,11,12.61406838140882,25,37,1165.0,38,5,3,2009,2009-09-27,2009092703
,JAX,HOU,58,5,8,17.51447312060128,28,30,1146.0,37,4,4,2009,2009-09-27,2009092703
,MIN,SF,72,5,8,-4.762680724034322,23,45,1140.0,40,4,3,2009,2009-09-27,2009092704
,SF,MIN,51,4,5,-6.30295456898035,17,25,664.0,21,3,2,2009,2009-09-27,2009092704
,ATL,NE,44,3,5,-1.3025456500608132,19,28,828.0,28,2,1,2009,2009-09-27,2009092705
,NE,ATL,79,3,9,15.575037338929143,38,42,1586.0,54,6,2,2009,2009-09-27,2009092705
,KC,PHI,51,2,2,-10.839652478833887,14,22,110.0,4,2,2,2009,2009-09-27,2009092706
,PHI,KC,61,3,6,8.411538255383842,28,36,454.0,14,6,4,2009,2009-09-27,2009092706
,GB,LA,59,5,7,13.7529307147682,26,25,619.0,21,6,4,2009,2009-09-27,2009092707
,LA,GB,69,2,6,-8.532361859653822,26,36,466.0,15,2,2,2009,2009-09-27,2009092707
,NYG,TB,74,3,4,13.166773814261665,33,27,727.0,19,5,3,2009,2009-09-27,2009092708
,TB,NYG,35,0,2,-21.03311230783194,10,26,81.0,2,1,0,2009,2009-09-27,2009092708
,BUF,NO,60,1,2,-5.980989360925929,22,39,913.0,37,1,1,2009,2009-09-27,2009092709
,NO,BUF,65,4,10,6.188462980443981,29,31,1252.0,40,5,3,2009,2009-09-27,2009092709
,CHI,SEA,57,4,6,-0.3694639530440478,27,30,514.0,16,5,3,2009,2009-09-27,2009092710
,SEA,CHI,75,4,7,-6.069165696418779,29,47,1057.0,37,3,1,2009,2009-09-27,2009092710
,NYJ,TEN,61,1,5,-18.62465973960712,19,33,961.0,28,4,3,2009,2009-09-27,2009092711
,TEN,NYJ,69,5,6,-18.065259040574684,22,39,620.0,27,3,2,2009,2009-09-27,2009092711
,DEN,LV,67,4,6,3.911737663848265,32,23,945.0,27,6,2,2009,2009-09-27,2009092712
,LV,DEN,47,0,3,-20.424678487979843,14,24,103.0,4,1,0,2009,2009-09-27,2009092712
,LAC,MIA,63,3,8,-0.9553508059192524,23,35,998.0,35,6,1,2009,2009-09-27,2009092713
,MIA,LAC,63,1,1,-9.311949289634681,30,32,1349.0,36,4,1,2009,2009-09-27,2009092713
,ARI,IND,70,2,10,-14.789111544308522,29,58,576.0,18,5,1,2009,2009-09-27,2009092714
,IND,ARI,66,7,12,7.849695626013063,30,35,624.0,24,7,4,2009,2009-09-27,2009092714
,CAR,DAL,51,2,4,-8.809804115690016,24,36,713.0,26,1,1,2009,2009-09-28,2009092800
,DAL,CAR,64,5,10,15.366408594140749,31,34,1441.0,41,4,1,2009,2009-09-28,2009092800
,CHI,DET,50,3,5,4.473080175977888,20,30,636.0,22,7,6,2009,2009-10-04,2009100400
,DET,CHI,78,7,10,-4.363714000960486,28,52,1135.0,37,4,3,2009,2009-10-04,2009100400
,CIN,CLE,74,5,10,2.0045542384158512,26,45,723.0,21,4,2,2009,2009-10-04,2009100401
,CLE,CIN,82,5,9,-17.775952633225657,31,49,884.0,26,5,2,2009,2009-10-04,2009100401
,HOU,LV,63,4,6,-10.771229959739554,17,25,580.0,19,7,3,2009,2009-10-04,2009100402
,LV,HOU,57,1,3,-33.931341233392416,11,35,247.0,8,1,0,2009,2009-10-04,2009100402
,IND,SEA,62,4,8,18.394927460652404,36,41,604.0,18,6,4,2009,2009-10-04,2009100403
,SEA,IND,68,2,5,-9.293832361684098,26,50,660.0,19,3,2,2009,2009-10-04,2009100403
,JAX,TEN,66,4,10,15.660162403006225,35,39,387.0,10,7,4,2009,2009-10-04,2009100404
,TEN,JAX,69,1,7,-2.6996401874169536,33,49,114.0,4,3,2,2009,2009-10-04,2009100404
,KC,NYG,63,2,4,-14.571240252132041,15,37,269.0,8,3,2,2009,2009-10-04,2009100405
,NYG,KC,70,5,9,2.3713808535212832,30,37,553.0,17,7,3,2009,2009-10-04,2009100405
,BAL,NE,65,3,5,6.09146838185597,30,48,554.0,20,4,2,2009,2009-10-04,2009100406
,NE,BAL,63,3,7,5.294677449214162,28,35,1106.0,31,5,3,2009,2009-10-04,2009100406
,TB,WAS,55,1,5,-16.129368620932855,19,25,902.0,27,3,1,2009,2009-10-04,2009100407
,WAS,TB,56,1,5,-9.349108853202173,21,24,1048.0,34,2,2,2009,2009-10-04,2009100407
,BUF,MIA,49,5,7,-22.79621473843327,13,32,403.0,14,3,1,2009,2009-10-04,2009100408
,MIA,BUF,72,4,5,10.896049867478945,36,28,718.0,23,5,4,2009,2009-10-04,2009100408
,NO,NYJ,62,2,9,-5.4968099214901205,21,32,769.0,22,4,1,2009,2009-10-04,2009100409
,NYJ,NO,57,2,6,-13.170525415751781,22,30,415.0,12,3,1,2009,2009-10-04,2009100409
,DAL,DEN,71,3,4,-13.683625333575186,29,46,1056.0,35,3,1,2009,2009-10-04,2009100410
,DEN,DAL,56,2,6,1.918585662036973,31,32,786.0,26,3,2,2009,2009-10-04,2009100410
,LA,SF,57,1,3,-29.327289521262653,15,29,634.0,22,0,0,2009,2009-10-04,2009100411
,SF,LA,54,2,5,-6.943041078848921,15,27,1054.0,31,2,2,2009,2009-10-04,2009100411
,LAC,PIT,47,2,8,1.3954472972389032,20,39,48.0,2,3,3,2009,2009-10-04,2009100412
,PIT,LAC,71,5,13,30.31984830479534,43,37,559.0,15,5,5,2009,2009-10-04,2009100412
,GB,MIN,63,6,10,6.0833570939014265,26,46,521.0,20,4,2,2009,2009-10-05,2009100500
,MIN,GB,60,4,8,6.947276888028233,26,32,1225.0,34,5,4,2009,2009-10-05,2009100500
,BAL,CIN,51,4,4,-3.295922121849477,18,33,773.0,27,2,1,2009,2009-10-11,2009101100
,CIN,BAL,64,5,8,2.522321610692673,29,31,962.0,31,4,2,2009,2009-10-11,2009101100
,BUF,CLE,68,2,4,-15.738633327549396,20,33,1245.0,44,2,0,2009,2009-10-11,2009101101
,CLE,BUF,59,1,3,-20.628733855772847,15,18,959.0,30,2,0,2009,2009-10-11,2009101101
,CAR,WAS,58,1,5,-14.879699079176328,22,28,980.0,29,4,2,2009,2009-10-11,2009101102
,WAS,CAR,52,1,1,-6.518568214511925,19,28,1121.0,32,3,2,2009,2009-10-11,2009101102
,DET,PIT,68,5,11,2.8483202236054224,28,43,590.0,16,2,1,2009,2009-10-11,2009101103
,PIT,DET,50,4,7,6.49677783937319,28,32,853.0,26,4,4,2009,2009-10-11,2009101103
,DAL,KC,60,6,9,14.490242351527302,28,35,515.0,14,4,2,2009,2009-10-11,2009101104
,KC,DAL,74,2,5,-8.671313423013464,22,45,809.0,29,3,2,2009,2009-10-11,2009101104
,LV,NYG,44,2,2,-21.81033407755376,11,19,93.0,2,1,1,2009,2009-10-11,2009101105
,NYG,LV,64,5,10,23.295028485134086,31,23,553.0,15,8,5,2009,2009-10-11,2009101105
,PHI,TB,46,5,8,10.544787093741768,19,27,376.0,13,5,4,2009,2009-10-11,2009101106
,TB,PHI,75,4,7,-19.920532199431246,23,53,774.0,23,4,2,2009,2009-10-11,2009101106
,LA,MIN,70,4,6,-9.298712379604693,32,40,123.0,4,5,1,2009,2009-10-11,2009101107
,MIN,LA,53,5,9,14.62353770174326,27,29,277.0,8,4,4,2009,2009-10-11,2009101107
,ATL,SF,70,5,9,19.92755493414839,34,32,587.0,21,7,6,2009,2009-10-11,2009101108
,SF,ATL,58,3,6,-9.359977419596294,14,41,407.0,13,3,1,2009,2009-10-11,2009101108
,ARI,HOU,55,5,7,2.104620356904373,25,39,889.0,27,4,3,2009,2009-10-11,2009101109
,HOU,ARI,71,4,9,-2.6569542272551594,33,50,568.0,18,5,3,2009,2009-10-11,2009101109
,DEN,NE,74,1,4,9.239338120888556,36,49,483.0,15,3,2,2009,2009-10-11,2009101110
,NE,DEN,60,2,6,-4.549426792025041,26,34,747.0,25,2,2,2009,2009-10-11,2009101110
,JAX,SEA,52,2,6,-27.946904935153885,15,37,469.0,17,2,0,2009,2009-10-11,2009101111
,SEA,JAX,68,3,7,15.32274050356926,30,31,863.0,32,6,4,2009,2009-10-11,2009101111
,IND,TEN,67,2,4,13.812430386579535,38,44,740.0,29,5,4,2009,2009-10-11,2009101112
,TEN,IND,56,1,2,-15.836090385315785,24,36,606.0,20,0,0,2009,2009-10-11,2009101112
,MIA,NYJ,64,3,6,21.496542867936366,34,28,1292.0,35,5,4,2009,2009-10-12,2009101200
,NYJ,MIA,53,3,5,8.304195279382238,27,23,1044.0,34,3,3,2009,2009-10-12,2009101200
,CIN,HOU,53,3,5,-10.862228521731655,24,36,843.0,28,2,2,2009,2009-10-18,2009101800
,HOU,CIN,71,5,8,10.473661515084348,28,42,1313.0,43,6,4,2009,2009-10-18,2009101800
,DET,GB,48,3,5,-28.989095533004523,12,30,71.0,2,1,0,2009,2009-10-18,2009101801
,GB,DET,69,6,10,7.040561845474844,32,41,270.0,9,6,2,2009,2009-10-18,2009101801
,JAX,LA,83,5,11,-1.5841426144212316,40,46,1291.0,40,6,3,2009,2009-10-18,2009101802
,LA,JAX,52,2,7,-5.193484757740138,16,34,1037.0,32,2,1,2009,2009-10-18,2009101802
,BAL,MIN,63,9,11,12.125041019763628,24,45,66.0,2,5,4,2009,2009-10-18,2009101803
,MIN,BAL,63,5,8,11.317053786600614,23,32,442.0,12,6,3,2009,2009-10-18,2009101803
,NO,NYG,70,8,12,26.3184132707596,36,31,606.0,19,8,7,2009,2009-10-18,2009101804
,NYG,NO,55,3,6,-1.0770022750974122,20,37,119.0,4,4,3,2009,2009-10-18,2009101804
,CLE,PIT,50,2,3,-18.7324803470341,15,28,463.0,17,3,2,2009,2009-10-18,2009101805
,PIT,CLE,71,10,12,10.30331763092506,37,38,1165.0,36,5,3,2009,2009-10-18,2009101805
,CAR,TB,66,2,5,-0.3929060256311845,34,18,1067.0,35,5,4,2009,2009-10-18,2009101806
,TB,CAR,45,5,6,-4.433762389815284,17,21,1183.0,31,2,2,2009,2009-10-18,2009101806
,KC,WAS,71,2,6,-11.86099033224468,21,37,1483.0,44,3,0,2009,2009-10-18,2009101807
,WAS,KC,52,3,4,-14.949444365728223,14,32,749.0,30,1,0,2009,2009-10-18,2009101807
,LV,PHI,62,3,5,-19.903279471997237,22,30,1085.0,32,2,1,2009,2009-10-18,2009101808
,PHI,LV,65,5,6,-18.487096434886844,19,51,998.0,38,1,0,2009,2009-10-18,2009101808
,ARI,SEA,71,1,4,0.5375284821987958,34,45,574.0,14,5,3,2009,2009-10-18,2009101809
,SEA,ARI,45,2,4,-23.164596972336497,7,34,0.0,0,1,0,2009,2009-10-18,2009101809
,NE,TEN,74,8,10,39.21230416252318,44,47,416.0,11,11,8,2009,2009-10-18,2009101810
,TEN,NE,48,3,4,-32.82577893824085,13,14,228.0,8,1,0,2009,2009-10-18,2009101810
,BUF,NYJ,74,2,3,-15.01594201575662,27,32,571.0,19,3,1,2009,2009-10-18,2009101811
,NYJ,BUF,72,6,6,-15.289433320736276,24,32,775.0,26,3,1,2009,2009-10-18,2009101811
,ATL,CHI,55,1,3,-1.5856558339757338,24,33,769.0,26,3,3,2009,2009-10-18,2009101812
,CHI,ATL,68,7,8,-5.5479053394389926,27,45,1372.0,41,5,2,2009,2009-10-18,2009101812
,DEN,LAC,63,2,5,8.642546438946987,25,30,1036.0,37,5,3,2009,2009-10-19,2009101900
,LAC,DEN,59,4,13,-8.071244011363467,23,38,1235.0,36,2,1,2009,2009-10-19,2009101900
,CHI,CIN,51,1,7,-13.626769204602477,18,39,285.0,7,2,1,2009,2009-10-25,2009102500
,CIN,CHI,69,3,8,26.241702851463085,36,24,468.0,14,7,6,2009,2009-10-25,2009102500
,CLE,GB,52,2,3,-26.766585505431443,11,31,462.0,14,2,0,2009,2009-10-25,2009102501
,GB,CLE,63,3,9,22.74141398467828,34,22,637.0,17,5,4,2009,2009-10-25,2009102501
,HOU,SF,58,4,6,0.9942085367998166,23,32,708.0,22,4,3,2009,2009-10-25,2009102502
,SF,HOU,52,4,7,2.7665957674404993,23,33,215.0,6,3,3,2009,2009-10-25,2009102502
,KC,LAC,60,2,3,-29.686298415954315,17,29,205.0,6,1,1,2009,2009-10-25,2009102503
,LAC,KC,63,6,8,6.053728531173604,22,30,539.0,18,6,3,2009,2009-10-25,2009102503
,MIN,PIT,77,4,9,-13.781896535555893,31,55,1233.0,40,6,2,2009,2009-10-25,2009102504
,PIT,MIN,48,3,5,-5.929522087821842,18,28,987.0,32,4,1,2009,2009-10-25,2009102504
,IND,LA,59,4,8,23.705237230894923,29,34,399.0,12,5,5,2009,2009-10-25,2009102505
,LA,IND,58,1,1,-7.130356447808644,23,28,190.0,6,2,0,2009,2009-10-25,2009102505
,NE,TB,59,4,8,10.751761067218593,31,33,240.0,6,6,4,2009,2009-10-25,2009102506
,TB,NE,58,2,5,-25.58881776396345,18,32,399.0,12,1,1,2009,2009-10-25,2009102506
,BUF,CAR,51,1,2,-12.54676157938003,14,24,680.0,25,4,2,2009,2009-10-25,2009102507
,CAR,BUF,70,3,7,-6.647222856842541,30,45,1273.0,43,3,1,2009,2009-10-25,2009102507
,LV,NYJ,52,4,6,-22.568939243281623,18,33,281.0,7,1,0,2009,2009-10-25,2009102508
,NYJ,LV,69,6,9,19.953291230093097,31,16,273.0,9,6,5,2009,2009-10-25,2009102508
,ATL,DAL,65,2,6,-2.9573172377734447,25,39,920.0,30,3,3,2009,2009-10-25,2009102509
,DAL,ATL,56,6,11,10.800330598999846,27,31,580.0,21,5,3,2009,2009-10-25,2009102509
,MIA,NO,69,3,5,-14.174689015667107,28,39,489.0,16,7,4,2009,2009-10-25,2009102510
,NO,MIA,70,6,7,0.5868481033168034,30,43,333.0,13,5,4,2009,2009-10-25,2009102510
,ARI,NYG,57,4,6,-9.386431958092599,23,38,1074.0,34,4,3,2009,2009-10-25,2009102511
,NYG,ARI,65,5,7,-12.986083086493622,22,40,726.0,24,3,2,2009,2009-10-25,2009102511
,PHI,WAS,52,3,5,-0.21570318753393272,18,29,331.0,10,2,2,2009,2009-10-26,2009102600
,WAS,PHI,68,3,7,-15.181846160621333,25,49,216.0,8,3,2,2009,2009-10-26,2009102600
,BAL,DEN,60,3,7,3.4625167965959553,25,26,865.0,31,5,3,2009,2009-11-01,2009110100
,DEN,BAL,57,1,2,-16.397988466299687,19,38,641.0,22,1,1,2009,2009-11-01,2009110100
,BUF,HOU,44,2,3,-12.816975341392697,14,24,666.0,23,2,1,2009,2009-11-01,2009110101
,HOU,BUF,73,4,9,9.04232416147232,40,37,1505.0,44,5,3,2009,2009-11-01,2009110101
,CHI,CLE,69,5,8,-6.943897616487683,24,34,699.0,21,7,2,2009,2009-11-01,2009110102
,CLE,CHI,50,1,2,-36.264740126058406,14,21,326.0,10,1,1,2009,2009-11-01,2009110102
,DAL,SEA,67,2,11,7.6192002469166935,31,38,944.0,32,4,4,2009,2009-11-01,2009110103
,SEA,DAL,63,3,5,-4.343358750104101,26,41,450.0,16,2,2,2009,2009-11-01,2009110103
,DET,LA,69,1,5,-6.127738107928662,29,36,929.0,27,3,1,2009,2009-11-01,2009110104
,LA,DET,60,5,8,5.652256464298556,26,36,497.0,19,5,2,2009,2009-11-01,2009110104
,GB,MIN,68,4,6,0.9707126676668447,27,49,385.0,12,5,3,2009,2009-11-01,2009110105
,MIN,GB,60,5,8,4.060809368223668,24,28,697.0,20,6,5,2009,2009-11-01,2009110105
,IND,SF,74,6,9,0.19143652347081952,27,53,1163.0,44,6,1,2009,2009-11-01,2009110106
,SF,IND,54,3,5,-9.496650599484472,21,36,867.0,29,2,2,2009,2009-11-01,2009110106
,MIA,NYJ,49,1,3,-13.04354337203512,12,29,672.0,25,3,3,2009,2009-11-01,2009110107
,NYJ,MIA,79,4,7,-10.312563587970757,26,39,1198.0,39,5,3,2009,2009-11-01,2009110107
,LAC,LV,55,4,7,15.709481097224398,25,25,1092.0,29,4,3,2009,2009-11-01,2009110108
,LV,LAC,54,0,1,-11.686148089162053,18,27,808.0,21,2,1,2009,2009-11-01,2009110108
,JAX,TEN,48,6,7,-2.9272083767098436,17,32,337.0,14,2,2,2009,2009-11-01,2009110109
,TEN,JAX,65,3,6,14.752802705367541,29,18,1455.0,40,4,3,2009,2009-11-01,2009110109
,ARI,CAR,63,0,5,-14.484122137047645,29,46,477.0,15,3,3,2009,2009-11-01,2009110110
,CAR,ARI,59,2,6,6.553934276956091,22,16,682.0,21,5,3,2009,2009-11-01,2009110110
,NYG,PHI,73,4,6,-5.496144099275755,24,41,62.0,2,3,2,2009,2009-11-01,2009110111
,PHI,NYG,48,6,10,18.81032794687775,20,25,125.0,4,7,5,2009,2009-11-01,2009110111
,ATL,NO,66,6,10,-3.5274684510201726,25,42,886.0,27,6,2,2009,2009-11-02,2009110200
,NO,ATL,69,6,11,6.434946448115419,38,35,1285.0,39,5,4,2009,2009-11-02,2009110200
,ATL,WAS,49,3,3,4.067148572874258,24,25,378.0,11,4,3,2009,2009-11-08,2009110800
,WAS,ATL,64,3,7,-5.045838420981085,28,32,204.0,6,2,2,2009,2009-11-08,2009110800
,ARI,CHI,65,4,9,18.689771822603472,32,34,694.0,20,6,5,2009,2009-11-08,2009110801
,CHI,ARI,62,8,11,6.721608132211397,27,50,324.0,10,3,3,2009,2009-11-08,2009110801
,BAL,CIN,53,1,5,-12.983194001702635,21,36,88.0,3,2,1,2009,2009-11-08,2009110802
,CIN,BAL,73,5,7,-3.7299970667594673,28,34,622.0,20,3,2,2009,2009-11-08,2009110802
,HOU,IND,69,2,6,0.5089593419032216,31,43,432.0,12,3,2,2009,2009-11-08,2009110803
,IND,HOU,71,1,6,-1.5335939770882328,35,53,509.0,24,4,2,2009,2009-11-08,2009110803
,JAX,KC,67,4,7,13.757194055238372,31,28,1389.0,42,5,3,2009,2009-11-08,2009110804
,KC,JAX,57,3,4,-0.5760499734022488,23,43,605.0,24,3,2,2009,2009-11-08,2009110804
,MIA,NE,70,5,9,2.0998598576246255,28,39,1367.0,44,2,2,2009,2009-11-08,2009110805
,NE,MIA,64,3,5,14.807338660959639,35,40,1037.0,38,6,2,2009,2009-11-08,2009110805
,GB,TB,73,5,7,-2.3583063066917975,29,41,1254.0,37,4,4,2009,2009-11-08,2009110806
,TB,GB,58,4,5,-0.9591006714414417,22,33,920.0,32,4,3,2009,2009-11-08,2009110806
,CAR,NO,70,3,5,-3.5858986775969925,31,31,811.0,23,5,2,2009,2009-11-08,2009110807
,NO,CAR,58,4,7,5.7936013490605145,27,36,257.0,7,6,2,2009,2009-11-08,2009110807
,DET,SEA,63,2,4,-17.152860264709673,27,42,931.0,28,3,2,2009,2009-11-08,2009110808
,SEA,DET,72,2,5,-10.223591674962197,32,54,504.0,23,6,2,2009,2009-11-08,2009110808
,LAC,NYG,53,2,7,-5.218671148050924,22,38,863.0,30,3,3,2009,2009-11-08,2009110809
,NYG,LAC,67,1,4,3.2619871863259444,27,38,1328.0,38,4,2,2009,2009-11-08,2009110809
,SF,TEN,69,3,4,-8.991913341435687,33,49,1093.0,36,5,3,2009,2009-11-08,2009110810
,TEN,SF,53,4,7,5.58735211726255,20,21,799.0,25,5,3,2009,2009-11-08,2009110810
,DAL,PHI,57,5,7,8.825802107674745,24,37,986.0,37,5,2,2009,2009-11-08,2009110811
,PHI,DAL,55,5,8,-2.553207218334485,20,32,1031.0,33,2,1,2009,2009-11-08,2009110811
,DEN,PIT,54,1,7,-18.324783643736616,17,40,1089.0,32,0,0,2009,2009-11-09,2009110900
,PIT,DEN,58,5,11,6.674884113373606,28,31,1028.0,28,4,3,2009,2009-11-09,2009110900
,CHI,SF,71,4,7,-21.70348627748381,26,50,1199.0,43,3,0,2009,2009-11-12,2009111200
,SF,CHI,53,3,4,-9.668661588797113,18,25,956.0,25,3,1,2009,2009-11-12,2009111200
,ATL,CAR,71,4,6,5.152094513927446,28,42,513.0,17,5,2,2009,2009-11-15,2009111500
,CAR,ATL,57,6,8,19.365988746940886,28,24,1029.0,36,4,4,2009,2009-11-15,2009111500
,MIA,TB,66,3,8,-4.786327819253302,24,30,795.0,25,4,2,2009,2009-11-15,2009111501
,TB,MIA,61,2,6,-6.696127944965548,21,30,536.0,16,2,2,2009,2009-11-15,2009111501
,DET,MIN,76,0,5,-20.554692698686935,23,54,537.0,18,2,1,2009,2009-11-15,2009111502
,MIN,DET,59,10,10,2.929677637748864,23,32,775.0,24,7,3,2009,2009-11-15,2009111502
,JAX,NYJ,58,5,9,7.90278613885626,21,28,1134.0,35,5,3,2009,2009-11-15,2009111503
,NYJ,JAX,61,4,6,-5.368645295493779,26,32,875.0,27,5,2,2009,2009-11-15,2009111503
,CIN,PIT,58,2,5,-4.958159930729234,19,33,935.0,32,4,1,2009,2009-11-15,2009111504
,PIT,CIN,62,1,4,-16.975451248691975,21,44,1315.0,39,4,0,2009,2009-11-15,2009111504
,LA,NO,72,5,9,5.4798648970439805,35,43,1354.0,40,5,3,2009,2009-11-15,2009111505
,NO,LA,55,6,10,4.473085605742137,22,26,1063.0,30,5,4,2009,2009-11-15,2009111505
,BUF,TEN,57,3,3,-5.670908263356313,24,37,860.0,29,4,2,2009,2009-11-15,2009111506
,TEN,BUF,60,5,11,11.640507899208938,21,25,981.0,30,4,3,2009,2009-11-15,2009111506
,DEN,WAS,56,3,5,-6.4797789113184265,20,34,1045.0,36,3,2,2009,2009-11-15,2009111507
,WAS,DEN,69,4,8,9.890146975715204,33,29,1280.0,40,5,3,2009,2009-11-15,2009111507
,KC,LV,67,5,5,-14.82566474228878,18,37,998.0,40,4,1,2009,2009-11-15,2009111508
,LV,KC,62,2,4,-17.275004930862377,23,32,1063.0,34,1,1,2009,2009-11-15,2009111508
,ARI,SEA,64,6,10,12.19683523930917,29,37,963.0,29,6,4,2009,2009-11-15,2009111509
,SEA,ARI,81,4,7,1.7627847645570984,37,57,1059.0,44,5,2,2009,2009-11-15,2009111509
,DAL,GB,58,2,5,-14.50577579450428,20,44,663.0,20,3,1,2009,2009-11-15,2009111510
,GB,DAL,65,1,2,1.1822056707740751,24,38,1481.0,42,2,2,2009,2009-11-15,2009111510
,LAC,PHI,55,5,8,12.923256368603212,28,27,823.0,24,5,4,2009,2009-11-15,2009111511
,PHI,LAC,71,5,11,12.961951018612092,33,58,412.0,14,5,2,2009,2009-11-15,2009111511
,IND,NE,62,5,11,15.106939210468834,34,44,415.0,14,5,5,2009,2009-11-15,2009111512
,NE,IND,71,5,7,8.836392558661549,34,44,593.0,17,7,4,2009,2009-11-15,2009111512
,BAL,CLE,58,1,5,-5.9100594966507725,21,22,870.0,27,2,1,2009,2009-11-16,2009111600
,CLE,BAL,59,1,1,-25.511222903565397,15,34,650.0,23,0,0,2009,2009-11-16,2009111600
,CAR,MIA,72,5,7,2.9746329537250875,33,44,798.0,27,3,1,2009,2009-11-19,2009111900
,MIA,CAR,60,2,7,4.750160212705593,22,29,673.0,23,4,3,2009,2009-11-19,2009111900
,BAL,IND,65,2,6,0.25801708659165046,25,34,1146.0,39,5,0,2009,2009-11-22,2009112200
,IND,BAL,55,6,9,5.146579562740197,28,31,1070.0,32,4,2,2009,2009-11-22,2009112200
,DAL,WAS,60,2,4,-5.505731534051658,31,28,1149.0,34,2,1,2009,2009-11-22,2009112201
,WAS,DAL,58,4,6,-3.8476377437636553,22,38,866.0,35,2,0,2009,2009-11-22,2009112201
,CLE,DET,75,4,7,16.06173490938408,34,34,1188.0,39,6,4,2009,2009-11-22,2009112202
,DET,CLE,56,6,8,20.79804399877088,27,39,680.0,21,6,5,2009,2009-11-22,2009112202
,GB,SF,75,5,9,17.093563158218394,36,46,904.0,23,6,3,2009,2009-11-22,2009112203
,SF,GB,46,7,7,1.7495627649710133,14,36,227.0,8,3,3,2009,2009-11-22,2009112203
,BUF,JAX,52,4,7,-6.319277341015026,17,33,841.0,31,4,1,2009,2009-11-22,2009112204
,JAX,BUF,66,4,6,-1.1110574621171665,30,32,1364.0,37,4,2,2009,2009-11-22,2009112204
,KC,PIT,54,5,6,-3.698514479864847,20,35,485.0,16,5,3,2009,2009-11-22,2009112205
,PIT,KC,78,4,8,1.8169897030053783,37,47,1397.0,38,5,3,2009,2009-11-22,2009112205
,MIN,SEA,71,5,7,22.817575016758777,35,35,760.0,23,5,5,2009,2009-11-22,2009112206
,SEA,MIN,44,4,6,-10.07392541270205,16,32,327.0,12,2,1,2009,2009-11-22,2009112206
,ATL,NYG,77,4,6,13.18566001421043,32,48,606.0,23,6,4,2009,2009-11-22,2009112207
,NYG,ATL,66,7,11,17.663914921265246,31,40,1114.0,36,6,4,2009,2009-11-22,2009112207
,NO,TB,62,5,8,14.148010323205186,31,29,714.0,24,6,5,2009,2009-11-22,2009112208
,TB,NO,58,1,5,-14.910888340068645,28,35,784.0,24,1,1,2009,2009-11-22,2009112208
,ARI,LA,64,5,7,9.743639580379389,33,35,591.0,19,3,3,2009,2009-11-22,2009112209
,LA,ARI,66,5,7,-13.294624107032403,23,39,279.0,9,3,1,2009,2009-11-22,2009112209
,DEN,LAC,53,4,5,-21.474332609067485,21,36,250.0,7,4,0,2009,2009-11-22,2009112210
,LAC,DEN,65,4,6,7.38217554195147,25,22,591.0,16,6,3,2009,2009-11-22,2009112210
,NE,NYJ,78,3,7,7.335599014432843,37,43,505.0,16,4,3,2009,2009-11-22,2009112211
,NYJ,NE,49,4,5,-24.53702955363925,18,23,314.0,9,1,1,2009,2009-11-22,2009112211
,CIN,LV,68,5,8,1.1575258061924323,31,25,1300.0,37,5,2,2009,2009-11-22,2009112212
,LV,CIN,54,2,5,-9.737030345096878,25,32,545.0,18,3,2,2009,2009-11-22,2009112212
,CHI,PHI,64,2,5,-11.956649182028203,22,44,992.0,35,3,1,2009,2009-11-22,2009112213
,PHI,CHI,64,4,7,-1.8002289705395425,28,36,1124.0,35,4,3,2009,2009-11-22,2009112213
,HOU,TEN,59,5,7,2.693331948714514,26,42,1169.0,37,3,2,2009,2009-11-23,2009112300
,TEN,HOU,63,3,5,5.4905947576707455,27,22,1043.0,33,2,2,2009,2009-11-23,2009112300
,DET,GB,68,1,3,-29.5932073198539,24,45,702.0,26,3,1,2009,2009-11-26,2009112600
,GB,DET,66,5,7,12.488111490781085,25,39,1426.0,44,5,3,2009,2009-11-26,2009112600
,DAL,LV,55,10,11,16.04231755725241,20,31,374.0,12,4,3,2009,2009-11-26,2009112601
,LV,DAL,62,3,10,-7.53083227309658,22,38,502.0,14,2,1,2009,2009-11-26,2009112601
,DEN,NYG,68,4,6,3.7705284559403385,28,29,725.0,24,5,2,2009,2009-11-26,2009112602
,NYG,DEN,59,2,2,-17.917290494820175,25,43,350.0,11,2,0,2009,2009-11-26,2009112602
,ATL,TB,73,1,7,-5.591110937478451,27,48,1281.0,39,4,2,2009,2009-11-29,2009112900
,TB,ATL,57,3,6,-1.3142151772351474,23,31,1038.0,30,3,2,2009,2009-11-29,2009112900
,BUF,MIA,55,4,7,11.3657563675476,26,32,927.0,30,4,4,2009,2009-11-29,2009112901
,MIA,BUF,70,1,5,-3.7605469453607654,29,33,1449.0,44,3,2,2009,2009-11-29,2009112901
,CIN,CLE,69,1,3,4.450336447668239,31,26,1275.0,38,3,1,2009,2009-11-29,2009112902
,CLE,CIN,54,1,3,-10.099001821755266,15,36,394.0,13,1,1,2009,2009-11-29,2009112902
,HOU,IND,67,2,4,8.126469212135676,41,44,727.0,20,5,3,2009,2009-11-29,2009112903
,IND,HOU,58,4,6,17.744065477123826,32,36,471.0,15,5,4,2009,2009-11-29,2009112903
,CHI,MIN,37,2,3,-8.360522789528739,17,26,307.0,9,2,1,2009,2009-11-29,2009112904
,MIN,CHI,81,6,13,21.31408004207041,38,49,763.0,25,6,4,2009,2009-11-29,2009112904
,CAR,NYJ,62,2,4,-29.912527805829697,14,37,726.0,23,1,0,2009,2009-11-29,2009112905
,NYJ,CAR,60,2,6,-11.46582271548648,26,21,715.0,22,2,1,2009,2009-11-29,2009112905
,PHI,WAS,66,4,8,6.534316709948818,30,39,1008.0,34,5,2,2009,2009-11-29,2009112906
,WAS,PHI,63,4,4,-3.972685952627727,23,38,1077.0,37,4,3,2009,2009-11-29,2009112906
,LA,SEA,77,5,6,-10.351852563107396,33,49,1319.0,46,3,2,2009,2009-11-29,2009112907
,SEA,LA,56,2,4,-4.648378707470409,19,26,940.0,34,4,2,2009,2009-11-29,2009112907
,ARI,TEN,52,5,6,4.4278113677731215,22,32,990.0,30,2,2,2009,2009-11-29,2009112908
,TEN,ARI,70,8,11,14.996532219482297,28,47,1174.0,35,4,2,2009,2009-11-29,2009112908
,KC,LAC,56,2,2,-18.936741278716198,24,33,652.0,23,2,2,2009,2009-11-29,2009112909
,LAC,KC,63,4,12,9.033310916696443,29,29,764.0,23,6,4,2009,2009-11-29,2009112909
,JAX,SF,60,3,9,-4.944315162495083,27,41,245.0,8,4,0,2009,2009-11-29,2009112910
,SF,JAX,59,5,5,4.808274795696951,20,41,778.0,22,3,2,2009,2009-11-29,2009112910
,BAL,PIT,68,4,9,-1.9791940785243307,31,40,1127.0,34,4,2,2009,2009-11-29,2009112911
,PIT,BAL,64,4,6,-11.245723816220618,25,26,1090.0,31,2,2,2009,2009-11-29,2009112911
,NE,NO,70,3,5,1.1343377166049229,28,42,569.0,17,4,2,2009,2009-11-30,2009113000
,NO,NE,49,8,10,26.239135225494532,24,24,674.0,21,7,5,2009,2009-11-30,2009113000
,BUF,NYJ,50,2,4,-17.204842778113917,13,26,805.0,26,2,1,2009,2009-12-03,2009120300
,NYJ,BUF,63,4,7,-3.4969166268759815,24,22,1390.0,39,4,1,2009,2009-12-03,2009120300
,ATL,PHI,68,3,3,-20.54846560152299,24,46,39.0,2,2,1,2009,2009-12-06,2009120600
,PHI,ATL,55,4,7,14.717690971135061,24,29,309.0,9,6,3,2009,2009-12-06,2009120600
,CAR,TB,53,4,6,-2.957786324611052,20,21,1087.0,34,3,1,2009,2009-12-06,2009120601
,TB,CAR,71,9,14,-12.824609628655574,26,45,885.0,27,6,0,2009,2009-12-06,2009120601
,CHI,LA,56,2,3,-10.459893778291269,19,20,877.0,26,4,2,2009,2009-12-06,2009120602
,LA,CHI,64,2,4,-25.958666565088475,20,34,442.0,13,1,0,2009,2009-12-06,2009120602
,CIN,DET,71,3,5,-10.403201671837325,30,30,705.0,24,3,1,2009,2009-12-06,2009120603
,DET,CIN,52,2,4,-17.71085799710731,21,33,606.0,25,2,2,2009,2009-12-06,2009120603
,IND,TEN,61,4,5,16.037138338408244,27,36,373.0,15,4,3,2009,2009-12-06,2009120604
,TEN,IND,77,2,6,-5.359864486700559,32,44,638.0,20,5,2,2009,2009-12-06,2009120604
,HOU,JAX,62,3,4,-6.661954283449111,29,40,189.0,7,5,2,2009,2009-12-06,2009120605
,JAX,HOU,65,3,5,3.5331388102371464,27,32,551.0,17,4,2,2009,2009-12-06,2009120605
,DEN,KC,70,2,6,-0.1431170190444171,31,28,776.0,24,7,4,2009,2009-12-06,2009120606
,KC,DEN,71,0,3,-34.557077216692434,25,45,600.0,25,3,1,2009,2009-12-06,2009120606
,LV,PIT,64,4,9,10.756656982263845,25,36,1040.0,31,3,3,2009,2009-12-06,2009120607
,PIT,LV,51,6,7,7.562807771567239,26,25,1068.0,31,6,3,2009,2009-12-06,2009120607
,NO,WAS,74,4,7,14.342805244359244,37,50,541.0,21,6,2,2009,2009-12-06,2009120608
,WAS,NO,66,4,7,14.363832726449528,35,42,1163.0,40,7,3,2009,2009-12-06,2009120608
,CLE,LAC,70,2,6,11.195787836147971,29,47,1120.0,33,4,3,2009,2009-12-06,2009120609
,LAC,CLE,56,7,9,20.657705961214454,26,27,813.0,27,5,3,2009,2009-12-06,2009120609
,ARI,MIN,54,6,11,10.406609787285696,26,32,585.0,22,6,3,2009,2009-12-06,2009120610
,MIN,ARI,68,2,3,-4.6767595246189195,28,48,773.0,23,3,2,2009,2009-12-06,2009120610
,DAL,NYG,79,3,8,4.5280063956015475,38,56,1586.0,47,4,3,2009,2009-12-06,2009120611
,NYG,DAL,47,5,10,3.486032704595244,20,26,595.0,23,4,3,2009,2009-12-06,2009120611
,SEA,SF,69,4,6,-12.002103140400218,23,40,1039.0,37,4,2,2009,2009-12-06,2009120612
,SF,SEA,58,5,9,-5.659646090694292,24,46,983.0,32,4,2,2009,2009-12-06,2009120612
,MIA,NE,78,1,6,4.655869725186871,33,52,910.0,34,4,2,2009,2009-12-06,2009120613
,NE,MIA,54,4,6,6.896044064695845,24,29,1041.0,32,5,3,2009,2009-12-06,2009120613
,BAL,GB,59,2,4,-24.568807955800043,18,38,475.0,14,4,2,2009,2009-12-07,2009120700
,GB,BAL,67,3,7,-2.0249586967433433,25,41,947.0,30,6,3,2009,2009-12-07,2009120700
,CLE,PIT,57,3,5,-3.366979669647184,18,20,816.0,26,3,1,2009,2009-12-10,2009121000
,PIT,CLE,62,2,5,-13.875782287598758,26,40,603.0,19,1,0,2009,2009-12-10,2009121000
,ATL,NO,56,5,8,13.765590091172902,31,35,841.0,24,5,2,2009,2009-12-13,2009121300
,NO,ATL,64,4,6,18.629547403692094,33,40,1335.0,37,6,3,2009,2009-12-13,2009121300
,BAL,DET,62,7,11,25.516178795633394,30,23,416.0,16,10,6,2009,2009-12-13,2009121301
,DET,BAL,66,0,5,-21.535117459873046,24,34,469.0,17,1,0,2009,2009-12-13,2009121301
,CHI,GB,55,2,4,-8.604414671041429,23,39,473.0,14,2,2,2009,2009-12-13,2009121302
,GB,CHI,56,4,6,-1.7651511683000776,22,27,776.0,23,6,2,2009,2009-12-13,2009121302
,HOU,SEA,67,5,10,1.5627242591194221,27,39,241.0,7,6,3,2009,2009-12-13,2009121303
,SEA,HOU,62,4,6,-34.67724358418364,19,38,30.0,2,3,1,2009,2009-12-13,2009121303
,DEN,IND,75,2,6,-10.3875069496682,31,44,43.0,2,4,2,2009,2009-12-13,2009121304
,IND,DEN,65,5,5,2.0524135017953853,29,40,489.0,18,4,4,2009,2009-12-13,2009121304
,JAX,MIA,54,1,3,-16.114784294729784,19,29,379.0,14,2,1,2009,2009-12-13,2009121305
,MIA,JAX,70,3,7,-3.0404404924478117,32,31,1593.0,51,3,2,2009,2009-12-13,2009121305
,BUF,KC,57,1,3,-13.630154955097742,23,22,1222.0,35,4,1,2009,2009-12-13,2009121306
,KC,BUF,71,5,7,-14.711100671215155,26,45,914.0,37,3,1,2009,2009-12-13,2009121306
,CIN,MIN,53,1,2,-8.577596098590366,20,29,421.0,15,2,1,2009,2009-12-13,2009121307
,MIN,CIN,67,2,7,1.9886877116808357,31,32,754.0,32,5,3,2009,2009-12-13,2009121307
,CAR,NE,56,5,5,-9.789936848544675,20,32,904.0,31,2,1,2009,2009-12-13,2009121308
,NE,CAR,70,1,6,-6.433501936604662,31,32,1095.0,34,3,2,2009,2009-12-13,2009121308
,NYJ,TB,65,5,7,-5.137432770695547,20,24,748.0,23,4,2,2009,2009-12-13,2009121309
,TB,NYJ,55,0,2,-36.22331569849851,12,36,222.0,8,0,0,2009,2009-12-13,2009121309
,LA,TEN,65,1,1,-29.07465161246621,24,44,423.0,12,2,1,2009,2009-12-13,2009121310
,TEN,LA,55,7,11,18.94471902726928,23,26,270.0,7,7,4,2009,2009-12-13,2009121310
,LV,WAS,66,3,5,-21.663025294869346,20,42,1188.0,41,2,1,2009,2009-12-13,2009121311
,WAS,LV,56,4,5,3.177615547713154,22,31,703.0,27,4,4,2009,2009-12-13,2009121311
,DAL,LAC,57,4,7,10.555215354715596,30,31,1220.0,35,4,2,2009,2009-12-13,2009121312
,LAC,DAL,63,5,6,12.047154591396321,26,33,925.0,34,4,2,2009,2009-12-13,2009121312
,NYG,PHI,72,5,11,10.056412241800874,34,41,375.0,11,6,5,2009,2009-12-13,2009121313
,PHI,NYG,53,6,8,11.718562608827042,27,30,813.0,27,6,4,2009,2009-12-13,2009121313
,ARI,SF,51,3,4,-26.88551909830669,17,33,89.0,3,2,1,2009,2009-12-14,2009121400
,SF,ARI,68,4,6,-2.477152706054759,23,35,585.0,16,5,3,2009,2009-12-14,2009121400
,IND,JAX,50,6,9,18.756974124836752,25,30,973.0,29,5,5,2009,2009-12-17,2009121700
,JAX,IND,76,1,4,12.652794509560842,34,42,1449.0,48,4,4,2009,2009-12-17,2009121700
,DAL,NO,72,6,8,17.78376565239282,32,37,282.0,9,5,3,2009,2009-12-19,2009121900
,NO,DAL,61,3,7,0.6972043412019326,30,49,143.0,4,3,2,2009,2009-12-19,2009121900
,BAL,CHI,65,5,9,1.9659888534996126,26,35,617.0,23,5,4,2009,2009-12-20,2009122000
,CHI,BAL,62,3,4,-26.099631753177654,18,33,456.0,15,2,0,2009,2009-12-20,2009122000
,BUF,NE,56,1,3,-7.950817659731052,25,33,824.0,19,3,1,2009,2009-12-20,2009122001
,NE,BUF,54,0,3,-5.03306115470235,22,23,553.0,20,3,2,2009,2009-12-20,2009122001
,ARI,DET,62,3,8,-6.141601007216151,28,38,617.0,17,5,4,2009,2009-12-20,2009122002
,DET,ARI,60,3,4,-15.012127032439452,20,33,451.0,14,4,2,2009,2009-12-20,2009122002
,CLE,KC,66,3,4,5.440933532878217,30,18,1275.0,39,6,5,2009,2009-12-20,2009122003
,KC,CLE,69,7,10,9.668041814230003,31,39,808.0,32,5,3,2009,2009-12-20,2009122003
,ATL,NYJ,60,3,5,-4.774036504340449,15,34,979.0,31,2,1,2009,2009-12-20,2009122004
,NYJ,ATL,65,1,4,-14.189345642550206,21,32,1256.0,43,4,1,2009,2009-12-20,2009122004
,PHI,SF,65,4,7,0.7655759526101165,30,35,655.0,21,5,3,2009,2009-12-20,2009122005
,SF,PHI,58,2,5,-21.397111731629888,17,40,593.0,16,3,1,2009,2009-12-20,2009122005
,GB,PIT,62,6,7,16.401424938618703,27,50,723.0,29,6,5,2009,2009-12-20,2009122006
,PIT,GB,70,10,13,20.961047304245298,29,51,1123.0,34,6,4,2009,2009-12-20,2009122006
,HOU,LA,60,7,9,4.441944661201295,26,39,1251.0,40,4,1,2009,2009-12-20,2009122007
,LA,HOU,56,4,6,-10.344650861018172,20,30,1087.0,33,2,1,2009,2009-12-20,2009122007
,MIA,TEN,77,3,9,2.527632724835615,34,46,761.0,23,5,2,2009,2009-12-20,2009122008
,TEN,MIA,60,5,7,-1.3638786798491824,18,29,645.0,23,4,3,2009,2009-12-20,2009122008
,DEN,LV,65,4,7,-1.7373614948963085,23,37,1076.0,38,4,1,2009,2009-12-20,2009122009
,LV,DEN,62,4,5,-4.138152581779681,22,28,1156.0,34,4,2,2009,2009-12-20,2009122009
,CIN,LAC,63,6,11,5.473279353505894,33,41,877.0,32,5,2,2009,2009-12-20,2009122010
,LAC,CIN,59,5,10,2.4988508446704913,25,39,1141.0,36,4,3,2009,2009-12-20,2009122010
,SEA,TB,72,4,8,-11.268155364250587,35,47,989.0,38,3,1,2009,2009-12-20,2009122011
,TB,SEA,60,7,10,4.482569917280087,23,26,1006.0,33,5,2,2009,2009-12-20,2009122011
,CAR,MIN,73,4,9,6.27170464806528,27,36,1407.0,42,4,4,2009,2009-12-20,2009122012
,MIN,CAR,45,3,4,-16.512346393142884,17,31,718.0,23,2,1,2009,2009-12-20,2009122012
,NYG,WAS,60,6,6,25.772202918673194,30,32,843.0,25,6,5,2009,2009-12-21,2009122100
,WAS,NYG,55,5,7,-10.442078044486536,21,37,41.0,2,3,2,2009,2009-12-21,2009122100
,LAC,TEN,65,9,11,24.82157383928248,35,29,692.0,21,7,6,2009,2009-12-25,2009122500
,TEN,LAC,49,2,4,-5.168209330777998,23,22,393.0,13,2,2,2009,2009-12-25,2009122500
,ATL,BUF,73,4,8,5.6125615219783285,28,37,517.0,18,5,3,2009,2009-12-27,2009122700
,BUF,ATL,49,0,2,-20.681711655599475,19,31,262.0,8,0,0,2009,2009-12-27,2009122700
,CIN,KC,62,3,4,-0.5601872517787698,25,26,1070.0,30,3,2,2009,2009-12-27,2009122701
,KC,CIN,65,1,3,-10.91881235373308,28,37,1128.0,45,2,1,2009,2009-12-27,2009122701
,CLE,LV,64,2,7,-5.614484435677101,19,19,864.0,32,5,2,2009,2009-12-27,2009122702
,LV,CLE,67,6,9,-18.128934057095204,29,48,477.0,15,4,0,2009,2009-12-27,2009122702
,GB,SEA,60,6,9,14.702568954350259,26,30,363.0,12,7,6,2009,2009-12-27,2009122703
,SEA,GB,69,1,8,-24.65169491729044,27,40,344.0,12,4,1,2009,2009-12-27,2009122703
,HOU,MIA,62,5,8,9.150614365360605,30,32,457.0,12,4,3,2009,2009-12-27,2009122704
,MIA,HOU,74,1,5,4.163344580586065,33,58,238.0,7,4,2,2009,2009-12-27,2009122704
,CAR,NYG,64,6,8,23.26949184770401,33,21,568.0,18,7,5,2009,2009-12-27,2009122705
,NYG,CAR,66,5,6,-9.297685216501474,27,47,514.0,15,3,1,2009,2009-12-27,2009122705
,JAX,NE,52,2,5,-6.236471032006503,23,27,420.0,12,2,1,2009,2009-12-27,2009122706
,NE,JAX,62,6,10,24.973095488099368,37,26,430.0,13,7,5,2009,2009-12-27,2009122706
,NO,TB,61,2,7,9.03511260424464,36,38,435.0,13,4,2,2009,2009-12-27,2009122707
,TB,NO,67,4,9,2.712059631310763,35,34,319.0,9,4,1,2009,2009-12-27,2009122707
,DEN,PHI,59,2,6,-0.6476164849210435,21,41,155.0,5,4,3,2009,2009-12-27,2009122708
,PHI,DEN,67,8,9,-3.3776167548095826,25,39,714.0,23,6,3,2009,2009-12-27,2009122708
,BAL,PIT,66,2,6,-8.169720513828889,26,28,786.0,26,4,2,2009,2009-12-27,2009122709
,PIT,BAL,56,5,6,-5.1282667162349505,19,36,921.0,32,5,2,2009,2009-12-27,2009122709
,ARI,LA,69,6,11,7.082623580790889,34,40,620.0,19,5,4,2009,2009-12-27,2009122710
,LA,ARI,57,1,3,-14.749362609756812,22,36,657.0,21,2,1,2009,2009-12-27,2009122710
,DET,SF,65,2,5,-31.953102803147026,20,35,878.0,27,2,0,2009,2009-12-27,2009122711
,SF,DET,61,3,6,-8.945283585923882,20,32,966.0,35,4,2,2009,2009-12-27,2009122711
,IND,NYJ,58,5,7,-11.0590233354721,24,34,1049.0,32,3,2,2009,2009-12-27,2009122712
,NYJ,IND,65,2,4,0.3487868854892655,30,22,687.0,23,3,2,2009,2009-12-27,2009122712
,DAL,WAS,67,1,6,-0.3134565724451538,31,38,548.0,14,3,2,2009,2009-12-27,2009122713
,WAS,DAL,59,1,4,-14.122345536593311,23,41,502.0,18,0,0,2009,2009-12-27,2009122713
,CHI,MIN,64,7,8,1.1537553391473798,24,37,723.0,22,4,3,2009,2009-12-28,2009122800
,MIN,CHI,75,4,8,6.411727316293694,39,42,513.0,14,4,4,2009,2009-12-28,2009122800
,BUF,IND,64,6,9,9.639883754412297,28,25,676.0,20,6,3,2009,2010-01-03,2010010300
,IND,BUF,52,1,5,-22.903988447286203,16,36,643.0,22,1,1,2009,2010-01-03,2010010300
,CAR,NO,61,6,6,-4.401413223658366,18,25,815.0,31,3,2,2009,2010-01-03,2010010301
,NO,CAR,60,0,4,-19.73727318330978,17,28,651.0,20,3,1,2009,2010-01-03,2010010301
,CLE,JAX,60,2,3,1.0852264084263445,23,11,748.0,25,5,2,2009,2010-01-03,2010010302
,JAX,CLE,63,5,9,1.970725334861244,22,39,544.0,15,2,2,2009,2010-01-03,2010010302
,DAL,PHI,65,7,10,11.57153307628601,27,36,831.0,23,5,3,2009,2010-01-03,2010010303
,PHI,DAL,50,4,6,-17.662229394537594,17,40,226.0,8,1,0,2009,2010-01-03,2010010303
,CHI,DET,66,5,6,14.020009002926178,30,38,1012.0,38,6,4,2009,2010-01-03,2010010304
,DET,CHI,59,2,7,-0.5069861365715571,28,35,722.0,22,4,2,2009,2010-01-03,2010010304
,HOU,NE,64,4,11,8.377402613778525,35,38,1187.0,38,7,4,2009,2010-01-03,2010010305
,NE,HOU,59,2,3,-3.3786969785946335,27,40,1160.0,35,2,2,2009,2010-01-03,2010010305
,MIA,PIT,58,4,6,-1.9358156298408518,25,33,1138.0,36,5,3,2009,2010-01-03,2010010306
,PIT,MIA,66,5,6,8.2084483613019,26,31,1113.0,33,7,3,2009,2010-01-03,2010010306
,MIN,NYG,66,6,10,22.27298333786079,32,37,488.0,14,8,5,2009,2010-01-03,2010010307
,NYG,MIN,43,1,4,-15.721819639548226,16,31,359.0,10,1,1,2009,2010-01-03,2010010307
,CIN,NYJ,39,2,3,-34.11167726331745,6,21,45.0,2,2,0,2009,2010-01-03,2010010308
,NYJ,CIN,70,2,3,15.206467985822053,29,16,821.0,23,6,4,2009,2010-01-03,2010010308
,LA,SF,62,1,1,-31.646994946921236,17,36,865.0,33,2,0,2009,2010-01-03,2010010309
,SF,LA,61,4,5,-0.9607718444393357,22,31,1014.0,33,4,4,2009,2010-01-03,2010010309
,ATL,TB,72,5,6,2.45931729460076,34,35,1514.0,49,5,2,2009,2010-01-03,2010010310
,TB,ATL,55,1,4,-16.95088139308417,19,33,798.0,28,1,1,2009,2010-01-03,2010010310
,ARI,GB,45,1,3,-17.500371093231678,16,31,109.0,4,1,1,2009,2010-01-03,2010010311
,GB,ARI,60,1,3,16.79856360272542,31,29,416.0,12,5,3,2009,2010-01-03,2010010311
,DEN,KC,80,8,13,-6.583431543970427,34,58,994.0,35,4,3,2009,2010-01-03,2010010312
,KC,DEN,60,8,11,16.679984522898604,27,25,1063.0,34,5,3,2009,2010-01-03,2010010312
,BAL,LV,55,5,7,5.925651947134259,24,23,827.0,29,4,3,2009,2010-01-03,2010010313
,LV,BAL,62,3,10,-5.2533263887778725,23,42,1157.0,35,2,1,2009,2010-01-03,2010010313
,LAC,WAS,63,3,7,4.148573155719193,26,46,694.0,26,3,2,2009,2010-01-03,2010010314
,WAS,LAC,65,1,6,2.61283027790237,24,43,588.0,19,4,2,2009,2010-01-03,2010010314
,SEA,TEN,59,5,9,-5.7395298855215025,22,34,926.0,32,3,1,2009,2010-01-03,2010010315
,TEN,SEA,63,1,3,2.4599873004633177,29,26,1358.0,43,3,2,2009,2010-01-03,2010010315
,MIN,NO,51,3,3,-5.365561465227422,23,28,1020.0,32,1,1,2010,2010-09-09,2010090900
,NO,MIN,59,3,5,4.6863639723612565,28,37,986.0,30,3,2,2010,2010-09-09,2010090900
,CLE,TB,60,4,6,-14.05140853670534,20,37,973.0,29,3,2,2010,2010-09-12,2010091200
,TB,CLE,61,5,8,-13.493474949822891,18,31,867.0,25,4,2,2010,2010-09-12,2010091200
,BUF,MIA,54,1,4,-16.979225636341468,14,37,526.0,19,1,1,2010,2010-09-12,2010091201
,MIA,BUF,73,1,4,-4.132913744569911,29,37,1370.0,45,3,1,2010,2010-09-12,2010091201
,CIN,NE,76,3,5,-0.7613080997630375,38,51,204.0,6,3,3,2010,2010-09-12,2010091202
,NE,CIN,58,5,5,13.75499690531716,26,35,488.0,13,6,4,2010,2010-09-12,2010091202
,HOU,IND,58,5,5,15.02856870784504,34,19,1003.0,31,5,4,2010,2010-09-12,2010091203
,IND,HOU,69,4,7,14.603477374640013,36,59,551.0,21,4,3,2010,2010-09-12,2010091203
,DEN,JAX,61,6,8,2.6662685246918474,23,36,1076.0,34,4,2,2010,2010-09-12,2010091204
,JAX,DEN,53,5,7,6.831029187384705,22,22,1172.0,34,3,3,2010,2010-09-12,2010091204
,LV,TEN,66,1,4,-12.196743461385092,26,42,507.0,16,4,1,2010,2010-09-12,2010091205
,TEN,LV,54,5,7,7.919069568618993,21,19,825.0,23,5,5,2010,2010-09-12,2010091205
,CAR,NYG,63,3,5,-26.19805182922686,16,39,994.0,36,6,1,2010,2010-09-12,2010091206
,NYG,CAR,64,7,9,-0.19603984438394662,25,31,1113.0,37,6,4,2010,2010-09-12,2010091206
,CHI,DET,70,5,10,-10.959553571332208,30,40,1215.0,37,6,2,2010,2010-09-12,2010091207
,DET,CHI,56,1,4,-20.416471664130768,19,35,943.0,32,2,2,2010,2010-09-12,2010091207
,ARI,LA,63,8,14,-5.808475114347523,23,42,1084.0,40,4,2,2010,2010-09-12,2010091208
,LA,ARI,81,3,5,-10.826421796834422,29,57,1092.0,40,3,1,2010,2010-09-12,2010091208
,ATL,PIT,71,2,6,-10.154146501747842,29,46,1104.0,41,1,0,2010,2010-09-12,2010091209
,PIT,ATL,60,5,7,0.6147340067402869,22,29,1232.0,34,2,0,2010,2010-09-12,2010091209
,GB,PHI,63,2,6,-3.3143840725568148,28,33,891.0,31,3,3,2010,2010-09-12,2010091210
,PHI,GB,60,4,7,-2.6097131347524147,24,39,465.0,17,3,2,2010,2010-09-12,2010091210
,SEA,SF,47,2,4,-0.17597781313985378,17,24,333.0,10,4,3,2010,2010-09-12,2010091211
,SF,SEA,65,1,4,-18.59502820031513,23,46,1000.0,30,3,0,2010,2010-09-12,2010091211
,DAL,WAS,71,4,6,-0.30134769261642974,34,49,1006.0,31,3,1,2010,2010-09-12,2010091212
,WAS,DAL,56,2,8,-9.698721787883821,15,33,663.0,22,2,0,2010,2010-09-12,2010091212
,BAL,NYJ,74,4,6,-21.7416924874101,22,40,1302.0,43,4,1,2010,2010-09-13,2010091300
,NYJ,BAL,43,2,3,-18.416322467545744,12,23,593.0,18,2,0,2010,2010-09-13,2010091300
,KC,LAC,47,1,2,-10.274168708941858,12,22,545.0,17,2,2,2010,2010-09-13,2010091301
,LAC,KC,69,6,11,-3.8897487324662765,23,41,836.0,23,3,2,2010,2010-09-13,2010091301
,HOU,WAS,80,8,14,21.355113985274414,38,56,778.0,21,4,3,2010,2010-09-19,2010091900
,WAS,HOU,58,7,9,15.82924884249589,25,41,736.0,21,5,3,2010,2010-09-19,2010091900
,BUF,GB,53,1,2,-19.869290715172525,21,21,566.0,16,1,1,2010,2010-09-19,2010091901
,GB,BUF,54,5,8,13.321182989564056,25,29,1068.0,30,5,4,2010,2010-09-19,2010091901
,MIA,MIN,45,2,3,-7.389127981682093,16,17,988.0,29,1,1,2010,2010-09-19,2010091902
,MIN,MIA,72,4,9,-12.502090130862205,28,39,1087.0,31,5,1,2010,2010-09-19,2010091902
,CLE,KC,58,3,3,-12.477227868051912,17,32,1153.0,38,2,2,2010,2010-09-19,2010091903
,KC,CLE,65,3,8,-8.257221551232611,21,28,1032.0,34,3,0,2010,2010-09-19,2010091903
,PIT,TEN,54,2,3,-24.758455353776732,13,21,828.0,23,5,1,2010,2010-09-19,2010091904
,TEN,PIT,60,2,5,-27.914651484667374,24,38,495.0,14,3,1,2010,2010-09-19,2010091904
,CHI,DAL,46,3,6,5.938557001220381,20,30,814.0,27,4,3,2010,2010-09-19,2010091905
,DAL,CHI,70,6,12,-0.285825970885933,29,51,1105.0,39,2,1,2010,2010-09-19,2010091905
,DET,PHI,73,5,10,5.685109917407942,29,48,844.0,29,4,4,2010,2010-09-19,2010091906
,PHI,DET,65,5,6,12.541586999949068,33,40,975.0,32,5,5,2010,2010-09-19,2010091906
,ARI,ATL,48,2,4,-12.256409562659723,15,35,281.0,9,1,1,2010,2010-09-19,2010091907
,ATL,ARI,75,3,8,21.491244449742343,37,33,775.0,27,8,5,2010,2010-09-19,2010091907
,CAR,TB,66,3,7,-15.693420666970066,19,33,803.0,25,2,1,2010,2010-09-19,2010091908
,TB,CAR,59,3,5,-0.7150909294172059,16,25,999.0,30,4,2,2010,2010-09-19,2010091908
,DEN,SEA,71,5,7,16.769551195771214,29,36,422.0,14,5,4,2010,2010-09-19,2010091909
,SEA,DEN,54,4,7,9.64628505834012,24,35,549.0,17,4,2,2010,2010-09-19,2010091909
,LA,LV,49,3,6,-6.731745722769503,15,27,1040.0,32,3,2,2010,2010-09-19,2010091910
,LV,LA,74,5,8,2.0118216482884295,30,37,1071.0,40,4,1,2010,2010-09-19,2010091910
,NE,NYJ,58,3,6,-3.591582632275124,23,37,1130.0,37,5,2,2010,2010-09-19,2010091911
,NYJ,NE,65,4,4,10.195713329000855,28,34,1220.0,40,4,3,2010,2010-09-19,2010091911
,BAL,CIN,62,2,5,-20.10755379793007,19,40,943.0,34,2,1,2010,2010-09-19,2010091912
,CIN,BAL,64,2,2,-6.5300204525050765,20,35,1360.0,42,5,0,2010,2010-09-19,2010091912
,JAX,LAC,68,4,9,-18.790501276399244,28,44,282.0,8,2,1,2010,2010-09-19,2010091913
,LAC,JAX,60,7,12,13.942268347072954,27,30,825.0,27,6,5,2010,2010-09-19,2010091913
,IND,NYG,67,3,5,13.711721957682043,34,27,709.0,21,5,4,2010,2010-09-19,2010091914
,NYG,IND,52,2,2,-11.424209392129796,20,27,351.0,10,2,2,2010,2010-09-19,2010091914
,NO,SF,63,2,3,0.5541455013721389,24,39,932.0,29,4,2,2010,2010-09-20,2010092000
,SF,NO,59,4,10,8.472110547640051,34,33,611.0,17,4,3,2010,2010-09-20,2010092000
,NYG,TEN,69,7,11,-1.0261519208422356,36,49,537.0,13,4,1,2010,2010-09-26,2010092600
,TEN,NYG,57,1,4,2.184755316256858,22,17,827.0,26,4,3,2010,2010-09-26,2010092600
,CAR,CIN,57,3,5,-18.92338202630894,18,33,408.0,13,2,1,2010,2010-09-26,2010092601
,CIN,CAR,72,2,4,-13.566173211761162,28,38,1499.0,46,4,2,2010,2010-09-26,2010092601
,PIT,TB,45,5,10,9.629490343894856,23,16,412.0,10,6,4,2010,2010-09-26,2010092602
,TB,PIT,61,3,4,-13.037118930582595,27,41,593.0,18,3,1,2010,2010-09-26,2010092602
,BUF,NE,53,3,11,7.667740733669579,27,29,1143.0,36,6,3,2010,2010-09-26,2010092603
,NE,BUF,63,8,10,19.257311411263032,34,28,1170.0,35,6,5,2010,2010-09-26,2010092603
,BAL,CLE,54,4,6,16.84577275349836,24,31,905.0,27,3,3,2010,2010-09-26,2010092604
,CLE,BAL,55,4,6,4.596364849571836,26,26,906.0,28,3,2,2010,2010-09-26,2010092604
,DET,MIN,64,3,6,-10.943939610296773,24,45,879.0,29,4,1,2010,2010-09-26,2010092605
,MIN,DET,64,2,6,-6.896898851027067,26,36,1211.0,35,4,3,2010,2010-09-26,2010092605
,ATL,NO,81,4,7,9.654611323474134,30,32,1433.0,43,4,3,2010,2010-09-26,2010092606
,NO,ATL,55,4,6,2.3449355154463567,27,39,970.0,28,5,3,2010,2010-09-26,2010092606
,LA,WAS,75,3,5,5.104447411421726,30,38,1188.0,43,7,3,2010,2010-09-26,2010092607
,WAS,LA,48,5,8,-7.92571266128061,21,32,510.0,16,4,1,2010,2010-09-26,2010092607
,DAL,HOU,55,3,6,15.254844827363621,28,29,1289.0,36,4,3,2010,2010-09-26,2010092608
,HOU,DAL,58,4,9,-3.2009902978560896,25,36,912.0,29,3,1,2010,2010-09-26,2010092608
,KC,SF,65,7,14,13.716505424016823,29,26,944.0,31,6,4,2010,2010-09-26,2010092609
,SF,KC,61,3,4,-13.45155248581246,18,46,791.0,26,1,1,2010,2010-09-26,2010092609
,JAX,PHI,67,2,3,-20.672799977220308,22,35,770.0,24,1,0,2010,2010-09-26,2010092610
,PHI,JAX,54,5,9,7.141839792700513,19,33,795.0,27,4,4,2010,2010-09-26,2010092610
,DEN,IND,76,7,14,-0.37027779930172366,29,58,331.0,12,6,1,2010,2010-09-26,2010092611
,IND,DEN,64,5,6,13.224269633125777,25,43,1131.0,39,5,3,2010,2010-09-26,2010092611
,ARI,LV,54,3,4,-8.123555717904846,20,28,1284.0,38,3,3,2010,2010-09-26,2010092612
,LV,ARI,70,6,10,-6.755783047063128,20,37,906.0,31,6,2,2010,2010-09-26,2010092612
,LAC,SEA,77,8,17,1.0580802545408807,34,56,766.0,29,6,2,2010,2010-09-26,2010092613
,SEA,LAC,54,4,4,-8.703671106293363,20,34,792.0,27,6,3,2010,2010-09-26,2010092613
,MIA,NYJ,70,3,11,6.023324288447768,31,47,1034.0,36,4,2,2010,2010-09-26,2010092614
,NYJ,MIA,55,6,10,16.697445657571574,25,27,960.0,28,5,4,2010,2010-09-26,2010092614
,CHI,GB,48,4,8,1.5684817201626322,19,30,556.0,15,4,1,2010,2010-09-27,2010092700
,GB,CHI,59,3,6,12.95026738358091,33,44,574.0,16,4,2,2010,2010-09-27,2010092700
,BUF,NYJ,46,4,4,-11.992113016300594,18,30,165.0,7,2,2,2010,2010-10-03,2010100300
,NYJ,BUF,74,2,8,14.201965467682863,43,25,1027.0,32,7,5,2010,2010-10-03,2010100300
,CIN,CLE,58,5,9,2.523214381089618,24,40,552.0,17,4,2,2010,2010-10-03,2010100301
,CLE,CIN,62,3,5,3.1817497209576038,26,30,1212.0,39,5,2,2010,2010-10-03,2010100301
,BAL,PIT,64,2,5,-0.6775395786334992,26,38,1257.0,39,4,2,2010,2010-10-03,2010100302
,PIT,BAL,50,2,4,-1.814967164450353,17,23,888.0,23,2,2,2010,2010-10-03,2010100302
,DEN,TEN,76,4,6,-10.39421755214288,28,55,1209.0,41,7,2,2010,2010-10-03,2010100303
,TEN,DEN,52,2,7,-5.72025408495744,18,30,941.0,31,3,2,2010,2010-10-03,2010100303
,DET,GB,78,4,8,-2.297868402953956,38,57,657.0,21,4,2,2010,2010-10-03,2010100304
,GB,DET,39,2,6,2.7060296971353655,21,19,503.0,14,4,3,2010,2010-10-03,2010100304
,ATL,SF,74,5,8,0.7753166361218925,29,45,995.0,36,4,1,2010,2010-10-03,2010100305
,SF,ATL,55,0,3,-1.8338502741209473,23,32,1284.0,35,1,1,2010,2010-10-03,2010100305
,CAR,NO,47,3,4,1.2942890348110465,20,24,776.0,25,2,2,2010,2010-10-03,2010100306
,NO,CAR,78,1,4,-1.4338516287647856,38,50,1483.0,51,5,1,2010,2010-10-03,2010100306
,LA,SEA,71,4,9,-8.767171237609586,26,43,786.0,31,6,2,2010,2010-10-03,2010100307
,SEA,LA,65,2,4,-25.600135994607115,21,41,992.0,36,1,0,2010,2010-10-03,2010100307
,IND,JAX,65,3,6,10.589121634960573,37,47,1247.0,37,5,4,2010,2010-10-03,2010100308
,JAX,IND,57,3,6,16.592776495860267,29,22,1061.0,33,4,4,2010,2010-10-03,2010100308
,HOU,LV,62,5,7,19.04996613705238,31,28,748.0,28,5,4,2010,2010-10-03,2010100309
,LV,HOU,67,4,5,0.22157138211824057,35,42,731.0,25,3,3,2010,2010-10-03,2010100309
,PHI,WAS,68,1,6,-0.5557834226159288,32,43,197.0,5,2,1,2010,2010-10-03,2010100310
,WAS,PHI,54,2,3,2.422790636202982,21,20,323.0,10,3,2,2010,2010-10-03,2010100310
,ARI,LAC,51,1,3,-28.060041317815045,17,37,495.0,16,0,0,2010,2010-10-03,2010100311
,LAC,ARI,59,8,9,12.871971587193142,26,21,775.0,20,6,4,2010,2010-10-03,2010100311
,CHI,NYG,52,1,2,-37.21996896843442,12,36,826.0,23,0,0,2010,2010-10-03,2010100312
,NYG,CHI,62,9,9,-8.6779140581726,24,32,1013.0,30,5,2,2010,2010-10-03,2010100312
,MIA,NE,67,3,7,-6.986074999463897,34,47,821.0,24,2,2,2010,2010-10-04,2010100400
,NE,MIA,56,0,2,8.394568610910262,30,27,1147.0,42,5,3,2010,2010-10-04,2010100400
,BUF,JAX,55,4,7,-1.5732360898472622,23,34,797.0,27,5,3,2010,2010-10-10,2010101000
,JAX,BUF,62,5,9,4.426625237511562,27,22,764.0,23,4,3,2010,2010-10-10,2010101000
,BAL,DEN,72,3,7,16.123672863956994,36,26,737.0,21,6,4,2010,2010-10-10,2010101001
,DEN,BAL,51,5,6,8.740230988747186,22,38,250.0,9,3,2,2010,2010-10-10,2010101001
,IND,KC,73,1,5,1.2837902715869107,35,45,1376.0,45,3,1,2010,2010-10-10,2010101002
,KC,IND,57,2,2,-8.311958891978051,23,30,991.0,32,2,0,2010,2010-10-10,2010101002
,GB,WAS,66,5,8,-7.646253810072727,31,49,893.0,29,3,1,2010,2010-10-10,2010101003
,WAS,GB,75,5,6,-13.864083127418752,24,54,566.0,17,3,1,2010,2010-10-10,2010101003
,DET,LA,58,4,8,14.523370736134336,27,35,614.0,19,5,4,2010,2010-10-10,2010101004
,LA,DET,74,2,6,-29.21515027851374,27,46,667.0,19,4,0,2010,2010-10-10,2010101004
,CAR,CHI,61,2,3,-37.07803972831062,11,36,279.0,7,1,0,2010,2010-10-10,2010101005
,CHI,CAR,63,1,2,-21.04234435787724,21,22,89.0,3,4,2,2010,2010-10-10,2010101005
,CIN,TB,65,3,7,-5.394742691098612,32,36,1025.0,35,4,2,2010,2010-10-10,2010101006
,TB,CIN,59,6,10,2.7290182365835425,26,38,1194.0,36,4,2,2010,2010-10-10,2010101006
,ATL,CLE,58,3,7,1.3655174559671654,22,29,1184.0,39,4,1,2010,2010-10-10,2010101007
,CLE,ATL,61,0,4,-10.78511119551726,23,41,1037.0,34,3,1,2010,2010-10-10,2010101007
,HOU,NYG,51,1,4,-21.220923096651124,14,37,225.0,7,2,1,2010,2010-10-10,2010101008
,NYG,HOU,71,3,7,3.321609824868921,34,42,436.0,12,4,4,2010,2010-10-10,2010101008
,ARI,NO,57,2,3,-10.612112965370308,19,32,673.0,24,3,1,2010,2010-10-10,2010101009
,NO,ARI,61,3,6,-12.477040804623439,27,40,1178.0,36,5,2,2010,2010-10-10,2010101009
,DAL,TEN,74,8,12,5.00520943391977,34,51,689.0,22,5,3,2010,2010-10-10,2010101010
,TEN,DAL,53,5,7,5.703039747598737,21,28,600.0,25,4,4,2010,2010-10-10,2010101010
,LAC,LV,71,8,13,-4.7503524222783176,29,45,665.0,21,7,3,2010,2010-10-10,2010101011
,LV,LAC,58,1,3,-0.8214677528994735,21,29,515.0,20,4,2,2010,2010-10-10,2010101011
,PHI,SF,60,5,7,3.0105428173705633,25,35,676.0,19,3,2,2010,2010-10-10,2010101012
,SF,PHI,62,5,10,-8.047376783165891,26,40,609.0,16,3,3,2010,2010-10-10,2010101012
,MIN,NYJ,62,8,11,-9.800609963839415,22,39,491.0,14,3,3,2010,2010-10-11,2010101100
,NYJ,MIN,77,2,7,-7.932639278570414,26,45,1053.0,40,5,1,2010,2010-10-11,2010101100
,GB,MIA,58,5,7,5.294374422689062,20,38,751.0,25,3,2,2010,2010-10-17,2010101700
,MIA,GB,76,2,6,-3.079313940527605,33,38,1529.0,49,2,2,2010,2010-10-17,2010101700
,LA,LAC,65,2,4,1.0425389521720536,29,34,528.0,16,3,2,2010,2010-10-17,2010101701
,LAC,LA,61,3,7,-4.811009092443305,26,44,443.0,14,3,2,2010,2010-10-17,2010101701
,BAL,NE,72,2,10,3.1940498470532566,25,38,1375.0,41,4,2,2010,2010-10-17,2010101702
,NE,BAL,72,7,10,1.3181356645241222,30,47,636.0,22,5,2,2010,2010-10-17,2010101702
,CLE,PIT,59,6,7,-2.166703166540307,19,37,1070.0,30,1,1,2010,2010-10-17,2010101703
,PIT,CLE,62,6,7,11.530236923218482,26,27,1098.0,32,5,4,2010,2010-10-17,2010101703
,HOU,KC,57,6,10,24.814227594798243,30,35,654.0,20,5,5,2010,2010-10-17,2010101704
,KC,HOU,68,3,7,21.317811160029056,34,30,1438.0,45,5,4,2010,2010-10-17,2010101704
,DET,NYG,70,4,5,-6.647721173078601,27,49,905.0,34,2,2,2010,2010-10-17,2010101705
,NYG,DET,60,4,6,3.300820372866994,27,31,1194.0,32,4,4,2010,2010-10-17,2010101705
,ATL,PHI,64,4,7,-8.886667373548095,22,45,239.0,7,3,2,2010,2010-10-17,2010101706
,PHI,ATL,66,7,8,17.865048142610398,31,29,182.0,6,7,4,2010,2010-10-17,2010101706
,CHI,SEA,59,4,8,-7.030961160545891,19,45,868.0,29,3,1,2010,2010-10-17,2010101707
,SEA,CHI,68,3,7,2.792461006940148,26,40,1312.0,45,4,3,2010,2010-10-17,2010101707
,NO,TB,63,4,10,26.2942705004746,34,32,440.0,13,6,4,2010,2010-10-17,2010101708
,TB,NO,66,2,5,-3.2331298699175006,27,49,349.0,11,1,1,2010,2010-10-17,2010101708
,DEN,NYJ,72,4,8,-12.323187396216127,24,35,1088.0,41,3,2,2010,2010-10-17,2010101709
,NYJ,DEN,60,5,5,-4.177014427753034,23,31,1033.0,32,3,3,2010,2010-10-17,2010101709
,LV,SF,52,3,3,-15.383186515521109,13,23,879.0,27,2,0,2010,2010-10-17,2010101710
,SF,LV,60,3,7,3.86913833674826,23,32,1073.0,34,4,2,2010,2010-10-17,2010101710
,DAL,MIN,60,2,6,1.1840452735170577,28,32,1178.0,35,3,3,2010,2010-10-17,2010101711
,MIN,DAL,50,1,3,-7.8706518404452,16,22,1015.0,28,5,3,2010,2010-10-17,2010101711
,IND,WAS,67,4,8,9.30706851400351,32,39,870.0,37,5,3,2010,2010-10-17,2010101712
,WAS,IND,71,1,5,-3.6685535670174914,36,48,747.0,23,4,3,2010,2010-10-17,2010101712
,JAX,TEN,63,2,3,-15.741741512366271,23,38,461.0,13,3,0,2010,2010-10-18,2010101800
,TEN,JAX,59,4,5,13.526874043888242,26,21,592.0,21,6,3,2010,2010-10-18,2010101800
,ATL,CIN,64,6,10,12.064616856408689,30,34,507.0,18,5,5,2010,2010-10-24,2010102400
,CIN,ATL,74,3,8,13.0167406394556,37,53,434.0,15,5,3,2010,2010-10-24,2010102400
,MIA,PIT,58,3,10,-6.752418533838124,25,37,1171.0,36,4,1,2010,2010-10-24,2010102401
,PIT,MIA,54,6,9,4.406242831370324,18,30,1014.0,30,5,2,2010,2010-10-24,2010102401
,BAL,BUF,61,4,7,4.998860501847071,26,33,566.0,22,7,4,2010,2010-10-24,2010102402
,BUF,BAL,78,6,10,6.062585911180319,38,44,1332.0,38,5,4,2010,2010-10-24,2010102402
,JAX,KC,58,5,8,-6.7637584685726795,20,35,1028.0,37,4,2,2010,2010-10-24,2010102403
,KC,JAX,61,4,8,22.54422608976656,32,19,1136.0,33,5,5,2010,2010-10-24,2010102403
,CLE,NO,42,1,3,-2.9745377685471026,14,18,414.0,13,4,1,2010,2010-10-24,2010102404
,NO,CLE,77,4,7,-9.00274691079608,31,59,159.0,6,4,2,2010,2010-10-24,2010102404
,CHI,WAS,59,3,5,-17.456519446064732,25,43,1159.0,33,3,1,2010,2010-10-24,2010102405
,WAS,CHI,58,6,9,-18.715970697214026,22,34,1009.0,32,2,1,2010,2010-10-24,2010102405
,CAR,SF,76,5,7,-16.814495638008154,27,42,1312.0,39,4,2,2010,2010-10-24,2010102406
,SF,CAR,55,4,8,-8.148257158919074,22,33,1044.0,33,3,1,2010,2010-10-24,2010102406
,LA,TB,58,1,4,0.542163215396138,23,27,995.0,35,3,2,2010,2010-10-24,2010102407
,TB,LA,65,2,7,2.7463426800642345,27,43,586.0,18,3,1,2010,2010-10-24,2010102407
,PHI,TEN,71,1,5,-14.831242534985172,31,47,1110.0,38,4,1,2010,2010-10-24,2010102408
,TEN,PHI,59,5,7,-2.5933949916879384,16,33,498.0,21,5,3,2010,2010-10-24,2010102408
,ARI,SEA,54,3,5,-19.19380677685151,19,34,441.0,14,2,1,2010,2010-10-24,2010102409
,SEA,ARI,78,3,6,-14.388769805422935,23,43,754.0,26,7,1,2010,2010-10-24,2010102409
,LAC,NE,71,4,6,-8.9622597873044,29,52,897.0,26,4,2,2010,2010-10-24,2010102410
,NE,LAC,58,1,4,-4.13423506211968,22,36,540.0,21,5,2,2010,2010-10-24,2010102410
,DEN,LV,50,5,6,-25.66965600333059,15,33,0.0,0,3,2,2010,2010-10-24,2010102411
,LV,DEN,72,6,13,25.18724420857167,35,22,246.0,8,8,7,2010,2010-10-24,2010102411
,GB,MIN,57,4,7,1.8157832554068354,27,35,1105.0,36,4,3,2010,2010-10-24,2010102412
,MIN,GB,66,4,7,-3.8861158465636207,28,30,976.0,30,5,3,2010,2010-10-24,2010102412
,DAL,NYG,57,2,8,-12.15553148507294,19,44,524.0,18,5,3,2010,2010-10-25,2010102500
,NYG,DAL,72,10,12,1.276522212756446,33,36,475.0,17,6,5,2010,2010-10-25,2010102500
,DEN,SF,60,4,9,5.252370909351906,26,43,947.0,32,3,2,2010,2010-10-31,2010103100
,SF,DEN,61,5,5,9.008152874090682,27,19,1248.0,34,4,3,2010,2010-10-31,2010103100
,DAL,JAX,72,5,9,-5.929295054914395,34,51,521.0,17,4,2,2010,2010-10-31,2010103101
,JAX,DAL,58,7,8,16.996657188595826,27,24,597.0,16,6,5,2010,2010-10-31,2010103101
,CIN,MIA,64,1,2,-4.3710032619366,24,38,945.0,34,2,2,2010,2010-10-31,2010103102
,MIA,CIN,65,5,8,1.3429639963130593,25,37,1372.0,45,4,1,2010,2010-10-31,2010103102
,BUF,KC,83,2,3,-2.2392618862494227,31,50,1089.0,37,2,1,2010,2010-10-31,2010103103
,KC,BUF,72,2,7,4.055045370012246,32,27,1148.0,37,4,1,2010,2010-10-31,2010103103
,DET,WAS,73,2,3,-12.219232415893416,27,48,1016.0,35,5,4,2010,2010-10-31,2010103104
,WAS,DET,64,3,6,-24.110726403770837,22,45,1001.0,33,4,3,2010,2010-10-31,2010103104
,CAR,LA,56,1,4,-15.90250691023033,20,39,750.0,24,1,1,2010,2010-10-31,2010103105
,LA,CAR,61,2,5,-7.3993559511631615,17,34,1385.0,39,5,2,2010,2010-10-31,2010103105
,GB,NYJ,61,2,4,-16.658088396778002,17,36,1075.0,37,1,0,2010,2010-10-31,2010103106
,NYJ,GB,69,5,8,-22.061197592295027,21,40,1180.0,38,1,0,2010,2010-10-31,2010103106
,LAC,TEN,70,6,9,19.761938989564353,31,36,1302.0,40,6,4,2010,2010-10-31,2010103107
,TEN,LAC,56,7,10,2.107828561439626,17,37,860.0,28,6,3,2010,2010-10-31,2010103107
,MIN,NE,66,6,9,0.9614587475193885,36,38,1323.0,37,4,2,2010,2010-10-31,2010103108
,NE,MIN,52,5,6,18.47559329366824,24,27,746.0,24,4,4,2010,2010-10-31,2010103108
,ARI,TB,63,6,7,-6.13282112409232,28,40,1041.0,31,6,4,2010,2010-10-31,2010103109
,TB,ARI,57,8,10,2.4942347049648452,23,27,844.0,28,4,3,2010,2010-10-31,2010103109
,LV,SEA,67,9,9,18.210085024100124,25,29,736.0,23,6,3,2010,2010-10-31,2010103110
,SEA,LV,59,4,4,-22.96092974908035,14,40,242.0,8,2,0,2010,2010-10-31,2010103110
,NO,PIT,63,2,4,2.858368208376293,26,45,1139.0,37,5,2,2010,2010-10-31,2010103111
,PIT,NO,51,4,6,-11.731189812159394,19,31,1010.0,32,2,1,2010,2010-10-31,2010103111
,HOU,IND,58,3,4,-9.338207588946787,29,40,315.0,12,3,2,2010,2010-11-01,2010110100
,IND,HOU,71,3,6,10.122310733163411,29,46,469.0,13,4,2,2010,2010-11-01,2010110100
,DET,NYJ,67,3,7,-2.6310640027899916,23,39,1116.0,38,3,3,2010,2010-11-07,2010110700
,NYJ,DET,69,5,7,0.4990102898483131,31,39,1002.0,32,5,2,2010,2010-11-07,2010110700
,BAL,MIA,69,5,7,10.76431792787119,29,32,1067.0,33,8,2,2010,2010-11-07,2010110701
,MIA,BAL,53,4,4,-7.723431571169995,20,36,692.0,24,2,1,2010,2010-11-07,2010110701
,CLE,NE,63,6,11,15.34438084499773,28,19,418.0,11,5,4,2010,2010-11-07,2010110702
,NE,CLE,58,4,4,-3.8568404333894377,22,39,0.0,0,3,2,2010,2010-11-07,2010110702
,HOU,LAC,67,5,9,-0.08600690649540566,27,33,1498.0,43,6,2,2010,2010-11-07,2010110703
,LAC,HOU,47,4,6,15.547957862767799,25,24,642.0,16,4,4,2010,2010-11-07,2010110703
,BUF,CHI,71,1,4,-1.907718019956804,31,52,957.0,37,3,3,2010,2010-11-07,2010110704
,CHI,BUF,61,3,6,3.0596383006055627,24,32,1382.0,39,4,3,2010,2010-11-07,2010110704
,ARI,MIN,54,2,6,-3.7921317075331116,18,33,563.0,19,3,2,2010,2010-11-07,2010110705
,MIN,ARI,69,9,15,10.098173357198258,34,50,767.0,22,7,3,2010,2010-11-07,2010110705
,ATL,TB,68,2,5,14.963371127907113,29,36,1110.0,40,4,3,2010,2010-11-07,2010110706
,TB,ATL,50,3,5,-1.1466860293610763,17,23,357.0,12,4,3,2010,2010-11-07,2010110706
,CAR,NO,64,2,2,-26.788454374825964,17,40,448.0,16,3,0,2010,2010-11-07,2010110707
,NO,CAR,75,3,7,-2.5433215270483616,33,43,924.0,28,6,3,2010,2010-11-07,2010110707
,NYG,SEA,75,5,7,17.48460807646049,39,32,466.0,13,8,5,2010,2010-11-07,2010110708
,SEA,NYG,37,3,4,-17.53238310229203,9,23,207.0,6,2,1,2010,2010-11-07,2010110708
,IND,PHI,72,3,4,5.618242801347416,36,53,305.0,16,4,3,2010,2010-11-07,2010110709
,PHI,IND,62,6,8,13.441819229208809,24,32,912.0,27,5,2,2010,2010-11-07,2010110709
,KC,LV,72,3,5,-12.431764697313074,32,38,821.0,27,5,2,2010,2010-11-07,2010110710
,LV,KC,62,4,6,-15.77655836532281,22,37,675.0,22,4,2,2010,2010-11-07,2010110710
,DAL,GB,47,2,4,-17.28934065207514,17,33,308.0,8,1,1,2010,2010-11-07,2010110711
,GB,DAL,70,5,7,18.500211325562766,32,36,823.0,24,6,4,2010,2010-11-07,2010110711
,CIN,PIT,58,3,7,-4.785411320657417,24,40,228.0,6,4,3,2010,2010-11-08,2010110800
,PIT,CIN,57,5,7,-0.333570199142128,22,27,413.0,14,4,3,2010,2010-11-08,2010110800
,ATL,BAL,75,4,7,9.851930098965013,30,52,1471.0,45,4,3,2010,2010-11-11,2010111100
,BAL,ATL,56,2,7,9.972435646456498,24,36,473.0,17,3,3,2010,2010-11-11,2010111100
,MIA,TEN,68,5,8,4.6683456902525755,25,38,1255.0,39,5,3,2010,2010-11-14,2010111400
,TEN,MIA,64,2,4,-9.348416996973103,21,39,694.0,27,2,2,2010,2010-11-14,2010111400
,CLE,NYJ,58,1,5,-3.1553054927178867,26,34,816.0,23,4,2,2010,2010-11-14,2010111401
,NYJ,CLE,91,5,8,11.811594853793157,38,46,1399.0,45,5,2,2010,2010-11-14,2010111401
,CIN,IND,65,4,8,-15.965680083083512,28,45,246.0,6,3,2,2010,2010-11-14,2010111402
,IND,CIN,60,2,4,-3.0399385310381177,20,38,500.0,22,3,1,2010,2010-11-14,2010111402
,HOU,JAX,52,3,10,13.380216365326039,27,31,676.0,23,4,3,2010,2010-11-14,2010111403
,JAX,HOU,69,4,6,24.220980744923065,40,33,1256.0,40,6,4,2010,2010-11-14,2010111403
,CHI,MIN,72,3,7,-1.8100743101157606,26,36,1323.0,46,6,3,2010,2010-11-14,2010111404
,MIN,CHI,52,2,2,-16.704503799112594,18,30,955.0,29,4,1,2010,2010-11-14,2010111404
,CAR,TB,62,2,7,-9.747138875679504,23,31,639.0,20,3,1,2010,2010-11-14,2010111405
,TB,CAR,54,7,11,18.528955982597612,26,25,630.0,21,5,4,2010,2010-11-14,2010111405
,BUF,DET,57,4,7,-8.243690888475282,19,25,800.0,27,3,2,2010,2010-11-14,2010111406
,DET,BUF,78,5,10,-4.720469754157705,28,52,933.0,32,2,1,2010,2010-11-14,2010111406
,DEN,KC,64,4,8,24.49312873551843,35,34,440.0,15,6,6,2010,2010-11-14,2010111407
,KC,DEN,81,9,14,2.282248854590685,32,59,101.0,3,6,4,2010,2010-11-14,2010111407
,DAL,NYG,48,7,8,10.444585636785254,19,23,313.0,10,6,3,2010,2010-11-14,2010111408
,NYG,DAL,75,6,9,-9.368479569245242,35,47,772.0,23,5,2,2010,2010-11-14,2010111408
,ARI,SEA,65,6,8,-9.671400567367716,24,51,810.0,25,4,2,2010,2010-11-14,2010111409
,SEA,ARI,69,7,9,8.955675957423406,30,42,1118.0,36,9,3,2010,2010-11-14,2010111409
,LA,SF,69,3,5,-4.556267588788107,23,45,1040.0,33,4,2,2010,2010-11-14,2010111410
,SF,LA,59,9,11,2.424797650047136,21,33,931.0,27,5,2,2010,2010-11-14,2010111410
,NE,PIT,66,3,8,19.994808733480284,33,42,872.0,30,6,4,2010,2010-11-14,2010111411
,PIT,NE,70,7,12,10.078641014775313,34,52,311.0,13,6,3,2010,2010-11-14,2010111411
,PHI,WAS,66,9,11,35.41989371787137,34,29,146.0,4,7,7,2010,2010-11-15,2010111500
,WAS,PHI,51,5,6,-3.3673190072000585,23,33,70.0,2,4,4,2010,2010-11-15,2010111500
,CHI,MIA,67,1,3,-3.5805077686355165,27,28,1085.0,32,2,1,2010,2010-11-18,2010111800
,MIA,CHI,48,2,5,-19.273959727462326,13,35,491.0,17,0,0,2010,2010-11-18,2010111800
,BAL,CAR,67,5,9,-2.584553587669041,27,36,908.0,29,5,2,2010,2010-11-21,2010112100
,CAR,BAL,53,3,3,-21.201553496029312,12,31,332.0,10,2,1,2010,2010-11-21,2010112100
,HOU,NYJ,60,6,8,-0.4846072210273584,22,34,893.0,31,5,3,2010,2010-11-21,2010112101
,NYJ,HOU,71,7,9,0.4506771232755975,32,40,1289.0,41,6,3,2010,2010-11-21,2010112101
,BUF,CIN,60,7,12,15.093526011297184,26,35,475.0,15,7,6,2010,2010-11-21,2010112102
,CIN,BUF,68,3,8,-1.3913406193553357,34,38,1072.0,32,5,3,2010,2010-11-21,2010112102
,LV,PIT,65,1,5,-32.26404256488305,16,49,385.0,14,0,0,2010,2010-11-21,2010112103
,PIT,LV,64,6,12,9.190195309581107,24,31,873.0,27,5,5,2010,2010-11-21,2010112103
,CLE,JAX,57,3,6,-5.573447032453325,18,32,1139.0,31,3,1,2010,2010-11-21,2010112104
,JAX,CLE,66,2,5,-10.369750252106627,34,39,1048.0,35,3,3,2010,2010-11-21,2010112104
,DAL,DET,55,3,6,11.062423701845924,22,26,863.0,27,4,4,2010,2010-11-21,2010112105
,DET,DAL,68,2,5,1.3391769214082156,27,48,1219.0,42,3,2,2010,2010-11-21,2010112105
,GB,MIN,65,4,6,7.833407693250622,28,35,719.0,26,4,4,2010,2010-11-21,2010112106
,MIN,GB,56,3,10,-14.132283342382662,17,38,730.0,24,1,0,2010,2010-11-21,2010112106
,NO,SEA,72,7,12,22.50932965171652,35,43,863.0,32,8,5,2010,2010-11-21,2010112107
,SEA,NO,60,3,6,4.726217467183724,30,43,385.0,14,3,1,2010,2010-11-21,2010112107
,TEN,WAS,51,6,8,0.24988082560372504,24,26,903.0,27,3,0,2010,2010-11-21,2010112108
,WAS,TEN,84,5,12,4.771532918316522,32,51,1300.0,43,3,1,2010,2010-11-21,2010112108
,ARI,KC,67,4,10,3.783512544304902,32,47,471.0,13,3,1,2010,2010-11-21,2010112109
,KC,ARI,53,5,7,13.268912776473956,21,24,474.0,14,5,4,2010,2010-11-21,2010112109
,ATL,LA,71,2,9,9.85926887606538,29,40,1288.0,39,6,3,2010,2010-11-21,2010112110
,LA,ATL,54,2,7,-5.206922726643866,22,42,749.0,24,3,2,2010,2010-11-21,2010112110
,SF,TB,55,1,4,-29.8653333618175,17,37,741.0,22,0,0,2010,2010-11-21,2010112111
,TB,SF,65,3,4,-0.6564355551589178,27,24,1471.0,42,3,3,2010,2010-11-21,2010112111
,IND,NE,72,4,11,17.906531459533436,37,52,693.0,21,4,4,2010,2010-11-21,2010112112
,NE,IND,57,3,6,16.9657826706913,30,26,1230.0,36,5,4,2010,2010-11-21,2010112112
,NYG,PHI,52,1,7,-11.739765069580017,21,33,616.0,17,3,2,2010,2010-11-21,2010112113
,PHI,NYG,67,6,10,5.161590847400582,25,42,678.0,21,7,2,2010,2010-11-21,2010112113
,DEN,LAC,58,1,4,-9.769808129537777,22,43,685.0,22,2,2,2010,2010-11-22,2010112200
,LAC,DEN,65,5,8,17.004211634106483,26,27,726.0,22,5,5,2010,2010-11-22,2010112200
,DET,NE,75,4,8,2.390158623153535,32,48,1339.0,48,4,3,2010,2010-11-25,2010112500
,NE,DET,51,5,11,24.55750191786619,25,28,674.0,20,7,6,2010,2010-11-25,2010112500
,DAL,NO,75,5,6,0.858440895355145,35,43,131.0,4,4,3,2010,2010-11-25,2010112501
,NO,DAL,59,5,8,10.611885989123632,25,41,690.0,23,4,3,2010,2010-11-25,2010112501
,CIN,NYJ,60,1,1,-16.654849621335874,17,41,866.0,31,3,1,2010,2010-11-25,2010112502
,NYJ,CIN,64,3,6,-4.4403680542004444,23,30,1137.0,37,5,3,2010,2010-11-25,2010112502
,JAX,NYG,73,2,6,2.118278988679499,33,39,1406.0,45,3,2,2010,2010-11-28,2010112800
,NYG,JAX,49,5,11,10.821038852218718,21,24,627.0,19,5,2,2010,2010-11-28,2010112800
,BUF,PIT,63,1,3,-5.119723222627975,24,46,168.0,7,4,1,2010,2010-11-28,2010112801
,PIT,BUF,82,4,9,6.477633923925666,38,37,796.0,25,1,1,2010,2010-11-28,2010112801
,HOU,TEN,74,2,6,4.134798600419932,28,37,989.0,30,4,2,2010,2010-11-28,2010112802
,TEN,HOU,44,1,3,-18.955115581618124,13,32,197.0,9,2,0,2010,2010-11-28,2010112802
,MIN,WAS,60,3,3,4.948633819775694,29,25,1149.0,36,4,2,2010,2010-11-28,2010112803
,WAS,MIN,52,1,4,-9.616125841589845,15,39,1124.0,33,1,1,2010,2010-11-28,2010112803
,CHI,PHI,49,7,8,15.108310129895955,20,24,574.0,19,5,4,2010,2010-11-28,2010112804
,PHI,CHI,69,7,9,-0.2660508509530253,35,47,749.0,25,6,2,2010,2010-11-28,2010112804
,ATL,GB,57,2,5,6.965164381437103,26,30,1375.0,38,3,2,2010,2010-11-28,2010112805
,GB,ATL,58,5,9,11.44387112356428,31,36,905.0,27,4,2,2010,2010-11-28,2010112805
,BAL,TB,63,3,5,-2.1026282616180447,26,39,664.0,27,3,2,2010,2010-11-28,2010112806
,TB,BAL,59,1,4,-3.3847996270730034,22,37,778.0,24,2,1,2010,2010-11-28,2010112806
,CAR,CLE,56,4,8,1.5202622018758805,25,29,719.0,19,1,1,2010,2010-11-28,2010112807
,CLE,CAR,69,3,7,-9.974880434093167,36,37,1192.0,39,4,3,2010,2010-11-28,2010112807
,KC,SEA,78,6,9,24.388787108749295,42,32,1541.0,48,7,6,2010,2010-11-28,2010112808
,SEA,KC,48,2,2,-13.400882997094072,21,38,618.0,21,2,2,2010,2010-11-28,2010112808
,LV,MIA,45,4,6,-15.908350475700038,16,33,478.0,14,3,2,2010,2010-11-28,2010112809
,MIA,LV,79,7,11,8.23114810407845,30,33,1183.0,43,6,3,2010,2010-11-28,2010112809
,DEN,LA,63,6,14,11.524975231357466,27,45,522.0,22,4,4,2010,2010-11-28,2010112810
,LA,DEN,73,7,10,15.30536256662507,26,39,614.0,21,7,4,2010,2010-11-28,2010112810
,IND,LAC,62,2,7,-22.280687939542066,25,49,836.0,32,2,2,2010,2010-11-28,2010112811
,LAC,IND,57,2,4,1.5481028515181103,30,25,1007.0,27,5,1,2010,2010-11-28,2010112811
,ARI,SF,46,3,4,-15.684874836823187,16,35,203.0,5,3,0,2010,2010-11-29,2010112900
,SF,ARI,70,2,7,9.292424708204464,33,24,580.0,18,6,3,2010,2010-11-29,2010112900
,HOU,PHI,64,6,9,6.178760335884254,26,38,626.0,20,3,3,2010,2010-12-02,2010120200
,PHI,HOU,63,6,8,20.34234708043057,27,34,920.0,32,6,4,2010,2010-12-02,2010120200
,BUF,MIN,49,5,5,-23.04314122054838,14,26,297.0,9,2,1,2010,2010-12-05,2010120500
,MIN,BUF,64,4,5,-2.3680336647473204,33,24,694.0,20,6,5,2010,2010-12-05,2010120500
,CLE,MIA,54,4,6,-6.480977068989078,17,36,1156.0,34,4,1,2010,2010-12-05,2010120501
,MIA,CLE,65,2,4,-13.660530115068335,23,33,1110.0,38,1,1,2010,2010-12-05,2010120501
,JAX,TEN,70,2,3,8.888057837861144,35,20,1097.0,31,3,2,2010,2010-12-05,2010120502
,TEN,JAX,47,3,6,-13.10974624070149,15,33,194.0,7,2,0,2010,2010-12-05,2010120502
,DEN,KC,55,3,6,-12.583900172660393,18,32,907.0,29,1,0,2010,2010-12-05,2010120503
,KC,DEN,70,2,5,-3.1807004429843233,31,31,1360.0,43,2,1,2010,2010-12-05,2010120503
,NYG,WAS,60,4,7,3.269848799145758,25,25,432.0,12,6,4,2010,2010-12-05,2010120504
,WAS,NYG,64,5,8,-21.3308849771214,25,48,93.0,2,1,1,2010,2010-12-05,2010120504
,CHI,DET,55,3,7,7.105604967251857,28,30,1180.0,34,3,3,2010,2010-12-05,2010120505
,DET,CHI,53,3,5,2.1931081340944063,24,26,1048.0,33,3,2,2010,2010-12-05,2010120505
,GB,SF,65,4,5,18.30741795312558,30,33,1091.0,31,7,4,2010,2010-12-05,2010120506
,SF,GB,51,4,8,-5.485346219232556,14,29,911.0,28,3,1,2010,2010-12-05,2010120506
,ATL,TB,60,2,7,1.4832237171060503,27,36,1118.0,37,6,4,2010,2010-12-05,2010120507
,TB,ATL,66,4,7,5.564036564321736,27,37,1138.0,40,4,3,2010,2010-12-05,2010120507
,CIN,NO,63,5,8,4.343583208199605,25,37,846.0,27,6,3,2010,2010-12-05,2010120508
,NO,CIN,53,6,8,14.179012216557556,25,31,968.0,33,5,4,2010,2010-12-05,2010120508
,LAC,LV,51,4,8,-4.52537641348265,21,43,163.0,5,2,1,2010,2010-12-05,2010120509
,LV,LAC,68,4,5,14.288278193763832,30,16,587.0,15,5,4,2010,2010-12-05,2010120509
,DAL,IND,73,4,6,8.18799038751034,32,28,915.0,27,4,2,2010,2010-12-05,2010120510
,IND,DAL,64,3,7,3.9238117327899165,34,48,158.0,7,4,4,2010,2010-12-05,2010120510
,ARI,LA,51,5,9,-14.582479394665244,15,32,895.0,26,0,0,2010,2010-12-05,2010120511
,LA,ARI,66,3,7,-9.659910600824244,20,30,1082.0,37,4,1,2010,2010-12-05,2010120511
,CAR,SEA,67,2,2,-11.570214265516503,29,37,1100.0,35,3,2,2010,2010-12-05,2010120512
,SEA,CAR,63,6,9,6.384167515076779,30,33,307.0,10,4,3,2010,2010-12-05,2010120512
,BAL,PIT,56,2,5,-8.610358861636982,14,37,792.0,29,2,1,2010,2010-12-05,2010120513
,PIT,BAL,64,4,5,-3.889337919670128,22,41,1290.0,42,2,1,2010,2010-12-05,2010120513
,NE,NYJ,58,5,8,25.798662300839684,30,32,328.0,11,6,6,2010,2010-12-06,2010120600
,NYJ,NE,65,2,5,-13.095701646888838,25,34,229.0,10,2,0,2010,2010-12-06,2010120600
,IND,TEN,68,5,6,12.83265824993963,28,36,1126.0,33,5,3,2010,2010-12-09,2010120900
,TEN,IND,63,4,5,8.123769228933273,33,38,198.0,7,4,4,2010,2010-12-09,2010120900
,CHI,NE,42,2,4,-21.472431673305284,16,28,341.0,8,2,1,2010,2010-12-12,2010121200
,NE,CHI,75,4,11,17.286316787753805,34,43,654.0,23,6,3,2010,2010-12-12,2010121200
,BUF,CLE,67,2,4,-6.416225324330685,29,25,1483.0,41,4,1,2010,2010-12-12,2010121201
,CLE,BUF,46,2,3,-19.96737892324639,20,21,963.0,29,2,0,2010,2010-12-12,2010121201
,CIN,PIT,48,2,5,-19.581290500020057,19,35,850.0,23,2,1,2010,2010-12-12,2010121202
,PIT,CIN,63,6,7,7.551623807252147,31,36,1220.0,40,3,0,2010,2010-12-12,2010121202
,JAX,LV,56,5,8,11.79359963909819,27,23,991.0,29,6,5,2010,2010-12-12,2010121203
,LV,JAX,61,7,11,10.924139304972368,25,36,924.0,27,5,4,2010,2010-12-12,2010121203
,TB,WAS,51,3,7,-1.5160755501533583,21,26,952.0,25,4,1,2010,2010-12-12,2010121204
,WAS,TB,65,6,9,9.938865078093567,27,37,1221.0,36,5,2,2010,2010-12-12,2010121204
,DET,GB,65,1,3,-10.431881895029315,26,24,1054.0,35,1,1,2010,2010-12-12,2010121205
,GB,DET,60,2,5,-18.26563503798227,22,40,971.0,32,1,0,2010,2010-12-12,2010121205
,ATL,CAR,73,1,6,4.815306455622766,32,37,334.0,9,5,4,2010,2010-12-12,2010121207
,CAR,ATL,58,4,5,-15.280821098725683,20,30,70.0,2,3,1,2010,2010-12-12,2010121207
,LA,NO,58,6,9,-14.63352226609623,21,34,118.0,4,4,1,2010,2010-12-12,2010121208
,NO,LA,70,2,4,5.234409229704872,30,41,765.0,23,4,3,2010,2010-12-12,2010121208
,SEA,SF,65,3,7,-22.386050716179163,31,43,480.0,15,5,3,2010,2010-12-12,2010121209
,SF,SEA,54,6,7,4.465980017318994,14,29,617.0,21,6,3,2010,2010-12-12,2010121209
,MIA,NYJ,54,1,1,-34.03859841698603,11,24,811.0,28,2,1,2010,2010-12-12,2010121210
,NYJ,MIA,80,1,8,-28.023023163644066,20,49,579.0,22,1,0,2010,2010-12-12,2010121210
,ARI,DEN,72,3,6,-8.003464687213636,24,38,572.0,20,6,3,2010,2010-12-12,2010121211
,DEN,ARI,72,1,6,-39.588382451728314,26,41,711.0,26,3,1,2010,2010-12-12,2010121211
,KC,LAC,41,0,1,-19.916397180265005,8,24,298.0,8,0,0,2010,2010-12-12,2010121212
,LAC,KC,69,1,11,18.014781999379395,33,26,946.0,24,4,4,2010,2010-12-12,2010121212
,DAL,PHI,60,4,8,0.9612332212657599,24,36,1350.0,38,5,3,2010,2010-12-12,2010121213
,PHI,DAL,52,5,6,6.6246070108794415,22,28,942.0,28,5,3,2010,2010-12-12,2010121213
,BAL,HOU,62,1,7,-0.8028712189856297,22,38,792.0,23,4,4,2010,2010-12-13,2010121300
,HOU,BAL,86,6,11,9.63139509756511,35,64,488.0,16,4,3,2010,2010-12-13,2010121300
,MIN,NYG,61,1,3,-21.289608766543004,17,39,834.0,24,1,0,2010,2010-12-13,2010121301
,NYG,MIN,65,4,7,-0.9728415947625304,24,37,663.0,23,4,3,2010,2010-12-13,2010121301
,LAC,SF,67,5,6,15.279491213652376,30,26,732.0,20,5,4,2010,2010-12-16,2010121600
,SF,LAC,50,2,4,-17.533503212070233,15,35,494.0,16,2,1,2010,2010-12-16,2010121600
,KC,LA,70,4,6,-0.7505006357776605,29,31,1013.0,36,4,3,2010,2010-12-19,2010121900
,LA,KC,65,1,3,-9.354715465569557,25,45,711.0,24,2,1,2010,2010-12-19,2010121900
,BUF,MIA,55,4,7,-1.0220980186224076,21,28,1153.0,35,3,2,2010,2010-12-19,2010121901
,MIA,BUF,66,1,5,3.197548864118312,34,47,628.0,21,2,2,2010,2010-12-19,2010121901
,CIN,CLE,64,4,8,10.444328681400643,33,23,1464.0,40,4,1,2010,2010-12-19,2010121902
,CLE,CIN,43,3,8,5.112009915901395,17,29,692.0,22,3,2,2010,2010-12-19,2010121902
,IND,JAX,64,4,5,10.841761509787318,28,40,829.0,32,6,4,2010,2010-12-19,2010121903
,JAX,IND,60,5,7,-3.2333729208454125,26,38,617.0,19,3,2,2010,2010-12-19,2010121903
,HOU,TEN,75,1,6,-6.170205464527475,35,58,73.0,3,3,2,2010,2010-12-19,2010121904
,TEN,HOU,55,5,8,10.615528188920099,23,27,395.0,12,5,4,2010,2010-12-19,2010121904
,DAL,WAS,70,5,7,12.410283522702583,33,39,628.0,18,8,3,2010,2010-12-19,2010121905
,WAS,DAL,63,5,9,9.07166429414605,28,49,132.0,5,4,4,2010,2010-12-19,2010121905
,NYG,PHI,72,4,7,0.27300626862567756,25,41,791.0,23,5,4,2010,2010-12-19,2010121906
,PHI,NYG,58,6,7,-0.11332812871315845,24,38,303.0,10,5,4,2010,2010-12-19,2010121906
,ARI,CAR,54,3,5,-16.270873870582854,18,36,453.0,14,3,1,2010,2010-12-19,2010121907
,CAR,ARI,64,3,6,-8.960031624092938,19,21,650.0,20,4,1,2010,2010-12-19,2010121907
,DET,TB,65,5,10,15.47828788043509,32,37,1169.0,37,5,2,2010,2010-12-19,2010121908
,TB,DET,64,4,7,13.099496852338849,26,36,1053.0,34,4,2,2010,2010-12-19,2010121908
,BAL,NO,62,6,8,8.245572600143808,21,23,1062.0,34,6,3,2010,2010-12-19,2010121909
,NO,BAL,62,3,7,-1.5156621134941464,25,48,634.0,20,4,3,2010,2010-12-19,2010121909
,ATL,SEA,70,1,4,3.4594095394806774,24,36,1108.0,43,5,3,2010,2010-12-19,2010121910
,SEA,ATL,56,1,3,-8.823409635483017,22,36,605.0,17,3,2,2010,2010-12-19,2010121910
,NYJ,PIT,57,1,3,3.5408760029523734,26,30,893.0,28,5,2,2010,2010-12-19,2010121911
,PIT,NYJ,69,4,11,13.311245408369498,31,44,1406.0,45,3,2,2010,2010-12-19,2010121911
,DEN,LV,51,4,7,-8.484466245646592,15,18,806.0,26,3,2,2010,2010-12-19,2010121912
,LV,DEN,64,10,12,3.7165324823215884,23,26,1072.0,35,5,4,2010,2010-12-19,2010121912
,GB,NE,80,1,4,-1.2618390366883765,27,42,1706.0,50,6,3,2010,2010-12-19,2010121913
,NE,GB,43,3,6,5.127014080687797,20,27,551.0,19,4,3,2010,2010-12-19,2010121913
,CHI,MIN,57,2,3,-3.7277274398001126,24,25,573.0,16,7,3,2010,2010-12-20,2010122000
,MIN,CHI,61,2,3,-30.30063494817975,26,37,560.0,15,4,2,2010,2010-12-20,2010122000
,CAR,PIT,49,0,1,-21.12735208579813,12,27,500.0,15,1,0,2010,2010-12-23,2010122300
,PIT,CAR,64,7,11,-2.863240016737128,21,34,405.0,11,7,3,2010,2010-12-23,2010122300
,ARI,DAL,46,3,5,-5.559962427337419,17,25,155.0,6,2,1,2010,2010-12-25,2010122500
,DAL,ARI,76,4,6,-10.662792735971177,30,42,438.0,12,4,3,2010,2010-12-25,2010122500
,CHI,NYJ,52,7,7,5.459017242189454,21,27,729.0,20,7,5,2010,2010-12-26,2010122600
,NYJ,CHI,68,2,8,2.7482598797821205,35,38,1099.0,35,5,3,2010,2010-12-26,2010122600
,BUF,NE,59,5,7,-22.751416186519915,21,38,413.0,13,3,0,2010,2010-12-26,2010122601
,NE,BUF,66,2,6,7.676372424058107,32,28,563.0,18,6,4,2010,2010-12-26,2010122601
,BAL,CLE,57,1,3,0.6332233765802098,22,20,841.0,25,3,2,2010,2010-12-26,2010122602
,CLE,BAL,56,3,5,-10.667550695549055,22,30,789.0,22,2,1,2010,2010-12-26,2010122602
,KC,TEN,77,3,8,4.382693047237112,30,37,486.0,15,5,3,2010,2010-12-26,2010122603
,TEN,KC,55,4,8,-22.27587031259151,17,40,272.0,9,3,2,2010,2010-12-26,2010122603
,SEA,TB,53,1,2,-5.7798638062969205,17,26,497.0,16,2,2,2010,2010-12-26,2010122605
,TB,SEA,56,8,12,20.9276257797678,30,30,589.0,19,6,5,2010,2010-12-26,2010122605
,LA,SF,66,2,6,-4.269250860222333,26,38,1023.0,32,5,2,2010,2010-12-26,2010122606
,SF,LA,56,6,8,-7.389787401490537,20,35,696.0,23,2,1,2010,2010-12-26,2010122606
,DET,MIA,49,4,7,4.708920846445802,18,28,932.0,29,4,3,2010,2010-12-26,2010122607
,MIA,DET,83,3,6,4.702309336586404,40,46,1434.0,46,4,3,2010,2010-12-26,2010122607
,JAX,WAS,65,7,10,-5.910930298951319,23,42,514.0,19,3,2,2010,2010-12-26,2010122608
,WAS,JAX,63,1,2,-8.760291875015222,23,39,742.0,26,4,2,2010,2010-12-26,2010122608
,DEN,HOU,60,6,11,11.475549944664596,25,30,364.0,11,5,3,2010,2010-12-26,2010122609
,HOU,DEN,55,6,8,8.372529549041724,25,33,481.0,13,3,2,2010,2010-12-26,2010122609
,IND,LV,67,2,9,1.400893960541574,28,30,984.0,37,6,4,2010,2010-12-26,2010122610
,LV,IND,64,2,4,-12.550766137727296,25,44,1120.0,33,4,2,2010,2010-12-26,2010122610
,GB,NYG,74,7,11,20.73840095813394,37,39,1324.0,39,7,6,2010,2010-12-26,2010122611
,NYG,GB,55,6,8,-11.962426568754685,20,34,347.0,14,3,2,2010,2010-12-26,2010122611
,CIN,LAC,58,5,7,10.88340394760524,25,21,817.0,22,6,5,2010,2010-12-26,2010122612
,LAC,CIN,63,1,6,-11.89071523458538,28,41,308.0,9,4,2,2010,2010-12-26,2010122612
,ATL,NO,51,2,7,-14.215066506475706,16,30,855.0,27,2,1,2010,2010-12-27,2010122700
,NO,ATL,72,2,6,-9.225855684540873,32,50,1083.0,37,2,2,2010,2010-12-27,2010122700
,MIN,PHI,59,4,9,1.384473628874343,27,28,1088.0,33,3,2,2010,2010-12-28,2010122800
,PHI,MIN,70,4,6,-10.105597608146507,31,48,854.0,31,2,2,2010,2010-12-28,2010122800
,MIA,NE,58,5,7,-16.70560913017931,19,42,305.0,11,1,1,2010,2011-01-02,2011010200
,NE,MIA,73,6,10,13.255674136405865,35,29,256.0,9,7,4,2010,2011-01-02,2011010200
,BUF,NYJ,47,1,3,-36.139788447683195,12,29,424.0,13,0,0,2010,2011-01-02,2011010201
,NYJ,BUF,65,3,7,4.245240553891395,23,16,556.0,16,6,4,2010,2011-01-02,2011010201
,BAL,CIN,48,1,3,-19.121771393088913,16,23,911.0,29,2,1,2010,2011-01-02,2011010202
,CIN,BAL,75,2,5,-18.0439546838088,36,44,911.0,32,4,1,2010,2011-01-02,2011010202
,CLE,PIT,65,3,4,-11.780510836544309,21,48,149.0,6,2,1,2010,2011-01-02,2011010203
,PIT,CLE,62,5,8,24.558875296289955,30,32,275.0,9,6,5,2010,2011-01-02,2011010203
,HOU,JAX,58,8,11,21.842207866972938,36,22,1006.0,35,6,4,2010,2011-01-02,2011010204
,JAX,HOU,62,1,5,1.0952418238967327,28,27,578.0,17,3,2,2010,2011-01-02,2011010204
,IND,TEN,67,2,7,2.7680559640772424,33,42,1011.0,37,2,2,2010,2011-01-02,2011010205
,TEN,IND,64,3,8,2.0970710455675454,27,40,1392.0,45,3,2,2010,2011-01-02,2011010205
,KC,LV,71,1,7,-28.01029746626734,15,42,844.0,32,3,1,2010,2011-01-02,2011010206
,LV,KC,65,5,8,4.331301280155002,25,29,1293.0,43,3,3,2010,2011-01-02,2011010206
,DAL,PHI,60,4,4,-3.168453411024391,21,27,974.0,30,1,1,2010,2011-01-02,2011010207
,PHI,DAL,69,3,4,-19.15816749707224,17,42,1209.0,43,3,1,2010,2011-01-02,2011010207
,NYG,WAS,58,3,7,-5.118349893043223,16,29,969.0,29,3,2,2010,2011-01-02,2011010208
,WAS,NYG,66,4,10,-15.263900118122233,29,46,477.0,18,5,2,2010,2011-01-02,2011010208
,DET,MIN,67,3,6,-5.264856469105801,32,40,982.0,35,4,2,2010,2011-01-02,2011010209
,MIN,DET,59,2,3,-10.504275533677873,19,35,878.0,27,1,0,2010,2011-01-02,2011010209
,CHI,GB,65,4,5,-19.790508541418248,22,45,905.0,31,2,0,2010,2011-01-02,2011010210
,GB,CHI,52,4,4,-13.445172541032907,18,30,1020.0,31,2,1,2010,2011-01-02,2011010210
,ATL,CAR,70,1,7,-1.2558013589970853,26,39,463.0,14,5,3,2010,2011-01-02,2011010211
,CAR,ATL,54,4,7,-9.167088959811139,20,35,112.0,4,2,1,2010,2011-01-02,2011010211
,NO,TB,66,3,6,-3.7713818345651644,29,44,1184.0,43,3,1,2010,2011-01-02,2011010212
,TB,NO,52,3,5,4.087993216393668,26,30,1126.0,33,3,2,2010,2011-01-02,2011010212
,DEN,LAC,66,3,10,-4.717128915430754,26,38,495.0,17,4,4,2010,2011-01-02,2011010213
,LAC,DEN,72,7,16,4.542886671955735,25,41,1049.0,36,5,3,2010,2011-01-02,2011010213
,ARI,SF,81,1,5,-36.487678320937306,29,59,470.0,15,3,1,2010,2011-01-02,2011010214
,SF,ARI,55,6,9,5.232731324541228,19,31,609.0,24,5,4,2010,2011-01-02,2011010214
,LA,SEA,54,1,2,-20.100051080028255,15,39,1050.0,33,2,0,2010,2011-01-02,2011010215
,SEA,LA,69,3,4,-7.426917580233707,24,36,1162.0,37,4,1,2010,2011-01-02,2011010215
,GB,NO,63,4,9,23.500625900844398,32,37,1047.0,31,6,6,2011,2011-09-08,2011090800
,NO,GB,72,7,15,14.235836527864816,34,51,31.0,1,7,3,2011,2011-09-08,2011090800
,BAL,PIT,62,6,9,12.768591716710368,23,30,578.0,20,7,4,2011,2011-09-11,2011091100
,PIT,BAL,61,4,10,-21.964990363616785,26,45,348.0,10,3,1,2011,2011-09-11,2011091100
,CIN,CLE,62,6,6,1.0601149619592292,24,31,997.0,30,4,3,2011,2011-09-11,2011091101
,CLE,CIN,66,2,5,-9.453421709189719,24,41,784.0,26,3,2,2011,2011-09-11,2011091101
,HOU,IND,63,5,7,0.8451096080456124,34,25,461.0,13,6,3,2011,2011-09-11,2011091102
,IND,HOU,49,2,5,-11.563893181585637,18,33,139.0,4,3,1,2011,2011-09-11,2011091102
,JAX,TEN,72,3,7,2.3485860596699797,33,26,1020.0,29,3,1,2011,2011-09-11,2011091103
,TEN,JAX,48,4,5,0.18209536457104747,19,35,374.0,12,2,2,2011,2011-09-11,2011091103
,BUF,KC,65,3,7,11.351439681601015,31,27,519.0,15,7,5,2011,2011-09-11,2011091104
,KC,BUF,56,3,6,-22.38732172520374,16,38,176.0,7,2,1,2011,2011-09-11,2011091104
,ATL,CHI,65,5,8,-17.073777261571486,26,51,394.0,13,2,0,2011,2011-09-11,2011091105
,CHI,ATL,64,6,9,-3.2001736828446883,25,37,614.0,19,4,2,2011,2011-09-11,2011091105
,DET,TB,67,5,8,11.544597855124021,28,32,1398.0,41,5,3,2011,2011-09-11,2011091106
,TB,DET,62,1,5,-4.0200345249115275,26,46,411.0,13,4,1,2011,2011-09-11,2011091106
,LA,PHI,67,3,10,-10.774880130215161,25,41,948.0,33,2,1,2011,2011-09-11,2011091107
,PHI,LA,63,5,12,12.380757047806153,28,34,1009.0,39,5,3,2011,2011-09-11,2011091107
,NYG,WAS,55,3,6,-5.450045541564075,23,35,1070.0,31,3,2,2011,2011-09-11,2011091108
,WAS,NYG,63,6,8,2.8352270525884906,24,38,1105.0,35,4,3,2011,2011-09-11,2011091108
,ARI,CAR,52,7,10,6.720049519243852,20,29,998.0,31,6,3,2011,2011-09-11,2011091109
,CAR,ARI,68,8,11,9.437773938816933,29,41,1110.0,34,4,3,2011,2011-09-11,2011091109
,SEA,SF,64,1,1,-13.40660220291974,24,42,567.0,15,3,2,2011,2011-09-11,2011091110
,SF,SEA,50,2,4,-14.481126977503624,14,20,560.0,15,6,2,2011,2011-09-11,2011091110
,LAC,MIN,77,4,8,2.273199438721596,33,50,741.0,21,6,3,2011,2011-09-11,2011091111
,MIN,LAC,43,2,2,-7.9094539563001,13,17,907.0,26,3,2,2011,2011-09-11,2011091111
,DAL,NYJ,65,5,6,3.470792931529165,27,40,1274.0,37,5,3,2011,2011-09-11,2011091112
,NYJ,DAL,64,5,9,-1.9482840752887154,25,48,575.0,18,3,2,2011,2011-09-11,2011091112
,MIA,NE,72,10,15,14.327425069835913,31,53,1041.0,31,6,3,2011,2011-09-12,2011091200
,NE,MIA,71,10,12,23.193825088405113,40,49,1182.0,48,7,5,2011,2011-09-12,2011091200
,DEN,LV,63,3,11,-7.655054815392127,25,50,696.0,27,3,1,2011,2011-09-12,2011091201
,LV,DEN,60,3,5,-2.6589074914757136,24,23,827.0,28,4,2,2011,2011-09-12,2011091201
,DET,KC,70,6,7,18.446400007119298,30,40,610.0,18,7,6,2011,2011-09-18,2011091800
,KC,DET,54,3,5,-23.089898434504363,17,25,560.0,16,1,0,2011,2011-09-18,2011091800
,BUF,LV,70,4,9,21.74828458429123,37,45,431.0,14,6,5,2011,2011-09-18,2011091801
,LV,BUF,63,7,9,21.779935196869808,33,33,855.0,26,5,5,2011,2011-09-18,2011091801
,BAL,TEN,52,3,6,-15.63319891295586,19,35,722.0,24,3,1,2011,2011-09-18,2011091802
,TEN,BAL,71,4,7,6.400916767954854,24,42,1294.0,43,5,2,2011,2011-09-18,2011091802
,JAX,NYJ,53,1,4,-27.766073561636805,17,26,48.0,2,0,0,2011,2011-09-18,2011091803
,NYJ,JAX,57,2,5,-1.0079355853885235,21,25,404.0,11,6,3,2011,2011-09-18,2011091803
,CLE,IND,66,3,6,-0.5325588758287632,26,33,1291.0,40,5,3,2011,2011-09-18,2011091804
,IND,CLE,63,2,6,-7.6720574222094156,28,38,1054.0,36,3,1,2011,2011-09-18,2011091804
,ARI,WAS,47,4,6,6.785185304141595,24,32,1077.0,34,4,3,2011,2011-09-18,2011091805
,WAS,ARI,75,6,11,2.9369007917359453,34,44,1267.0,38,7,2,2011,2011-09-18,2011091805
,MIN,TB,65,3,9,13.218755178528367,31,32,900.0,27,4,2,2011,2011-09-18,2011091806
,TB,MIN,52,3,7,7.248661500873341,25,33,289.0,9,5,3,2011,2011-09-18,2011091806
,CAR,GB,71,8,13,0.09467597982258757,31,50,594.0,21,6,2,2011,2011-09-18,2011091807
,GB,CAR,50,4,6,14.087432552347671,22,31,701.0,23,6,3,2011,2011-09-18,2011091807
,CHI,NO,62,3,10,-16.97315906706649,20,50,691.0,22,2,1,2011,2011-09-18,2011091808
,NO,CHI,67,2,3,4.125939976203073,25,38,1141.0,33,5,3,2011,2011-09-18,2011091808
,PIT,SEA,65,4,11,10.915243551637278,29,33,725.0,20,6,3,2011,2011-09-18,2011091809
,SEA,PIT,47,0,1,-15.090437309360373,17,34,189.0,6,0,0,2011,2011-09-18,2011091809
,DAL,SF,66,8,10,5.43977883936973,25,44,1023.0,31,5,3,2011,2011-09-18,2011091810
,SF,DAL,54,2,2,-8.195817773881512,19,30,976.0,31,3,3,2011,2011-09-18,2011091810
,LAC,NE,65,6,9,11.29640824965151,40,41,650.0,18,5,3,2011,2011-09-18,2011091811
,NE,LAC,67,5,12,26.64093684224749,38,42,925.0,32,5,4,2011,2011-09-18,2011091811
,CIN,DEN,63,5,5,-0.7497048849279613,26,44,681.0,20,4,2,2011,2011-09-18,2011091812
,DEN,CIN,62,2,5,-0.0581521891393334,27,27,1132.0,37,4,3,2011,2011-09-18,2011091812
,HOU,MIA,67,3,7,3.0709995474844867,29,32,891.0,28,6,2,2011,2011-09-18,2011091813
,MIA,HOU,60,4,5,-8.138689164638716,20,32,196.0,10,4,1,2011,2011-09-18,2011091813
,ATL,PHI,58,2,8,4.55409511141814,23,32,860.0,28,5,5,2011,2011-09-18,2011091814
,PHI,ATL,67,7,9,-1.7522384227206955,34,37,1179.0,38,6,4,2011,2011-09-18,2011091814
,LA,NYG,66,5,11,-6.88893729998797,19,48,719.0,30,4,1,2011,2011-09-19,2011091900
,NYG,LA,67,3,6,-4.90697483894969,31,32,700.0,25,3,3,2011,2011-09-19,2011091900
,CAR,JAX,63,1,5,-3.497882267321277,20,35,1198.0,38,4,1,2011,2011-09-25,2011092500
,JAX,CAR,57,4,5,-9.5135773217255,21,23,1099.0,34,1,1,2011,2011-09-25,2011092500
,HOU,NO,66,6,10,10.891887644664155,28,41,1086.0,33,7,3,2011,2011-09-25,2011092501
,NO,HOU,68,5,11,16.601375404977542,34,48,542.0,17,7,5,2011,2011-09-25,2011092501
,BUF,NE,59,8,11,7.1504257828921505,28,40,58.0,3,4,3,2011,2011-09-25,2011092502
,NE,BUF,70,7,12,11.63247883835271,38,44,823.0,25,6,4,2011,2011-09-25,2011092502
,CLE,MIA,56,1,4,-1.2077098038528602,23,39,846.0,29,3,2,2011,2011-09-25,2011092503
,MIA,CLE,72,3,5,1.0840032556853125,26,34,1512.0,46,5,1,2011,2011-09-25,2011092503
,DEN,TEN,63,2,2,-9.6576411547023,22,40,1164.0,38,3,2,2011,2011-09-25,2011092504
,TEN,DEN,59,4,6,5.862625618111613,24,38,1091.0,35,3,2,2011,2011-09-25,2011092504
,NYG,PHI,49,5,8,10.934175660680054,18,26,490.0,17,4,4,2011,2011-09-25,2011092505
,PHI,NYG,72,3,6,-1.585160477547106,34,32,1080.0,32,5,1,2011,2011-09-25,2011092505
,DET,MIN,69,4,7,2.5856989475842713,28,51,387.0,11,4,2,2011,2011-09-25,2011092506
,MIN,DET,63,6,6,-2.5272429689148597,23,40,794.0,26,5,2,2011,2011-09-25,2011092506
,CIN,SF,53,1,3,-18.946413791014482,19,33,928.0,29,3,0,2011,2011-09-25,2011092507
,SF,CIN,64,3,3,-11.017722247584457,25,35,1057.0,33,2,1,2011,2011-09-25,2011092507
,LV,NYJ,58,5,7,6.477617756202374,28,27,648.0,30,4,4,2011,2011-09-25,2011092508
,NYJ,LV,72,5,11,-0.5015789224874103,29,47,1136.0,34,5,3,2011,2011-09-25,2011092508
,KC,LAC,52,4,6,-0.1534520706742839,16,25,407.0,11,4,2,2011,2011-09-25,2011092509
,LAC,KC,69,5,7,7.7188456192408355,33,39,1332.0,44,5,2,2011,2011-09-25,2011092509
,BAL,LA,74,7,12,16.982303786773215,32,50,273.0,11,7,3,2011,2011-09-25,2011092510
,LA,BAL,63,1,4,-21.596619614168713,22,37,246.0,8,1,1,2011,2011-09-25,2011092510
,CHI,GB,52,5,8,-14.0294033604334,15,40,369.0,11,3,2,2011,2011-09-25,2011092511
,GB,CHI,69,2,7,-4.389726341168486,32,40,1254.0,37,5,3,2011,2011-09-25,2011092511
,ARI,SEA,68,2,4,-6.2474344496262795,30,40,1112.0,36,2,1,2011,2011-09-25,2011092512
,SEA,ARI,65,5,5,-9.294168613921505,27,35,1222.0,45,2,1,2011,2011-09-25,2011092512
,ATL,TB,65,3,10,-10.77731639367586,23,50,586.0,22,4,1,2011,2011-09-25,2011092513
,TB,ATL,64,1,2,-7.706361590873462,30,32,764.0,22,4,1,2011,2011-09-25,2011092513
,IND,PIT,62,2,3,-11.9311567285479,21,41,604.0,22,3,1,2011,2011-09-25,2011092514
,PIT,IND,66,6,12,-1.873863943116075,22,39,1128.0,31,3,1,2011,2011-09-25,2011092514
,DAL,WAS,62,9,11,-5.736267858890938,21,37,1130.0,32,3,0,2011,2011-09-26,2011092600
,WAS,DAL,61,2,8,-8.384896786466022,25,39,1167.0,36,3,1,2011,2011-09-26,2011092600
,BUF,CIN,56,3,4,-3.48375615207306,20,35,984.0,32,2,1,2011,2011-10-02,2011100200
,CIN,BUF,70,5,10,-3.121098004138001,34,38,828.0,27,4,2,2011,2011-10-02,2011100200
,CLE,TEN,85,2,7,-14.977346215578173,35,63,983.0,30,1,1,2011,2011-10-02,2011100201
,TEN,CLE,50,4,5,5.505999332050209,18,21,518.0,17,4,3,2011,2011-10-02,2011100201
,HOU,PIT,55,3,5,10.578034240430188,26,21,1295.0,37,3,2,2011,2011-10-02,2011100202
,PIT,HOU,56,3,7,-3.3967435403725483,26,34,478.0,15,3,1,2011,2011-10-02,2011100202
,DAL,DET,74,3,7,-12.551661473442795,35,47,676.0,18,6,3,2011,2011-10-02,2011100203
,DET,DAL,59,4,7,-3.67293774575366,23,43,304.0,11,3,2,2011,2011-10-02,2011100203
,PHI,SF,68,6,13,6.308769131578716,28,48,912.0,29,7,2,2011,2011-10-02,2011100204
,SF,PHI,60,7,9,13.307206899572193,26,36,519.0,17,4,3,2011,2011-10-02,2011100204
,CAR,CHI,72,11,15,13.035582663274354,32,46,1081.0,34,6,3,2011,2011-10-02,2011100205
,CHI,CAR,49,4,8,4.060055214066287,20,18,790.0,23,4,2,2011,2011-10-02,2011100205
,LA,WAS,67,1,3,-19.786786173557623,18,50,564.0,20,3,1,2011,2011-10-02,2011100206
,WAS,LA,66,3,6,-4.781955619246762,29,28,624.0,21,3,2,2011,2011-10-02,2011100206
,JAX,NO,62,2,8,-15.4438308322569,18,45,453.0,19,4,1,2011,2011-10-02,2011100207
,NO,JAX,80,5,12,7.2081702822509985,38,47,1399.0,46,6,2,2011,2011-10-02,2011100207
,KC,MIN,59,4,6,6.622442907121311,26,32,1203.0,43,4,1,2011,2011-10-02,2011100208
,MIN,KC,62,6,7,2.40362561724485,26,32,1169.0,32,4,2,2011,2011-10-02,2011100208
,ARI,NYG,68,3,6,8.152458517017493,34,37,1193.0,37,6,3,2011,2011-10-02,2011100209
,NYG,ARI,62,7,8,6.028836253544551,28,41,734.0,27,6,4,2011,2011-10-02,2011100209
,ATL,SEA,77,5,7,14.701152339446528,35,42,1313.0,35,3,3,2011,2011-10-02,2011100210
,SEA,ATL,52,5,8,11.010155175963487,26,37,273.0,9,5,4,2011,2011-10-02,2011100210
,DEN,GB,56,5,9,-4.291392577331848,23,33,461.0,14,4,3,2011,2011-10-02,2011100211
,GB,DEN,67,4,12,21.777907806312648,34,41,477.0,20,7,6,2011,2011-10-02,2011100211
,LV,NE,67,9,12,7.442445951902098,30,40,941.0,27,5,2,2011,2011-10-02,2011100212
,NE,LV,60,7,13,17.110355109730808,32,31,723.0,31,5,4,2011,2011-10-02,2011100212
,LAC,MIA,61,5,9,12.012704593450582,27,33,970.0,32,6,2,2011,2011-10-02,2011100213
,MIA,LAC,54,1,4,-1.5026878789230231,24,32,807.0,23,2,1,2011,2011-10-02,2011100213
,BAL,NYJ,69,2,2,-16.720395886368244,22,32,554.0,19,4,1,2011,2011-10-02,2011100214
,NYJ,BAL,56,2,2,-47.983457063033924,13,37,55.0,2,2,1,2011,2011-10-02,2011100214
,IND,TB,52,4,6,-1.253059967941505,18,34,712.0,26,3,2,2011,2011-10-03,2011100300
,TB,IND,75,5,6,17.165787525661898,38,40,1305.0,43,4,3,2011,2011-10-03,2011100300
,PIT,TEN,64,4,7,20.9630038430967,32,36,568.0,16,6,5,2011,2011-10-09,2011100900
,TEN,PIT,69,3,9,-7.938234652840455,25,51,405.0,14,3,2,2011,2011-10-09,2011100900
,HOU,LV,78,8,9,-1.885488005841749,25,53,963.0,32,4,2,2011,2011-10-09,2011100901
,LV,HOU,62,4,7,-17.024193406264622,18,40,716.0,25,2,2,2011,2011-10-09,2011100901
,IND,KC,53,6,8,9.326321443410121,22,27,672.0,20,3,3,2011,2011-10-09,2011100902
,KC,IND,66,4,9,18.731173730148697,33,30,266.0,8,4,4,2011,2011-10-09,2011100902
,CIN,JAX,66,1,2,-8.596260672589935,23,35,1175.0,37,4,3,2011,2011-10-09,2011100903
,JAX,CIN,57,5,6,-15.622795740879322,15,31,1036.0,33,4,2,2011,2011-10-09,2011100903
,NYG,SEA,68,5,13,-8.995629448123513,28,42,879.0,30,5,3,2011,2011-10-09,2011100904
,SEA,NYG,74,7,11,-4.142204041335331,30,47,1097.0,45,6,3,2011,2011-10-09,2011100904
,ARI,MIN,76,2,5,-25.159384119793934,30,52,89.0,3,3,1,2011,2011-10-09,2011100905
,MIN,ARI,57,5,6,0.9445318892284094,21,22,130.0,5,6,4,2011,2011-10-09,2011100905
,CAR,NO,53,5,7,18.958987687606406,26,31,335.0,10,4,4,2011,2011-10-09,2011100906
,NO,CAR,74,5,8,19.61235411178417,38,46,1450.0,48,5,3,2011,2011-10-09,2011100906
,BUF,PHI,61,4,7,5.424361722674357,26,28,581.0,17,4,3,2011,2011-10-09,2011100907
,PHI,BUF,59,7,13,-3.080407542278005,28,40,614.0,19,4,3,2011,2011-10-09,2011100907
,SF,TB,56,7,11,20.284234852388074,28,22,290.0,8,8,5,2011,2011-10-09,2011100908
,TB,SF,61,2,4,-16.35821160276548,20,38,419.0,13,1,0,2011,2011-10-09,2011100908
,NE,NYJ,72,4,8,6.995681661045384,33,37,1137.0,39,6,3,2011,2011-10-09,2011100909
,NYJ,NE,52,2,4,3.735053916464524,21,27,369.0,12,3,3,2011,2011-10-09,2011100909
,DEN,LAC,46,5,7,-1.5292640543624736,17,23,476.0,18,3,2,2011,2011-10-09,2011100910
,LAC,DEN,76,5,8,-1.8711723483436749,34,33,1066.0,31,6,2,2011,2011-10-09,2011100910
,ATL,GB,54,1,6,-1.1437373083050355,24,33,1031.0,30,2,2,2011,2011-10-09,2011100911
,GB,ATL,63,7,9,9.746563770477533,30,44,609.0,22,5,2,2011,2011-10-09,2011100911
,CHI,DET,65,3,8,1.2832359226470906,25,41,1041.0,29,2,1,2011,2011-10-10,2011101000
,DET,CHI,46,3,7,15.349764331427432,18,26,621.0,22,4,3,2011,2011-10-10,2011101000
,BUF,NYG,55,3,6,8.478575147396304,25,32,952.0,29,3,3,2011,2011-10-16,2011101600
,NYG,BUF,63,5,9,12.882841288134223,28,32,1325.0,44,6,3,2011,2011-10-16,2011101600
,CIN,IND,61,4,5,5.868375522919655,26,32,947.0,30,4,2,2011,2011-10-16,2011101601
,IND,CIN,58,1,4,-11.818747434619421,25,35,780.0,23,3,2,2011,2011-10-16,2011101601
,JAX,PIT,60,1,4,-9.685506455119992,20,30,284.0,10,1,1,2011,2011-10-16,2011101602
,PIT,JAX,57,4,7,9.728504625450766,22,26,671.0,18,3,2,2011,2011-10-16,2011101602
,PHI,WAS,69,7,8,1.1461545708287348,30,34,650.0,19,5,2,2011,2011-10-16,2011101603
,WAS,PHI,52,4,8,-9.52419375672364,17,38,171.0,4,3,1,2011,2011-10-16,2011101603
,DET,SF,72,4,6,-11.276021663165652,23,54,1028.0,38,4,2,2011,2011-10-16,2011101604
,SF,DET,63,3,4,-12.675566454789868,20,34,633.0,24,5,2,2011,2011-10-16,2011101604
,GB,LA,58,4,8,11.889554100774749,27,29,380.0,13,4,3,2011,2011-10-16,2011101605
,LA,GB,72,4,7,-8.54433176774511,33,47,390.0,13,3,0,2011,2011-10-16,2011101605
,ATL,CAR,58,4,5,14.75275224089651,29,23,1114.0,32,5,4,2011,2011-10-16,2011101606
,CAR,ATL,61,2,6,5.920709006759188,27,36,1344.0,40,5,2,2011,2011-10-16,2011101606
,CLE,LV,68,1,4,-7.192656549782621,27,47,777.0,28,2,2,2011,2011-10-16,2011101607
,LV,CLE,65,4,6,4.046351792976244,24,26,1265.0,39,4,3,2011,2011-10-16,2011101607
,BAL,HOU,63,3,7,8.313886360207748,30,35,1281.0,39,4,2,2011,2011-10-16,2011101608
,HOU,BAL,66,3,7,-7.358369717705488,23,41,1095.0,37,3,2,2011,2011-10-16,2011101608
,NO,TB,65,5,10,-4.560871703576332,30,45,466.0,15,5,2,2011,2011-10-16,2011101609
,TB,NO,64,3,9,9.57158894040019,27,41,929.0,27,3,2,2011,2011-10-16,2011101609
,DAL,NE,67,5,8,-0.571993422496787,31,43,843.0,28,3,1,2011,2011-10-16,2011101610
,NE,DAL,69,2,6,-1.1511473436817314,34,44,1006.0,41,4,2,2011,2011-10-16,2011101610
,CHI,MIN,60,5,10,7.636614760851708,27,32,276.0,8,6,4,2011,2011-10-16,2011101611
,MIN,CHI,64,3,6,-10.398282703683726,19,47,153.0,5,3,1,2011,2011-10-16,2011101611
,MIA,NYJ,63,3,5,-21.99843469810032,23,38,1068.0,31,3,0,2011,2011-10-17,2011101700
,NYJ,MIA,56,6,7,-1.8369765150956077,18,27,955.0,28,3,2,2011,2011-10-17,2011101700
,DEN,MIA,74,3,6,-10.999913904574868,27,34,956.0,30,2,2,2011,2011-10-23,2011102300
,MIA,DEN,68,1,4,-17.756000444258444,24,38,1162.0,37,3,1,2011,2011-10-23,2011102300
,LAC,NYJ,57,3,5,-9.493965582261604,23,33,825.0,27,2,2,2011,2011-10-23,2011102301
,NYJ,LAC,64,3,7,-1.5430125421515264,26,34,287.0,11,5,3,2011,2011-10-23,2011102301
,HOU,TEN,70,7,12,21.4462758814235,35,23,652.0,21,6,4,2011,2011-10-23,2011102302
,TEN,HOU,48,1,4,-19.27641583992691,12,33,415.0,12,1,1,2011,2011-10-23,2011102302
,ATL,DET,68,3,7,-7.590437770355646,22,38,1038.0,34,5,2,2011,2011-10-23,2011102303
,DET,ATL,55,3,5,-8.239149023699316,17,35,597.0,17,4,1,2011,2011-10-23,2011102303
,CAR,WAS,62,6,11,18.538118941251728,29,27,1273.0,37,5,3,2011,2011-10-23,2011102304
,WAS,CAR,61,4,10,-0.5045456414999379,27,39,837.0,29,3,2,2011,2011-10-23,2011102304
,CHI,TB,67,6,11,-4.060940376334081,30,34,628.0,18,4,3,2011,2011-10-23,2011102305
,TB,CHI,63,2,5,-10.948406426404997,23,52,358.0,12,6,2,2011,2011-10-23,2011102305
,CLE,SEA,82,0,6,-9.632884889277342,29,40,1494.0,50,2,0,2011,2011-10-23,2011102306
,SEA,CLE,50,1,1,-24.87136595245896,13,33,671.0,30,1,0,2011,2011-10-23,2011102306
,ARI,PIT,55,4,7,8.554268220847739,21,36,513.0,16,3,3,2011,2011-10-23,2011102307
,PIT,ARI,66,4,8,19.664110305551077,34,40,955.0,30,4,3,2011,2011-10-23,2011102307
,KC,LV,67,2,7,3.9533501214904607,30,30,436.0,15,3,2,2011,2011-10-23,2011102308
,LV,KC,61,5,8,-17.506049193115118,27,34,158.0,5,2,0,2011,2011-10-23,2011102308
,GB,MIN,58,5,12,12.590735430253845,27,33,945.0,27,5,3,2011,2011-10-23,2011102309
,MIN,GB,65,6,9,8.566868020890377,25,34,827.0,27,3,3,2011,2011-10-23,2011102309
,DAL,LA,59,4,9,16.84783845580574,34,26,630.0,19,5,4,2011,2011-10-23,2011102310
,LA,DAL,54,4,6,-16.770437727167554,18,34,553.0,15,2,1,2011,2011-10-23,2011102310
,IND,NO,45,3,5,-14.152818509224264,16,22,253.0,8,1,1,2011,2011-10-23,2011102311
,NO,IND,75,4,8,36.243097566990514,48,37,269.0,10,8,7,2011,2011-10-23,2011102311
,BAL,JAX,52,1,2,-20.16948786523853,16,40,375.0,15,1,1,2011,2011-10-24,2011102400
,JAX,BAL,63,2,2,-19.53626684010612,19,24,1177.0,36,3,0,2011,2011-10-24,2011102400
,MIA,NYG,52,4,7,-0.5350740728623027,20,27,960.0,29,2,2,2011,2011-10-30,2011103000
,NYG,MIA,66,5,10,10.224959065599695,27,46,854.0,25,4,2,2011,2011-10-30,2011103000
,HOU,JAX,70,3,8,-6.059655744220585,30,31,1241.0,41,3,3,2011,2011-10-30,2011103001
,JAX,HOU,57,1,1,-16.269845501507703,18,33,834.0,32,2,2,2011,2011-10-30,2011103001
,IND,TEN,77,5,8,-9.153407935445028,29,51,420.0,16,4,1,2011,2011-10-30,2011103002
,TEN,IND,64,3,4,-0.5324263203313194,26,34,495.0,14,2,2,2011,2011-10-30,2011103002
,CAR,MIN,65,6,9,8.838529287998622,32,38,1208.0,42,4,3,2011,2011-10-30,2011103003
,MIN,CAR,64,4,7,6.688737513775228,24,32,1080.0,35,5,3,2011,2011-10-30,2011103003
,LA,NO,71,2,8,3.533127311557765,29,41,732.0,29,4,3,2011,2011-10-30,2011103004
,NO,LA,68,2,4,-0.30634615254028397,32,49,666.0,24,2,2,2011,2011-10-30,2011103004
,ARI,BAL,57,1,4,-10.625656477585055,17,27,527.0,18,3,2,2011,2011-10-30,2011103005
,BAL,ARI,79,6,7,-1.1947006106176974,31,54,704.0,24,6,3,2011,2011-10-30,2011103005
,DEN,DET,76,2,5,-35.55316383243768,29,46,400.0,15,3,1,2011,2011-10-30,2011103006
,DET,DEN,61,4,7,11.36759588069369,27,34,899.0,28,4,4,2011,2011-10-30,2011103006
,BUF,WAS,61,6,8,-0.2937957599377898,25,29,497.0,15,5,2,2011,2011-10-30,2011103007
,WAS,BUF,53,2,6,-20.485055148210126,19,41,538.0,16,2,0,2011,2011-10-30,2011103007
,NE,PIT,50,1,5,-3.7593845025591,26,38,118.0,4,2,2,2011,2011-10-30,2011103008
,PIT,NE,77,2,10,10.330485997298627,36,55,1485.0,47,6,2,2011,2011-10-30,2011103008
,CLE,SF,61,3,5,-6.645955763261214,24,38,180.0,5,1,1,2011,2011-10-30,2011103009
,SF,CLE,64,4,8,3.9859775708187755,25,25,362.0,11,5,2,2011,2011-10-30,2011103009
,CIN,SEA,57,2,3,-4.911287468164981,16,30,790.0,23,3,2,2011,2011-10-30,2011103010
,SEA,CIN,72,6,11,-15.524083317814716,24,52,242.0,9,3,1,2011,2011-10-30,2011103010
,DAL,PHI,49,3,4,-4.261924871101998,19,39,105.0,3,2,1,2011,2011-10-30,2011103011
,PHI,DAL,70,7,13,29.338397904294837,43,32,517.0,13,6,4,2011,2011-10-30,2011103011
,KC,LAC,66,4,8,-8.859904604032822,24,34,626.0,23,4,2,2011,2011-10-31,2011103100
,LAC,KC,71,7,12,-5.288956954098767,28,45,641.0,21,4,1,2011,2011-10-31,2011103100
,BUF,NYJ,54,4,5,-10.340289126433857,18,31,435.0,18,3,1,2011,2011-11-06,2011110600
,NYJ,BUF,65,1,4,4.515482862122209,32,29,1383.0,36,4,3,2011,2011-11-06,2011110600
,CLE,HOU,47,2,3,-10.654210241688833,15,26,0.0,0,1,1,2011,2011-11-06,2011110601
,HOU,CLE,61,4,6,14.711481592650916,34,23,442.0,13,5,3,2011,2011-11-06,2011110601
,KC,MIA,77,4,6,-12.57442186317069,33,43,714.0,22,2,0,2011,2011-11-06,2011110602
,MIA,KC,43,7,10,14.998316459244839,19,22,351.0,10,4,4,2011,2011-11-06,2011110602
,DAL,SEA,59,7,9,9.97533950423672,27,31,1090.0,38,4,2,2011,2011-11-06,2011110603
,SEA,DAL,60,4,8,0.004675915636219052,24,31,1147.0,34,3,1,2011,2011-11-06,2011110603
,SF,WAS,56,5,5,-3.894223477144907,23,26,667.0,19,3,1,2011,2011-11-06,2011110604
,WAS,SF,64,0,4,-15.561091195484853,25,49,677.0,19,1,1,2011,2011-11-06,2011110604
,NO,TB,63,6,9,16.761972748901634,34,35,538.0,16,6,3,2011,2011-11-06,2011110605
,TB,NO,58,3,7,-1.238842177481939,24,38,478.0,12,2,1,2011,2011-11-06,2011110605
,ATL,IND,66,5,8,9.24988227252317,33,25,367.0,11,5,4,2011,2011-11-06,2011110606
,IND,ATL,56,0,2,-16.16620818729603,14,35,287.0,12,0,0,2011,2011-11-06,2011110606
,DEN,LV,61,7,9,12.168472763912579,24,24,596.0,17,5,4,2011,2011-11-06,2011110607
,LV,DEN,61,8,11,5.095591291917879,25,37,1029.0,34,4,3,2011,2011-11-06,2011110607
,CIN,TEN,69,4,7,6.260662884198321,27,40,891.0,27,4,3,2011,2011-11-06,2011110608
,TEN,CIN,63,4,8,-4.697206717986547,22,43,1002.0,35,2,2,2011,2011-11-06,2011110608
,NE,NYG,75,5,10,-0.22367801777627713,33,51,1034.0,36,4,2,2011,2011-11-06,2011110609
,NYG,NE,67,3,6,-3.874549235804591,28,39,1065.0,34,5,3,2011,2011-11-06,2011110609
,GB,LAC,56,5,6,16.993877275458658,29,30,854.0,25,5,4,2011,2011-11-06,2011110610
,LAC,GB,68,7,11,2.2388652211130795,34,47,708.0,21,5,5,2011,2011-11-06,2011110610
,ARI,LA,54,5,6,-0.05855282314832738,19,37,743.0,24,3,1,2011,2011-11-06,2011110611
,LA,ARI,74,3,10,-2.950606309255451,35,39,1226.0,39,4,0,2011,2011-11-06,2011110611
,BAL,PIT,77,4,6,4.962460020541105,28,50,1169.0,41,3,2,2011,2011-11-06,2011110612
,PIT,BAL,58,8,12,10.074084366126275,25,38,850.0,28,5,2,2011,2011-11-06,2011110612
,CHI,PHI,66,4,7,3.127600877245535,27,32,1223.0,39,5,3,2011,2011-11-07,2011110700
,PHI,CHI,63,3,4,-2.812071959946833,31,40,854.0,30,3,2,2011,2011-11-07,2011110700
,LAC,LV,67,5,8,-7.292915509934663,25,52,382.0,12,3,2,2011,2011-11-10,2011111000
,LV,LAC,62,9,9,10.790902425978118,27,21,1117.0,32,5,3,2011,2011-11-10,2011111000
,BUF,DAL,49,1,7,-18.860153771211827,20,32,75.0,2,3,1,2011,2011-11-13,2011111300
,DAL,BUF,58,4,8,21.028012187072907,30,26,608.0,15,6,4,2011,2011-11-13,2011111300
,CAR,TEN,63,2,8,-17.17370401937297,19,44,374.0,11,3,0,2011,2011-11-13,2011111301
,TEN,CAR,62,5,8,3.5756420457769393,27,27,140.0,5,4,2,2011,2011-11-13,2011111301
,HOU,TB,59,2,4,15.25402592989108,27,16,435.0,12,8,5,2011,2011-11-13,2011111302
,TB,HOU,57,3,5,-27.101243205934786,17,39,136.0,5,2,1,2011,2011-11-13,2011111302
,CIN,PIT,56,3,5,-4.686395725037749,25,30,818.0,27,2,2,2011,2011-11-13,2011111303
,PIT,CIN,65,3,9,4.817323068191964,29,38,1456.0,45,4,3,2011,2011-11-13,2011111303
,IND,JAX,56,2,3,-19.44310531411643,18,34,835.0,27,2,0,2011,2011-11-13,2011111304
,JAX,IND,61,0,3,-3.6651929695840324,23,23,1420.0,41,3,2,2011,2011-11-13,2011111304
,DEN,KC,62,3,4,4.317728800039845,27,8,1007.0,28,4,2,2011,2011-11-13,2011111305
,KC,DEN,61,1,3,-9.54486772409629,24,37,458.0,13,3,1,2011,2011-11-13,2011111305
,ARI,PHI,71,5,8,-4.186854025572823,27,44,1094.0,36,4,3,2011,2011-11-13,2011111306
,PHI,ARI,58,2,4,-10.745448406839309,24,34,983.0,33,3,1,2011,2011-11-13,2011111306
,CHI,DET,57,3,6,-16.126035957678774,15,22,301.0,9,2,1,2011,2011-11-13,2011111307
,DET,CHI,86,2,7,-28.804370570722458,33,68,218.0,7,6,1,2011,2011-11-13,2011111307
,ATL,NO,82,8,11,7.907602427152815,34,50,1373.0,41,5,2,2011,2011-11-13,2011111308
,NO,ATL,59,5,10,3.313493773597048,21,43,881.0,28,5,2,2011,2011-11-13,2011111308
,MIA,WAS,64,5,7,-3.9555049081144023,23,31,1348.0,38,5,2,2011,2011-11-13,2011111309
,WAS,MIA,52,3,8,-12.863949526187369,20,35,992.0,29,4,0,2011,2011-11-13,2011111309
,CLE,LA,59,5,7,-1.2834647725118435,21,29,1288.0,38,4,0,2011,2011-11-13,2011111310
,LA,CLE,55,3,6,-6.354939322915577,20,26,1032.0,33,3,1,2011,2011-11-13,2011111310
,BAL,SEA,65,0,7,5.963001081757684,29,53,153.0,7,3,2,2011,2011-11-13,2011111311
,SEA,BAL,67,4,4,-1.4578146988974345,22,28,664.0,21,7,1,2011,2011-11-13,2011111311
,NYG,SF,70,3,8,4.234906800616688,29,41,1225.0,38,5,2,2011,2011-11-13,2011111312
,SF,NYG,50,3,8,2.524313420189192,23,33,912.0,32,4,2,2011,2011-11-13,2011111312
,NE,NYJ,65,4,7,8.16628636914254,25,38,767.0,32,5,3,2011,2011-11-13,2011111313
,NYJ,NE,67,6,10,-10.468396822053945,30,43,1067.0,32,4,2,2011,2011-11-13,2011111313
,GB,MIN,62,5,9,18.720205407324542,26,35,288.0,10,6,5,2011,2011-11-14,2011111400
,MIN,GB,59,3,4,-9.30828527330152,24,37,241.0,7,1,1,2011,2011-11-14,2011111400
,DEN,NYJ,56,2,5,-15.272280626339827,17,22,998.0,31,2,1,2011,2011-11-17,2011111700
,NYJ,DEN,69,2,3,-5.770671734675902,31,41,1167.0,38,3,1,2011,2011-11-17,2011111700
,LV,MIN,68,4,4,-1.8208635172966747,26,27,769.0,25,5,3,2011,2011-11-20,2011112000
,MIN,LV,61,5,9,-11.071895324220499,25,38,730.0,24,4,3,2011,2011-11-20,2011112000
,ATL,TEN,64,8,12,9.100483439793159,25,32,381.0,12,6,2,2011,2011-11-20,2011112001
,TEN,ATL,59,4,9,2.0833426699276707,20,45,240.0,7,2,2,2011,2011-11-20,2011112001
,BUF,MIA,63,3,7,-24.72219016407562,15,44,284.0,9,4,0,2011,2011-11-20,2011112002
,MIA,BUF,56,2,4,0.9116815358991042,17,21,495.0,14,4,4,2011,2011-11-20,2011112002
,CLE,JAX,53,3,5,5.864698615339884,22,26,1240.0,33,4,2,2011,2011-11-20,2011112003
,JAX,CLE,71,1,3,2.8459455784283763,31,42,1199.0,39,3,1,2011,2011-11-20,2011112003
,BAL,CIN,54,6,8,1.036014293297797,22,28,983.0,33,5,4,2011,2011-11-20,2011112004
,CIN,BAL,77,6,9,-5.244762242504579,32,47,1012.0,35,5,3,2011,2011-11-20,2011112004
,DAL,WAS,71,4,6,6.269636127771412,28,41,1323.0,39,4,3,2011,2011-11-20,2011112005
,WAS,DAL,65,6,10,-0.734313097599345,25,41,621.0,20,4,3,2011,2011-11-20,2011112005
,CAR,DET,65,9,11,-3.1428306700548934,30,39,657.0,20,6,4,2011,2011-11-20,2011112006
,DET,CAR,65,4,14,24.955812520214536,36,38,589.0,19,7,7,2011,2011-11-20,2011112006
,GB,TB,58,6,8,13.215351139966954,28,36,936.0,29,6,5,2011,2011-11-20,2011112007
,TB,GB,60,6,12,7.665888522289155,26,40,698.0,19,5,3,2011,2011-11-20,2011112007
,ARI,SF,48,3,5,-24.4489250440262,14,37,306.0,11,2,1,2011,2011-11-20,2011112008
,SF,ARI,84,3,6,0.8956697188843603,33,38,1192.0,39,6,2,2011,2011-11-20,2011112008
,LA,SEA,60,1,2,-25.922343901158268,20,44,764.0,29,1,1,2011,2011-11-20,2011112009
,SEA,LA,68,3,5,-10.17926685784268,22,29,1045.0,35,4,3,2011,2011-11-20,2011112009
,CHI,LAC,61,5,8,7.731580885270729,25,32,890.0,28,4,4,2011,2011-11-20,2011112010
,LAC,CHI,47,6,8,1.0073804767041814,17,30,897.0,27,4,2,2011,2011-11-20,2011112010
,NYG,PHI,54,4,6,-15.056801626274764,17,37,768.0,26,1,1,2011,2011-11-20,2011112011
,PHI,NYG,67,4,8,3.1403829112240023,28,37,1034.0,32,5,2,2011,2011-11-20,2011112011
,KC,NE,67,4,7,-17.877529944049822,27,41,813.0,28,2,0,2011,2011-11-21,2011112100
,NE,KC,64,2,7,10.102699596595503,28,29,804.0,31,5,3,2011,2011-11-21,2011112100
,DET,GB,68,2,7,1.8333733759635984,39,47,962.0,30,2,2,2011,2011-11-24,2011112400
,GB,DET,51,4,8,9.438625221221546,19,34,690.0,23,5,3,2011,2011-11-24,2011112400
,DAL,MIA,57,2,8,-0.602361457585347,22,35,1032.0,30,4,2,2011,2011-11-24,2011112401
,MIA,DAL,61,5,6,-1.5062138045877025,22,36,979.0,33,5,1,2011,2011-11-24,2011112401
,BAL,SF,54,1,5,3.1780142863609453,20,23,1096.0,34,4,1,2011,2011-11-24,2011112402
,SF,BAL,53,1,2,-13.20878237245644,20,32,1028.0,32,0,0,2011,2011-11-24,2011112402
,BUF,NYJ,70,1,7,5.467460075789809,33,42,1380.0,39,3,3,2011,2011-11-27,2011112700
,NYJ,BUF,58,2,8,7.42908932008112,23,35,938.0,34,4,4,2011,2011-11-27,2011112700
,CIN,CLE,64,5,10,3.8112091904591714,27,33,806.0,22,5,2,2011,2011-11-27,2011112701
,CLE,CIN,66,3,6,-1.9878960175346836,24,36,1009.0,39,3,2,2011,2011-11-27,2011112701
,HOU,JAX,54,3,3,-19.829197107267117,15,26,638.0,23,3,2,2011,2011-11-27,2011112702
,JAX,HOU,71,6,7,-20.79184393943705,18,47,720.0,24,2,0,2011,2011-11-27,2011112702
,ATL,MIN,62,3,5,12.103848107778592,32,36,1007.0,27,4,3,2011,2011-11-27,2011112703
,MIN,ATL,53,2,5,-9.686502096395607,18,29,344.0,11,3,2,2011,2011-11-27,2011112703
,ARI,LA,63,3,3,-12.317800625492296,25,26,1074.0,33,4,1,2011,2011-11-27,2011112704
,LA,ARI,56,4,6,-13.424143294685164,17,34,839.0,29,3,1,2011,2011-11-27,2011112704
,CAR,IND,64,5,7,7.4476293472524215,29,30,1333.0,41,3,3,2011,2011-11-27,2011112705
,IND,CAR,55,2,6,-4.452959638057525,23,32,684.0,21,4,2,2011,2011-11-27,2011112705
,TB,TEN,59,3,7,-16.88324413796449,23,34,946.0,33,1,1,2011,2011-11-27,2011112706
,TEN,TB,69,6,8,-13.454210946900847,28,36,1192.0,36,4,2,2011,2011-11-27,2011112706
,SEA,WAS,62,2,3,-6.694647244197553,23,32,1028.0,35,3,2,2011,2011-11-27,2011112707
,WAS,SEA,61,5,10,8.307983392335172,26,35,1203.0,36,5,3,2011,2011-11-27,2011112707
,CHI,LV,64,6,11,-1.9028721018225394,23,37,985.0,31,3,2,2011,2011-11-27,2011112708
,LV,CHI,68,4,7,-7.0919716955259835,22,41,1316.0,44,5,1,2011,2011-11-27,2011112708
,NE,PHI,69,4,6,23.66374155834028,36,35,515.0,21,6,5,2011,2011-11-27,2011112709
,PHI,NE,67,8,12,9.768838227979852,27,50,392.0,13,4,2,2011,2011-11-27,2011112709
,DEN,LAC,70,4,7,-1.2931068822188065,29,19,897.0,25,3,1,2011,2011-11-27,2011112710
,LAC,DEN,75,3,7,-3.6968389935598838,30,39,1034.0,31,2,1,2011,2011-11-27,2011112710
,KC,PIT,63,2,4,-15.800324524866362,23,29,783.0,30,0,0,2011,2011-11-27,2011112711
,PIT,KC,58,3,5,-6.228025938654735,22,32,1404.0,39,3,1,2011,2011-11-27,2011112711
,NO,NYG,69,10,15,32.640112263175084,39,39,755.0,28,8,7,2011,2011-11-28,2011112800
,NYG,NO,70,4,7,5.9280373113785725,38,48,639.0,18,4,3,2011,2011-11-28,2011112800
,PHI,SEA,56,4,7,-11.260540997479549,29,31,381.0,10,2,2,2011,2011-12-01,2011120100
,SEA,PHI,51,6,10,10.874275531610294,22,19,819.0,24,4,3,2011,2011-12-01,2011120100
,NYJ,WAS,60,2,4,3.803772320289753,23,32,1257.0,38,4,4,2011,2011-12-04,2011120400
,WAS,NYJ,70,5,6,-15.284311101696666,22,47,912.0,32,3,1,2011,2011-12-04,2011120400
,CHI,KC,55,2,7,-30.990576336226937,13,31,975.0,29,3,0,2011,2011-12-04,2011120401
,KC,CHI,69,2,3,-11.61905353997701,18,32,1204.0,46,2,1,2011,2011-12-04,2011120401
,BUF,TEN,68,8,10,-0.11270998420729628,25,46,660.0,22,3,2,2011,2011-12-04,2011120402
,TEN,BUF,56,2,7,3.88726587584211,23,26,917.0,29,4,2,2011,2011-12-04,2011120402
,LV,MIA,56,5,8,-4.888085056907418,21,42,387.0,12,2,2,2011,2011-12-04,2011120403
,MIA,LV,68,6,8,8.796331927886492,26,26,708.0,22,4,3,2011,2011-12-04,2011120403
,BAL,CLE,76,5,8,6.829771066905794,33,24,1079.0,38,5,2,2011,2011-12-04,2011120404
,CLE,BAL,55,2,3,-11.993142161435173,21,39,544.0,19,2,1,2011,2011-12-04,2011120404
,CIN,PIT,55,2,4,-8.27712126804204,21,33,394.0,14,2,1,2011,2011-12-04,2011120405
,PIT,CIN,56,3,5,10.03122380194634,28,26,623.0,16,4,4,2011,2011-12-04,2011120405
,DET,NO,104,7,12,20.96332409404581,50,67,234.0,6,5,5,2011,2011-12-04,2011120406
,NO,DET,87,11,15,36.78471235016564,43,60,611.0,23,8,7,2011,2011-12-04,2011120406
,CAR,TB,61,9,12,19.440550333037613,30,24,715.0,20,5,5,2011,2011-12-04,2011120407
,TB,CAR,56,4,5,-5.367799966451578,22,29,35.0,2,3,1,2011,2011-12-04,2011120407
,ATL,HOU,63,3,12,-9.732310829338875,25,45,678.0,26,3,1,2011,2011-12-04,2011120408
,HOU,ATL,72,4,6,-1.6660090016361346,26,28,1222.0,43,3,2,2011,2011-12-04,2011120408
,DEN,MIN,50,5,7,1.5868739434613919,19,17,403.0,13,4,3,2011,2011-12-04,2011120409
,MIN,DEN,80,4,10,2.075602231710909,38,50,1453.0,48,6,3,2011,2011-12-04,2011120409
,GB,NYG,77,7,11,12.56463505008171,30,49,1327.0,47,5,4,2011,2011-12-04,2011120410
,NYG,GB,62,4,8,10.076655148119615,33,41,797.0,27,5,4,2011,2011-12-04,2011120410
,ARI,DAL,54,3,8,6.066498689018584,24,30,865.0,26,2,1,2011,2011-12-04,2011120411
,DAL,ARI,66,4,6,0.9594186670636633,33,46,1237.0,39,2,1,2011,2011-12-04,2011120411
,LA,SF,48,1,3,-16.29530171360811,13,25,224.0,9,0,0,2011,2011-12-04,2011120412
,SF,LA,63,5,8,2.981496706886058,26,29,982.0,27,6,2,2011,2011-12-04,2011120412
,IND,NE,69,4,7,16.431981483642577,36,39,812.0,23,4,3,2011,2011-12-04,2011120413
,NE,IND,62,2,8,18.509759646969584,31,39,813.0,31,4,4,2011,2011-12-04,2011120413
,JAX,LAC,65,1,3,-6.161639417008698,25,34,265.0,10,2,2,2011,2011-12-05,2011120500
,LAC,JAX,51,8,12,25.5315010975515,25,28,718.0,27,6,5,2011,2011-12-05,2011120500
,CLE,PIT,68,4,5,-8.323022309333984,26,38,1195.0,37,2,0,2011,2011-12-08,2011120800
,PIT,CLE,53,7,9,6.564567377351817,23,25,1016.0,31,4,2,2011,2011-12-08,2011120800
,NE,WAS,57,6,8,14.049722605426249,30,38,828.0,34,6,3,2011,2011-12-11,2011121100
,WAS,NE,69,7,10,10.729859181387367,29,35,1189.0,38,6,3,2011,2011-12-11,2011121100
,GB,LV,56,7,10,8.631278842174412,22,35,221.0,9,8,4,2011,2011-12-11,2011121101
,LV,GB,73,2,6,-16.909065761181242,32,44,308.0,11,3,2,2011,2011-12-11,2011121101
,KC,NYJ,57,4,7,-13.230913457576737,17,36,179.0,9,2,1,2011,2011-12-11,2011121102
,NYJ,KC,66,3,6,0.5913694638674712,23,24,765.0,22,6,5,2011,2011-12-11,2011121102
,CIN,HOU,58,5,6,-3.8164886210426427,22,29,1262.0,37,3,1,2011,2011-12-11,2011121103
,HOU,CIN,74,4,12,3.1162241999974,33,47,790.0,24,4,2,2011,2011-12-11,2011121103
,BAL,IND,70,2,7,2.726243992021484,35,33,587.0,16,4,3,2011,2011-12-11,2011121104
,IND,BAL,55,0,1,-14.293359701023327,19,39,151.0,5,3,1,2011,2011-12-11,2011121104
,DET,MIN,55,2,3,3.991825224988743,23,34,421.0,13,4,2,2011,2011-12-11,2011121105
,MIN,DET,81,3,8,4.172850389171286,37,47,82.0,2,5,4,2011,2011-12-11,2011121105
,ATL,CAR,67,4,8,12.60604510940889,25,41,678.0,22,5,4,2011,2011-12-11,2011121106
,CAR,ATL,64,4,10,0.8317022633766205,26,41,799.0,23,4,3,2011,2011-12-11,2011121106
,MIA,PHI,64,3,6,-34.87695798105118,18,38,333.0,11,3,1,2011,2011-12-11,2011121107
,PHI,MIA,66,4,4,-12.029552320530158,23,34,629.0,22,5,3,2011,2011-12-11,2011121107
,JAX,TB,65,3,5,-6.572363888811813,27,34,415.0,18,5,4,2011,2011-12-11,2011121108
,TB,JAX,57,2,4,-20.48522040294883,23,34,704.0,23,2,2,2011,2011-12-11,2011121108
,NO,TEN,76,6,8,13.355095720760119,32,49,1562.0,49,5,2,2011,2011-12-11,2011121109
,TEN,NO,53,5,8,6.194028662375601,18,37,548.0,22,3,2,2011,2011-12-11,2011121109
,ARI,SF,51,3,6,-5.029806938065682,19,31,676.0,21,3,3,2011,2011-12-11,2011121110
,SF,ARI,63,3,5,-15.390195700114978,21,42,1194.0,41,4,1,2011,2011-12-11,2011121110
,CHI,DEN,61,0,6,-17.19432467348455,21,23,1038.0,32,1,1,2011,2011-12-11,2011121111
,DEN,CHI,77,2,6,-14.78842354653686,28,43,952.0,34,2,1,2011,2011-12-11,2011121111
,BUF,LAC,57,2,6,-9.886395256143025,20,37,161.0,5,3,0,2011,2011-12-11,2011121112
,LAC,BUF,66,2,8,15.45805837882569,29,34,1102.0,30,4,4,2011,2011-12-11,2011121112
,DAL,NYG,56,6,6,16.68049685226407,31,32,1109.0,35,5,4,2011,2011-12-11,2011121113
,NYG,DAL,76,6,12,17.737916192182045,37,46,1127.0,40,6,4,2011,2011-12-11,2011121113
,LA,SEA,60,3,4,-9.708429515040319,21,30,404.0,14,2,1,2011,2011-12-12,2011121200
,SEA,LA,67,4,5,5.411747759248147,28,36,1094.0,38,4,2,2011,2011-12-12,2011121200
,ATL,JAX,66,4,9,8.883178449358713,24,33,494.0,13,7,4,2011,2011-12-15,2011121500
,JAX,ATL,46,4,6,-20.281780782227592,17,27,28.0,1,1,1,2011,2011-12-15,2011121500
,DAL,TB,67,3,7,18.09281197038392,33,32,459.0,13,6,4,2011,2011-12-17,2011121700
,TB,DAL,42,1,3,-7.08039723408775,17,30,207.0,5,1,1,2011,2011-12-17,2011121700
,CIN,LA,58,2,3,-6.226073607692852,22,26,1050.0,33,4,2,2011,2011-12-18,2011121800
,LA,CIN,62,2,5,-2.424050085886802,28,38,856.0,30,3,1,2011,2011-12-18,2011121800
,BUF,MIA,70,6,10,-4.736259796811627,34,51,614.0,19,5,3,2011,2011-12-18,2011121801
,MIA,BUF,60,8,8,-6.338683421810948,23,22,927.0,31,7,3,2011,2011-12-18,2011121801
,IND,TEN,48,2,5,-4.071595696074681,17,17,833.0,27,2,2,2011,2011-12-18,2011121802
,TEN,IND,76,3,7,-19.885051504406647,32,57,808.0,26,3,1,2011,2011-12-18,2011121802
,NYG,WAS,61,2,8,-13.03581654780202,25,43,180.0,7,4,1,2011,2011-12-18,2011121803
,WAS,NYG,63,2,8,5.7674657570580665,27,24,631.0,19,4,2,2011,2011-12-18,2011121803
,CHI,SEA,58,2,5,-27.012505549173294,18,27,1157.0,34,1,1,2011,2011-12-18,2011121804
,SEA,CHI,65,4,6,-10.13845939497939,19,32,1126.0,36,4,3,2011,2011-12-18,2011121804
,MIN,NO,54,1,4,-5.940159207743336,19,36,497.0,17,2,2,2011,2011-12-18,2011121805
,NO,MIN,79,5,11,15.871263656997758,43,41,1034.0,34,6,6,2011,2011-12-18,2011121805
,CAR,HOU,59,4,7,10.58707229542879,23,26,446.0,12,4,4,2011,2011-12-18,2011121806
,HOU,CAR,57,4,11,-4.7220166738601765,24,32,412.0,11,4,1,2011,2011-12-18,2011121806
,GB,KC,56,4,8,3.138753644377646,26,38,783.0,31,2,2,2011,2011-12-18,2011121807
,KC,GB,66,4,9,11.242544605680546,31,31,1458.0,42,5,1,2011,2011-12-18,2011121807
,DET,LV,73,6,10,4.549628840504346,30,54,1115.0,39,4,4,2011,2011-12-18,2011121808
,LV,DET,63,5,10,10.054195168146029,32,41,1065.0,34,2,2,2011,2011-12-18,2011121808
,NYJ,PHI,61,4,4,-30.10114241573314,16,34,259.0,7,5,2,2011,2011-12-18,2011121809
,PHI,NYJ,54,5,10,11.410736541830445,25,23,378.0,10,7,5,2011,2011-12-18,2011121809
,ARI,CLE,74,5,6,0.5766031080218018,37,50,680.0,22,4,2,2011,2011-12-18,2011121810
,CLE,ARI,61,3,5,5.41968876735903,30,33,793.0,26,2,2,2011,2011-12-18,2011121810
,DEN,NE,59,8,13,2.9112060708747296,26,27,716.0,23,4,3,2011,2011-12-18,2011121811
,NE,DEN,70,7,11,17.100095069273777,32,35,604.0,19,7,5,2011,2011-12-18,2011121811
,BAL,LAC,55,4,6,6.148890908318533,22,41,629.0,21,3,2,2011,2011-12-18,2011121812
,LAC,BAL,60,6,10,20.424133307176298,25,23,809.0,23,6,4,2011,2011-12-18,2011121812
,PIT,SF,66,8,9,-11.417438985944527,28,47,1053.0,35,1,0,2011,2011-12-19,2011121900
,SF,PIT,59,3,3,1.1775118984280508,24,31,1102.0,39,4,2,2011,2011-12-19,2011121900
,HOU,IND,50,3,9,-4.96123584236489,19,20,825.0,25,3,1,2011,2011-12-22,2011122200
,IND,HOU,75,2,6,-9.749895212821459,25,43,1292.0,44,5,1,2011,2011-12-22,2011122200
,BUF,DEN,55,6,8,0.33082338999958194,22,28,1108.0,32,6,1,2011,2011-12-24,2011122400
,DEN,BUF,67,3,5,-22.535927880997797,26,33,821.0,26,3,2,2011,2011-12-24,2011122400
,MIA,NE,64,4,6,1.6632820310836895,27,38,599.0,21,3,3,2011,2011-12-24,2011122401
,NE,MIA,79,5,10,5.38320314649309,34,50,490.0,20,4,3,2011,2011-12-24,2011122401
,BAL,CLE,59,3,4,-2.3747394113801095,22,25,312.0,11,2,2,2011,2011-12-24,2011122402
,CLE,BAL,60,1,2,-14.56208131175612,26,35,405.0,12,2,1,2011,2011-12-24,2011122402
,JAX,TEN,71,4,5,-7.307575331162707,26,43,354.0,9,3,2,2011,2011-12-24,2011122403
,TEN,JAX,62,6,9,-9.145714250102282,27,41,725.0,22,3,2,2011,2011-12-24,2011122403
,KC,LV,62,4,7,1.9249949775435806,31,32,964.0,32,4,1,2011,2011-12-24,2011122404
,LV,KC,51,3,4,-5.502954477066802,16,26,863.0,26,4,1,2011,2011-12-24,2011122404
,NYG,NYJ,53,5,7,-3.85665618727593,14,28,757.0,29,5,3,2011,2011-12-24,2011122405
,NYJ,NYG,89,0,5,-18.756526096113348,36,64,1108.0,44,4,2,2011,2011-12-24,2011122405
,MIN,WAS,58,4,6,14.212904532409334,24,20,1140.0,35,6,4,2011,2011-12-24,2011122406
,WAS,MIN,67,5,10,1.2036628178188848,33,43,957.0,32,4,2,2011,2011-12-24,2011122406
,CAR,TB,48,6,7,23.60422799603668,23,18,591.0,18,8,6,2011,2011-12-24,2011122407
,TB,CAR,60,2,7,-11.037149236506618,30,42,0.0,0,2,2,2011,2011-12-24,2011122407
,ARI,CIN,67,6,7,-14.58320580128028,28,48,190.0,5,4,2,2011,2011-12-24,2011122408
,CIN,ARI,67,1,4,-7.361334842022671,26,33,254.0,7,6,2,2011,2011-12-24,2011122408
,LA,PIT,63,1,5,-10.859313121873576,23,27,520.0,18,1,0,2011,2011-12-24,2011122409
,PIT,LA,50,4,8,9.149061709376866,22,22,609.0,16,4,3,2011,2011-12-24,2011122409
,DET,LAC,62,7,9,26.165714890558647,36,39,612.0,19,4,4,2011,2011-12-24,2011122410
,LAC,DET,70,4,7,-5.889876103125934,29,54,215.0,5,3,1,2011,2011-12-24,2011122410
,DAL,PHI,66,0,3,-9.451179886678318,24,43,814.0,26,2,1,2011,2011-12-24,2011122411
,PHI,DAL,57,6,10,6.199884365307052,27,32,750.0,26,4,2,2011,2011-12-24,2011122411
,SEA,SF,57,2,4,-6.721237996569146,22,30,1074.0,35,3,2,2011,2011-12-24,2011122412
,SF,SEA,66,2,6,0.40840285473379345,26,28,1251.0,43,2,1,2011,2011-12-24,2011122412
,CHI,GB,70,4,8,11.08891704313042,39,28,1040.0,29,4,2,2011,2011-12-25,2011122500
,GB,CHI,49,5,9,19.24520065943435,23,30,620.0,23,5,5,2011,2011-12-25,2011122500
,ATL,NO,73,5,9,0.11658853377280032,36,60,672.0,21,4,1,2011,2011-12-26,2011122600
,NO,ATL,62,5,8,23.222698840920728,32,39,807.0,33,7,5,2011,2011-12-26,2011122600
,MIA,NYJ,57,1,3,-6.405200133181658,17,33,1146.0,33,1,1,2011,2012-01-01,2012010100
,NYJ,MIA,62,3,5,-4.586643828193676,30,35,919.0,29,4,2,2011,2012-01-01,2012010100
,BUF,NE,68,3,7,-5.053718635335426,34,48,1004.0,34,3,3,2011,2012-01-01,2012010101
,NE,BUF,66,6,11,22.226725315221035,36,39,587.0,25,7,5,2011,2012-01-01,2012010101
,BAL,CIN,52,4,5,8.951305366109766,23,20,865.0,26,3,3,2011,2012-01-01,2012010102
,CIN,BAL,68,5,7,-3.1655110712683685,27,45,586.0,16,3,1,2011,2012-01-01,2012010102
,CLE,PIT,56,4,6,-13.067488126026378,19,41,726.0,28,1,0,2011,2012-01-01,2012010103
,PIT,CLE,78,2,3,-10.766385345614857,36,42,1616.0,54,4,1,2011,2012-01-01,2012010103
,HOU,TEN,65,6,11,4.811160761129337,28,34,1313.0,37,4,2,2011,2012-01-01,2012010104
,TEN,HOU,59,7,9,-0.9133557537532591,22,38,913.0,31,4,2,2011,2012-01-01,2012010104
,IND,JAX,65,2,4,-7.37558512908332,26,43,1004.0,35,2,1,2011,2012-01-01,2012010105
,JAX,IND,54,2,5,-8.515267236580266,19,22,1044.0,32,5,1,2011,2012-01-01,2012010105
,DAL,NYG,59,2,4,-10.050989168445136,26,43,234.0,7,3,2,2011,2012-01-01,2012010106
,NYG,DAL,63,6,8,12.196494174480595,24,35,576.0,19,6,4,2011,2012-01-01,2012010106
,PHI,WAS,60,6,9,7.113154434230658,29,41,1125.0,35,6,4,2011,2012-01-01,2012010107
,WAS,PHI,69,6,8,-4.0526766018556675,26,44,904.0,26,5,1,2011,2012-01-01,2012010107
,DET,GB,77,12,17,12.03140865981218,39,62,1141.0,46,9,5,2011,2012-01-01,2012010108
,GB,DET,70,5,9,16.078420089030832,36,47,839.0,27,7,6,2011,2012-01-01,2012010108
,CHI,MIN,56,3,6,-21.506710302729818,17,32,620.0,21,2,1,2011,2012-01-01,2012010109
,MIN,CHI,71,3,8,-21.96655918259233,24,44,1111.0,39,5,1,2011,2012-01-01,2012010109
,ATL,TB,56,4,8,10.25009630118469,26,21,566.0,17,7,5,2011,2012-01-01,2012010110
,TB,ATL,62,3,3,-17.059067842563554,27,47,76.0,2,3,2,2011,2012-01-01,2012010110
,CAR,NO,49,4,6,1.9867553518896148,25,27,910.0,28,3,2,2011,2012-01-01,2012010111
,NO,CAR,70,6,17,33.87702479814154,45,38,1062.0,37,8,6,2011,2012-01-01,2012010111
,LA,SF,62,6,9,-6.973165333504463,23,37,413.0,13,3,3,2011,2012-01-01,2012010112
,SF,LA,67,3,4,8.790353215301774,27,35,753.0,21,5,4,2011,2012-01-01,2012010112
,DEN,KC,71,0,2,-10.449414130386918,24,24,1107.0,39,2,0,2011,2012-01-01,2012010113
,KC,DEN,59,3,8,0.15976355747806398,21,30,1014.0,37,1,1,2011,2012-01-01,2012010113
,LAC,LV,54,6,11,25.11037848375671,25,26,966.0,31,5,5,2011,2012-01-01,2012010114
,LV,LAC,67,7,11,18.362017191757275,31,43,723.0,23,4,2,2011,2012-01-01,2012010114
,ARI,SEA,71,6,7,-5.182916319539868,27,41,990.0,32,4,2,2011,2012-01-01,2012010115
,SEA,ARI,73,5,7,-7.357367697173164,26,39,1313.0,44,6,2,2011,2012-01-01,2012010115
,DAL,NYG,53,5,8,18.811698117336825,30,30,1172.0,33,4,3,2012,2012-09-05,2012090500
,NYG,DAL,54,3,3,-0.5290873621752974,22,35,720.0,21,3,2,2012,2012-09-05,2012090500
,CHI,IND,66,9,14,11.53198870090954,27,37,1071.0,36,7,5,2012,2012-09-09,2012090900
,IND,CHI,63,7,11,-10.998091552237412,27,48,389.0,10,4,2,2012,2012-09-09,2012090900
,JAX,MIN,75,3,5,5.667648309381381,34,42,1396.0,39,4,2,2012,2012-09-09,2012090901
,MIN,JAX,58,4,13,4.298178779493866,29,29,623.0,17,5,2,2012,2012-09-09,2012090901
,BUF,NYJ,57,5,5,4.979295943290994,27,32,322.0,9,4,4,2012,2012-09-09,2012090902
,NYJ,BUF,62,4,8,16.498767116913974,27,26,552.0,17,6,4,2012,2012-09-09,2012090902
,HOU,MIA,65,5,7,10.134216467393214,31,33,683.0,26,6,3,2012,2012-09-09,2012090903
,MIA,HOU,56,3,4,-16.267452509993053,23,38,722.0,26,3,0,2012,2012-09-09,2012090903
,NE,TEN,66,4,10,14.910845481119349,34,32,329.0,12,5,3,2012,2012-09-09,2012090904
,TEN,NE,61,3,6,-8.221045220090176,19,45,644.0,19,3,1,2012,2012-09-09,2012090904
,DET,LA,65,6,9,4.309393502590911,33,47,1349.0,41,5,3,2012,2012-09-09,2012090905
,LA,DET,53,1,5,0.7214540558928075,21,27,794.0,22,2,1,2012,2012-09-09,2012090905
,NO,WAS,64,6,11,-0.9365095723789183,27,53,208.0,10,4,3,2012,2012-09-09,2012090906
,WAS,NO,70,7,8,12.67028046482894,27,27,923.0,25,6,4,2012,2012-09-09,2012090906
,CLE,PHI,58,4,4,-25.215895923960485,14,36,1005.0,37,2,0,2012,2012-09-09,2012090907
,PHI,CLE,85,4,10,-15.463310537367857,36,58,1169.0,45,2,2,2012,2012-09-09,2012090907
,ATL,KC,55,4,9,17.943919835153253,27,32,1066.0,36,7,4,2012,2012-09-09,2012090908
,KC,ATL,68,6,9,7.573225231226987,32,36,1153.0,33,3,3,2012,2012-09-09,2012090908
,GB,SF,61,2,4,4.520146882658711,31,47,377.0,16,2,2,2012,2012-09-09,2012090909
,SF,GB,60,5,9,10.259694657923115,30,30,794.0,25,3,3,2012,2012-09-09,2012090909
,ARI,SEA,56,2,6,-11.91018844021531,18,37,1054.0,33,4,2,2012,2012-09-09,2012090910
,SEA,ARI,69,1,3,-14.347589400690916,21,36,1005.0,29,4,1,2012,2012-09-09,2012090910
,CAR,TB,49,7,9,-3.866121385648311,21,36,337.0,10,2,1,2012,2012-09-09,2012090911
,TB,CAR,58,2,5,-5.057955816490521,25,26,781.0,20,3,1,2012,2012-09-09,2012090911
,DEN,PIT,53,2,5,11.962141874109244,31,29,725.0,25,5,3,2012,2012-09-09,2012090912
,PIT,DEN,70,3,7,-5.271623682621959,27,44,1391.0,45,4,2,2012,2012-09-09,2012090912
,BAL,CIN,57,6,10,18.060352410678334,28,35,769.0,26,5,4,2012,2012-09-10,2012091000
,CIN,BAL,69,1,4,-12.44862076175724,27,41,356.0,12,3,1,2012,2012-09-10,2012091000
,LAC,LV,53,3,4,-3.4677366544815222,16,34,1073.0,29,5,1,2012,2012-09-10,2012091001
,LV,LAC,70,3,6,-11.596625814598132,30,50,1066.0,40,2,1,2012,2012-09-10,2012091001
,CHI,GB,57,2,3,-24.610447420325404,19,34,416.0,12,1,1,2012,2012-09-13,2012091300
,GB,CHI,63,6,10,-7.252401217703966,29,38,860.0,29,4,2,2012,2012-09-13,2012091300
,NYG,TB,74,9,11,15.679443369236568,38,50,650.0,24,8,4,2012,2012-09-16,2012091600
,TB,NYG,52,5,7,0.6546012795678122,17,30,524.0,17,3,3,2012,2012-09-16,2012091600
,CAR,NO,61,8,11,18.722835931213638,26,21,1059.0,37,5,4,2012,2012-09-16,2012091601
,NO,CAR,75,5,8,10.776753969963087,37,49,963.0,32,4,3,2012,2012-09-16,2012091601
,ARI,NE,60,2,3,-5.76856093545479,26,28,987.0,33,3,2,2012,2012-09-16,2012091602
,NE,ARI,78,4,7,-3.551598196068018,31,50,1190.0,43,3,1,2012,2012-09-16,2012091602
,IND,MIN,61,4,6,1.297492176250949,25,31,789.0,27,4,2,2012,2012-09-16,2012091603
,MIN,IND,64,3,7,2.9330510378860337,28,39,790.0,24,3,2,2012,2012-09-16,2012091603
,BAL,PHI,64,5,7,-10.468493982221457,22,43,721.0,27,3,2,2012,2012-09-16,2012091604
,PHI,BAL,73,8,14,-0.03699567106471768,35,34,1323.0,41,7,3,2012,2012-09-16,2012091604
,BUF,KC,53,6,9,15.318759448306249,25,19,525.0,17,4,4,2012,2012-09-16,2012091605
,KC,BUF,69,7,12,-0.49036408816660776,27,45,307.0,8,4,2,2012,2012-09-16,2012091605
,CIN,CLE,61,5,7,14.604484407862076,26,37,1055.0,31,5,3,2012,2012-09-16,2012091606
,CLE,CIN,62,6,11,12.480957032817436,31,39,576.0,22,4,3,2012,2012-09-16,2012091606
,HOU,JAX,81,1,6,10.701503144164619,41,35,445.0,16,6,3,2012,2012-09-16,2012091607
,JAX,HOU,38,1,2,-21.07119143689158,9,24,239.0,7,1,1,2012,2012-09-16,2012091607
,DAL,SEA,56,4,8,-3.080572122121919,23,41,349.0,14,1,1,2012,2012-09-16,2012091608
,SEA,DAL,63,3,5,7.479086637892754,27,22,912.0,26,4,2,2012,2012-09-16,2012091608
,LA,WAS,63,5,9,4.86802172386955,31,37,680.0,22,7,3,2012,2012-09-16,2012091609
,WAS,LA,57,4,5,8.22431258454761,23,28,931.0,27,3,3,2012,2012-09-16,2012091609
,NYJ,PIT,51,3,3,-5.27489883822751,18,29,832.0,24,2,1,2012,2012-09-16,2012091610
,PIT,NYJ,61,3,6,12.509678049016312,27,33,1101.0,31,4,3,2012,2012-09-16,2012091610
,LAC,TEN,74,4,11,20.850681457684978,31,35,574.0,16,6,5,2012,2012-09-16,2012091611
,TEN,LAC,40,2,6,-10.445789476874626,12,30,35.0,1,2,1,2012,2012-09-16,2012091611
,LV,MIA,62,5,8,-3.4315020242291947,18,48,844.0,36,3,1,2012,2012-09-16,2012091612
,MIA,LV,73,5,10,14.608947023555384,30,31,1028.0,35,5,5,2012,2012-09-16,2012091612
,DET,SF,59,4,4,-3.20349384371132,19,34,803.0,24,2,1,2012,2012-09-16,2012091613
,SF,DET,58,3,7,13.428541156558907,29,34,1034.0,34,4,3,2012,2012-09-16,2012091613
,ATL,DEN,63,2,8,3.1889481163083593,24,37,158.0,6,4,3,2012,2012-09-17,2012091700
,DEN,ATL,67,1,8,-7.7461329939671195,33,40,87.0,4,3,3,2012,2012-09-17,2012091700
,CAR,NYG,55,4,10,-4.4839373540158585,27,35,140.0,5,2,1,2012,2012-09-20,2012092000
,NYG,CAR,68,6,9,16.42215383033925,31,39,474.0,14,6,3,2012,2012-09-20,2012092000
,DAL,TB,63,2,9,-10.642334651143209,21,43,1202.0,40,5,1,2012,2012-09-23,2012092300
,TB,DAL,54,2,3,-10.086012040458039,15,29,971.0,29,2,1,2012,2012-09-23,2012092300
,CHI,LA,64,2,4,-10.930080099827693,23,33,1216.0,38,3,1,2012,2012-09-23,2012092301
,LA,CHI,57,1,3,-23.148045835875017,19,40,942.0,28,0,0,2012,2012-09-23,2012092301
,MIN,SF,73,3,4,8.717091503372798,33,35,1269.0,38,3,3,2012,2012-09-23,2012092302
,SF,MIN,58,2,3,-7.827204050983032,27,38,395.0,16,3,1,2012,2012-09-23,2012092302
,DET,TEN,92,5,10,11.59164459394741,51,56,629.0,23,7,4,2012,2012-09-23,2012092303
,TEN,DET,59,5,9,5.667360333749947,22,40,762.0,27,6,3,2012,2012-09-23,2012092303
,CIN,WAS,57,7,9,11.078858984678083,24,30,1005.0,34,6,5,2012,2012-09-23,2012092304
,WAS,CIN,74,3,5,5.31172891785873,38,40,767.0,22,5,3,2012,2012-09-23,2012092304
,KC,NO,91,3,6,-2.9703265662568645,34,46,824.0,26,6,1,2012,2012-09-23,2012092305
,NO,KC,58,4,6,-3.2521180283257016,19,40,838.0,30,4,3,2012,2012-09-23,2012092305
,MIA,NYJ,79,4,7,-1.516453217837162,32,36,1044.0,36,3,2,2012,2012-09-23,2012092306
,NYJ,MIA,79,2,7,-10.179071272161055,26,46,718.0,23,5,1,2012,2012-09-23,2012092306
,BUF,CLE,66,2,4,4.111939396644137,27,36,721.0,25,6,3,2012,2012-09-23,2012092307
,CLE,BUF,60,3,6,-14.924349781024826,22,47,162.0,6,2,2,2012,2012-09-23,2012092307
,IND,JAX,73,4,8,5.09856524676779,30,44,1104.0,38,4,2,2012,2012-09-23,2012092308
,JAX,IND,55,3,4,1.9179998522688226,24,22,1014.0,30,4,2,2012,2012-09-23,2012092308
,ARI,PHI,59,5,7,0.7680190158315786,22,27,388.0,14,6,2,2012,2012-09-23,2012092309
,PHI,ARI,62,4,9,-19.683201821348746,24,41,235.0,7,2,0,2012,2012-09-23,2012092309
,ATL,LAC,68,1,5,14.262465405142365,30,42,1025.0,33,5,4,2012,2012-09-23,2012092310
,LAC,ATL,56,2,4,-10.413563272693661,22,39,413.0,14,2,0,2012,2012-09-23,2012092310
,DEN,HOU,75,7,9,-8.020555510066727,25,54,499.0,16,4,2,2012,2012-09-23,2012092311
,HOU,DEN,65,6,8,9.563449014617877,26,31,461.0,14,5,4,2012,2012-09-23,2012092311
,LV,PIT,56,1,8,5.342959229193872,24,35,360.0,13,5,4,2012,2012-09-23,2012092312
,PIT,LV,68,5,10,16.397739076207802,36,48,1558.0,48,5,4,2012,2012-09-23,2012092312
,BAL,NE,64,9,12,14.539390001538589,32,39,629.0,22,5,4,2012,2012-09-23,2012092313
,NE,BAL,76,3,4,14.781857743551031,36,42,1081.0,43,5,3,2012,2012-09-23,2012092313
,GB,SEA,69,2,3,0.16646878870272963,29,48,1273.0,40,2,1,2012,2012-09-24,2012092400
,SEA,GB,51,3,3,-3.1000899778241946,22,22,741.0,22,3,2,2012,2012-09-24,2012092400
,BAL,CLE,77,6,11,3.567600912045203,32,50,1134.0,45,4,2,2012,2012-09-27,2012092700
,CLE,BAL,67,5,10,-10.072333488786494,24,50,557.0,20,2,1,2012,2012-09-27,2012092700
,BUF,NE,69,7,9,-7.69409452984601,26,42,1124.0,36,5,4,2012,2012-09-30,2012093000
,NE,BUF,77,6,12,23.32134780652115,43,37,1023.0,40,8,7,2012,2012-09-30,2012093000
,HOU,TEN,57,3,5,8.271912166750816,24,28,918.0,27,4,3,2012,2012-09-30,2012093001
,TEN,HOU,58,3,7,-6.793200981393147,27,30,375.0,12,2,2,2012,2012-09-30,2012093001
,KC,LAC,64,4,7,-18.615651008704443,27,42,63.0,2,3,3,2012,2012-09-30,2012093002
,LAC,KC,58,3,5,-1.3814219445261466,26,25,409.0,11,4,3,2012,2012-09-30,2012093002
,DET,MIN,74,2,9,-5.340833467841756,28,54,510.0,15,3,1,2012,2012-09-30,2012093003
,MIN,DET,56,1,4,-5.410627294839525,20,28,754.0,24,2,1,2012,2012-09-30,2012093003
,ATL,CAR,66,5,7,8.289379364339426,27,47,1152.0,36,6,3,2012,2012-09-30,2012093004
,CAR,ATL,63,4,9,10.763826375167111,30,28,819.0,26,4,4,2012,2012-09-30,2012093004
,LA,SEA,56,3,7,1.0197406228252675,22,31,897.0,27,2,1,2012,2012-09-30,2012093005
,SEA,LA,61,0,6,-6.517361812927203,32,27,779.0,24,3,1,2012,2012-09-30,2012093005
,NYJ,SF,49,1,1,-36.29857126170523,14,32,576.0,17,0,0,2012,2012-09-30,2012093006
,SF,NYJ,65,5,6,8.3543780160664,33,23,742.0,24,5,3,2012,2012-09-30,2012093006
,ARI,MIA,71,4,7,-15.154016393146195,23,56,617.0,21,4,3,2012,2012-09-30,2012093007
,MIA,ARI,74,6,13,-7.405454091359921,31,46,1156.0,38,4,2,2012,2012-09-30,2012093007
,DEN,LV,75,7,10,22.477176297039755,35,39,1037.0,36,6,4,2012,2012-09-30,2012093008
,LV,DEN,53,3,6,-9.833369950927738,16,37,577.0,21,3,0,2012,2012-09-30,2012093008
,CIN,JAX,62,4,6,9.721768341865685,25,31,970.0,30,7,3,2012,2012-09-30,2012093009
,JAX,CIN,58,1,2,-9.997561052850948,24,40,770.0,22,2,1,2012,2012-09-30,2012093009
,GB,NO,63,2,7,16.47906636083615,36,41,1044.0,39,5,4,2012,2012-09-30,2012093010
,NO,GB,75,7,10,16.87537167299463,34,56,950.0,34,5,3,2012,2012-09-30,2012093010
,TB,WAS,59,4,8,1.3428916459205298,23,41,420.0,13,2,2,2012,2012-09-30,2012093011
,WAS,TB,66,7,15,12.93549744187271,30,36,603.0,20,4,3,2012,2012-09-30,2012093011
,NYG,PHI,61,5,5,0.779533630712087,22,42,1181.0,40,4,2,2012,2012-09-30,2012093012
,PHI,NYG,67,5,11,10.134596511726032,31,32,1186.0,39,4,1,2012,2012-09-30,2012093012
,CHI,DAL,52,6,9,10.403078556223932,23,26,811.0,25,3,2,2012,2012-10-01,2012100100
,DAL,CHI,69,4,9,-6.968863655474385,39,55,697.0,18,3,2,2012,2012-10-01,2012100100
,ARI,LA,76,2,5,-14.268827249257058,30,59,1196.0,46,3,0,2012,2012-10-04,2012100400
,LA,ARI,50,2,3,-2.487314771676737,20,22,922.0,30,3,2,2012,2012-10-04,2012100400
,ATL,WAS,79,3,8,3.0170616196715443,38,53,1280.0,49,3,3,2012,2012-10-07,2012100700
,WAS,ATL,48,4,6,-5.464402549148271,18,27,878.0,29,3,1,2012,2012-10-07,2012100700
,PHI,PIT,56,2,3,0.3109554337291971,26,33,746.0,25,3,2,2012,2012-10-07,2012100701
,PIT,PHI,66,1,6,1.1233551204562742,30,35,1028.0,34,4,1,2012,2012-10-07,2012100701
,GB,IND,61,4,9,2.582878993769227,26,38,712.0,24,4,4,2012,2012-10-07,2012100702
,IND,GB,90,4,10,6.998862469987796,40,60,568.0,18,5,3,2012,2012-10-07,2012100702
,CLE,NYG,54,5,8,4.776611693202785,23,35,551.0,21,5,3,2012,2012-10-07,2012100703
,NYG,CLE,69,5,8,19.832649689395407,37,37,221.0,9,7,5,2012,2012-10-07,2012100703
,MIN,TEN,66,5,10,11.966454844277157,28,36,442.0,17,5,3,2012,2012-10-07,2012100704
,TEN,MIN,67,0,4,-5.764308096430289,26,49,480.0,14,2,1,2012,2012-10-07,2012100704
,CIN,MIA,65,3,6,-14.64161840749766,21,46,1045.0,31,2,1,2012,2012-10-07,2012100705
,MIA,CIN,59,5,7,-8.558172509561354,22,28,777.0,28,3,2,2012,2012-10-07,2012100705
,BAL,KC,53,4,8,-8.414854210578946,20,31,869.0,34,3,0,2012,2012-10-07,2012100706
,KC,BAL,67,3,5,-17.48459097533634,29,17,1289.0,42,3,0,2012,2012-10-07,2012100706
,CAR,SEA,52,2,4,-22.319003100513935,16,33,590.0,28,3,0,2012,2012-10-07,2012100707
,SEA,CAR,61,2,5,-6.94083024974687,23,27,1326.0,38,3,1,2012,2012-10-07,2012100707
,CHI,JAX,73,4,8,22.95238479447253,37,40,1186.0,40,5,3,2012,2012-10-07,2012100708
,JAX,CHI,52,3,4,-25.75732137483845,13,36,717.0,26,2,0,2012,2012-10-07,2012100708
,DEN,NE,65,6,8,0.15808557831940595,28,46,704.0,27,4,3,2012,2012-10-07,2012100709
,NE,DEN,86,4,9,11.799856931652668,46,35,935.0,40,5,4,2012,2012-10-07,2012100709
,BUF,SF,45,2,3,-12.820419394273765,14,27,705.0,22,2,0,2012,2012-10-07,2012100710
,SF,BUF,63,8,16,39.90787283131339,40,25,510.0,16,7,6,2012,2012-10-07,2012100710
,LAC,NO,65,6,9,6.925974903006439,33,47,942.0,29,4,3,2012,2012-10-07,2012100711
,NO,LAC,67,4,6,12.598265487096654,28,48,725.0,29,5,4,2012,2012-10-07,2012100711
,HOU,NYJ,63,4,8,4.936136468686308,25,28,988.0,30,4,2,2012,2012-10-08,2012100800
,NYJ,HOU,58,5,6,-10.821827769648085,22,35,659.0,26,4,2,2012,2012-10-08,2012100800
,PIT,TEN,63,4,6,5.311765426982522,22,41,1240.0,38,4,2,2012,2012-10-11,2012101100
,TEN,PIT,69,4,9,-2.5982132531378896,27,47,1054.0,39,4,2,2012,2012-10-11,2012101100
,ATL,LV,53,3,5,-10.31894866213178,23,38,922.0,29,2,1,2012,2012-10-14,2012101400
,LV,ATL,68,8,11,-4.557920479843766,30,36,1087.0,31,3,2,2012,2012-10-14,2012101400
,KC,TB,68,1,4,-24.27164559331201,23,38,1023.0,30,2,0,2012,2012-10-14,2012101401
,TB,KC,49,6,11,22.286249475429035,21,26,585.0,19,6,4,2012,2012-10-14,2012101401
,IND,NYJ,62,4,6,-7.5427155931266,24,46,377.0,10,3,0,2012,2012-10-14,2012101402
,NYJ,IND,63,3,5,18.13632737454759,30,20,920.0,28,5,5,2012,2012-10-14,2012101402
,CIN,CLE,66,4,9,-10.061345804798044,33,46,673.0,24,5,3,2012,2012-10-14,2012101403
,CLE,CIN,64,3,4,-3.096865134742307,24,31,1088.0,37,4,3,2012,2012-10-14,2012101403
,DET,PHI,73,4,11,-0.13566689941481092,31,45,661.0,24,4,2,2012,2012-10-14,2012101404
,PHI,DET,76,2,8,-11.26139732599155,30,47,1426.0,52,4,2,2012,2012-10-14,2012101404
,LA,MIA,70,7,10,14.391037799309178,34,43,928.0,31,3,1,2012,2012-10-14,2012101405
,MIA,LA,48,1,1,-3.57379266651612,21,31,747.0,24,2,2,2012,2012-10-14,2012101405
,BAL,DAL,48,4,6,14.377670824886295,28,27,612.0,25,5,4,2012,2012-10-14,2012101406
,DAL,BAL,80,3,8,18.823286809645595,37,38,1150.0,32,5,3,2012,2012-10-14,2012101406
,ARI,BUF,70,4,10,-11.301813024536244,26,40,1170.0,38,2,1,2012,2012-10-14,2012101407
,BUF,ARI,67,2,6,-10.077713609554623,30,34,1051.0,32,3,2,2012,2012-10-14,2012101407
,NE,SEA,84,6,9,3.6293285250217067,37,58,1026.0,41,7,2,2012,2012-10-14,2012101408
,SEA,NE,53,6,7,1.8571492727581567,23,29,758.0,25,4,3,2012,2012-10-14,2012101408
,NYG,SF,63,4,8,0.8647320492926751,24,28,939.0,30,6,2,2012,2012-10-14,2012101409
,SF,NYG,60,4,6,-14.971077731718617,24,43,700.0,23,0,0,2012,2012-10-14,2012101409
,MIN,WAS,82,4,10,-0.6766071812735457,37,58,642.0,25,7,2,2012,2012-10-14,2012101410
,WAS,MIN,53,2,9,15.419214006735032,27,23,759.0,22,4,4,2012,2012-10-14,2012101410
,GB,HOU,70,5,9,15.003847852517708,28,39,611.0,24,6,6,2012,2012-10-14,2012101411
,HOU,GB,69,1,7,-7.434222084248694,26,41,253.0,9,3,2,2012,2012-10-14,2012101411
,DEN,LAC,52,5,6,6.773293297909421,24,30,65.0,2,4,3,2012,2012-10-15,2012101500
,LAC,DEN,71,2,3,-19.94695607627155,29,44,227.0,8,3,2,2012,2012-10-15,2012101500
,SEA,SF,53,2,5,-6.05070192864799,21,25,1121.0,33,1,0,2012,2012-10-18,2012101800
,SF,SEA,55,2,6,4.111388366101472,22,25,1159.0,34,5,1,2012,2012-10-18,2012101800
,NYG,WAS,59,3,7,9.32402706768751,28,41,1118.0,39,4,3,2012,2012-10-21,2012102100
,WAS,NYG,69,7,13,4.584882596573211,35,31,1296.0,39,4,2,2012,2012-10-21,2012102100
,ARI,MIN,69,3,9,-10.01528337271316,32,43,914.0,26,4,2,2012,2012-10-21,2012102101
,MIN,ARI,47,2,3,-8.853004592123053,16,20,707.0,20,2,2,2012,2012-10-21,2012102101
,CAR,DAL,59,6,8,-3.1300644623906284,25,38,895.0,27,3,2,2012,2012-10-21,2012102102
,DAL,CAR,64,2,3,-0.48823997858603363,24,34,1120.0,34,4,1,2012,2012-10-21,2012102102
,NO,TB,62,5,10,20.29818759581524,35,36,675.0,25,5,5,2012,2012-10-21,2012102103
,TB,NO,67,6,12,23.242781865708746,27,42,1277.0,34,6,4,2012,2012-10-21,2012102103
,GB,LA,64,2,9,15.236888841497949,27,39,993.0,31,4,3,2012,2012-10-21,2012102104
,LA,GB,58,3,8,1.4083560308741059,24,36,931.0,28,3,2,2012,2012-10-21,2012102104
,BAL,HOU,59,0,3,-26.778074025334597,23,47,279.0,11,2,1,2012,2012-10-21,2012102105
,HOU,BAL,74,3,6,15.243077716210585,37,38,486.0,15,6,4,2012,2012-10-21,2012102105
,CLE,IND,58,2,4,5.3589730077049404,27,41,1009.0,35,2,2,2012,2012-10-21,2012102106
,IND,CLE,69,2,4,5.1980596318866725,36,32,1322.0,44,3,2,2012,2012-10-21,2012102106
,BUF,TEN,60,4,6,9.91821451314933,34,36,1359.0,42,5,4,2012,2012-10-21,2012102107
,TEN,BUF,61,4,10,20.42041712987787,26,35,1094.0,35,5,5,2012,2012-10-21,2012102107
,NE,NYJ,74,2,9,5.683980166200363,34,43,822.0,31,4,3,2012,2012-10-21,2012102108
,NYJ,NE,78,6,10,8.270094923085704,31,45,739.0,23,4,2,2012,2012-10-21,2012102108
,JAX,LV,59,2,3,-19.68914279414294,16,34,628.0,21,2,2,2012,2012-10-21,2012102109
,LV,JAX,72,3,6,-12.536748599831249,27,47,401.0,13,5,2,2012,2012-10-21,2012102109
,CIN,PIT,48,0,1,-5.8720001435230555,19,28,811.0,28,2,2,2012,2012-10-21,2012102110
,PIT,CIN,70,8,10,8.824442715992573,30,42,1098.0,34,3,2,2012,2012-10-21,2012102110
,CHI,DET,68,4,7,-5.61829504783182,19,37,378.0,13,4,1,2012,2012-10-22,2012102200
,DET,CHI,67,3,8,-11.302507076411043,29,49,215.0,7,4,1,2012,2012-10-22,2012102200
,MIN,TB,59,5,7,-14.660160183522557,19,38,248.0,9,4,2,2012,2012-10-25,2012102500
,TB,MIN,77,4,6,8.890635193004634,31,38,649.0,20,7,4,2012,2012-10-25,2012102500
,GB,JAX,63,2,2,-10.406336112628894,24,38,1013.0,34,5,2,2012,2012-10-28,2012102800
,JAX,GB,72,5,12,-13.909595748436281,18,52,853.0,32,4,1,2012,2012-10-28,2012102800
,MIA,NYJ,55,2,5,-11.634909058526965,19,26,340.0,11,3,2,2012,2012-10-28,2012102801
,NYJ,MIA,80,4,8,-13.762787638921747,33,59,211.0,7,5,1,2012,2012-10-28,2012102801
,CLE,LAC,60,3,4,-5.872765266161419,20,29,1097.0,41,1,1,2012,2012-10-28,2012102802
,LAC,CLE,68,2,2,-15.638994580486482,29,34,1145.0,38,2,0,2012,2012-10-28,2012102802
,IND,TEN,73,4,11,15.173953796385849,35,40,1046.0,39,4,2,2012,2012-10-28,2012102803
,TEN,IND,56,3,6,9.967672099850004,23,31,1016.0,32,3,1,2012,2012-10-28,2012102803
,LA,NE,56,4,7,-8.733927031604463,25,33,434.0,11,2,1,2012,2012-10-28,2012102804
,NE,LA,66,7,14,27.92675910517769,33,38,734.0,23,7,6,2012,2012-10-28,2012102804
,ATL,PHI,68,3,5,11.289348509030333,30,31,865.0,24,5,3,2012,2012-10-28,2012102805
,PHI,ATL,61,1,3,-0.6036845183515749,26,37,44.0,2,3,2,2012,2012-10-28,2012102805
,CAR,CHI,77,3,10,-5.798853816825148,30,41,1324.0,47,4,1,2012,2012-10-28,2012102806
,CHI,CAR,53,1,3,-10.006562398453072,20,34,592.0,21,3,2,2012,2012-10-28,2012102806
,DET,SEA,73,3,7,20.299140019858743,34,51,1207.0,38,4,4,2012,2012-10-28,2012102807
,SEA,DET,54,1,7,8.022345003644334,23,35,939.0,32,4,3,2012,2012-10-28,2012102807
,PIT,WAS,61,3,6,13.11872624274089,27,34,775.0,22,5,3,2012,2012-10-28,2012102808
,WAS,PIT,55,3,4,0.2680659543771804,22,36,76.0,2,3,1,2012,2012-10-28,2012102808
,KC,LV,58,2,5,-14.262869278611086,23,37,846.0,24,3,1,2012,2012-10-28,2012102809
,LV,KC,61,6,9,-1.4772631190635852,20,28,881.0,30,7,2,2012,2012-10-28,2012102809
,DAL,NYG,81,6,9,-12.877872128442304,39,65,511.0,17,4,3,2012,2012-10-28,2012102810
,NYG,DAL,58,2,4,-12.022041948728349,21,30,572.0,17,4,1,2012,2012-10-28,2012102810
,DEN,NO,70,9,13,19.577839085705314,38,30,819.0,30,6,4,2012,2012-10-28,2012102811
,NO,DEN,59,2,6,-6.311854833390093,24,43,654.0,22,2,2,2012,2012-10-28,2012102811
,ARI,SF,65,3,7,-9.343294037187391,21,56,360.0,10,2,0,2012,2012-10-29,2012102900
,SF,ARI,52,5,7,7.564578108436427,24,23,703.0,19,3,3,2012,2012-10-29,2012102900
,KC,LAC,60,2,3,-9.952321188896061,26,30,855.0,27,1,1,2012,2012-11-01,2012110100
,LAC,KC,47,5,6,11.97247194243452,26,21,963.0,28,5,2,2012,2012-11-01,2012110100
,CAR,WAS,50,3,6,12.692372770435735,21,23,808.0,28,3,3,2012,2012-11-04,2012110400
,WAS,CAR,75,2,8,3.4773915999903355,32,43,861.0,25,3,1,2012,2012-11-04,2012110400
,ARI,GB,66,5,6,-8.209266600702268,26,48,527.0,18,3,2,2012,2012-11-04,2012110401
,GB,ARI,66,5,7,6.431028627196062,29,31,1058.0,34,7,4,2012,2012-11-04,2012110401
,DET,JAX,66,3,6,23.18057461186679,32,34,907.0,30,4,4,2012,2012-11-04,2012110402
,JAX,DET,61,3,3,1.3701378681210326,33,41,174.0,6,2,2,2012,2012-11-04,2012110402
,CHI,TEN,62,4,8,1.2759630325588578,22,29,148.0,5,8,4,2012,2012-11-04,2012110403
,TEN,CHI,56,3,7,-27.31605728956193,25,38,189.0,7,3,2,2012,2012-11-04,2012110403
,CIN,DEN,71,3,7,3.4756666558554277,31,46,959.0,37,4,2,2012,2012-11-04,2012110404
,DEN,CIN,59,4,7,10.696949130310912,27,35,1166.0,39,5,4,2012,2012-11-04,2012110404
,BAL,CLE,62,3,5,1.2429227483869973,22,26,969.0,30,3,3,2012,2012-11-04,2012110405
,CLE,BAL,65,2,5,-16.602223314013948,23,38,631.0,22,5,0,2012,2012-11-04,2012110405
,BUF,HOU,57,3,6,-7.98870128928971,20,41,1114.0,35,3,0,2012,2012-11-04,2012110406
,HOU,BUF,60,4,7,11.414018161148208,28,29,1064.0,31,4,3,2012,2012-11-04,2012110406
,IND,MIA,75,9,13,19.895615497082137,31,49,1278.0,49,3,2,2012,2012-11-04,2012110407
,MIA,IND,57,3,8,9.514368840270262,26,40,880.0,31,4,2,2012,2012-11-04,2012110407
,MIN,SEA,53,3,6,-0.8016906692523467,20,26,964.0,33,3,2,2012,2012-11-04,2012110408
,SEA,MIN,70,5,6,17.302916804894263,36,26,1201.0,38,6,4,2012,2012-11-04,2012110408
,LV,TB,76,6,8,-3.189118460821184,33,65,774.0,29,5,4,2012,2012-11-04,2012110409
,TB,LV,62,7,7,22.334777507065766,29,31,1103.0,39,7,6,2012,2012-11-04,2012110409
,NYG,PIT,48,2,3,-9.764034758958768,15,26,1070.0,31,2,1,2012,2012-11-04,2012110410
,PIT,NYG,65,4,7,-4.456365266869,26,33,1191.0,35,5,3,2012,2012-11-04,2012110410
,ATL,DAL,63,8,12,11.392083195786407,28,37,1027.0,34,4,1,2012,2012-11-04,2012110411
,DAL,ATL,54,4,8,6.273963702416165,26,36,1187.0,35,3,1,2012,2012-11-04,2012110411
,NO,PHI,53,6,9,14.632647014759826,29,29,597.0,19,4,3,2012,2012-11-05,2012110500
,PHI,NO,75,5,7,7.978142514916248,34,46,804.0,25,6,1,2012,2012-11-05,2012110500
,IND,JAX,61,4,9,2.832383375004162,27,28,558.0,16,5,2,2012,2012-11-08,2012110800
,JAX,IND,63,3,7,-11.871964390737809,26,51,326.0,12,2,1,2012,2012-11-08,2012110800
,CAR,DEN,64,3,8,-20.875996511276604,28,43,393.0,13,2,2,2012,2012-11-11,2012111100
,DEN,CAR,59,4,7,-7.718964236618024,28,39,377.0,12,4,2,2012,2012-11-11,2012111100
,LAC,TB,65,5,9,4.258692996987519,28,39,1450.0,38,4,3,2012,2012-11-11,2012111101
,TB,LAC,43,3,4,10.541584327522214,20,21,962.0,27,2,2,2012,2012-11-11,2012111101
,MIA,TEN,55,0,3,-24.210118021369126,24,41,242.0,8,1,0,2012,2012-11-11,2012111102
,TEN,MIA,57,4,8,7.383548915055771,27,23,379.0,14,5,3,2012,2012-11-11,2012111102
,BUF,NE,71,5,9,20.156765403591926,40,43,233.0,6,7,4,2012,2012-11-11,2012111103
,NE,BUF,68,3,8,13.145732999471004,30,39,1022.0,40,5,4,2012,2012-11-11,2012111103
,BAL,LV,62,6,10,17.984343461524954,27,34,494.0,17,8,7,2012,2012-11-11,2012111104
,LV,BAL,73,6,7,-2.411662480683891,30,49,229.0,8,5,2,2012,2012-11-11,2012111104
,CIN,NYG,56,1,3,4.920850157728871,24,30,144.0,6,5,4,2012,2012-11-11,2012111105
,NYG,CIN,70,1,3,-19.717558189082073,28,50,38.0,2,3,1,2012,2012-11-11,2012111105
,ATL,NO,71,4,9,12.131183296323655,35,53,917.0,29,6,3,2012,2012-11-11,2012111106
,NO,ATL,60,4,8,21.162062167596556,30,32,854.0,29,5,4,2012,2012-11-11,2012111106
,DET,MIN,61,5,9,1.0566055444496651,25,44,178.0,8,4,3,2012,2012-11-11,2012111107
,MIN,DET,66,6,10,9.129297516184131,25,33,757.0,23,6,3,2012,2012-11-11,2012111107
,NYJ,SEA,50,2,2,-21.22687162587424,20,28,1090.0,34,1,0,2012,2012-11-11,2012111108
,SEA,NYJ,65,4,9,0.3975988383262734,28,24,1209.0,37,4,4,2012,2012-11-11,2012111108
,DAL,PHI,53,3,6,4.4143250076786105,22,29,1248.0,37,3,2,2012,2012-11-11,2012111109
,PHI,DAL,65,5,6,-9.205780827511534,27,42,873.0,27,4,3,2012,2012-11-11,2012111109
,LA,SF,78,4,8,19.874618010872048,37,41,1101.0,37,4,3,2012,2012-11-11,2012111110
,SF,LA,64,2,5,9.305703110616351,33,30,463.0,17,4,3,2012,2012-11-11,2012111110
,CHI,HOU,56,2,4,-27.784085479695207,15,33,993.0,29,1,0,2012,2012-11-11,2012111111
,HOU,CHI,60,3,4,-16.85276024217048,18,27,1098.0,37,2,1,2012,2012-11-11,2012111111
,KC,PIT,62,2,3,-8.594329438790735,24,27,1082.0,35,3,1,2012,2012-11-12,2012111200
,PIT,KC,61,3,5,-13.864297249719467,18,32,840.0,25,4,1,2012,2012-11-12,2012111200
,BUF,MIA,60,3,5,-8.991456890715044,22,30,1024.0,30,4,0,2012,2012-11-15,2012111500
,MIA,BUF,55,0,4,-20.214886090596163,17,31,377.0,13,2,2,2012,2012-11-15,2012111500
,PHI,WAS,71,5,6,-21.481324712364422,21,50,542.0,18,2,0,2012,2012-11-18,2012111800
,WAS,PHI,50,6,9,13.521341044693255,20,17,320.0,8,6,4,2012,2012-11-18,2012111800
,DET,GB,67,6,9,-5.032591533085336,23,43,1014.0,38,4,2,2012,2012-11-18,2012111801
,GB,DET,59,4,7,1.2622413253403884,26,30,1106.0,34,4,2,2012,2012-11-18,2012111801
,ARI,ATL,56,2,3,-27.477610493946234,15,30,800.0,25,4,1,2012,2012-11-18,2012111802
,ATL,ARI,68,4,7,-26.163060892786156,24,47,503.0,19,2,1,2012,2012-11-18,2012111802
,CAR,TB,63,5,8,-5.774543565410398,24,30,1129.0,38,3,2,2012,2012-11-18,2012111803
,TB,CAR,76,5,10,-0.10835176227615806,30,46,815.0,28,4,3,2012,2012-11-18,2012111803
,CLE,DAL,68,3,5,-4.4650385851757814,27,35,599.0,20,4,2,2012,2012-11-18,2012111804
,DAL,CLE,77,2,3,-0.3857196798636977,38,56,385.0,11,6,2,2012,2012-11-18,2012111804
,LA,NYJ,65,3,4,-14.517983160811362,27,45,913.0,28,2,2,2012,2012-11-18,2012111805
,NYJ,LA,63,2,4,2.4058968864198853,22,24,1277.0,40,5,3,2012,2012-11-18,2012111805
,IND,NE,75,6,12,-9.986640966442524,34,51,1002.0,35,3,3,2012,2012-11-18,2012111806
,NE,IND,60,4,11,27.58411952234452,29,35,898.0,34,7,5,2012,2012-11-18,2012111806
,HOU,JAX,92,8,11,15.56675135342497,54,57,919.0,30,7,4,2012,2012-11-18,2012111807
,JAX,HOU,65,6,8,11.18390957103184,18,36,1205.0,33,5,4,2012,2012-11-18,2012111807
,CIN,KC,69,6,9,16.301392215373504,28,31,627.0,21,4,4,2012,2012-11-18,2012111808
,KC,CIN,59,4,7,-16.852478256732365,21,32,459.0,15,2,0,2012,2012-11-18,2012111808
,LV,NO,68,6,10,-6.083773162776256,30,42,199.0,7,4,2,2012,2012-11-18,2012111809
,NO,LV,53,4,11,17.48386372265242,26,27,505.0,17,5,4,2012,2012-11-18,2012111809
,DEN,LAC,69,3,7,-7.514634103147712,29,45,702.0,26,6,3,2012,2012-11-18,2012111810
,LAC,DEN,67,3,6,-18.9591211111602,20,44,617.0,18,3,2,2012,2012-11-18,2012111810
,BAL,PIT,56,2,2,-12.166895283249968,17,34,921.0,35,2,0,2012,2012-11-18,2012111811
,PIT,BAL,69,4,7,-9.563525779240326,24,42,1047.0,33,2,1,2012,2012-11-18,2012111811
,CHI,SF,56,0,1,-18.74743704073124,22,28,77.0,2,1,1,2012,2012-11-19,2012111900
,SF,CHI,53,5,5,11.491504211825802,22,25,383.0,10,7,3,2012,2012-11-19,2012111900
,DET,HOU,87,9,10,8.715062073754078,37,64,1388.0,46,4,4,2012,2012-11-22,2012112200
,HOU,DET,78,6,11,15.590563480811614,30,50,848.0,29,5,4,2012,2012-11-22,2012112200
,DAL,WAS,74,4,7,6.953873305332389,29,63,457.0,15,5,3,2012,2012-11-22,2012112201
,WAS,DAL,60,4,8,16.91111476482862,32,31,572.0,15,6,5,2012,2012-11-22,2012112201
,NE,NYJ,62,4,5,23.23755352243136,35,25,404.0,18,5,5,2012,2012-11-22,2012112202
,NYJ,NE,64,3,5,-13.337597900381814,32,36,493.0,14,4,2,2012,2012-11-22,2012112202
,CIN,LV,63,7,8,13.636211837861214,27,32,333.0,11,5,4,2012,2012-11-25,2012112500
,LV,CIN,61,2,3,-25.518820938198967,24,38,237.0,6,1,1,2012,2012-11-25,2012112500
,CLE,PIT,64,1,5,-18.89238859828988,19,30,1144.0,33,4,2,2012,2012-11-25,2012112501
,PIT,CLE,55,1,4,-31.529885069398635,15,35,768.0,28,1,1,2012,2012-11-25,2012112501
,BUF,IND,58,4,5,-2.0893246118081965,20,35,782.0,29,3,1,2012,2012-11-25,2012112502
,IND,BUF,66,4,7,2.060852200908224,26,40,1195.0,45,3,1,2012,2012-11-25,2012112502
,JAX,TEN,59,8,9,2.1145216570712817,26,33,801.0,25,3,3,2012,2012-11-25,2012112503
,TEN,JAX,70,6,9,1.4806388287336396,28,41,1323.0,43,4,1,2012,2012-11-25,2012112503
,DEN,KC,63,5,12,7.476077913912913,27,39,1039.0,33,5,2,2012,2012-11-25,2012112504
,KC,DEN,58,1,4,-7.129373684785676,20,28,1250.0,35,2,0,2012,2012-11-25,2012112504
,CHI,MIN,71,1,3,-5.603326387606703,30,32,977.0,28,4,3,2012,2012-11-25,2012112505
,MIN,CHI,65,2,2,-18.823733926918223,24,45,334.0,13,3,1,2012,2012-11-25,2012112505
,ATL,TB,57,5,9,8.822603096059725,28,33,1023.0,31,5,3,2012,2012-11-25,2012112506
,TB,ATL,54,6,7,10.795503134708028,24,33,1179.0,33,3,2,2012,2012-11-25,2012112506
,MIA,SEA,52,7,13,18.969777414761502,31,25,858.0,26,3,3,2012,2012-11-25,2012112507
,SEA,MIA,56,5,7,7.639438576843711,25,29,1200.0,33,3,3,2012,2012-11-25,2012112507
,BAL,LAC,91,6,10,0.5715973062224005,35,56,933.0,31,4,1,2012,2012-11-25,2012112508
,LAC,BAL,65,2,5,-3.8698287897813355,25,42,1004.0,29,2,1,2012,2012-11-25,2012112508
,NO,SF,64,3,3,-17.82984589384266,27,45,1049.0,31,3,3,2012,2012-11-25,2012112509
,SF,NO,56,5,7,10.147787232734743,23,25,816.0,26,4,2,2012,2012-11-25,2012112509
,ARI,LA,76,4,5,-22.19594459966335,33,53,1146.0,39,5,2,2012,2012-11-25,2012112510
,LA,ARI,53,6,9,3.6989288236318414,20,20,773.0,27,5,2,2012,2012-11-25,2012112510
,GB,NYG,58,3,6,-10.58461007730143,23,32,203.0,6,3,1,2012,2012-11-25,2012112511
,NYG,GB,61,3,8,17.024494964881583,27,31,452.0,15,6,5,2012,2012-11-25,2012112511
,CAR,PHI,63,5,6,13.062194725441818,29,30,1210.0,36,6,4,2012,2012-11-26,2012112600
,PHI,CAR,49,2,7,-4.503744870940491,24,23,773.0,24,3,2,2012,2012-11-26,2012112600
,ATL,NO,54,2,6,-6.444545087432299,20,34,617.0,21,3,2,2012,2012-11-29,2012112900
,NO,ATL,74,5,8,-12.415711647620872,34,51,558.0,18,3,1,2012,2012-11-29,2012112900
,CHI,SEA,59,2,5,8.99598376788613,24,27,1359.0,40,3,2,2012,2012-12-02,2012120200
,SEA,CHI,71,5,6,16.00490394107203,35,39,1061.0,32,4,3,2012,2012-12-02,2012120200
,GB,MIN,73,4,7,13.64029340364672,36,37,1329.0,43,4,2,2012,2012-12-02,2012120201
,MIN,GB,53,4,5,1.2535152023605456,23,25,536.0,17,3,2,2012,2012-12-02,2012120201
,LA,SF,67,3,4,-8.422779751546374,25,40,960.0,30,2,0,2012,2012-12-02,2012120202
,SF,LA,70,4,6,-5.173642348079017,27,34,1022.0,30,3,1,2012,2012-12-02,2012120202
,ARI,NYJ,54,2,3,-33.5609864915684,9,33,841.0,32,2,0,2012,2012-12-02,2012120203
,NYJ,ARI,74,1,5,-20.43469269943376,28,31,1386.0,43,2,1,2012,2012-12-02,2012120203
,CAR,KC,51,5,7,15.709825048336317,28,29,693.0,23,3,3,2012,2012-12-02,2012120204
,KC,CAR,67,3,8,15.49211131710563,29,24,1559.0,46,3,3,2012,2012-12-02,2012120204
,DET,IND,75,4,7,1.487795996362277,27,46,1544.0,45,5,3,2012,2012-12-02,2012120205
,IND,DET,71,6,8,8.660096184885097,31,53,395.0,15,5,5,2012,2012-12-02,2012120205
,BUF,JAX,62,2,4,5.209824303805815,26,17,1183.0,33,6,4,2012,2012-12-02,2012120206
,JAX,BUF,63,3,4,-21.859997805199743,22,45,582.0,21,3,2,2012,2012-12-02,2012120206
,MIA,NE,58,4,6,-10.081412116694327,21,31,616.0,22,2,1,2012,2012-12-02,2012120207
,NE,MIA,73,2,2,5.7943226093509885,32,43,1020.0,42,4,2,2012,2012-12-02,2012120207
,HOU,TEN,67,2,5,-0.9280189508319001,26,35,534.0,20,3,3,2012,2012-12-02,2012120208
,TEN,HOU,67,6,10,-22.401602534945404,17,50,220.0,9,3,1,2012,2012-12-02,2012120208
,DEN,TB,65,1,5,0.3781448083229049,33,38,1033.0,33,4,3,2012,2012-12-02,2012120209
,TB,DEN,61,4,5,-10.39133709885401,20,40,850.0,28,3,2,2012,2012-12-02,2012120209
,BAL,PIT,56,3,4,-4.114166451871805,21,36,1110.0,38,3,2,2012,2012-12-02,2012120210
,PIT,BAL,65,5,9,-1.5544664128200367,29,39,1022.0,27,4,2,2012,2012-12-02,2012120210
,CLE,LV,66,8,10,13.436549772997417,34,37,923.0,31,4,2,2012,2012-12-02,2012120211
,LV,CLE,69,3,5,12.833370666468884,35,52,466.0,21,2,2,2012,2012-12-02,2012120211
,CIN,LAC,71,1,7,-10.185318505290784,30,39,1161.0,40,4,2,2012,2012-12-02,2012120212
,LAC,CIN,62,2,8,-11.165656192120851,23,51,1171.0,38,3,0,2012,2012-12-02,2012120212
,DAL,PHI,61,6,10,24.058061934039596,31,29,1050.0,31,5,4,2012,2012-12-02,2012120213
,PHI,DAL,61,6,12,8.444846408015948,27,35,1047.0,35,3,3,2012,2012-12-02,2012120213
,NYG,WAS,62,5,7,15.494679344705592,29,33,1447.0,46,2,1,2012,2012-12-03,2012120300
,WAS,NYG,51,3,8,13.557578589776144,28,21,844.0,26,4,2,2012,2012-12-03,2012120300
,DEN,LV,75,3,14,6.451375101036694,31,39,895.0,30,7,2,2012,2012-12-06,2012120600
,LV,DEN,47,3,7,-0.9809015638929236,18,32,81.0,4,2,2,2012,2012-12-06,2012120600
,BAL,WAS,57,5,6,2.8931585818106225,24,23,1005.0,33,5,4,2012,2012-12-09,2012120900
,WAS,BAL,66,7,12,7.210875942586875,29,30,1212.0,36,4,3,2012,2012-12-09,2012120900
,CLE,KC,66,3,10,8.175812575686484,25,33,884.0,33,5,2,2012,2012-12-09,2012120901
,KC,CLE,52,4,6,-8.463042085524473,14,26,700.0,19,3,1,2012,2012-12-09,2012120901
,LAC,PIT,76,1,3,4.045835346955097,25,42,805.0,28,3,3,2012,2012-12-09,2012120902
,PIT,LAC,60,4,7,-4.167982776317096,28,43,509.0,16,3,3,2012,2012-12-09,2012120902
,IND,TEN,65,2,4,-8.218120185931308,24,38,625.0,19,2,2,2012,2012-12-09,2012120903
,TEN,IND,59,3,7,-3.443362306936917,20,35,1034.0,28,3,1,2012,2012-12-09,2012120903
,JAX,NYJ,69,3,4,-9.480959574106384,23,45,969.0,34,3,1,2012,2012-12-09,2012120904
,NYJ,JAX,61,1,2,-7.405839564988848,24,20,1236.0,37,2,2,2012,2012-12-09,2012120904
,CHI,MIN,73,6,10,-4.283805336041201,29,55,488.0,16,2,2,2012,2012-12-09,2012120905
,MIN,CHI,53,1,4,1.2953009194583347,21,18,528.0,16,2,2,2012,2012-12-09,2012120905
,ATL,CAR,63,1,8,13.102868753074745,34,52,109.0,4,3,3,2012,2012-12-09,2012120906
,CAR,ATL,66,6,11,23.179165998424388,34,36,967.0,24,5,3,2012,2012-12-09,2012120906
,PHI,TB,73,8,9,1.5365915997371566,27,57,1063.0,37,5,3,2012,2012-12-09,2012120907
,TB,PHI,68,3,6,0.04738695365533441,26,36,782.0,28,3,3,2012,2012-12-09,2012120907
,BUF,LA,59,2,7,-11.097069999893877,22,39,1234.0,37,3,1,2012,2012-12-09,2012120908
,LA,BUF,66,3,5,-1.150720243012715,24,40,996.0,33,2,2,2012,2012-12-09,2012120908
,CIN,DAL,57,3,9,-2.356437416386538,24,38,1126.0,36,4,1,2012,2012-12-09,2012120909
,DAL,CIN,70,5,7,2.168674197198131,28,46,851.0,30,3,2,2012,2012-12-09,2012120909
,MIA,SF,57,3,4,-6.42564927932103,19,35,768.0,23,2,1,2012,2012-12-09,2012120910
,SF,MIA,52,3,8,10.889270259061771,27,27,1185.0,34,5,3,2012,2012-12-09,2012120910
,NO,NYG,66,6,7,-4.764984317008853,33,43,801.0,27,4,2,2012,2012-12-09,2012120911
,NYG,NO,59,6,7,4.022358498616934,29,34,629.0,23,9,7,2012,2012-12-09,2012120911
,ARI,SEA,56,1,2,-30.595966225921387,14,40,201.0,7,0,0,2012,2012-12-09,2012120912
,SEA,ARI,64,7,14,18.998316407588092,27,23,395.0,12,9,5,2012,2012-12-09,2012120912
,DET,GB,76,3,5,-2.8952784189385925,34,45,1229.0,37,3,2,2012,2012-12-09,2012120913
,GB,DET,51,5,6,-0.07921561357351314,21,27,675.0,25,4,2,2012,2012-12-09,2012120913
,HOU,NE,65,5,9,-8.183807730305354,26,38,323.0,10,2,2,2012,2012-12-10,2012121000
,NE,HOU,70,3,6,16.1729626603093,30,37,343.0,11,6,6,2012,2012-12-10,2012121000
,CIN,PHI,70,1,3,-13.617377443089316,27,33,795.0,24,6,3,2012,2012-12-13,2012121300
,PHI,CIN,52,2,5,-28.437800428119207,14,33,503.0,18,3,1,2012,2012-12-13,2012121300
,CHI,GB,48,1,5,-14.596577269103596,13,25,732.0,19,3,1,2012,2012-12-16,2012121600
,GB,CHI,71,6,7,5.548797621462587,26,39,1180.0,43,3,3,2012,2012-12-16,2012121600
,ATL,NYG,64,3,5,20.50871034090131,31,29,444.0,12,7,4,2012,2012-12-16,2012121601
,NYG,ATL,47,4,6,-21.108059490942573,15,26,318.0,9,2,0,2012,2012-12-16,2012121601
,NO,TB,64,8,11,21.36706205617598,30,39,641.0,17,7,5,2012,2012-12-16,2012121602
,TB,NO,71,4,9,-15.65951565271161,27,56,306.0,9,3,0,2012,2012-12-16,2012121602
,LA,MIN,78,4,9,-3.0549953964151806,40,60,538.0,18,4,3,2012,2012-12-16,2012121603
,MIN,LA,57,2,3,1.5116747560463426,23,26,546.0,15,4,2,2012,2012-12-16,2012121603
,CLE,WAS,52,4,5,-13.066248955685142,19,37,852.0,28,3,3,2012,2012-12-16,2012121604
,WAS,CLE,72,4,11,10.723979057192953,28,38,1013.0,32,6,5,2012,2012-12-16,2012121604
,JAX,MIA,57,4,6,-9.177063743251953,18,36,784.0,26,4,0,2012,2012-12-16,2012121605
,MIA,JAX,64,5,7,6.562026571608703,30,31,1100.0,34,5,2,2012,2012-12-16,2012121605
,BAL,DEN,60,3,4,-28.724508439963053,17,42,228.0,8,3,2,2012,2012-12-16,2012121606
,DEN,BAL,73,3,4,2.490017450182312,31,30,620.0,25,5,3,2012,2012-12-16,2012121606
,HOU,IND,66,6,8,8.635311936297507,30,34,740.0,24,5,1,2012,2012-12-16,2012121607
,IND,HOU,55,3,8,-5.1130580944049475,23,30,50.0,2,4,2,2012,2012-12-16,2012121607
,ARI,DET,51,2,2,-13.702245871496936,16,22,628.0,19,3,3,2012,2012-12-16,2012121608
,DET,ARI,74,3,3,-31.88036585174124,27,52,664.0,27,2,1,2012,2012-12-16,2012121608
,CAR,LAC,74,3,5,8.944561629235592,36,35,474.0,14,5,4,2012,2012-12-16,2012121609
,LAC,CAR,45,1,1,-15.144331286574895,19,29,105.0,2,2,1,2012,2012-12-16,2012121609
,BUF,SEA,66,4,8,-15.615436353829331,30,45,42.0,2,2,2,2012,2012-12-16,2012121610
,SEA,BUF,57,6,8,25.75559374897113,28,25,601.0,18,8,5,2012,2012-12-16,2012121610
,DAL,PIT,62,3,11,12.816126968932785,35,43,1427.0,38,5,3,2012,2012-12-16,2012121611
,PIT,DAL,60,6,9,6.356706692019537,24,44,676.0,24,4,3,2012,2012-12-16,2012121611
,KC,LV,46,1,2,-28.61128166343387,9,36,394.0,12,2,0,2012,2012-12-16,2012121612
,LV,KC,75,1,9,-2.847550171482098,31,30,1013.0,34,2,0,2012,2012-12-16,2012121612
,NE,SF,89,6,9,-7.7378452282340655,45,65,581.0,23,5,4,2012,2012-12-16,2012121613
,SF,NE,65,6,9,-2.7444065468485457,25,26,555.0,19,8,5,2012,2012-12-16,2012121613
,NYJ,TEN,62,2,7,-15.732227178954698,24,32,924.0,33,2,1,2012,2012-12-17,2012121700
,TEN,NYJ,55,3,5,-1.2384690060693069,15,26,1049.0,33,3,2,2012,2012-12-17,2012121700
,ATL,DET,55,3,7,12.50579180876197,28,33,609.0,18,5,4,2012,2012-12-22,2012122200
,DET,ATL,78,7,12,-2.115927880937966,34,56,743.0,21,6,1,2012,2012-12-22,2012122200
,GB,TEN,73,6,9,21.48198390667034,35,41,355.0,11,8,7,2012,2012-12-23,2012122300
,TEN,GB,58,3,3,-30.092859311367228,15,36,97.0,5,1,1,2012,2012-12-23,2012122300
,CAR,LV,56,4,6,3.486617683995852,21,31,917.0,28,3,2,2012,2012-12-23,2012122301
,LV,CAR,58,2,4,-18.95932123336359,14,36,628.0,19,2,0,2012,2012-12-23,2012122301
,BUF,MIA,64,5,7,-5.750836278700202,25,36,549.0,17,2,1,2012,2012-12-23,2012122302
,MIA,BUF,60,3,4,5.751615756501127,28,27,938.0,29,3,3,2012,2012-12-23,2012122302
,CIN,PIT,62,5,9,-16.971274565529217,19,46,954.0,32,1,0,2012,2012-12-23,2012122303
,PIT,CIN,62,3,5,-18.4229769881419,17,32,1214.0,33,3,1,2012,2012-12-23,2012122303
,JAX,NE,72,2,10,-0.618160932485929,31,49,1059.0,33,4,1,2012,2012-12-23,2012122304
,NE,JAX,71,3,5,0.31745948578662164,31,44,777.0,31,4,2,2012,2012-12-23,2012122304
,IND,KC,62,4,5,-3.444625877270048,23,39,907.0,37,2,1,2012,2012-12-23,2012122305
,KC,IND,66,6,10,0.8117601274588873,29,23,1220.0,42,3,1,2012,2012-12-23,2012122305
,DAL,NO,55,5,10,14.227466454816502,26,44,803.0,25,4,4,2012,2012-12-23,2012122306
,NO,DAL,90,4,11,24.408626569089698,46,53,1489.0,55,7,4,2012,2012-12-23,2012122306
,PHI,WAS,74,3,10,1.3976303468300877,36,52,925.0,35,6,2,2012,2012-12-23,2012122307
,WAS,PHI,52,4,6,4.116103293306956,25,25,1178.0,34,3,3,2012,2012-12-23,2012122307
,LA,TB,52,2,4,2.9066458669875597,20,27,548.0,21,3,3,2012,2012-12-23,2012122308
,TB,LA,81,3,7,-19.538127378832183,36,59,939.0,26,4,1,2012,2012-12-23,2012122308
,BAL,NYG,77,6,10,20.337562035714488,37,36,830.0,29,7,3,2012,2012-12-23,2012122309
,NYG,BAL,45,1,1,-4.137594179540891,14,31,168.0,7,2,2,2012,2012-12-23,2012122309
,HOU,MIN,52,0,4,-16.135298860909916,16,37,552.0,18,1,0,2012,2012-12-23,2012122310
,MIN,HOU,70,8,10,1.3810063047560843,23,31,801.0,27,4,2,2012,2012-12-23,2012122310
,CLE,DEN,60,2,6,-6.895968799580057,24,42,435.0,12,2,1,2012,2012-12-23,2012122311
,DEN,CLE,74,5,7,16.982379168260483,35,43,951.0,32,7,4,2012,2012-12-23,2012122311
,ARI,CHI,72,1,5,-34.50700770183087,20,53,515.0,16,1,0,2012,2012-12-23,2012122312
,CHI,ARI,58,3,6,-2.7690245080268783,21,27,427.0,17,3,2,2012,2012-12-23,2012122312
,SEA,SF,58,4,5,20.502358588231917,31,23,344.0,9,5,5,2012,2012-12-23,2012122313
,SF,SEA,56,5,7,-5.065113479805566,24,37,237.0,7,4,1,2012,2012-12-23,2012122313
,LAC,NYJ,52,2,3,-6.116583773238855,15,26,864.0,26,5,2,2012,2012-12-23,2012122314
,NYJ,LAC,59,3,5,-16.796733624014614,23,36,1012.0,28,2,2,2012,2012-12-23,2012122314
,BUF,NYJ,57,3,6,4.67202585173812,18,26,827.0,27,3,3,2012,2012-12-30,2012123000
,NYJ,BUF,71,2,5,-17.656309488288457,27,36,1358.0,42,3,0,2012,2012-12-30,2012123000
,MIA,NE,57,4,7,-16.397759574235295,21,42,277.0,11,1,0,2012,2012-12-30,2012123001
,NE,MIA,75,6,8,17.742048407668946,35,37,707.0,24,4,4,2012,2012-12-30,2012123001
,BAL,CIN,82,4,6,-8.601147542073726,36,36,1230.0,46,2,2,2012,2012-12-30,2012123002
,CIN,BAL,47,1,2,-11.196393933355054,16,28,938.0,31,3,1,2012,2012-12-30,2012123002
,CLE,PIT,62,3,6,-8.11305127547862,26,36,1232.0,39,2,1,2012,2012-12-30,2012123003
,PIT,CLE,51,0,1,-2.0604971504212424,21,25,1006.0,29,3,3,2012,2012-12-30,2012123003
,HOU,IND,59,5,9,1.6490752055593108,25,40,1232.0,42,3,1,2012,2012-12-30,2012123004
,IND,HOU,59,3,5,4.9491913436814015,25,29,964.0,36,5,4,2012,2012-12-30,2012123004
,JAX,TEN,70,4,7,-15.607794571680252,32,47,1045.0,36,2,2,2012,2012-12-30,2012123005
,TEN,JAX,51,3,4,-9.478421034755517,15,17,492.0,15,2,1,2012,2012-12-30,2012123005
,NYG,PHI,55,4,9,23.903232847185244,32,23,268.0,7,6,6,2012,2012-12-30,2012123006
,PHI,NYG,65,3,4,-7.004286754136878,25,38,196.0,7,2,1,2012,2012-12-30,2012123006
,DAL,WAS,62,3,7,-3.1172303426302443,29,40,1165.0,38,2,2,2012,2012-12-30,2012123007
,WAS,DAL,61,2,8,12.656180909855404,30,19,1245.0,35,5,4,2012,2012-12-30,2012123007
,CHI,DET,65,3,6,2.512779472367311,27,33,747.0,25,5,2,2012,2012-12-30,2012123008
,DET,CHI,62,4,7,-0.27126041467626427,31,42,703.0,20,3,3,2012,2012-12-30,2012123008
,GB,MIN,61,5,6,11.790112218092872,31,45,201.0,5,4,4,2012,2012-12-30,2012123009
,MIN,GB,66,8,11,15.29506304932625,27,29,873.0,31,7,4,2012,2012-12-30,2012123009
,ATL,TB,62,1,6,-4.12668030378578,25,46,611.0,21,3,2,2012,2012-12-30,2012123010
,TB,ATL,66,5,10,3.0259908805768623,23,36,859.0,26,4,2,2012,2012-12-30,2012123010
,CAR,NO,73,7,13,20.46234165912658,32,35,1322.0,43,8,5,2012,2012-12-30,2012123011
,NO,CAR,63,4,10,13.542908625735143,28,45,841.0,31,4,4,2012,2012-12-30,2012123011
,DEN,KC,72,5,9,21.010405947090263,37,32,621.0,22,5,5,2012,2012-12-30,2012123012
,KC,DEN,47,0,1,-13.704976854491237,14,20,700.0,21,2,0,2012,2012-12-30,2012123012
,LAC,LV,50,2,2,-0.6082538945180731,16,19,817.0,21,4,3,2012,2012-12-30,2012123013
,LV,LAC,57,2,4,-1.0301004871317332,25,28,122.0,4,3,3,2012,2012-12-30,2012123013
,ARI,SF,52,3,4,-6.192074959884812,21,35,844.0,28,3,1,2012,2012-12-30,2012123014
,SF,ARI,65,7,9,12.391476646039756,26,30,1129.0,33,5,3,2012,2012-12-30,2012123014
,LA,SEA,61,2,6,1.7346654283311693,25,42,856.0,31,3,1,2012,2012-12-30,2012123015
,SEA,LA,53,5,9,11.533672265493943,28,25,1106.0,30,4,2,2012,2012-12-30,2012123015
,BAL,DEN,86,6,7,-3.536203142438744,31,65,1088.0,41,5,3,2013,2013-09-05,2013090500
,DEN,BAL,66,9,11,23.026341780948208,33,45,724.0,28,7,7,2013,2013-09-05,2013090500
,BUF,NE,60,0,4,-4.33110350048937,25,26,577.0,25,2,2,2013,2013-09-08,2013090800
,NE,BUF,87,6,11,-10.996322699361084,34,54,1073.0,39,5,2,2013,2013-09-08,2013090800
,CAR,SEA,49,1,3,0.017817677453447534,22,24,1187.0,32,1,1,2013,2013-09-08,2013090801
,SEA,CAR,58,4,9,6.26300289416691,28,35,932.0,31,4,1,2013,2013-09-08,2013090801
,CHI,CIN,58,3,7,7.284370539901672,26,32,659.0,22,3,3,2013,2013-09-08,2013090802
,CIN,CHI,54,3,5,1.8085004128171422,26,34,1230.0,37,3,3,2013,2013-09-08,2013090802
,CLE,MIA,72,4,8,-14.260304972674142,26,59,826.0,30,2,1,2013,2013-09-08,2013090803
,MIA,CLE,62,3,7,-5.137428257429367,23,42,1207.0,40,3,2,2013,2013-09-08,2013090803
,DET,MIN,75,5,6,5.5429028882495235,36,44,1317.0,46,7,4,2013,2013-09-08,2013090804
,MIN,DET,51,5,6,-2.3521014527491593,19,30,614.0,17,3,3,2013,2013-09-08,2013090804
,IND,LV,51,2,6,11.240329210549282,24,27,1137.0,34,3,3,2013,2013-09-08,2013090805
,LV,IND,62,4,8,17.421684599406554,30,29,910.0,28,4,2,2013,2013-09-08,2013090805
,JAX,KC,70,1,4,-36.20402540473031,19,47,341.0,10,2,0,2013,2013-09-08,2013090806
,KC,JAX,61,2,7,-1.139341937746838,27,35,320.0,10,3,3,2013,2013-09-08,2013090806
,NYJ,TB,72,3,5,-7.375108803332209,28,43,928.0,32,3,1,2013,2013-09-08,2013090807
,TB,NYJ,59,4,8,-8.030054296803298,16,34,868.0,28,3,2,2013,2013-09-08,2013090807
,ATL,NO,54,5,11,-1.7204006824627827,21,40,966.0,30,4,2,2013,2013-09-08,2013090808
,NO,ATL,64,5,9,5.189685236336005,25,37,1021.0,29,4,2,2013,2013-09-08,2013090808
,PIT,TEN,53,3,3,-11.551606217750795,19,38,991.0,28,2,1,2013,2013-09-08,2013090809
,TEN,PIT,61,1,2,-4.560021833467439,21,21,1318.0,38,4,1,2013,2013-09-08,2013090809
,ARI,LA,70,2,8,6.703478439823505,32,44,1267.0,44,3,2,2013,2013-09-08,2013090810
,LA,ARI,63,3,6,2.275883060749803,30,38,1057.0,34,5,2,2013,2013-09-08,2013090810
,GB,SF,57,5,8,8.62273515305068,27,38,795.0,32,4,4,2013,2013-09-08,2013090811
,SF,GB,75,9,14,18.638886581644677,34,41,1353.0,43,6,4,2013,2013-09-08,2013090811
,DAL,NYG,73,2,4,-8.542892381881831,29,51,1209.0,40,5,2,2013,2013-09-08,2013090812
,NYG,DAL,58,6,14,-5.441644953657833,27,45,312.0,12,6,4,2013,2013-09-08,2013090812
,PHI,WAS,74,6,8,2.7796894824208613,35,27,889.0,37,6,4,2013,2013-09-09,2013090900
,WAS,PHI,70,2,6,1.586827596369313,37,52,354.0,10,4,3,2013,2013-09-09,2013090900
,HOU,LAC,74,5,7,9.027988270655548,33,46,800.0,24,3,3,2013,2013-09-09,2013090901
,LAC,HOU,50,2,6,9.356412932851796,19,30,732.0,25,4,4,2013,2013-09-09,2013090901
,NE,NYJ,63,2,2,-15.465893464084171,21,40,620.0,27,4,1,2013,2013-09-12,2013091200
,NYJ,NE,70,4,6,-13.147411586990586,22,38,448.0,15,2,1,2013,2013-09-12,2013091200
,ATL,LA,61,4,8,13.565416678253353,25,45,525.0,16,4,3,2013,2013-09-15,2013091500
,LA,ATL,72,4,10,3.1069413699473376,35,55,194.0,6,4,3,2013,2013-09-15,2013091500
,BAL,CLE,68,2,5,-2.094901584215748,27,35,967.0,38,3,2,2013,2013-09-15,2013091501
,CLE,BAL,62,3,5,-15.502253330736458,19,42,1236.0,39,1,0,2013,2013-09-15,2013091501
,BUF,CAR,73,5,9,6.353366881741644,35,41,1124.0,50,4,2,2013,2013-09-15,2013091502
,CAR,BUF,76,3,5,-7.641400061927076,28,44,1150.0,45,5,2,2013,2013-09-15,2013091502
,CHI,MIN,64,5,9,-3.5435586001447916,36,39,1395.0,42,5,3,2013,2013-09-15,2013091503
,MIN,CHI,64,6,7,-5.674290978853085,27,31,1043.0,38,5,2,2013,2013-09-15,2013091503
,GB,WAS,67,9,13,25.592148641964595,39,46,490.0,17,8,5,2013,2013-09-15,2013091504
,WAS,GB,58,5,11,12.43547681102323,28,42,146.0,5,3,3,2013,2013-09-15,2013091504
,HOU,TEN,79,6,9,0.22748962614707935,30,50,1035.0,32,6,4,2013,2013-09-15,2013091505
,TEN,HOU,67,1,4,-5.619088003331891,27,34,1175.0,39,2,2,2013,2013-09-15,2013091505
,IND,MIA,72,5,8,6.8547635185345195,37,46,1012.0,37,4,2,2013,2013-09-15,2013091506
,MIA,IND,64,5,7,3.759990557148497,33,38,992.0,36,3,3,2013,2013-09-15,2013091506
,DAL,KC,60,3,4,-6.600293939614768,23,45,1173.0,33,2,1,2013,2013-09-15,2013091507
,KC,DAL,63,3,6,1.1777994296614085,24,38,1037.0,39,2,2,2013,2013-09-15,2013091507
,LAC,PHI,78,8,15,18.99463404504585,38,48,1579.0,46,5,3,2013,2013-09-15,2013091508
,PHI,LAC,58,9,11,22.16886724177699,31,38,461.0,22,5,3,2013,2013-09-15,2013091508
,ARI,DET,65,3,8,-9.217535524776846,25,42,1173.0,38,5,2,2013,2013-09-15,2013091509
,DET,ARI,57,3,6,-1.92792575286511,23,37,1010.0,31,2,2,2013,2013-09-15,2013091509
,NO,TB,66,4,8,-1.6571295914784732,28,46,1180.0,40,6,1,2013,2013-09-15,2013091510
,TB,NO,56,4,7,-8.482674761641785,20,23,925.0,31,1,1,2013,2013-09-15,2013091510
,DEN,NYG,69,4,10,11.868249909638202,28,43,1064.0,46,5,4,2013,2013-09-15,2013091511
,NYG,DEN,69,6,6,-10.795052470276628,26,50,1080.0,32,5,2,2013,2013-09-15,2013091511
,JAX,LV,62,4,7,-8.808137472126004,16,43,793.0,27,2,1,2013,2013-09-15,2013091512
,LV,JAX,60,6,8,-4.854076793469827,19,26,873.0,31,5,1,2013,2013-09-15,2013091512
,SEA,SF,68,3,5,-2.1030843309553293,20,23,1147.0,37,7,3,2013,2013-09-15,2013091513
,SF,SEA,50,1,4,-26.45182359376506,15,30,586.0,21,2,0,2013,2013-09-15,2013091513
,CIN,PIT,79,3,4,5.590995356601322,35,45,1174.0,45,3,2,2013,2013-09-16,2013091600
,PIT,CIN,54,4,6,-14.198093647610914,16,38,869.0,28,1,1,2013,2013-09-16,2013091600
,KC,PHI,74,4,9,-1.9446710813588788,31,39,904.0,28,7,1,2013,2013-09-19,2013091900
,PHI,KC,64,8,11,-9.51818159683674,27,35,402.0,19,3,2,2013,2013-09-19,2013091900
,BAL,HOU,57,4,4,2.503008161681336,20,26,800.0,26,2,1,2013,2013-09-22,2013092200
,HOU,BAL,61,0,4,-14.925657504752662,27,38,803.0,25,2,0,2013,2013-09-22,2013092200
,CIN,GB,54,5,6,-6.03867014847718,25,32,810.0,23,4,4,2013,2013-09-22,2013092201
,GB,CIN,77,4,6,-11.652680591373771,34,47,816.0,29,5,2,2013,2013-09-22,2013092201
,DAL,LA,59,5,8,15.695388852755208,29,25,499.0,13,6,4,2013,2013-09-22,2013092202
,LA,DAL,67,2,5,-23.78728203322995,20,55,193.0,7,2,1,2013,2013-09-22,2013092202
,ATL,MIA,68,2,6,8.03552382171708,36,38,1406.0,41,5,2,2013,2013-09-22,2013092203
,MIA,ATL,54,3,6,-0.177433554257165,24,40,445.0,18,3,3,2013,2013-09-22,2013092203
,CLE,MIN,74,6,9,-2.7478928533977167,28,57,1139.0,42,5,4,2013,2013-09-22,2013092204
,MIN,CLE,79,3,4,-8.105136014189743,29,48,1044.0,40,5,3,2013,2013-09-22,2013092204
,BUF,NYJ,75,5,8,-16.534638220276342,22,50,700.0,28,4,1,2013,2013-09-22,2013092205
,NYJ,BUF,69,7,9,8.166756829256563,28,28,1075.0,34,4,3,2013,2013-09-22,2013092205
,NE,TB,64,3,9,1.719551862792407,24,37,623.0,24,5,2,2013,2013-09-22,2013092206
,TB,NE,66,4,7,-15.035263921644495,24,44,828.0,29,3,0,2013,2013-09-22,2013092206
,ARI,NO,55,3,5,-10.680807524716784,24,39,900.0,35,2,1,2013,2013-09-22,2013092207
,NO,ARI,68,5,10,14.721413410203759,33,48,1081.0,36,6,4,2013,2013-09-22,2013092207
,LAC,TEN,53,1,3,8.267709738948025,25,26,1127.0,34,4,2,2013,2013-09-22,2013092208
,TEN,LAC,67,4,11,11.632374624135217,33,38,1148.0,37,4,2,2013,2013-09-22,2013092208
,DET,WAS,66,6,11,9.469371601030918,29,43,1150.0,40,5,3,2013,2013-09-22,2013092209
,WAS,DET,74,3,7,2.090211671291342,34,52,1169.0,38,3,1,2013,2013-09-22,2013092209
,CAR,NYG,72,4,8,12.721251089614633,32,28,623.0,21,6,5,2013,2013-09-22,2013092210
,NYG,CAR,49,2,4,-24.648357588749196,13,33,386.0,11,1,0,2013,2013-09-22,2013092210
,IND,SF,66,2,7,9.091018416926943,32,28,1313.0,39,4,3,2013,2013-09-22,2013092211
,SF,IND,52,4,4,-7.2562365664287105,21,30,952.0,29,1,1,2013,2013-09-22,2013092211
,JAX,SEA,66,3,5,-20.210646713742488,22,42,203.0,6,5,2,2013,2013-09-22,2013092212
,SEA,JAX,65,9,12,11.544193757111387,36,31,574.0,17,7,6,2013,2013-09-22,2013092212
,CHI,PIT,57,2,3,2.952635775528477,19,32,583.0,16,4,3,2013,2013-09-22,2013092213
,PIT,CHI,64,11,14,-13.823483338336104,30,43,76.0,3,4,2,2013,2013-09-22,2013092213
,DEN,LV,71,4,7,19.952209092386084,40,38,351.0,13,6,4,2013,2013-09-23,2013092300
,LV,DEN,51,5,11,6.6480338764081335,19,34,165.0,5,4,3,2013,2013-09-23,2013092300
,LA,SF,62,2,4,-23.835783362263125,18,45,894.0,25,1,1,2013,2013-09-26,2013092600
,SF,LA,65,5,9,-0.9160903074435047,25,25,660.0,22,5,5,2013,2013-09-26,2013092600
,BAL,BUF,63,7,9,-20.37801571057898,15,54,438.0,16,5,2,2013,2013-09-29,2013092900
,BUF,BAL,74,3,5,-10.324372022680413,28,24,864.0,33,5,2,2013,2013-09-29,2013092900
,CIN,CLE,64,3,4,-17.896449517702106,20,44,1260.0,41,2,0,2013,2013-09-29,2013092901
,CLE,CIN,68,3,7,8.177195841873612,32,41,1108.0,43,4,2,2013,2013-09-29,2013092901
,CHI,DET,68,7,7,-3.6583560879507253,26,52,315.0,10,6,3,2013,2013-09-29,2013092902
,DET,CHI,63,4,8,-2.413318393286024,31,36,872.0,26,6,3,2013,2013-09-29,2013092902
,HOU,SEA,88,5,12,-7.7479869427699235,34,53,862.0,25,4,2,2013,2013-09-29,2013092903
,SEA,HOU,57,4,6,-8.77131601827637,22,28,325.0,8,1,1,2013,2013-09-29,2013092903
,IND,JAX,70,6,11,10.566068131031049,29,41,695.0,22,6,3,2013,2013-09-29,2013092904
,JAX,IND,53,2,4,-29.755656119752786,15,35,505.0,14,1,0,2013,2013-09-29,2013092904
,KC,NYG,67,6,7,-0.17570091405134036,28,42,1150.0,38,3,3,2013,2013-09-29,2013092905
,NYG,KC,60,2,5,-14.510332876864721,23,39,833.0,31,1,1,2013,2013-09-29,2013092905
,MIN,PIT,50,4,5,18.77562943481647,24,26,684.0,24,5,4,2013,2013-09-29,2013092906
,PIT,MIN,74,4,9,9.178124259801766,37,53,308.0,8,6,3,2013,2013-09-29,2013092906
,ARI,TB,56,6,7,-12.081772486145415,20,38,473.0,15,3,1,2013,2013-09-29,2013092907
,TB,ARI,74,2,3,-14.184444092358627,26,44,1038.0,36,1,1,2013,2013-09-29,2013092907
,NYJ,TEN,62,5,9,-18.62844975596245,25,39,256.0,7,1,1,2013,2013-09-29,2013092908
,TEN,NYJ,63,4,6,7.135132707004911,20,34,715.0,21,5,4,2013,2013-09-29,2013092908
,DEN,PHI,70,2,6,23.396895528884478,40,38,1031.0,36,6,6,2013,2013-09-29,2013092909
,PHI,DEN,68,8,10,12.059587437134935,30,34,510.0,22,5,2,2013,2013-09-29,2013092909
,LV,WAS,65,2,5,-21.072425267474966,24,39,1017.0,34,2,1,2013,2013-09-29,2013092910
,WAS,LV,63,2,10,-8.01064157209667,22,31,901.0,30,3,2,2013,2013-09-29,2013092910
,DAL,LAC,56,1,2,2.5150724113810674,31,40,776.0,26,3,2,2013,2013-09-29,2013092911
,LAC,DAL,70,5,8,11.330880293142092,39,43,1342.0,40,5,3,2013,2013-09-29,2013092911
,ATL,NE,71,6,9,6.9827315939986025,33,56,1217.0,41,7,2,2013,2013-09-29,2013092912
,NE,ATL,59,7,12,18.435121005643666,28,31,1092.0,35,4,3,2013,2013-09-29,2013092912
,MIA,NO,57,5,7,-7.2437877489461195,26,39,434.0,15,3,2,2013,2013-09-30,2013093000
,NO,MIA,62,6,11,19.584447805579977,29,41,815.0,25,6,5,2013,2013-09-30,2013093000
,BUF,CLE,75,3,4,-9.367247611822256,29,44,1077.0,40,3,3,2013,2013-10-03,2013100300
,CLE,BUF,62,2,8,-2.7856263897151665,20,32,835.0,28,4,2,2013,2013-10-03,2013100300
,CHI,NO,55,5,7,2.390908173538061,26,36,394.0,13,3,2,2013,2013-10-06,2013100600
,NO,CHI,65,4,5,6.431216001619241,28,37,866.0,27,4,2,2013,2013-10-06,2013100600
,CIN,NE,68,3,6,-1.7446645495817104,30,31,1212.0,40,2,1,2013,2013-10-06,2013100601
,NE,CIN,59,2,5,-16.827003282199264,21,41,907.0,33,1,0,2013,2013-10-06,2013100601
,DET,GB,64,3,8,-2.84206260900831,26,46,932.0,32,1,1,2013,2013-10-06,2013100602
,GB,DET,63,6,6,10.287195512496915,23,31,1211.0,38,3,1,2013,2013-10-06,2013100602
,IND,SEA,60,2,6,3.782550191070418,25,33,473.0,16,3,3,2013,2013-10-06,2013100603
,SEA,IND,67,6,10,10.246306322852808,24,33,1350.0,47,4,2,2013,2013-10-06,2013100603
,BAL,MIA,73,5,7,-5.729720581460372,28,34,1325.0,42,3,2,2013,2013-10-06,2013100604
,MIA,BAL,56,5,6,-9.399426652666422,16,45,814.0,31,3,1,2013,2013-10-06,2013100604
,NYG,PHI,67,5,9,-5.220251792448884,29,50,727.0,25,3,3,2013,2013-10-06,2013100605
,PHI,NYG,75,7,8,5.708733150083136,31,40,950.0,37,8,3,2013,2013-10-06,2013100605
,JAX,LA,59,6,6,-20.272192856166605,20,34,572.0,20,4,2,2013,2013-10-06,2013100606
,LA,JAX,69,3,8,2.9369596991082796,29,36,845.0,28,6,3,2013,2013-10-06,2013100606
,KC,TEN,67,3,7,-10.325180442507621,28,41,772.0,24,4,1,2013,2013-10-06,2013100607
,TEN,KC,65,5,7,-11.281485419398168,22,44,519.0,18,5,2,2013,2013-10-06,2013100607
,ARI,CAR,54,2,6,-5.726177200896803,22,29,858.0,27,4,2,2013,2013-10-06,2013100608
,CAR,ARI,66,5,10,-19.313835219561522,27,46,1336.0,41,3,0,2013,2013-10-06,2013100608
,DAL,DEN,55,9,12,28.704993203464554,29,40,904.0,26,7,6,2013,2013-10-06,2013100609
,DEN,DAL,71,4,12,28.39774041967649,37,42,892.0,28,7,6,2013,2013-10-06,2013100609
,LAC,LV,70,5,7,-0.812334917317282,35,51,247.0,9,5,2,2013,2013-10-06,2013100610
,LV,LAC,53,3,5,5.794005283751383,27,27,408.0,11,2,2,2013,2013-10-06,2013100610
,HOU,SF,71,0,5,-23.936017276169355,25,41,294.0,9,1,0,2013,2013-10-06,2013100611
,SF,HOU,49,3,4,4.588997447539657,20,16,348.0,11,6,3,2013,2013-10-06,2013100611
,ATL,NYJ,69,2,6,6.2534840478926865,34,47,709.0,20,5,4,2013,2013-10-07,2013100700
,NYJ,ATL,46,4,6,6.963900685070183,21,24,737.0,23,5,3,2013,2013-10-07,2013100700
,CHI,NYG,64,3,7,13.843764472003162,34,35,889.0,26,3,2,2013,2013-10-10,2013101000
,NYG,CHI,53,4,10,0.6221408001276112,22,27,824.0,23,3,3,2013,2013-10-10,2013101000
,BAL,GB,61,5,6,-10.77424493708037,15,39,754.0,29,4,2,2013,2013-10-13,2013101300
,GB,BAL,63,5,9,2.849079955339125,27,35,987.0,34,5,1,2013,2013-10-13,2013101300
,BUF,CIN,68,4,5,3.8494912807677726,27,37,647.0,26,4,3,2013,2013-10-13,2013101301
,CIN,BUF,81,7,10,12.807048402908794,36,42,949.0,31,4,3,2013,2013-10-13,2013101301
,CLE,DET,64,3,8,1.4640723069950627,30,43,973.0,33,3,2,2013,2013-10-13,2013101302
,DET,CLE,71,3,5,8.332513108077872,33,44,1091.0,36,4,4,2013,2013-10-13,2013101302
,HOU,LA,73,5,8,-4.78932540595639,31,43,330.0,10,6,1,2013,2013-10-13,2013101303
,LA,HOU,41,1,3,7.716232385087076,19,16,742.0,20,3,3,2013,2013-10-13,2013101303
,KC,LV,61,1,3,-13.814002495069197,18,34,1036.0,38,4,2,2013,2013-10-13,2013101304
,LV,KC,71,2,7,-19.111467310185276,27,44,1006.0,32,1,1,2013,2013-10-13,2013101304
,CAR,MIN,63,2,4,23.61984809435935,32,27,958.0,30,5,5,2013,2013-10-13,2013101305
,MIN,CAR,60,4,7,-9.39980176687585,24,47,385.0,11,2,1,2013,2013-10-13,2013101305
,NYJ,PIT,57,2,3,-16.33909047342634,21,37,623.0,23,2,0,2013,2013-10-13,2013101306
,PIT,NYJ,61,3,7,3.2785923377959385,21,35,908.0,26,3,1,2013,2013-10-13,2013101306
,PHI,TB,64,4,6,10.43123147315097,29,32,953.0,41,5,4,2013,2013-10-13,2013101307
,TB,PHI,65,4,7,2.591966739480436,27,44,1148.0,35,4,2,2013,2013-10-13,2013101307
,DEN,JAX,69,7,8,8.964646078997562,29,42,912.0,35,6,5,2013,2013-10-13,2013101308
,JAX,DEN,70,4,10,-7.866412373352219,29,44,411.0,14,3,1,2013,2013-10-13,2013101308
,SEA,TEN,62,4,5,-1.4745197448649967,32,32,1146.0,36,5,2,2013,2013-10-13,2013101309
,TEN,SEA,52,1,3,-8.131708907151284,22,32,907.0,30,1,0,2013,2013-10-13,2013101309
,NE,NO,81,3,12,0.3320038614958043,30,46,1091.0,44,5,3,2013,2013-10-13,2013101310
,NO,NE,63,5,9,6.29491461582222,25,37,628.0,22,5,3,2013,2013-10-13,2013101310
,ARI,SF,64,2,5,-6.078913006425478,27,43,1056.0,37,3,3,2013,2013-10-13,2013101311
,SF,ARI,68,5,8,-0.9329576655329296,28,31,942.0,32,6,3,2013,2013-10-13,2013101311
,DAL,WAS,50,0,3,-1.4436018934341095,24,31,789.0,24,4,3,2013,2013-10-13,2013101312
,WAS,DAL,75,5,15,-0.3743005858958802,32,42,1103.0,33,4,1,2013,2013-10-13,2013101312
,IND,LAC,47,3,3,-2.126446083850207,24,30,911.0,30,1,0,2013,2013-10-14,2013101400
,LAC,IND,72,2,5,8.21804787222855,31,35,1291.0,41,4,1,2013,2013-10-14,2013101400
,ARI,SEA,71,0,4,-19.963611601254517,28,53,524.0,16,3,2,2013,2013-10-17,2013101700
,SEA,ARI,63,4,10,-1.120744369002896,31,32,971.0,35,5,4,2013,2013-10-17,2013101700
,ATL,TB,40,5,6,11.604100828942366,15,25,814.0,26,4,3,2013,2013-10-20,2013102000
,TB,ATL,75,2,3,-2.1022872234729313,32,47,480.0,16,5,2,2013,2013-10-20,2013102000
,CAR,LA,53,2,6,2.9377257343463543,25,19,786.0,21,4,2,2013,2013-10-20,2013102001
,LA,CAR,59,6,6,-13.956077952219506,22,38,833.0,22,4,1,2013,2013-10-20,2013102001
,CIN,DET,53,5,7,18.445869193265057,23,35,991.0,34,3,3,2013,2013-10-20,2013102002
,DET,CIN,75,4,9,18.918400580328864,31,50,1334.0,44,5,3,2013,2013-10-20,2013102002
,CLE,GB,68,0,2,-15.577017612776622,27,45,206.0,9,2,1,2013,2013-10-20,2013102003
,GB,CLE,65,3,6,17.595933195373245,29,37,436.0,13,5,4,2013,2013-10-20,2013102003
,JAX,LAC,59,4,6,-6.99507174786266,25,42,176.0,6,3,0,2013,2013-10-20,2013102004
,LAC,JAX,64,6,7,17.68421282287492,36,27,715.0,20,5,3,2013,2013-10-20,2013102004
,HOU,KC,54,6,6,-7.8112730928808825,21,30,1087.0,33,2,1,2013,2013-10-20,2013102005
,KC,HOU,65,4,7,2.5656957497362445,25,36,1093.0,39,5,2,2013,2013-10-20,2013102005
,BUF,MIA,65,2,6,-5.178084886692407,20,36,918.0,32,4,1,2013,2013-10-20,2013102006
,MIA,BUF,64,2,7,-8.26477560186072,24,39,726.0,20,4,3,2013,2013-10-20,2013102006
,NE,NYJ,70,2,5,-9.33169823685733,26,50,716.0,26,2,2,2013,2013-10-20,2013102007
,NYJ,NE,88,4,7,-5.011593282264686,34,37,1351.0,42,5,2,2013,2013-10-20,2013102007
,DAL,PHI,73,2,7,-5.731077435795767,33,49,1137.0,38,3,2,2013,2013-10-20,2013102008
,PHI,DAL,74,2,5,-23.879308484778445,20,51,596.0,29,2,0,2013,2013-10-20,2013102008
,CHI,WAS,51,6,6,5.708539417940709,25,30,793.0,24,5,4,2013,2013-10-20,2013102009
,WAS,CHI,73,7,13,18.539579175448903,39,30,1395.0,43,6,5,2013,2013-10-20,2013102009
,SF,TEN,61,6,9,12.712225573502508,25,23,656.0,18,3,3,2013,2013-10-20,2013102010
,TEN,SF,56,7,8,3.1931181827704647,24,43,492.0,14,3,2,2013,2013-10-20,2013102010
,BAL,PIT,61,2,3,8.136366794988735,24,35,964.0,34,3,1,2013,2013-10-20,2013102011
,PIT,BAL,54,0,4,6.230205743492264,31,26,1376.0,37,4,1,2013,2013-10-20,2013102011
,DEN,IND,73,7,10,2.4110681900415005,28,54,477.0,20,6,4,2013,2013-10-20,2013102012
,IND,DEN,70,5,6,-5.773802165151676,28,40,796.0,30,6,4,2013,2013-10-20,2013102012
,MIN,NYG,68,2,4,-25.37949373857574,18,54,523.0,24,1,0,2013,2013-10-21,2013102100
,NYG,MIN,72,2,3,-7.654828194661359,23,41,1161.0,38,5,2,2013,2013-10-21,2013102100
,CAR,TB,60,3,8,9.654134405090353,28,35,1286.0,37,5,4,2013,2013-10-24,2013102400
,TB,CAR,67,3,8,-11.368918346750174,23,53,354.0,13,2,1,2013,2013-10-24,2013102400
,DAL,DET,55,2,4,-3.410443253211872,21,30,993.0,33,3,3,2013,2013-10-27,2013102700
,DET,DAL,76,9,15,4.857206400882168,38,47,1297.0,39,5,4,2013,2013-10-27,2013102700
,JAX,SF,70,2,3,-7.574636341374077,28,45,246.0,8,4,1,2013,2013-10-27,2013102701
,SF,JAX,55,5,9,22.236962063835396,27,17,426.0,14,5,5,2013,2013-10-27,2013102701
,CLE,KC,52,4,7,4.011167848889759,18,37,397.0,14,2,2,2013,2013-10-27,2013102702
,KC,CLE,70,4,6,5.492724293250915,30,42,1184.0,39,3,2,2013,2013-10-27,2013102702
,MIA,NE,79,2,5,-2.6985140169798836,33,48,1096.0,36,4,2,2013,2013-10-27,2013102703
,NE,MIA,59,3,5,-4.614691345284633,26,25,409.0,18,4,3,2013,2013-10-27,2013102703
,BUF,NO,68,3,7,-13.340938785521153,24,43,791.0,28,3,2,2013,2013-10-27,2013102704
,NO,BUF,61,2,8,13.371202992867241,29,38,674.0,23,7,5,2013,2013-10-27,2013102704
,NYG,PHI,69,3,4,-11.118974722604726,29,39,751.0,23,2,0,2013,2013-10-27,2013102705
,PHI,NYG,56,1,2,-15.972197840406864,27,37,162.0,6,1,0,2013,2013-10-27,2013102705
,LV,PIT,58,1,4,-8.645137298902553,16,21,220.0,6,3,3,2013,2013-10-27,2013102706
,PIT,LV,69,3,5,-9.979338520327115,27,49,130.0,4,4,2,2013,2013-10-27,2013102706
,CIN,NYJ,56,5,6,15.87716301694458,25,31,526.0,15,6,5,2013,2013-10-27,2013102707
,NYJ,CIN,65,2,4,-28.815645115332437,22,41,51.0,2,0,0,2013,2013-10-27,2013102707
,ARI,ATL,51,4,8,8.337647169016229,19,21,505.0,14,5,3,2013,2013-10-27,2013102708
,ATL,ARI,78,3,6,-14.29403644420712,23,64,891.0,26,3,1,2013,2013-10-27,2013102708
,DEN,WAS,76,3,7,5.994708425321729,41,46,1078.0,41,6,5,2013,2013-10-27,2013102709
,WAS,DEN,69,1,3,-25.11689908304359,27,41,1108.0,38,2,2,2013,2013-10-27,2013102709
,GB,MIN,71,3,8,28.58513193145495,37,31,1474.0,44,6,4,2013,2013-10-27,2013102710
,MIN,GB,43,0,5,9.079535504507819,20,24,565.0,16,5,4,2013,2013-10-27,2013102710
,LA,SEA,69,3,7,-13.308502504815898,27,32,1180.0,35,4,0,2013,2013-10-28,2013102800
,SEA,LA,40,1,3,-11.570102244325545,10,25,753.0,23,2,2,2013,2013-10-28,2013102800
,CIN,MIA,91,5,11,-6.024947956379841,36,58,1128.0,41,4,2,2013,2013-10-31,2013103100
,MIA,CIN,61,3,5,-4.292643167211693,30,31,831.0,30,3,1,2013,2013-10-31,2013103100
,BUF,KC,77,5,7,-11.899124370618553,31,39,1386.0,48,4,1,2013,2013-11-03,2013110300
,KC,BUF,51,1,1,-7.909956469376709,22,31,926.0,30,1,0,2013,2013-11-03,2013110300
,ATL,CAR,47,2,5,-9.319403629288274,18,28,678.0,20,2,1,2013,2013-11-03,2013110301
,CAR,ATL,70,4,6,7.2419358528912685,30,37,1485.0,44,5,3,2013,2013-11-03,2013110301
,DAL,MIN,62,6,7,8.257803618965653,29,53,1089.0,36,3,2,2013,2013-11-03,2013110302
,MIN,DAL,68,3,7,2.7954539876518805,26,39,877.0,32,5,3,2013,2013-11-03,2013110302
,NO,NYJ,65,4,6,-2.897858954946523,29,53,652.0,21,2,2,2013,2013-11-03,2013110303
,NYJ,NO,57,6,7,2.0184722369505206,16,22,1082.0,33,4,2,2013,2013-11-03,2013110303
,LA,TEN,68,3,5,4.775970263926759,26,36,1418.0,40,4,3,2013,2013-11-03,2013110304
,TEN,LA,60,6,10,9.355875283765162,29,26,961.0,32,4,4,2013,2013-11-03,2013110304
,LAC,WAS,62,5,11,12.870029683287182,34,46,941.0,29,3,2,2013,2013-11-03,2013110305
,WAS,LAC,71,7,12,21.620562567821782,33,32,1204.0,36,5,4,2013,2013-11-03,2013110305
,LV,PHI,91,8,14,0.6076885638182024,41,58,501.0,14,4,2,2013,2013-11-03,2013110306
,PHI,LV,55,8,13,31.45680653555832,28,33,388.0,16,7,7,2013,2013-11-03,2013110306
,SEA,TB,59,3,8,19.954982600524108,28,25,495.0,16,6,3,2013,2013-11-03,2013110307
,TB,SEA,64,3,6,11.283236811738483,30,27,889.0,23,4,3,2013,2013-11-03,2013110307
,BAL,CLE,68,2,5,-2.6383682469072314,23,47,609.0,24,2,2,2013,2013-11-03,2013110308
,CLE,BAL,67,4,7,-1.6503522738011014,23,39,872.0,28,4,3,2013,2013-11-03,2013110308
,NE,PIT,70,7,12,27.9115413995935,37,36,808.0,33,10,7,2013,2013-11-03,2013110309
,PIT,NE,72,9,14,4.209674797384546,33,53,842.0,25,5,4,2013,2013-11-03,2013110309
,HOU,IND,67,7,11,13.625474696782195,31,34,319.0,9,4,3,2013,2013-11-03,2013110310
,IND,HOU,59,4,7,3.926322091155621,22,45,229.0,7,5,3,2013,2013-11-03,2013110310
,CHI,GB,75,4,12,11.865438150446515,32,42,1225.0,44,5,3,2013,2013-11-04,2013110400
,GB,CHI,55,3,9,-2.2415841761351887,22,26,1118.0,35,4,2,2013,2013-11-04,2013110400
,MIN,WAS,50,5,9,13.514417402654622,24,28,594.0,21,5,4,2013,2013-11-07,2013110700
,WAS,MIN,76,4,8,12.20169597260822,37,40,1221.0,37,5,3,2013,2013-11-07,2013110700
,ATL,SEA,53,2,3,-1.9056147300746513,21,38,515.0,15,1,1,2013,2013-11-10,2013111000
,SEA,ATL,69,7,8,24.55856283911837,32,27,750.0,21,3,3,2013,2013-11-10,2013111000
,BAL,CIN,71,0,2,-24.141291569680064,20,41,232.0,9,3,2,2013,2013-11-10,2013111001
,CIN,BAL,84,4,8,-15.015234315473439,25,54,311.0,11,3,2,2013,2013-11-10,2013111001
,CHI,DET,72,2,5,-5.352964080805079,21,51,1294.0,42,5,2,2013,2013-11-10,2013111002
,DET,CHI,60,4,8,3.7210574427250194,24,35,1064.0,32,4,3,2013,2013-11-10,2013111002
,GB,PHI,75,5,6,-6.354528483333949,35,45,1209.0,39,5,1,2013,2013-11-10,2013111003
,PHI,GB,55,8,10,13.827620762325008,26,21,417.0,22,7,3,2013,2013-11-10,2013111003
,IND,LA,69,6,6,-23.33806895883394,28,56,275.0,10,5,1,2013,2013-11-10,2013111004
,LA,IND,54,4,7,2.4067606045844094,15,18,430.0,13,5,3,2013,2013-11-10,2013111004
,LV,NYG,54,1,5,-16.38202075679834,20,29,1230.0,36,3,1,2013,2013-11-10,2013111005
,NYG,LV,60,3,5,-11.713995580047088,26,25,1081.0,32,3,2,2013,2013-11-10,2013111005
,BUF,PIT,62,2,3,-14.017481573939659,22,40,781.0,30,2,1,2013,2013-11-10,2013111006
,PIT,BUF,67,6,7,-10.24118607690115,24,34,1412.0,43,5,2,2013,2013-11-10,2013111006
,JAX,TEN,55,4,6,-15.236730496216323,16,26,515.0,17,4,2,2013,2013-11-10,2013111007
,TEN,JAX,70,3,6,-9.603592674171388,29,43,73.0,4,6,3,2013,2013-11-10,2013111007
,CAR,SF,65,1,5,-11.70069191212483,21,36,965.0,32,1,1,2013,2013-11-10,2013111008
,SF,CAR,52,0,2,-23.898498945683905,14,28,768.0,26,1,0,2013,2013-11-10,2013111008
,ARI,HOU,60,3,7,-4.616128402962465,25,33,1145.0,35,4,2,2013,2013-11-10,2013111009
,HOU,ARI,66,1,3,-10.755122083642124,24,45,1051.0,35,3,3,2013,2013-11-10,2013111009
,DEN,LAC,60,4,5,12.706129181896706,30,38,355.0,21,4,4,2013,2013-11-10,2013111010
,LAC,DEN,68,5,7,3.0852362039501613,27,33,1101.0,31,4,2,2013,2013-11-10,2013111010
,DAL,NO,42,3,5,-5.116000884550552,14,26,419.0,13,3,2,2013,2013-11-10,2013111011
,NO,DAL,78,8,13,46.06609185065252,52,42,1051.0,34,8,7,2013,2013-11-10,2013111011
,MIA,TB,59,0,2,-4.8706001400839405,19,45,466.0,18,3,2,2013,2013-11-11,2013111100
,TB,MIA,58,3,6,-2.658026235105689,23,23,570.0,17,4,2,2013,2013-11-11,2013111100
,IND,TEN,66,1,6,13.11990762561273,31,37,343.0,10,4,3,2013,2013-11-14,2013111400
,TEN,IND,54,2,6,15.696544498910711,29,30,693.0,21,5,3,2013,2013-11-14,2013111400
,BUF,NYJ,64,4,5,3.2589615477488127,24,29,817.0,26,3,3,2013,2013-11-17,2013111700
,NYJ,BUF,55,4,5,-23.56374836440739,15,32,507.0,14,3,2,2013,2013-11-17,2013111700
,BAL,CHI,75,1,4,-7.8326577577496534,32,34,1125.0,35,3,2,2013,2013-11-17,2013111701
,CHI,BAL,58,2,7,4.497389018884668,25,33,424.0,14,4,1,2013,2013-11-17,2013111701
,CIN,CLE,56,2,4,-19.774950629059763,15,28,315.0,11,4,3,2013,2013-11-17,2013111702
,CLE,CIN,77,3,3,-26.116237719340088,26,58,848.0,25,4,1,2013,2013-11-17,2013111702
,HOU,LV,71,7,10,-16.68043923576481,26,50,481.0,19,5,1,2013,2013-11-17,2013111703
,LV,HOU,62,5,6,-0.39497037787477585,21,34,893.0,29,4,4,2013,2013-11-17,2013111703
,ARI,JAX,65,6,9,11.122253435316058,26,44,1247.0,39,5,3,2013,2013-11-17,2013111704
,JAX,ARI,58,3,6,-7.056010502912136,20,42,621.0,21,2,2,2013,2013-11-17,2013111704
,LAC,MIA,62,5,10,4.993547598306454,28,36,1243.0,36,3,1,2013,2013-11-17,2013111705
,MIA,LAC,58,3,8,2.208386757458436,26,39,894.0,32,4,2,2013,2013-11-17,2013111705
,PHI,WAS,61,6,11,10.091564908930655,32,29,247.0,13,4,3,2013,2013-11-17,2013111706
,WAS,PHI,78,6,8,0.9627214956860533,35,40,583.0,16,4,2,2013,2013-11-17,2013111706
,DET,PIT,72,7,12,-4.16679712022837,26,47,786.0,33,6,3,2013,2013-11-17,2013111707
,PIT,DET,69,7,9,11.688539887750602,23,46,820.0,31,7,4,2013,2013-11-17,2013111707
,ATL,TB,66,3,6,-1.5365030562530628,29,46,440.0,14,4,3,2013,2013-11-17,2013111708
,TB,ATL,65,4,5,10.126066818609619,28,27,752.0,23,6,4,2013,2013-11-17,2013111708
,DEN,KC,76,5,7,5.495423443365067,26,40,1181.0,47,4,3,2013,2013-11-17,2013111709
,KC,DEN,72,5,10,-13.939925601647552,23,47,427.0,18,4,2,2013,2013-11-17,2013111709
,NO,SF,65,4,6,6.138759418295812,37,43,1235.0,35,5,2,2013,2013-11-17,2013111710
,SF,NO,56,1,3,-6.011053087692347,19,34,1102.0,36,3,2,2013,2013-11-17,2013111710
,MIN,SEA,69,5,7,-18.56471273244875,23,37,983.0,29,4,2,2013,2013-11-17,2013111711
,SEA,MIN,48,5,7,9.05876083151282,25,21,589.0,19,6,4,2013,2013-11-17,2013111711
,GB,NYG,52,5,10,-9.199372722236456,18,32,636.0,20,2,1,2013,2013-11-17,2013111712
,NYG,GB,63,4,5,4.259736756318787,26,39,1465.0,42,4,2,2013,2013-11-17,2013111712
,CAR,NE,54,3,7,14.665111534306359,24,31,1165.0,32,3,3,2013,2013-11-18,2013111800
,NE,CAR,66,3,4,11.034687608496887,33,41,989.0,30,5,2,2013,2013-11-18,2013111800
,ATL,NO,66,1,6,6.6949730851177165,31,44,1371.0,43,2,1,2013,2013-11-21,2013112100
,NO,ATL,57,2,10,11.134135039134403,26,34,1024.0,35,3,2,2013,2013-11-21,2013112100
,BAL,NYJ,62,3,6,-6.61877029975237,21,31,955.0,31,5,1,2013,2013-11-24,2013112400
,NYJ,BAL,55,1,6,-19.956803709594315,15,27,653.0,19,1,0,2013,2013-11-24,2013112400
,CLE,PIT,73,1,1,-20.17951708903952,23,58,635.0,22,1,1,2013,2013-11-24,2013112401
,PIT,CLE,65,0,0,-2.028336212272068,27,33,803.0,26,3,2,2013,2013-11-24,2013112401
,DET,TB,72,4,12,-9.922171807422446,30,48,1212.0,40,3,3,2013,2013-11-24,2013112402
,TB,DET,45,2,4,1.615196644279353,13,25,924.0,27,4,2,2013,2013-11-24,2013112402
,GB,MIN,89,7,11,5.572955675650915,34,56,782.0,28,5,3,2013,2013-11-24,2013112403
,MIN,GB,79,7,11,4.451939289847058,34,36,1068.0,33,5,2,2013,2013-11-24,2013112403
,HOU,JAX,56,3,4,-15.04437599664905,21,35,769.0,23,1,0,2013,2013-11-24,2013112404
,JAX,HOU,63,2,6,1.0165525077525084,24,36,1021.0,34,2,1,2013,2013-11-24,2013112404
,KC,LAC,58,5,8,13.688383536887441,26,41,1013.0,31,6,5,2013,2013-11-24,2013112405
,LAC,KC,67,6,8,22.624673431208738,30,40,766.0,25,7,5,2013,2013-11-24,2013112405
,CAR,MIA,67,1,3,0.9734252403742001,28,38,642.0,18,3,2,2013,2013-11-24,2013112406
,MIA,CAR,61,5,7,-5.797102662960396,18,44,986.0,30,3,1,2013,2013-11-24,2013112406
,CHI,LA,73,4,8,1.6633014780531479,38,47,0.0,0,4,3,2013,2013-11-24,2013112407
,LA,CHI,51,6,10,20.967871282022365,24,25,635.0,20,6,4,2013,2013-11-24,2013112407
,ARI,IND,71,5,11,15.88475164234843,29,41,617.0,18,6,3,2013,2013-11-24,2013112408
,IND,ARI,56,2,4,-15.00265979755365,20,41,293.0,9,2,1,2013,2013-11-24,2013112408
,LV,TEN,55,4,10,1.6026221553351172,23,32,1018.0,36,3,1,2013,2013-11-24,2013112409
,TEN,LV,73,4,5,14.099203961376574,28,44,1089.0,37,5,2,2013,2013-11-24,2013112409
,DAL,NYG,60,4,9,1.8457232637775545,26,42,1074.0,33,3,2,2013,2013-11-24,2013112410
,NYG,DAL,63,6,8,-8.438092035530886,28,32,792.0,28,4,2,2013,2013-11-24,2013112410
,DEN,NE,85,1,8,-0.028953811978015276,43,37,88.0,4,4,3,2013,2013-11-24,2013112411
,NE,DEN,84,3,5,-12.858224406695104,34,53,198.0,8,6,4,2013,2013-11-24,2013112411
,SF,WAS,56,5,6,-4.688063636454479,20,26,806.0,25,4,3,2013,2013-11-25,2013112500
,WAS,SF,58,0,2,-25.219781293110053,21,31,692.0,22,2,0,2013,2013-11-25,2013112500
,DET,GB,75,8,14,21.123435801250757,44,34,1362.0,41,8,5,2013,2013-11-28,2013112800
,GB,DET,42,2,3,-23.67456396316044,9,27,454.0,17,1,0,2013,2013-11-28,2013112800
,DAL,LV,63,3,5,11.01580401380356,32,34,986.0,29,5,4,2013,2013-11-28,2013112801
,LV,DAL,54,7,8,-3.997625856519861,22,30,947.0,28,3,2,2013,2013-11-28,2013112801
,BAL,PIT,59,3,5,5.346457285662224,21,37,760.0,26,4,1,2013,2013-11-28,2013112802
,PIT,BAL,63,3,7,9.737082464448372,27,45,723.0,22,3,3,2013,2013-11-28,2013112802
,CAR,TB,63,4,11,7.626193384071468,26,29,898.0,28,6,3,2013,2013-12-01,2013120100
,TB,CAR,45,3,5,-15.60639642844578,13,26,588.0,17,2,0,2013,2013-12-01,2013120100
,CLE,JAX,73,0,0,5.118703335055777,33,43,1321.0,45,4,4,2013,2013-12-01,2013120101
,JAX,CLE,72,0,0,1.9919800529303484,29,43,921.0,34,5,3,2013,2013-12-01,2013120101
,IND,TEN,60,4,8,-4.791600912799995,23,37,802.0,35,2,1,2013,2013-12-01,2013120102
,TEN,IND,74,2,5,-9.275029680383696,31,38,1382.0,46,2,2,2013,2013-12-01,2013120102
,DEN,KC,63,9,13,25.63262775645051,28,35,924.0,31,5,5,2013,2013-12-01,2013120103
,KC,DEN,66,6,13,15.503884319242413,33,41,935.0,27,6,4,2013,2013-12-01,2013120103
,CHI,MIN,65,5,11,7.278922172895071,29,40,979.0,31,3,2,2013,2013-12-01,2013120104
,MIN,CHI,86,9,15,3.1318666122824985,37,46,861.0,28,6,2,2013,2013-12-01,2013120104
,MIA,NYJ,79,5,10,0.5866807594095754,38,44,1306.0,45,6,2,2013,2013-12-01,2013120105
,NYJ,MIA,54,2,3,-26.15379840098471,16,32,449.0,18,2,0,2013,2013-12-01,2013120105
,ARI,PHI,67,4,9,-3.1845049766761315,31,46,927.0,28,3,3,2013,2013-12-01,2013120106
,PHI,ARI,70,5,10,-2.8809257223555034,28,39,602.0,28,5,3,2013,2013-12-01,2013120106
,ATL,BUF,83,6,8,2.993220010831801,34,53,997.0,32,5,4,2013,2013-12-01,2013120107
,BUF,ATL,63,6,8,3.2561473635362086,25,32,1028.0,37,5,4,2013,2013-12-01,2013120107
,LA,SF,67,3,6,-11.91324137897093,24,41,265.0,8,4,1,2013,2013-12-01,2013120108
,SF,LA,61,6,8,3.164380810877814,24,32,1139.0,35,6,2,2013,2013-12-01,2013120108
,HOU,NE,58,5,7,11.60490542258051,25,31,1038.0,33,4,4,2013,2013-12-01,2013120109
,NE,HOU,69,3,11,12.674337603033841,36,42,853.0,25,4,4,2013,2013-12-01,2013120109
,CIN,LAC,60,3,5,6.052471401370417,31,22,1059.0,33,3,2,2013,2013-12-01,2013120110
,LAC,CIN,63,2,7,-1.4767595151032675,23,39,1369.0,40,1,1,2013,2013-12-01,2013120110
,NYG,WAS,52,4,8,-0.11100329370606699,23,31,745.0,23,3,3,2013,2013-12-01,2013120111
,WAS,NYG,67,2,6,-4.909041458066051,28,36,1207.0,41,3,2,2013,2013-12-01,2013120111
,NO,SEA,55,2,2,-20.179735806523176,19,39,143.0,4,1,1,2013,2013-12-02,2013120200
,SEA,NO,68,4,7,9.810871283911336,27,31,320.0,9,5,3,2013,2013-12-02,2013120200
,HOU,JAX,80,5,7,-0.7572465913110848,33,61,346.0,12,5,2,2013,2013-12-05,2013120500
,JAX,HOU,56,3,5,3.333666289802827,19,28,716.0,26,4,3,2013,2013-12-05,2013120500
,BAL,MIN,79,2,5,-15.36276419968468,32,52,989.0,37,4,4,2013,2013-12-08,2013120800
,MIN,BAL,64,6,7,-1.1015967293352142,18,39,1050.0,36,4,3,2013,2013-12-08,2013120800
,CIN,IND,67,6,10,25.26114261632804,33,35,1104.0,34,6,6,2013,2013-12-08,2013120801
,IND,CIN,58,4,5,9.758668072705944,25,46,484.0,18,4,4,2013,2013-12-08,2013120801
,CLE,NE,69,6,11,16.287399499686433,30,43,1045.0,37,4,3,2013,2013-12-08,2013120802
,NE,CLE,76,6,12,10.780257145001855,38,55,644.0,28,4,3,2013,2013-12-08,2013120802
,LV,NYJ,65,5,8,7.828558676527491,23,39,309.0,8,4,3,2013,2013-12-08,2013120803
,NYJ,LV,58,5,8,8.87795796344838,27,26,704.0,21,4,3,2013,2013-12-08,2013120803
,CAR,NO,62,0,5,-2.330518123994142,21,39,934.0,26,3,1,2013,2013-12-08,2013120804
,NO,CAR,59,6,11,14.432181832966375,27,44,706.0,26,5,4,2013,2013-12-08,2013120804
,DET,PHI,58,3,3,-20.19423048193404,18,26,1293.0,39,3,2,2013,2013-12-08,2013120805
,PHI,DET,71,8,11,5.406291160801461,29,25,774.0,30,7,5,2013,2013-12-08,2013120805
,MIA,PIT,44,3,5,2.70148257759052,19,27,996.0,34,4,3,2013,2013-12-08,2013120806
,PIT,MIA,45,4,6,8.832906748774068,25,27,1079.0,32,3,3,2013,2013-12-08,2013120806
,BUF,TB,61,2,3,-33.88383039223008,16,40,293.0,10,1,0,2013,2013-12-08,2013120807
,TB,BUF,62,3,4,-20.838050846465944,11,26,309.0,10,5,3,2013,2013-12-08,2013120807
,KC,WAS,58,4,8,7.375078845124367,25,23,364.0,10,7,5,2013,2013-12-08,2013120808
,WAS,KC,64,3,6,-25.606799473008063,17,47,129.0,5,1,1,2013,2013-12-08,2013120808
,DEN,TEN,87,6,12,30.725500679063625,43,58,1328.0,51,8,6,2013,2013-12-08,2013120809
,TEN,DEN,48,4,6,-2.4424477609312585,17,26,560.0,19,4,4,2013,2013-12-08,2013120809
,ARI,LA,64,3,7,8.277771386485288,29,33,866.0,26,6,3,2013,2013-12-08,2013120810
,LA,ARI,50,3,7,-16.436483358716618,16,31,633.0,16,1,1,2013,2013-12-08,2013120810
,LAC,NYG,70,3,5,15.470304741012663,30,30,627.0,20,6,4,2013,2013-12-08,2013120811
,NYG,LAC,54,3,6,-9.787378132159263,26,34,323.0,9,2,2,2013,2013-12-08,2013120811
,SEA,SF,50,3,4,2.4253754088538884,18,27,1055.0,31,3,2,2013,2013-12-08,2013120812
,SF,SEA,63,3,6,-5.054168498083963,25,31,1173.0,39,4,1,2013,2013-12-08,2013120812
,ATL,GB,59,3,6,-2.609415361738318,25,36,782.0,24,2,2,2013,2013-12-08,2013120813
,GB,ATL,70,2,8,-4.989663133562303,29,38,1308.0,43,5,2,2013,2013-12-08,2013120813
,CHI,DAL,69,5,11,34.1922865665168,36,38,1003.0,30,8,5,2013,2013-12-09,2013120900
,DAL,CHI,54,2,7,13.091294000963401,29,27,590.0,21,4,4,2013,2013-12-09,2013120900
,DEN,LAC,53,4,8,5.675251186914453,25,42,499.0,19,3,2,2013,2013-12-12,2013121200
,LAC,DEN,64,3,5,10.481384434876945,26,22,1079.0,32,5,3,2013,2013-12-12,2013121200
,ATL,WAS,61,0,3,-9.728643004063175,25,41,1233.0,37,5,3,2013,2013-12-15,2013121500
,WAS,ATL,67,5,8,-7.715527764370366,34,46,504.0,21,7,3,2013,2013-12-15,2013121500
,CHI,CLE,62,6,10,1.4168344125160393,29,33,1212.0,35,6,4,2013,2013-12-15,2013121501
,CLE,CHI,56,2,9,-0.5909893835315128,26,39,1045.0,32,3,2,2013,2013-12-15,2013121501
,HOU,IND,63,2,2,-23.592712392404856,21,38,369.0,12,1,0,2013,2013-12-15,2013121502
,IND,HOU,68,3,5,-8.980123786903336,26,33,674.0,22,5,2,2013,2013-12-15,2013121502
,BUF,JAX,70,4,8,-1.523397775791257,27,28,1102.0,38,4,3,2013,2013-12-15,2013121503
,JAX,BUF,72,5,8,-15.62114871733861,27,41,570.0,28,4,2,2013,2013-12-15,2013121503
,MIA,NE,63,4,8,10.361553876567383,28,41,1129.0,33,4,3,2013,2013-12-15,2013121504
,NE,MIA,77,5,6,12.475841482153825,38,55,976.0,36,5,2,2013,2013-12-15,2013121504
,MIN,PHI,73,6,9,14.857300240816858,33,38,1230.0,37,8,6,2013,2013-12-15,2013121505
,PHI,MIN,67,8,14,6.665157644660732,33,54,524.0,20,6,3,2013,2013-12-15,2013121505
,NYG,SEA,53,1,2,-27.56693025407069,18,39,411.0,12,1,0,2013,2013-12-15,2013121506
,SEA,NYG,67,3,6,-0.6615640523793823,27,33,779.0,22,4,2,2013,2013-12-15,2013121506
,LA,NO,52,5,5,10.820309324570282,23,20,471.0,13,5,3,2013,2013-12-15,2013121507
,NO,LA,81,5,8,7.32219584098711,38,60,213.0,7,6,2,2013,2013-12-15,2013121507
,SF,TB,68,3,6,8.949546209166915,31,31,701.0,21,6,2,2013,2013-12-15,2013121508
,TB,SF,49,2,3,-9.819130349222332,19,37,285.0,10,2,2,2013,2013-12-15,2013121508
,ARI,TEN,67,4,7,7.8740660819788495,31,32,1134.0,39,4,3,2013,2013-12-15,2013121509
,TEN,ARI,77,7,11,9.536017633837744,38,58,1135.0,37,5,4,2013,2013-12-15,2013121509
,CAR,NYJ,60,4,7,11.563301782265643,25,26,1018.0,31,6,2,2013,2013-12-15,2013121510
,NYJ,CAR,59,3,6,4.635869725986377,24,31,587.0,21,3,2,2013,2013-12-15,2013121510
,KC,LV,50,4,8,16.93951237296248,22,27,267.0,8,8,7,2013,2013-12-15,2013121511
,LV,KC,72,9,10,-3.2791417386165924,26,39,205.0,6,5,4,2013,2013-12-15,2013121511
,DAL,GB,69,7,13,9.032915250752325,36,51,497.0,14,5,3,2013,2013-12-15,2013121512
,GB,DAL,66,6,7,12.863736347211228,31,42,252.0,6,5,5,2013,2013-12-15,2013121512
,CIN,PIT,68,0,2,-8.618062751588326,27,46,160.0,7,3,3,2013,2013-12-15,2013121513
,PIT,CIN,62,2,4,3.0146224378493347,23,26,436.0,13,4,2,2013,2013-12-15,2013121513
,BAL,DET,60,5,10,-7.561679481053899,19,39,1094.0,36,3,0,2013,2013-12-16,2013121600
,DET,BAL,63,4,8,1.8933249609997418,25,35,1243.0,35,2,2,2013,2013-12-16,2013121600
,BUF,MIA,73,3,5,0.754123299497464,28,26,435.0,18,4,1,2013,2013-12-22,2013122200
,MIA,BUF,52,1,1,-29.937376343966303,12,40,295.0,10,0,0,2013,2013-12-22,2013122200
,CAR,NO,42,4,4,-6.102782295215811,12,25,736.0,21,4,2,2013,2013-12-22,2013122201
,NO,CAR,81,5,6,-11.633349941706905,29,51,1427.0,47,2,1,2013,2013-12-22,2013122201
,CIN,MIN,75,5,10,11.847328195050189,29,40,576.0,19,5,5,2013,2013-12-22,2013122202
,MIN,CIN,48,2,3,-28.155057904956365,17,31,482.0,15,2,2,2013,2013-12-22,2013122202
,DEN,HOU,70,6,10,14.770437723699878,31,52,1059.0,41,6,4,2013,2013-12-22,2013122203
,HOU,DEN,65,2,5,-13.490960576074125,19,39,968.0,30,2,1,2013,2013-12-22,2013122203
,JAX,TEN,57,3,5,-4.414660615111918,22,36,886.0,33,4,2,2013,2013-12-22,2013122204
,TEN,JAX,71,4,6,4.131783985860351,28,29,1244.0,40,3,2,2013,2013-12-22,2013122204
,IND,KC,68,4,7,6.684547598402373,24,37,973.0,32,4,2,2013,2013-12-22,2013122205
,KC,IND,52,2,7,-16.91034297574906,24,32,521.0,22,2,1,2013,2013-12-22,2013122205
,CLE,NYJ,64,4,5,-11.203976291005755,25,43,1101.0,41,4,1,2013,2013-12-22,2013122206
,NYJ,CLE,73,4,11,14.168314683470104,32,37,948.0,37,4,3,2013,2013-12-22,2013122206
,CHI,PHI,62,3,5,-11.180940917655061,21,43,84.0,2,2,1,2013,2013-12-22,2013122207
,PHI,CHI,61,5,14,28.21953186150536,37,27,287.0,9,6,6,2013,2013-12-22,2013122207
,LA,TB,60,3,6,-9.097679965157784,23,21,1167.0,31,5,2,2013,2013-12-22,2013122208
,TB,LA,56,2,5,-14.667788803846806,19,33,1068.0,34,3,1,2013,2013-12-22,2013122208
,DAL,WAS,51,4,6,3.58718819232788,20,29,603.0,19,5,3,2013,2013-12-22,2013122209
,WAS,DAL,64,2,5,-0.6041499273152424,25,36,1306.0,42,4,2,2013,2013-12-22,2013122209
,DET,NYG,80,0,7,-6.475748508140198,34,45,1090.0,40,3,2,2013,2013-12-22,2013122210
,NYG,DET,65,3,8,-9.732180648823277,23,44,852.0,29,1,1,2013,2013-12-22,2013122210
,ARI,SEA,67,3,5,-15.327184351362579,19,27,1182.0,34,4,1,2013,2013-12-22,2013122211
,SEA,ARI,51,2,5,-14.258964212984077,16,31,849.0,30,3,1,2013,2013-12-22,2013122211
,GB,PIT,72,5,7,-0.882396438662123,33,42,1106.0,41,6,4,2013,2013-12-22,2013122212
,PIT,GB,58,5,6,9.905460026700053,29,29,960.0,32,5,4,2013,2013-12-22,2013122212
,LAC,LV,67,3,5,1.4350094705706442,26,30,1507.0,45,5,2,2013,2013-12-22,2013122213
,LV,LAC,54,2,5,-7.073529946736329,19,37,682.0,20,3,1,2013,2013-12-22,2013122213
,BAL,NE,73,3,9,-30.466263686846887,28,46,113.0,4,3,1,2013,2013-12-22,2013122214
,NE,BAL,62,2,5,-0.460465259641893,26,28,438.0,12,3,3,2013,2013-12-22,2013122214
,ATL,SF,69,3,6,3.021941109972094,36,49,1012.0,33,5,3,2013,2013-12-23,2013122300
,SF,ATL,54,5,9,17.996986404197255,29,24,1113.0,35,4,3,2013,2013-12-23,2013122300
,ATL,CAR,68,3,7,-1.3862862608515174,26,49,1021.0,31,4,2,2013,2013-12-29,2013122900
,CAR,ATL,57,2,6,-1.357759239787962,21,28,1037.0,38,2,2,2013,2013-12-29,2013122900
,CHI,GB,49,4,7,11.922403247364835,21,25,1008.0,28,4,4,2013,2013-12-29,2013122901
,GB,CHI,77,6,9,17.148552328007604,37,43,1476.0,47,7,4,2013,2013-12-29,2013122901
,BAL,CIN,66,0,0,-24.905282930157142,22,51,743.0,24,5,1,2013,2013-12-29,2013122902
,CIN,BAL,63,4,7,0.8346236697743428,32,35,1041.0,31,5,3,2013,2013-12-29,2013122902
,DAL,PHI,65,4,11,-5.612548012201996,28,47,999.0,27,3,2,2013,2013-12-29,2013122903
,PHI,DAL,62,6,12,5.483763974639205,29,31,983.0,35,4,3,2013,2013-12-29,2013122903
,IND,JAX,69,3,6,10.325660975744325,33,42,319.0,13,5,3,2013,2013-12-29,2013122904
,JAX,IND,69,3,7,-11.868446906732554,25,53,66.0,4,2,1,2013,2013-12-29,2013122904
,MIA,NYJ,58,5,6,-0.0010371075323409862,21,37,1186.0,39,1,1,2013,2013-12-29,2013122905
,NYJ,MIA,67,5,5,9.918960588013165,29,28,1129.0,43,5,2,2013,2013-12-29,2013122905
,DET,MIN,59,3,6,-6.00373822170423,20,37,1284.0,36,2,1,2013,2013-12-29,2013122906
,MIN,DET,53,3,4,-2.07184059730015,27,36,930.0,33,4,2,2013,2013-12-29,2013122906
,BUF,NE,68,6,9,-0.21049411343380076,25,33,317.0,12,4,2,2013,2013-12-29,2013122907
,NE,BUF,66,4,6,9.575021241812902,34,26,679.0,26,6,3,2013,2013-12-29,2013122907
,NO,TB,58,7,9,26.77298197513312,27,32,890.0,28,6,6,2013,2013-12-29,2013122908
,TB,NO,60,3,5,-7.6336024120538095,23,42,274.0,10,2,2,2013,2013-12-29,2013122908
,NYG,WAS,67,4,5,-21.65918363103513,21,33,1196.0,39,5,2,2013,2013-12-29,2013122909
,WAS,NYG,75,1,4,-36.116324833459714,18,52,831.0,33,2,0,2013,2013-12-29,2013122909
,CLE,PIT,64,6,7,-16.095321357859753,23,44,517.0,15,2,1,2013,2013-12-29,2013122910
,PIT,CLE,59,2,5,-2.2512510187119745,24,32,726.0,23,4,2,2013,2013-12-29,2013122910
,HOU,TEN,57,1,4,-11.074676899292932,23,35,1105.0,33,2,1,2013,2013-12-29,2013122911
,TEN,HOU,59,4,7,-0.5969025701961854,22,25,1167.0,37,2,1,2013,2013-12-29,2013122911
,ARI,SF,70,9,11,4.544933083898771,27,49,109.0,3,3,2,2013,2013-12-29,2013122912
,SF,ARI,59,5,9,-2.7799048953998873,23,36,234.0,10,5,2,2013,2013-12-29,2013122912
,DEN,LV,72,3,6,20.750891107397482,42,44,416.0,14,5,4,2013,2013-12-29,2013122913
,LV,DEN,56,2,5,-9.03203535666191,21,38,70.0,2,2,2,2013,2013-12-29,2013122913
,KC,LAC,69,4,6,2.6462948822424313,25,32,1083.0,34,4,3,2013,2013-12-29,2013122914
,LAC,KC,72,6,8,8.022482881503759,27,36,850.0,25,5,3,2013,2013-12-29,2013122914
,LA,SEA,49,1,2,-18.075995003081292,18,32,544.0,13,2,1,2013,2013-12-29,2013122915
,SEA,LA,59,1,2,3.0643313405111887,27,26,553.0,15,4,2,2013,2013-12-29,2013122915
,GB,SEA,58,1,5,-5.36832627654582,25,37,888.0,27,3,2,2014,2014-09-04,2014090400
,SEA,GB,63,4,6,15.863860818224952,29,29,876.0,31,6,4,2014,2014-09-04,2014090400
,ATL,NO,68,9,14,22.021988907194594,34,43,431.0,15,4,4,2014,2014-09-07,2014090700
,NO,ATL,70,3,8,14.057900481642179,36,42,1189.0,39,6,4,2014,2014-09-07,2014090700
,BAL,CIN,86,3,4,-3.9178378160190466,39,65,252.0,10,5,2,2014,2014-09-07,2014090701
,CIN,BAL,63,4,6,6.479494088627643,28,39,824.0,28,4,1,2014,2014-09-07,2014090701
,BUF,CHI,53,6,7,5.5535308170315805,22,22,979.0,27,4,2,2014,2014-09-07,2014090702
,CHI,BUF,67,1,4,8.707989744661631,37,49,702.0,20,3,2,2014,2014-09-07,2014090702
,HOU,WAS,54,3,3,2.0001971724323897,23,23,945.0,30,3,1,2014,2014-09-07,2014090703
,WAS,HOU,62,3,11,-4.360889437357924,26,39,1286.0,39,2,1,2014,2014-09-07,2014090703
,KC,TEN,55,3,7,-11.07651312253696,18,38,679.0,22,2,1,2014,2014-09-07,2014090704
,TEN,KC,73,1,9,8.67688151278481,29,37,1019.0,35,4,2,2014,2014-09-07,2014090704
,MIA,NE,69,2,6,0.16900614895105254,33,33,642.0,21,7,3,2014,2014-09-07,2014090705
,NE,MIA,80,2,4,-9.884492850980731,25,60,1139.0,43,3,2,2014,2014-09-07,2014090705
,LV,NYJ,48,1,2,-12.373143684258928,13,34,654.0,20,2,2,2014,2014-09-07,2014090706
,NYJ,LV,64,5,8,0.9842860788229837,28,32,1247.0,41,6,2,2014,2014-09-07,2014090706
,JAX,PHI,71,3,5,-17.812300154301113,24,46,324.0,16,3,2,2014,2014-09-07,2014090707
,PHI,JAX,81,6,7,-7.793196381019671,30,49,351.0,13,5,3,2014,2014-09-07,2014090707
,CLE,PIT,64,6,12,11.473717468469417,29,34,258.0,9,5,3,2014,2014-09-07,2014090708
,PIT,CLE,64,8,12,13.229701958704357,30,36,664.0,20,5,3,2014,2014-09-07,2014090708
,LA,MIN,62,5,8,-15.874332198422778,23,41,556.0,17,1,0,2014,2014-09-07,2014090709
,MIN,LA,54,3,7,6.369231761606292,20,26,735.0,27,3,3,2014,2014-09-07,2014090709
,DAL,SF,63,3,7,-6.032715091497334,37,40,298.0,8,4,2,2014,2014-09-07,2014090710
,SF,DAL,52,4,5,10.543694661786674,25,24,79.0,2,4,3,2014,2014-09-07,2014090710
,CAR,TB,66,3,6,7.021947599254117,29,33,1043.0,32,4,2,2014,2014-09-07,2014090711
,TB,CAR,55,2,4,-6.986159851945128,22,38,318.0,11,2,2,2014,2014-09-07,2014090711
,DEN,IND,65,4,5,15.155975992971905,31,37,622.0,21,5,4,2014,2014-09-07,2014090712
,IND,DEN,70,4,7,3.5859532082870884,33,56,289.0,9,5,3,2014,2014-09-07,2014090712
,DET,NYG,61,6,8,21.101122249907164,25,34,855.0,21,6,4,2014,2014-09-08,2014090800
,NYG,DET,57,2,6,-16.724755329929767,17,35,307.0,13,2,2,2014,2014-09-08,2014090800
,ARI,LAC,66,5,9,1.1862831000136516,25,40,952.0,29,3,2,2014,2014-09-08,2014090801
,LAC,ARI,60,5,6,-7.536257850280366,23,36,1144.0,35,3,2,2014,2014-09-08,2014090801
,BAL,PIT,63,4,5,11.084963428399277,27,29,1183.0,36,6,2,2014,2014-09-11,2014091100
,PIT,BAL,57,2,6,-13.36848815897884,23,39,691.0,23,2,0,2014,2014-09-11,2014091100
,BUF,MIA,58,5,6,-1.4635446906960583,15,26,817.0,27,8,2,2014,2014-09-14,2014091400
,MIA,BUF,74,0,3,-13.31400531442776,34,53,328.0,10,3,1,2014,2014-09-14,2014091400
,CAR,DET,63,6,10,0.3759981497796803,27,40,1017.0,33,4,2,2014,2014-09-14,2014091401
,DET,CAR,70,3,7,-6.082882063520737,28,52,1302.0,42,1,1,2014,2014-09-14,2014091401
,ATL,CIN,63,2,6,-9.763727016068424,28,44,693.0,23,1,1,2014,2014-09-14,2014091402
,CIN,ATL,68,5,8,15.756954429650243,30,24,1084.0,38,5,3,2014,2014-09-14,2014091402
,CLE,NO,72,1,3,5.6312462091536695,30,42,965.0,39,4,2,2014,2014-09-14,2014091403
,NO,CLE,68,4,7,6.415470154967812,36,41,680.0,22,4,3,2014,2014-09-14,2014091403
,MIN,NE,59,3,5,-16.352990675522367,21,41,557.0,15,3,1,2014,2014-09-14,2014091404
,NE,MIN,60,1,2,-3.340407167049797,26,23,546.0,16,4,2,2014,2014-09-14,2014091404
,ARI,NYG,59,4,9,-3.333907425772826,18,33,818.0,26,4,1,2014,2014-09-14,2014091405
,NYG,ARI,68,3,5,-4.143146027907544,28,41,694.0,21,3,2,2014,2014-09-14,2014091405
,DAL,TEN,76,2,6,3.491739343986777,34,33,986.0,29,3,2,2014,2014-09-14,2014091406
,TEN,DAL,49,3,6,-4.971905284549556,23,36,161.0,6,2,1,2014,2014-09-14,2014091406
,JAX,WAS,48,2,2,-23.866120748643525,11,38,139.0,6,2,1,2014,2014-09-14,2014091407
,WAS,JAX,80,6,10,17.38506883514135,37,39,534.0,16,7,5,2014,2014-09-14,2014091407
,LAC,SEA,75,2,8,14.983745305041111,34,38,1479.0,43,4,3,2014,2014-09-14,2014091408
,SEA,LAC,39,4,7,11.973258228983983,20,26,443.0,12,3,3,2014,2014-09-14,2014091408
,LA,TB,60,2,7,6.55006285966666,30,31,1175.0,35,4,1,2014,2014-09-14,2014091409
,TB,LA,51,5,9,6.347323282823163,24,21,1153.0,34,5,2,2014,2014-09-14,2014091409
,DEN,KC,45,3,8,15.764177047716398,23,27,806.0,26,4,3,2014,2014-09-14,2014091410
,KC,DEN,75,7,9,8.217128830041943,29,44,700.0,23,4,2,2014,2014-09-14,2014091410
,GB,NYJ,66,4,6,3.7687106236860908,30,46,410.0,14,5,3,2014,2014-09-14,2014091411
,NYJ,GB,70,2,3,0.13995705549153303,26,34,659.0,24,3,3,2014,2014-09-14,2014091411
,HOU,LV,64,3,5,13.255186288659058,25,19,578.0,17,5,3,2014,2014-09-14,2014091412
,LV,HOU,59,3,5,-11.894480640843783,26,42,73.0,2,2,2,2014,2014-09-14,2014091412
,CHI,SF,50,2,4,-1.5673592509489647,18,35,166.0,6,4,4,2014,2014-09-14,2014091413
,SF,CHI,64,5,9,-0.5009350225138012,28,37,323.0,12,5,2,2014,2014-09-14,2014091413
,IND,PHI,71,1,8,0.18811190555871915,30,34,1034.0,34,4,3,2014,2014-09-15,2014091500
,PHI,IND,65,6,12,15.052163779009504,31,37,667.0,31,7,3,2014,2014-09-15,2014091500
,ATL,TB,65,7,11,12.560968221264673,31,29,569.0,18,7,6,2014,2014-09-18,2014091800
,TB,ATL,56,1,2,-26.06015412981729,15,38,81.0,2,2,1,2014,2014-09-18,2014091800
,BUF,LAC,64,4,8,-4.729748267618135,28,42,451.0,12,2,1,2014,2014-09-21,2014092100
,LAC,BUF,63,5,5,7.128306896047941,22,26,794.0,26,5,2,2014,2014-09-21,2014092100
,CIN,TEN,56,2,4,3.1932837382535255,28,26,384.0,11,6,4,2014,2014-09-21,2014092101
,TEN,CIN,63,5,9,-4.2106272698164355,24,36,380.0,10,2,1,2014,2014-09-21,2014092101
,BAL,CLE,62,7,9,2.762573768407459,27,30,1073.0,32,5,2,2014,2014-09-21,2014092102
,CLE,BAL,55,7,7,17.95664353664102,25,26,1117.0,32,4,3,2014,2014-09-21,2014092102
,DET,GB,70,3,8,2.771375814168743,33,35,1437.0,46,3,1,2014,2014-09-21,2014092103
,GB,DET,51,0,5,-13.232837239720007,22,29,934.0,34,2,1,2014,2014-09-21,2014092103
,IND,JAX,73,10,13,24.534942131483923,38,45,622.0,18,7,4,2014,2014-09-21,2014092104
,JAX,IND,55,5,7,-6.150618153380808,22,35,73.0,2,2,2,2014,2014-09-21,2014092104
,LV,NE,56,1,2,-7.067671990707022,18,34,1204.0,37,2,0,2014,2014-09-21,2014092105
,NE,LV,68,2,7,2.729117212247424,28,39,1162.0,42,4,1,2014,2014-09-21,2014092105
,MIN,NO,52,3,6,0.1095876311610664,17,32,472.0,17,2,0,2014,2014-09-21,2014092106
,NO,MIN,66,2,8,17.291710577757556,36,36,1176.0,38,4,3,2014,2014-09-21,2014092106
,HOU,NYG,61,5,7,-5.957629853269668,21,36,420.0,15,3,2,2014,2014-09-21,2014092107
,NYG,HOU,70,2,6,2.164177573632971,32,29,1060.0,37,8,3,2014,2014-09-21,2014092107
,PHI,WAS,66,5,10,3.0507429503401124,21,42,614.0,33,6,4,2014,2014-09-21,2014092108
,WAS,PHI,75,5,6,14.420092690337798,38,48,1542.0,48,5,4,2014,2014-09-21,2014092108
,DAL,LA,50,4,6,3.0354536776426153,20,23,445.0,11,5,3,2014,2014-09-21,2014092109
,LA,DAL,71,2,8,10.03401549371744,36,42,1132.0,32,5,3,2014,2014-09-21,2014092109
,ARI,SF,58,6,7,11.501566056809358,22,34,867.0,33,5,2,2014,2014-09-21,2014092110
,SF,ARI,62,3,4,8.150342391088271,28,38,1518.0,46,3,2,2014,2014-09-21,2014092110
,KC,MIA,72,3,6,5.171172420329136,27,31,1164.0,38,5,5,2014,2014-09-21,2014092111
,MIA,KC,67,4,9,-11.135066802889165,27,47,695.0,26,3,1,2014,2014-09-21,2014092111
,DEN,SEA,70,2,5,-8.638196569546764,29,51,713.0,24,4,2,2014,2014-09-21,2014092112
,SEA,DEN,74,2,4,4.365326111973372,38,38,806.0,25,5,3,2014,2014-09-21,2014092112
,CAR,PIT,55,3,8,6.936138701154147,26,45,648.0,21,2,2,2014,2014-09-21,2014092113
,PIT,CAR,62,4,10,17.823116862573972,26,30,1075.0,35,4,3,2014,2014-09-21,2014092113
,CHI,NYJ,60,1,4,-4.279510258522103,25,42,393.0,16,3,2,2014,2014-09-22,2014092200
,NYJ,CHI,71,3,10,0.8585493133785804,29,45,191.0,7,6,1,2014,2014-09-22,2014092200
,NYG,WAS,78,6,7,18.522036941450253,33,40,903.0,25,8,6,2014,2014-09-25,2014092500
,WAS,NYG,51,5,9,-10.306443747452086,18,34,268.0,9,2,2,2014,2014-09-25,2014092500
,BAL,CAR,60,7,11,26.428259541838916,31,30,649.0,22,6,5,2014,2014-09-28,2014092800
,CAR,BAL,62,3,7,7.340826900605709,21,36,665.0,23,4,1,2014,2014-09-28,2014092800
,CHI,GB,77,4,9,4.954750034271714,39,36,1347.0,44,4,2,2014,2014-09-28,2014092801
,GB,CHI,47,5,9,23.786457205836356,22,29,869.0,31,7,5,2014,2014-09-28,2014092801
,BUF,HOU,68,2,2,-20.49661992071788,23,45,1123.0,36,4,2,2014,2014-09-28,2014092802
,HOU,BUF,61,3,5,-13.674208027670904,23,39,642.0,21,2,1,2014,2014-09-28,2014092802
,IND,TEN,78,5,11,22.416709645430114,38,41,543.0,17,7,5,2014,2014-09-28,2014092803
,TEN,IND,47,3,7,-4.181267185714833,21,31,126.0,3,3,2,2014,2014-09-28,2014092803
,ATL,MIN,63,6,9,14.979955533763361,32,41,979.0,38,4,4,2014,2014-09-28,2014092804
,MIN,ATL,75,7,12,23.735601380230552,35,31,1108.0,41,6,4,2014,2014-09-28,2014092804
,DET,NYJ,61,4,8,8.99194480300644,29,37,1103.0,34,3,3,2014,2014-09-28,2014092805
,NYJ,DET,62,4,6,-5.029237562939826,27,35,557.0,20,3,2,2014,2014-09-28,2014092805
,LV,MIA,62,3,8,-14.840400967029069,29,44,495.0,15,2,2,2014,2014-09-28,2014092806
,MIA,LV,66,5,14,6.919987310980762,29,31,605.0,19,9,4,2014,2014-09-28,2014092806
,PIT,TB,72,4,9,12.41791193601385,34,45,1373.0,43,4,3,2014,2014-09-28,2014092807
,TB,PIT,63,5,10,7.188791204259372,27,43,781.0,30,6,3,2014,2014-09-28,2014092807
,JAX,LAC,64,3,4,-6.625634289412339,29,39,954.0,30,2,2,2014,2014-09-28,2014092808
,LAC,JAX,60,6,11,15.220691723400012,24,40,818.0,27,7,3,2014,2014-09-28,2014092808
,PHI,SF,56,1,2,-18.36965841990307,20,44,531.0,26,1,0,2014,2014-09-28,2014092809
,SF,PHI,74,6,9,-1.8037607066165853,28,34,1461.0,45,4,2,2014,2014-09-28,2014092809
,DAL,NO,62,5,13,23.89456745102494,34,30,847.0,23,5,5,2014,2014-09-28,2014092810
,NO,DAL,59,4,7,4.642792138560392,27,46,480.0,14,3,2,2014,2014-09-28,2014092810
,KC,NE,64,4,9,18.687155581903024,32,28,718.0,20,6,4,2014,2014-09-29,2014092900
,NE,KC,48,3,4,-3.743735022968017,22,32,296.0,9,2,2,2014,2014-09-29,2014092900
,GB,MIN,51,4,6,6.465555471307048,17,24,248.0,8,5,5,2014,2014-10-02,2014100200
,MIN,GB,75,0,5,-21.778795412126783,29,50,206.0,7,3,1,2014,2014-10-02,2014100200
,CAR,CHI,62,4,10,-3.5801995956403267,25,37,539.0,21,3,3,2014,2014-10-05,2014100500
,CHI,CAR,61,4,6,-3.867104173110258,23,40,1035.0,28,4,3,2014,2014-10-05,2014100500
,DAL,HOU,74,4,8,10.32906811798459,37,41,1484.0,45,5,2,2014,2014-10-05,2014100501
,HOU,DAL,55,3,6,2.6999112573267388,24,25,731.0,22,3,2,2014,2014-10-05,2014100501
,BUF,DET,68,5,10,-9.201082185353176,23,45,251.0,9,3,1,2014,2014-10-05,2014100502
,DET,BUF,56,3,6,-9.783848047009897,20,37,435.0,12,1,1,2014,2014-10-05,2014100502
,BAL,IND,56,4,9,-18.31250392103769,20,41,578.0,22,3,1,2014,2014-10-05,2014100503
,IND,BAL,79,6,9,-5.975513750312464,33,50,1214.0,41,6,2,2014,2014-10-05,2014100503
,JAX,PIT,52,2,5,-9.822057783799961,21,37,977.0,36,2,0,2014,2014-10-05,2014100504
,PIT,JAX,65,5,8,4.7587922016157576,31,40,1232.0,37,4,1,2014,2014-10-05,2014100504
,NO,TB,86,5,10,6.9153676959012955,40,58,737.0,25,8,4,2014,2014-10-05,2014100505
,TB,NO,54,5,8,5.602113884594618,20,33,625.0,21,3,3,2014,2014-10-05,2014100505
,ATL,NYG,66,4,5,2.1715779613852537,29,45,1224.0,43,4,2,2014,2014-10-05,2014100506
,NYG,ATL,63,1,4,9.393199289322897,27,31,866.0,27,4,3,2014,2014-10-05,2014100506
,LA,PHI,76,6,8,-1.6946335249955544,36,53,146.0,6,5,4,2014,2014-10-05,2014100507
,PHI,LA,69,3,6,-2.5830239842354086,29,37,391.0,19,4,2,2014,2014-10-05,2014100507
,CLE,TEN,74,5,9,12.181327717540672,38,38,187.0,6,5,3,2014,2014-10-05,2014100508
,TEN,CLE,64,4,6,12.056771612159924,25,35,551.0,16,4,4,2014,2014-10-05,2014100508
,ARI,DEN,56,2,5,-13.043535242688964,13,37,852.0,31,3,2,2014,2014-10-05,2014100509
,DEN,ARI,74,9,12,14.723173432333184,33,48,1025.0,36,5,5,2014,2014-10-05,2014100509
,LAC,NYJ,71,5,7,13.79546034229066,24,31,695.0,22,5,4,2014,2014-10-05,2014100510
,NYJ,LAC,53,0,0,-24.953660162672946,18,32,291.0,9,1,0,2014,2014-10-05,2014100510
,KC,SF,50,1,6,5.160636526144808,21,31,1157.0,38,2,2,2014,2014-10-05,2014100511
,SF,KC,67,3,6,5.169590821531365,30,30,1170.0,36,5,1,2014,2014-10-05,2014100511
,CIN,NE,47,3,7,-8.060001448055175,16,29,202.0,7,3,2,2014,2014-10-05,2014100512
,NE,CIN,78,5,12,18.079776160724485,35,35,443.0,14,6,3,2014,2014-10-05,2014100512
,SEA,WAS,63,5,9,10.816017439679241,27,27,806.0,23,5,3,2014,2014-10-06,2014100600
,WAS,SEA,54,5,6,-1.0534168577403022,16,37,502.0,17,3,2,2014,2014-10-06,2014100600
,HOU,IND,52,5,7,-1.9701272196729622,20,28,42.0,2,4,3,2014,2014-10-09,2014100900
,IND,HOU,80,4,10,-0.5246778463424875,31,47,361.0,14,6,4,2014,2014-10-09,2014100900
,ATL,CHI,53,4,7,-4.140938988903983,21,41,781.0,27,1,1,2014,2014-10-12,2014101200
,CHI,ATL,67,5,9,20.91391842356347,34,42,1152.0,38,5,3,2014,2014-10-12,2014101200
,BUF,NE,67,5,10,2.154291440378067,27,44,767.0,24,3,3,2014,2014-10-12,2014101201
,NE,BUF,65,4,9,18.59566379732652,29,39,1001.0,34,5,4,2014,2014-10-12,2014101201
,CAR,CIN,79,3,6,16.82081970423982,40,45,1115.0,34,7,4,2014,2014-10-12,2014101202
,CIN,CAR,75,6,11,16.519994534476346,36,44,1082.0,38,7,4,2014,2014-10-12,2014101202
,CLE,PIT,56,6,8,4.218356816159364,18,18,291.0,10,4,4,2014,2014-10-12,2014101203
,PIT,CLE,75,3,9,-12.9340138725632,31,43,745.0,21,4,1,2014,2014-10-12,2014101203
,GB,MIA,77,3,5,10.22747406329789,34,44,1468.0,45,5,3,2014,2014-10-12,2014101204
,MIA,GB,55,5,6,5.9353482207394626,23,32,727.0,29,4,3,2014,2014-10-12,2014101204
,DET,MIN,65,1,4,-8.170266971918984,24,37,777.0,26,3,2,2014,2014-10-12,2014101205
,MIN,DET,62,1,4,-25.938294682329694,23,45,585.0,21,2,0,2014,2014-10-12,2014101205
,DEN,NYJ,67,4,5,8.849968512860144,30,34,824.0,28,4,3,2014,2014-10-12,2014101206
,NYJ,DEN,62,1,3,-15.062116037553283,15,47,598.0,18,4,2,2014,2014-10-12,2014101206
,BAL,TB,59,4,10,21.91197116076946,27,27,174.0,6,6,6,2014,2014-10-12,2014101207
,TB,BAL,67,6,11,-4.466993356687145,29,49,76.0,4,4,2,2014,2014-10-12,2014101207
,JAX,TEN,74,3,6,-1.8925278982788594,36,51,1107.0,38,2,2,2014,2014-10-12,2014101208
,TEN,JAX,53,5,8,-3.0827436537847643,19,30,1149.0,36,3,1,2014,2014-10-12,2014101208
,LAC,LV,66,7,12,17.382299927126276,31,36,1493.0,43,5,4,2014,2014-10-12,2014101209
,LV,LAC,53,3,6,16.55359347631846,26,33,864.0,34,4,4,2014,2014-10-12,2014101209
,ARI,WAS,68,3,8,0.3860331944045432,26,45,1195.0,38,4,2,2014,2014-10-12,2014101210
,WAS,ARI,57,5,9,-13.852537327426148,26,40,912.0,31,3,2,2014,2014-10-12,2014101210
,DAL,SEA,69,7,10,11.732801808970379,26,33,1063.0,33,4,3,2014,2014-10-12,2014101211
,SEA,DAL,48,3,3,-6.527826286670831,9,30,657.0,20,3,1,2014,2014-10-12,2014101211
,NYG,PHI,59,3,8,-18.36038813136695,19,36,96.0,3,1,0,2014,2014-10-12,2014101212
,PHI,NYG,71,5,12,4.717527712692462,29,35,497.0,17,5,3,2014,2014-10-12,2014101212
,LA,SF,68,3,7,-8.593228105097813,25,45,796.0,22,3,2,2014,2014-10-13,2014101300
,SF,LA,65,6,9,-0.06725230930193438,27,35,717.0,23,4,3,2014,2014-10-13,2014101300
,NE,NYJ,52,5,9,9.392937317560243,20,37,677.0,32,5,3,2014,2014-10-16,2014101600
,NYJ,NE,80,2,7,8.174204948565244,36,37,1705.0,48,5,2,2014,2014-10-16,2014101600
,ATL,BAL,65,4,8,-13.841754486777974,20,49,624.0,18,2,1,2014,2014-10-19,2014101900
,BAL,ATL,61,5,8,8.9104704850463,26,25,734.0,23,6,3,2014,2014-10-19,2014101900
,BUF,MIN,65,4,9,-4.138486653571656,29,47,899.0,34,4,2,2014,2014-10-19,2014101901
,MIN,BUF,60,4,5,-11.41510603576284,17,31,1095.0,34,2,1,2014,2014-10-19,2014101901
,CHI,MIA,51,2,5,-12.465402558356612,21,37,472.0,12,3,2,2014,2014-10-19,2014101902
,MIA,CHI,66,3,7,16.29672760095642,36,35,1185.0,32,6,3,2014,2014-10-19,2014101902
,DET,NO,66,3,6,-0.5070146422532447,25,43,845.0,25,5,3,2014,2014-10-19,2014101903
,NO,DET,66,5,10,0.24748734093494473,26,45,1053.0,35,4,2,2014,2014-10-19,2014101903
,CAR,GB,67,3,6,-7.53126004903723,32,42,88.0,2,3,2,2014,2014-10-19,2014101904
,GB,CAR,53,4,6,15.462358972061113,27,26,424.0,13,6,5,2014,2014-10-19,2014101904
,CIN,IND,54,1,1,-25.04569351954759,15,42,164.0,8,1,0,2014,2014-10-19,2014101905
,IND,CIN,78,7,9,9.105278900346272,42,44,701.0,25,5,3,2014,2014-10-19,2014101905
,CLE,JAX,73,2,7,-32.855476989226716,16,44,1063.0,41,2,0,2014,2014-10-19,2014101906
,JAX,CLE,67,5,7,-13.126414265999593,24,33,1109.0,39,6,3,2014,2014-10-19,2014101906
,LA,SEA,47,2,4,9.930699740278005,26,22,693.0,19,3,3,2014,2014-10-19,2014101907
,SEA,LA,69,6,10,19.934604701913624,30,40,339.0,10,5,3,2014,2014-10-19,2014101907
,TEN,WAS,49,1,4,-0.1577127291927051,18,27,982.0,29,3,2,2014,2014-10-19,2014101908
,WAS,TEN,55,4,5,-1.3016916455183984,23,30,1029.0,32,5,1,2014,2014-10-19,2014101908
,KC,LAC,70,2,8,10.310551297065448,34,31,1735.0,45,3,2,2014,2014-10-19,2014101909
,LAC,KC,49,4,5,-1.772155834865536,22,33,523.0,21,3,2,2014,2014-10-19,2014101909
,DAL,NYG,59,6,13,21.563920566923386,25,25,1148.0,33,4,4,2014,2014-10-19,2014101910
,NYG,DAL,59,3,7,4.551131466444158,23,33,940.0,33,3,3,2014,2014-10-19,2014101910
,ARI,LV,69,3,8,5.299428822664731,30,32,1265.0,40,3,3,2014,2014-10-19,2014101911
,LV,ARI,47,1,5,-3.3345679690601937,13,29,819.0,26,2,1,2014,2014-10-19,2014101911
,DEN,SF,53,6,8,22.645188446256277,29,29,369.0,10,6,6,2014,2014-10-19,2014101912
,SF,DEN,70,4,8,-8.042920972250863,26,52,284.0,9,4,2,2014,2014-10-19,2014101912
,HOU,PIT,62,7,10,1.6309386615565633,26,33,547.0,17,4,2,2014,2014-10-20,2014102000
,PIT,HOU,59,5,7,4.178889185620918,24,37,450.0,15,4,3,2014,2014-10-20,2014102000
,DEN,LAC,65,4,10,22.350312284101854,38,35,877.0,30,5,5,2014,2014-10-23,2014102300
,LAC,DEN,57,4,8,3.431720752252821,23,42,788.0,23,3,3,2014,2014-10-23,2014102300
,ATL,DET,55,2,6,3.728924157356355,28,29,530.0,14,3,3,2014,2014-10-26,2014102600
,DET,ATL,68,4,6,8.057800449519805,31,45,166.0,4,4,2,2014,2014-10-26,2014102600
,CAR,SEA,55,2,5,-12.273236710003822,22,25,988.0,28,3,0,2014,2014-10-26,2014102601
,SEA,CAR,58,3,6,-3.3393573290267864,23,33,844.0,32,4,1,2014,2014-10-26,2014102601
,BAL,CIN,61,2,5,-4.169087045113047,24,35,1126.0,36,4,2,2014,2014-10-26,2014102602
,CIN,BAL,63,4,7,3.58536891542221,28,30,963.0,29,6,3,2014,2014-10-26,2014102602
,JAX,MIA,68,6,7,-14.02789433705466,22,38,1027.0,33,2,1,2014,2014-10-26,2014102603
,MIA,JAX,55,4,5,-2.9218403130973862,23,32,490.0,18,4,1,2014,2014-10-26,2014102603
,KC,LA,64,3,8,9.244615172412425,29,30,837.0,23,5,4,2014,2014-10-26,2014102604
,LA,KC,51,2,3,-11.64370007399942,17,32,597.0,16,3,1,2014,2014-10-26,2014102604
,CHI,NE,66,4,8,4.120551008622323,34,40,308.0,10,3,3,2014,2014-10-26,2014102605
,NE,CHI,70,3,12,29.624087464835277,39,39,545.0,19,8,5,2014,2014-10-26,2014102605
,BUF,NYJ,52,4,4,2.593693012455132,18,21,544.0,16,7,5,2014,2014-10-26,2014102606
,NYJ,BUF,79,2,4,-17.687279593227323,30,46,233.0,8,3,3,2014,2014-10-26,2014102606
,MIN,TB,64,2,7,-2.2532014068091457,25,42,1010.0,33,2,1,2014,2014-10-26,2014102607
,TB,MIN,56,2,2,-11.692806002581275,17,33,719.0,22,1,1,2014,2014-10-26,2014102607
,HOU,TEN,78,5,9,9.92719475753771,31,40,912.0,38,5,3,2014,2014-10-26,2014102608
,TEN,HOU,56,3,5,-4.4913749528191556,20,43,455.0,16,4,2,2014,2014-10-26,2014102608
,ARI,PHI,65,5,6,4.2713264059509815,22,42,1124.0,40,4,3,2014,2014-10-26,2014102609
,PHI,ARI,88,6,9,0.6084311518735976,39,62,1036.0,47,5,2,2014,2014-10-26,2014102609
,CLE,LV,53,4,7,-1.3471988093375389,18,29,781.0,29,4,2,2014,2014-10-26,2014102610
,LV,CLE,78,3,9,-9.894622691379876,30,56,1185.0,36,2,1,2014,2014-10-26,2014102610
,IND,PIT,55,7,10,9.394814028671203,26,46,202.0,7,6,4,2014,2014-10-26,2014102611
,PIT,IND,81,4,13,30.445365112342937,41,49,802.0,23,7,6,2014,2014-10-26,2014102611
,GB,NO,63,5,8,8.911436640238012,32,44,904.0,33,5,2,2014,2014-10-26,2014102612
,NO,GB,65,6,9,23.82862305014117,37,34,1276.0,43,9,5,2014,2014-10-26,2014102612
,DAL,WAS,63,6,9,1.823261927676843,32,38,1051.0,38,3,2,2014,2014-10-27,2014102700
,WAS,DAL,63,5,9,9.231872967144426,29,33,1121.0,28,2,2,2014,2014-10-27,2014102700
,CAR,NO,55,2,2,-8.29545098640005,21,32,606.0,23,2,1,2014,2014-10-30,2014103000
,NO,CAR,72,4,12,5.038568947719731,34,37,1185.0,42,5,4,2014,2014-10-30,2014103000
,CIN,JAX,67,3,8,8.675271837901338,30,33,792.0,24,6,4,2014,2014-11-02,2014110200
,JAX,CIN,61,4,9,2.466705531481021,25,36,543.0,17,5,3,2014,2014-11-02,2014110200
,CLE,TB,66,7,10,-8.647681492456384,22,38,954.0,35,3,2,2014,2014-11-02,2014110201
,TB,CLE,60,7,9,-6.800032890033545,22,34,1354.0,38,4,2,2014,2014-11-02,2014110201
,ARI,DAL,63,5,8,6.767015040453211,29,36,801.0,25,4,4,2014,2014-11-02,2014110202
,DAL,ARI,59,2,4,-11.933210462292221,21,34,1151.0,32,3,1,2014,2014-11-02,2014110202
,HOU,PHI,59,4,6,1.592740572595896,22,31,1056.0,33,3,2,2014,2014-11-02,2014110203
,PHI,HOU,77,7,7,7.985452216213275,39,39,1075.0,44,5,4,2014,2014-11-02,2014110203
,KC,NYJ,56,2,2,15.589401712549996,27,32,663.0,19,4,3,2014,2014-11-02,2014110204
,NYJ,KC,69,4,5,-0.013282095305720443,29,39,49.0,2,2,1,2014,2014-11-02,2014110204
,LAC,MIA,49,0,5,-21.215952543373888,16,30,451.0,13,0,0,2014,2014-11-02,2014110205
,MIA,LAC,74,5,8,12.198396877887205,35,39,496.0,15,8,4,2014,2014-11-02,2014110205
,MIN,WAS,72,4,10,12.352278746985261,32,44,554.0,20,4,4,2014,2014-11-02,2014110206
,WAS,MIN,62,3,5,6.143356227133612,28,33,1012.0,31,5,3,2014,2014-11-02,2014110206
,LA,SF,51,2,3,-12.443891129692874,17,25,885.0,27,2,1,2014,2014-11-02,2014110207
,SF,LA,62,3,4,-12.721496278381103,23,41,1051.0,35,3,1,2014,2014-11-02,2014110207
,DEN,NE,74,8,13,-7.640653953943277,28,58,421.0,15,4,3,2014,2014-11-02,2014110208
,NE,DEN,79,4,7,6.195290896310367,34,54,536.0,20,5,4,2014,2014-11-02,2014110208
,LV,SEA,59,1,3,-13.656255813796873,21,41,506.0,15,2,2,2014,2014-11-02,2014110209
,SEA,LV,71,2,7,0.13553084438537139,29,36,427.0,14,4,2,2014,2014-11-02,2014110209
,BAL,PIT,66,2,5,-10.851918121971565,30,48,673.0,23,4,3,2014,2014-11-02,2014110210
,PIT,BAL,66,3,8,14.939593242380743,29,41,705.0,23,6,6,2014,2014-11-02,2014110210
,IND,NYG,71,8,10,13.674436468340314,27,47,650.0,23,5,4,2014,2014-11-03,2014110300
,NYG,IND,75,4,11,0.777423992723782,27,55,322.0,11,4,3,2014,2014-11-03,2014110300
,CIN,CLE,63,0,2,-34.09655609443759,18,41,387.0,16,1,0,2014,2014-11-06,2014110600
,CLE,CIN,75,3,8,7.715580907520583,34,23,452.0,14,4,3,2014,2014-11-06,2014110600
,BAL,TEN,60,2,3,8.391349436260132,24,28,929.0,33,4,3,2014,2014-11-09,2014110900
,TEN,BAL,53,1,6,-11.25616594961092,19,31,1248.0,36,2,1,2014,2014-11-09,2014110900
,BUF,KC,71,3,5,-3.863586339815614,31,49,1351.0,46,5,1,2014,2014-11-09,2014110901
,KC,BUF,59,3,6,-4.7721207394047624,22,35,780.0,27,3,2,2014,2014-11-09,2014110901
,DET,MIA,62,4,8,3.7668698978494324,27,44,829.0,24,4,2,2014,2014-11-09,2014110902
,MIA,DET,58,1,3,-8.340016868426037,24,39,276.0,8,4,1,2014,2014-11-09,2014110902
,DAL,JAX,59,5,9,8.492064859097136,22,29,702.0,18,4,4,2014,2014-11-09,2014110903
,JAX,DAL,65,5,6,-6.006765861320864,24,41,412.0,12,4,2,2014,2014-11-09,2014110903
,NO,SF,79,3,5,4.495231767327956,35,48,167.0,6,3,3,2014,2014-11-09,2014110904
,SF,NO,67,4,8,3.1933179137547647,26,36,832.0,23,4,3,2014,2014-11-09,2014110904
,NYJ,PIT,55,1,3,4.360218126799008,22,22,391.0,10,4,2,2014,2014-11-09,2014110905
,PIT,NYJ,60,2,5,-7.97697923869846,25,43,161.0,5,4,1,2014,2014-11-09,2014110905
,ATL,TB,59,5,6,7.233582142994294,26,32,1106.0,35,4,2,2014,2014-11-09,2014110906
,TB,ATL,68,3,8,6.348114036756963,34,45,1149.0,41,3,2,2014,2014-11-09,2014110906
,DEN,LV,73,4,9,12.221104755794624,32,48,758.0,34,7,5,2014,2014-11-09,2014110907
,LV,DEN,61,2,3,-14.131121541388389,17,46,670.0,22,2,2,2014,2014-11-09,2014110907
,ARI,LA,65,2,7,-5.691758030163717,24,44,1331.0,42,3,2,2014,2014-11-09,2014110908
,LA,ARI,57,2,5,-27.165828192687943,18,36,866.0,26,2,2,2014,2014-11-09,2014110908
,NYG,SEA,62,4,4,-3.925499047703232,29,45,857.0,35,2,2,2014,2014-11-09,2014110909
,SEA,NYG,62,6,10,21.761684224454637,37,19,1312.0,36,7,5,2014,2014-11-09,2014110909
,CHI,GB,67,3,4,-28.692320348154546,23,44,110.0,5,4,2,2014,2014-11-09,2014110910
,GB,CHI,64,5,7,14.309893500057106,26,32,455.0,14,9,6,2014,2014-11-09,2014110910
,CAR,PHI,81,5,8,-23.17534214541765,31,49,96.0,3,3,3,2014,2014-11-10,2014111000
,PHI,CAR,57,7,11,4.460954590271038,22,38,152.0,8,4,4,2014,2014-11-10,2014111000
,BUF,MIA,58,0,5,-9.4170942258241,22,40,1197.0,37,2,0,2014,2014-11-13,2014111300
,MIA,BUF,62,3,6,7.5929894298246925,30,39,1109.0,37,7,2,2014,2014-11-13,2014111300
,ATL,CAR,73,1,6,-3.9012698096336993,26,46,926.0,35,3,1,2014,2014-11-16,2014111600
,CAR,ATL,64,3,8,-2.6898590547222074,27,39,1095.0,31,3,2,2014,2014-11-16,2014111600
,CHI,MIN,72,5,7,13.709969360813085,36,42,587.0,18,4,3,2014,2014-11-16,2014111601
,MIN,CHI,45,4,6,-1.9536435957679614,13,30,554.0,19,3,1,2014,2014-11-16,2014111601
,CLE,HOU,74,8,10,-14.407676747707134,26,51,872.0,37,3,1,2014,2014-11-16,2014111602
,HOU,CLE,82,3,6,6.240964273984624,39,30,1172.0,51,3,2,2014,2014-11-16,2014111602
,GB,PHI,60,8,11,23.222348941638234,31,38,508.0,17,6,4,2014,2014-11-16,2014111603
,PHI,GB,77,6,10,-12.546196123504046,34,46,139.0,5,5,2,2014,2014-11-16,2014111603
,KC,SEA,44,3,4,6.182885680828068,28,16,1056.0,29,5,3,2014,2014-11-16,2014111604
,SEA,KC,71,3,6,1.4199268015271835,33,34,1321.0,41,5,2,2014,2014-11-16,2014111604
,CIN,NO,56,6,8,20.62012882984645,27,23,760.0,25,4,3,2014,2014-11-16,2014111605
,NO,CIN,67,0,5,7.536475385574941,32,41,925.0,32,3,1,2014,2014-11-16,2014111605
,NYG,SF,67,5,10,-19.41174782941682,21,46,728.0,30,3,1,2014,2014-11-16,2014111606
,SF,NYG,66,2,6,-5.00067556280327,28,31,1445.0,43,5,1,2014,2014-11-16,2014111606
,DEN,LA,64,4,10,-7.298793123259832,26,55,540.0,21,1,1,2014,2014-11-16,2014111607
,LA,DEN,65,4,5,-4.053299414547065,22,32,1005.0,29,4,1,2014,2014-11-16,2014111607
,TB,WAS,45,5,8,12.71043725956991,15,25,650.0,18,4,2,2014,2014-11-16,2014111608
,WAS,TB,69,2,4,-9.765445378171645,26,38,386.0,13,2,1,2014,2014-11-16,2014111608
,LAC,LV,68,2,4,-10.203714472510372,27,36,1064.0,37,2,1,2014,2014-11-16,2014111609
,LV,LAC,54,4,5,-15.475846695521499,17,35,593.0,17,1,0,2014,2014-11-16,2014111609
,ARI,DET,54,6,9,3.5529477050829406,18,32,704.0,20,3,2,2014,2014-11-16,2014111610
,DET,ARI,53,4,6,-5.710326544460682,18,34,477.0,13,1,0,2014,2014-11-16,2014111610
,IND,NE,57,7,8,-0.11796466727751032,20,40,644.0,18,4,2,2014,2014-11-16,2014111611
,NE,IND,71,7,10,32.78261104083559,40,30,1270.0,44,6,6,2014,2014-11-16,2014111611
,PIT,TEN,71,2,7,9.552639103208556,38,37,1206.0,38,4,2,2014,2014-11-17,2014111700
,TEN,PIT,39,4,6,4.312110460952042,18,24,602.0,20,4,3,2014,2014-11-17,2014111700
,KC,LV,62,6,7,-4.5920989206299865,23,38,435.0,14,4,2,2014,2014-11-20,2014112000
,LV,KC,65,2,4,8.503859936018065,27,36,444.0,16,3,3,2014,2014-11-20,2014112000
,ATL,CLE,68,4,5,2.4417989934005595,31,45,1047.0,36,3,3,2014,2014-11-23,2014112300
,CLE,ATL,70,5,11,5.341434556444702,33,41,1242.0,46,7,2,2014,2014-11-23,2014112300
,BUF,NYJ,62,3,6,10.458923888913244,30,33,977.0,32,4,4,2014,2014-11-23,2014112301
,NYJ,BUF,57,2,5,-20.235399138913184,17,38,418.0,14,1,0,2014,2014-11-23,2014112301
,CHI,TB,56,1,3,-12.039660469138605,19,30,764.0,25,4,3,2014,2014-11-23,2014112302
,TB,CHI,75,5,8,-19.623759646351647,24,53,1051.0,40,3,1,2014,2014-11-23,2014112302
,CIN,HOU,77,2,5,-3.209518002873278,31,35,1261.0,38,5,2,2014,2014-11-23,2014112303
,HOU,CIN,63,1,3,-8.04896448471571,21,44,551.0,21,3,0,2014,2014-11-23,2014112303
,IND,JAX,70,4,9,-0.518714620997516,36,37,1187.0,39,6,2,2014,2014-11-23,2014112304
,JAX,IND,53,3,5,-25.754149923240966,17,31,642.0,21,2,0,2014,2014-11-23,2014112304
,GB,MIN,59,2,7,11.956433754677319,29,30,1151.0,36,3,3,2014,2014-11-23,2014112305
,MIN,GB,63,2,4,1.2449055233223416,30,38,1176.0,42,2,2,2014,2014-11-23,2014112305
,DET,NE,71,3,7,-9.391401500246591,25,47,784.0,24,1,0,2014,2014-11-23,2014112306
,NE,DET,73,4,12,7.712577207040128,35,53,603.0,25,6,4,2014,2014-11-23,2014112306
,PHI,TEN,79,3,9,0.11592430659251551,30,45,168.0,7,8,4,2014,2014-11-23,2014112307
,TEN,PHI,60,7,8,-16.574254649345487,21,43,11.0,2,5,2,2014,2014-11-23,2014112307
,LA,LAC,61,4,8,-9.62229117228813,21,37,800.0,26,4,2,2014,2014-11-23,2014112308
,LAC,LA,58,5,7,13.469068731343544,31,36,852.0,26,5,2,2014,2014-11-23,2014112308
,ARI,SEA,49,2,5,-13.247208962931618,16,29,520.0,14,1,0,2014,2014-11-23,2014112309
,SEA,ARI,56,5,8,-2.0391266693029766,21,29,609.0,18,6,1,2014,2014-11-23,2014112309
,DEN,MIA,70,6,10,28.630944583181293,38,37,837.0,23,8,5,2014,2014-11-23,2014112310
,MIA,DEN,58,3,6,10.736075986308137,34,37,1076.0,34,5,5,2014,2014-11-23,2014112310
,SF,WAS,58,4,5,-3.4095189355687086,22,31,1159.0,36,3,2,2014,2014-11-23,2014112311
,WAS,SF,52,4,5,-14.350242593145571,15,25,1001.0,29,2,1,2014,2014-11-23,2014112311
,DAL,NYG,51,5,9,13.657309266597077,26,27,383.0,11,5,4,2014,2014-11-23,2014112312
,NYG,DAL,73,4,8,12.419928372961833,33,41,1165.0,37,5,4,2014,2014-11-23,2014112312
,BAL,NO,56,8,12,20.611603923460102,27,25,1081.0,34,5,3,2014,2014-11-24,2014112400
,NO,BAL,69,6,11,11.380815963568425,38,48,1229.0,41,6,3,2014,2014-11-24,2014112400
,CHI,DET,58,4,5,-0.3106816005079005,24,51,666.0,23,4,2,2014,2014-11-27,2014112700
,DET,CHI,70,8,12,14.224319266209184,36,47,1028.0,33,5,4,2014,2014-11-27,2014112700
,DAL,PHI,57,3,6,-13.372134787626809,23,33,333.0,10,2,1,2014,2014-11-27,2014112701
,PHI,DAL,73,4,6,12.98138725394053,37,30,448.0,20,7,3,2014,2014-11-27,2014112701
,SEA,SF,60,4,8,1.3960201868185256,19,26,560.0,15,5,1,2014,2014-11-27,2014112702
,SF,SEA,51,0,1,-20.825180183511236,15,33,379.0,13,1,0,2014,2014-11-27,2014112702
,BAL,LAC,63,4,9,7.904331436674161,26,31,1010.0,33,7,3,2014,2014-11-30,2014113000
,LAC,BAL,65,4,9,14.834314135910327,34,47,519.0,14,6,4,2014,2014-11-30,2014113000
,BUF,CLE,61,4,4,-13.20501168627442,22,31,779.0,28,5,1,2014,2014-11-30,2014113001
,CLE,BUF,65,2,7,-14.586284504626693,20,39,1014.0,36,3,1,2014,2014-11-30,2014113001
,HOU,TEN,67,6,10,16.23391213670741,27,33,551.0,16,8,6,2014,2014-11-30,2014113002
,TEN,HOU,56,5,7,-14.06106731273196,27,34,37.0,1,3,2,2014,2014-11-30,2014113002
,IND,WAS,47,6,9,16.636330816015743,25,27,580.0,16,6,6,2014,2014-11-30,2014113003
,WAS,IND,73,8,12,-3.3387556965114906,29,52,202.0,6,6,3,2014,2014-11-30,2014113003
,JAX,NYG,64,4,7,-7.5763842304139875,24,43,75.0,5,3,1,2014,2014-11-30,2014113004
,NYG,JAX,73,4,7,-10.874322980783951,31,38,889.0,28,4,3,2014,2014-11-30,2014113004
,CAR,MIN,71,3,8,-0.6028523268634656,30,39,221.0,7,3,1,2014,2014-11-30,2014113005
,MIN,CAR,46,2,4,-0.05964072290435152,18,22,182.0,5,2,2,2014,2014-11-30,2014113005
,NO,PIT,54,5,8,17.692214475596373,25,28,950.0,31,5,5,2014,2014-11-30,2014113006
,PIT,NO,83,7,13,12.722636153115179,41,60,941.0,32,4,3,2014,2014-11-30,2014113006
,LA,LV,48,4,7,9.085119160858772,22,23,290.0,9,7,6,2014,2014-11-30,2014113007
,LV,LA,75,0,3,-39.43684066355594,27,54,117.0,4,1,0,2014,2014-11-30,2014113007
,CIN,TB,57,2,6,-8.35413221533894,25,30,689.0,20,3,2,2014,2014-11-30,2014113008
,TB,CIN,55,3,5,-9.093145320908746,18,30,733.0,21,3,1,2014,2014-11-30,2014113008
,ARI,ATL,51,5,7,-5.693856539510865,24,39,40.0,2,1,1,2014,2014-11-30,2014113009
,ATL,ARI,74,4,13,4.477549876266963,35,42,471.0,21,6,2,2014,2014-11-30,2014113009
,GB,NE,67,7,10,18.32993097846566,28,41,901.0,31,6,2,2014,2014-11-30,2014113010
,NE,GB,53,3,6,11.13942556982487,22,36,145.0,5,4,3,2014,2014-11-30,2014113010
,DEN,KC,79,4,10,2.278820103190778,31,35,569.0,16,8,2,2014,2014-11-30,2014113011
,KC,DEN,44,2,4,-17.845983732061562,18,30,124.0,4,2,2,2014,2014-11-30,2014113011
,MIA,NYJ,54,3,6,-4.327306365974781,20,37,776.0,20,2,1,2014,2014-12-01,2014120100
,NYJ,MIA,64,4,5,1.7833304454654062,28,15,764.0,25,2,1,2014,2014-12-01,2014120100
,CHI,DAL,61,4,8,7.127987880423218,28,46,613.0,18,5,4,2014,2014-12-04,2014120400
,DAL,CHI,60,5,8,21.201035364803776,31,27,1135.0,36,7,5,2014,2014-12-04,2014120400
,CIN,PIT,58,4,6,-0.0706901466247074,23,38,1003.0,32,3,3,2014,2014-12-07,2014120700
,PIT,CIN,69,5,9,22.850141156035335,31,39,1268.0,42,6,5,2014,2014-12-07,2014120700
,CLE,IND,62,3,3,-18.008724793937823,16,32,1134.0,35,2,1,2014,2014-12-07,2014120701
,IND,CLE,77,5,8,-20.827858983875075,29,58,780.0,31,4,3,2014,2014-12-07,2014120701
,DET,TB,66,4,9,9.968046704115181,27,38,1057.0,32,6,4,2014,2014-12-07,2014120702
,TB,DET,59,4,4,-14.172032972613128,18,45,376.0,15,4,2,2014,2014-12-07,2014120702
,HOU,JAX,60,3,5,4.630472365682636,24,21,1130.0,36,3,3,2014,2014-12-07,2014120703
,JAX,HOU,66,3,6,-16.181961428966112,18,44,1127.0,42,3,1,2014,2014-12-07,2014120703
,BAL,MIA,61,6,11,18.788422532773684,32,33,475.0,15,5,4,2014,2014-12-07,2014120704
,MIA,BAL,54,2,4,-4.27636446363337,24,39,748.0,25,2,1,2014,2014-12-07,2014120704
,MIN,NYJ,59,5,8,15.412998881087148,28,31,903.0,27,3,2,2014,2014-12-07,2014120705
,NYJ,MIN,74,4,8,-4.916880663225577,31,32,1455.0,44,6,1,2014,2014-12-07,2014120705
,CAR,NO,72,4,12,20.068532160695728,36,32,246.0,8,7,5,2014,2014-12-07,2014120706
,NO,CAR,68,2,4,-10.266838888354338,28,51,31.0,1,3,1,2014,2014-12-07,2014120706
,NYG,TEN,71,2,7,-2.015240063022811,31,43,495.0,15,6,2,2014,2014-12-07,2014120707
,TEN,NYG,55,3,4,-22.972216311625356,17,42,87.0,2,1,0,2014,2014-12-07,2014120707
,LA,WAS,56,4,8,8.733239008977078,23,27,1006.0,33,5,2,2014,2014-12-07,2014120708
,WAS,LA,55,0,4,-15.818703237354182,19,43,589.0,18,1,0,2014,2014-12-07,2014120708
,ARI,KC,65,5,8,4.548175186253559,31,33,1222.0,44,5,1,2014,2014-12-07,2014120709
,KC,ARI,60,7,9,-1.9682334764993878,21,44,1112.0,33,3,2,2014,2014-12-07,2014120709
,BUF,DEN,77,3,6,-0.3052317627881429,38,61,812.0,24,3,2,2014,2014-12-07,2014120710
,DEN,BUF,45,4,4,6.086188711437492,20,18,531.0,14,4,3,2014,2014-12-07,2014120710
,LV,SF,60,4,9,6.3522827596835,25,29,1183.0,34,4,3,2014,2014-12-07,2014120711
,SF,LV,56,3,7,-8.507463984430686,18,38,856.0,30,2,1,2014,2014-12-07,2014120711
,PHI,SEA,44,1,2,-14.598623644989285,11,22,383.0,18,2,2,2014,2014-12-07,2014120712
,SEA,PHI,82,8,11,2.5168529474874424,35,38,1325.0,44,3,3,2014,2014-12-07,2014120712
,LAC,NE,54,3,6,-9.395914145797573,16,37,995.0,34,1,1,2014,2014-12-07,2014120713
,NE,LAC,73,3,5,-6.572407034165419,30,45,1058.0,35,6,2,2014,2014-12-07,2014120713
,ATL,GB,65,5,11,21.094549168498702,32,40,310.0,10,5,5,2014,2014-12-08,2014120800
,GB,ATL,66,8,9,29.3992621236354,36,37,908.0,27,7,5,2014,2014-12-08,2014120800
,ARI,LA,63,2,5,-9.513273261265361,17,31,1153.0,35,1,0,2014,2014-12-11,2014121100
,LA,ARI,61,4,5,-14.830455395623371,24,41,766.0,31,2,0,2014,2014-12-11,2014121100
,ATL,PIT,57,3,6,7.50066141939335,28,37,223.0,7,4,2,2014,2014-12-14,2014121400
,PIT,ATL,55,5,7,14.511131353625576,27,35,938.0,28,5,2,2014,2014-12-14,2014121400
,BAL,JAX,54,5,6,-1.7877230913685278,21,30,849.0,29,3,1,2014,2014-12-14,2014121401
,JAX,BAL,69,3,7,-14.732015400485132,22,46,1273.0,44,1,0,2014,2014-12-14,2014121401
,BUF,GB,59,3,4,-8.841181513321374,20,29,1075.0,33,3,0,2014,2014-12-14,2014121402
,GB,BUF,68,3,10,-7.6515685366580275,24,43,892.0,37,2,1,2014,2014-12-14,2014121402
,CAR,TB,74,1,8,3.1096145731812714,33,43,1411.0,46,4,1,2014,2014-12-14,2014121403
,TB,CAR,54,2,8,-4.522707154983289,20,31,821.0,31,2,2,2014,2014-12-14,2014121403
,CIN,CLE,70,2,4,11.890819850140826,30,25,593.0,20,5,3,2014,2014-12-14,2014121404
,CLE,CIN,37,1,2,-20.980680202241864,8,20,75.0,2,1,0,2014,2014-12-14,2014121404
,DET,MIN,50,1,5,-3.213732574674333,17,28,756.0,25,4,1,2014,2014-12-14,2014121405
,MIN,DET,64,4,7,-0.991667535754064,33,43,1170.0,34,3,2,2014,2014-12-14,2014121405
,HOU,IND,67,2,5,-20.05128619306884,24,26,1099.0,39,0,0,2014,2014-12-14,2014121406
,IND,HOU,61,3,6,-13.170002557974524,28,36,1070.0,38,3,2,2014,2014-12-14,2014121406
,KC,LV,58,5,7,3.7428143247714836,22,32,744.0,24,3,3,2014,2014-12-14,2014121407
,LV,KC,75,3,3,-21.043009088706594,26,58,612.0,19,2,1,2014,2014-12-14,2014121407
,MIA,NE,74,5,7,-9.84008802978004,31,51,949.0,30,4,1,2014,2014-12-14,2014121408
,NE,MIA,63,4,7,14.218220414879742,31,35,919.0,37,6,4,2014,2014-12-14,2014121408
,NYG,WAS,57,2,6,3.2288534750226034,22,35,856.0,28,4,3,2014,2014-12-14,2014121409
,WAS,NYG,68,6,9,-1.4090352534857802,28,41,1402.0,47,4,1,2014,2014-12-14,2014121409
,DEN,LAC,61,5,6,0.8812695231724654,23,22,1272.0,36,4,1,2014,2014-12-14,2014121410
,LAC,DEN,61,1,8,-6.700915071089218,24,41,987.0,27,5,1,2014,2014-12-14,2014121410
,NYJ,TEN,59,3,3,-3.6617571995122953,19,30,807.0,30,2,2,2014,2014-12-14,2014121411
,TEN,NYJ,62,5,7,-7.5789770517118,24,35,1235.0,36,3,0,2014,2014-12-14,2014121411
,SEA,SF,59,2,5,8.144514786411568,29,29,1116.0,40,3,2,2014,2014-12-14,2014121412
,SF,SEA,57,4,6,-3.8114225046927697,22,25,1063.0,33,1,1,2014,2014-12-14,2014121412
,DAL,PHI,73,6,8,8.928851679832555,30,34,1006.0,29,5,5,2014,2014-12-14,2014121413
,PHI,DAL,53,3,5,0.44605092338989927,22,32,153.0,6,3,3,2014,2014-12-14,2014121413
,CHI,NO,59,3,7,-13.578858756462376,29,39,569.0,19,2,2,2014,2014-12-15,2014121500
,NO,CHI,63,7,10,14.786720662125449,28,38,796.0,24,6,4,2014,2014-12-15,2014121500
,JAX,TEN,56,2,5,4.1962975336355495,19,31,671.0,24,3,3,2014,2014-12-18,2014121800
,TEN,JAX,65,5,6,2.220407519991893,27,38,1227.0,34,2,1,2014,2014-12-18,2014121800
,PHI,WAS,84,4,12,15.111077419512863,45,53,1270.0,49,5,3,2014,2014-12-20,2014122000
,WAS,PHI,52,4,5,5.61907573568582,21,24,1131.0,30,5,3,2014,2014-12-20,2014122000
,LAC,SF,80,6,12,1.54227115271074,33,56,308.0,9,5,4,2014,2014-12-20,2014122001
,SF,LAC,66,6,7,-2.385911301043566,24,26,660.0,19,5,4,2014,2014-12-20,2014122001
,CAR,CLE,75,3,7,7.877748045976041,35,32,1571.0,52,4,2,2014,2014-12-21,2014122100
,CLE,CAR,45,3,4,-4.556253574902601,10,23,794.0,25,2,1,2014,2014-12-21,2014122100
,CHI,DET,62,1,4,-1.560807175704707,23,40,1228.0,41,3,2,2014,2014-12-21,2014122101
,DET,CHI,66,5,9,4.723797013902974,28,43,1106.0,37,6,2,2014,2014-12-21,2014122101
,BAL,HOU,68,2,5,-26.49984405915158,19,52,335.0,13,2,2,2014,2014-12-21,2014122102
,HOU,BAL,82,4,4,-10.6992414599946,24,44,706.0,28,7,1,2014,2014-12-21,2014122102
,MIA,MIN,73,5,9,22.364738312862634,42,49,792.0,30,6,5,2014,2014-12-21,2014122103
,MIN,MIA,57,7,9,10.752003781065572,27,29,914.0,31,6,4,2014,2014-12-21,2014122103
,ATL,NO,62,6,9,11.474646714260695,25,40,1056.0,37,3,2,2014,2014-12-21,2014122104
,NO,ATL,67,3,8,-10.532449519679506,28,50,781.0,25,4,2,2014,2014-12-21,2014122104
,NE,NYJ,59,0,2,-3.362567054220403,27,39,1007.0,37,4,2,2014,2014-12-21,2014122105
,NYJ,NE,61,4,8,-2.777707344356373,22,29,1262.0,38,4,1,2014,2014-12-21,2014122105
,KC,PIT,66,1,6,0.5923233487028581,30,52,1242.0,40,4,0,2014,2014-12-21,2014122106
,PIT,KC,48,1,5,9.89250154381743,22,26,1134.0,32,4,2,2014,2014-12-21,2014122106
,GB,TB,69,6,10,9.128478156688672,32,41,1442.0,42,5,2,2014,2014-12-21,2014122107
,TB,GB,47,2,5,-21.617153505741825,9,33,567.0,17,1,0,2014,2014-12-21,2014122107
,LA,NYG,54,3,8,2.557450231087506,28,34,236.0,6,5,3,2014,2014-12-21,2014122108
,NYG,LA,64,6,9,24.388240005307345,25,33,873.0,26,8,4,2014,2014-12-21,2014122108
,DAL,IND,62,5,7,21.883978623668025,32,22,500.0,14,7,6,2014,2014-12-21,2014122109
,IND,DAL,56,2,3,-24.328991788027583,21,46,120.0,3,2,1,2014,2014-12-21,2014122109
,BUF,LV,64,5,7,-5.626316278163261,21,51,790.0,32,3,3,2014,2014-12-21,2014122110
,LV,BUF,69,4,8,-0.45389629990380165,22,35,1283.0,42,4,2,2014,2014-12-21,2014122110
,ARI,SEA,64,2,6,-20.673828355907442,21,49,508.0,17,2,0,2014,2014-12-21,2014122111
,SEA,ARI,66,9,11,26.735973256693992,32,32,803.0,25,5,5,2014,2014-12-21,2014122111
,CIN,DEN,60,4,6,-3.804488972620374,20,25,1020.0,29,6,3,2014,2014-12-22,2014122200
,DEN,CIN,64,6,8,-4.909368394783279,31,45,543.0,17,4,3,2014,2014-12-22,2014122200
,ATL,CAR,68,2,6,-20.613110423867305,21,52,264.0,10,2,0,2014,2014-12-28,2014122800
,CAR,ATL,52,2,4,6.78535166159785,23,17,855.0,25,3,2,2014,2014-12-28,2014122800
,BAL,CLE,63,9,12,2.3763662554633287,24,37,968.0,36,6,2,2014,2014-12-28,2014122801
,CLE,BAL,59,3,5,-10.276169510793993,19,32,1164.0,34,2,1,2014,2014-12-28,2014122801
,DET,GB,66,4,8,-3.2003170326463457,29,42,1115.0,37,3,3,2014,2014-12-28,2014122802
,GB,DET,62,5,9,7.225277693984843,30,24,1105.0,33,5,3,2014,2014-12-28,2014122802
,HOU,JAX,75,3,5,-3.7150253299177995,34,38,1513.0,49,4,3,2014,2014-12-28,2014122803
,JAX,HOU,53,5,6,-6.843570362049904,16,39,670.0,25,2,1,2014,2014-12-28,2014122803
,KC,LAC,56,3,4,-3.86905811936228,20,31,728.0,25,5,1,2014,2014-12-28,2014122804
,LAC,KC,65,4,10,-6.003625895258084,30,40,393.0,11,4,1,2014,2014-12-28,2014122804
,MIA,NYJ,66,4,9,1.1153284610333953,29,46,1026.0,37,4,3,2014,2014-12-28,2014122805
,NYJ,MIA,62,8,9,14.765525593527727,24,28,1199.0,37,9,4,2014,2014-12-28,2014122805
,CHI,MIN,59,2,7,-4.5027090083371,17,38,1339.0,36,2,0,2014,2014-12-28,2014122806
,MIN,CHI,58,3,7,-2.2851030999846924,25,28,915.0,34,3,1,2014,2014-12-28,2014122806
,BUF,NE,56,3,4,0.6672709330888381,32,25,889.0,26,2,2,2014,2014-12-28,2014122807
,NE,BUF,62,3,5,-10.009828676489347,27,37,383.0,13,4,0,2014,2014-12-28,2014122807
,NYG,PHI,78,6,13,3.066765485764031,30,53,1509.0,54,5,2,2014,2014-12-28,2014122808
,PHI,NYG,69,7,13,8.489566631423584,32,40,711.0,36,5,3,2014,2014-12-28,2014122808
,CIN,PIT,70,1,6,-5.791403989386124,30,41,745.0,23,3,2,2014,2014-12-28,2014122809
,PIT,CIN,56,5,8,-3.023151563310635,23,39,721.0,28,4,2,2014,2014-12-28,2014122809
,NO,TB,61,3,8,5.873957654424387,24,40,172.0,7,5,3,2014,2014-12-28,2014122810
,TB,NO,64,2,3,2.197678500723661,27,25,1019.0,33,3,2,2014,2014-12-28,2014122810
,IND,TEN,63,6,6,4.106386059192792,25,36,913.0,28,5,3,2014,2014-12-28,2014122811
,TEN,IND,57,1,2,-21.449790300375252,18,34,465.0,15,2,1,2014,2014-12-28,2014122811
,DAL,WAS,61,5,7,10.42709789204815,26,35,562.0,14,7,4,2014,2014-12-28,2014122812
,WAS,DAL,67,3,8,-12.60589757150415,26,43,107.0,4,5,2,2014,2014-12-28,2014122812
,DEN,LV,73,7,10,10.473473332327895,32,40,630.0,18,7,4,2014,2014-12-28,2014122813
,LV,DEN,57,1,1,-17.5570347060367,18,39,154.0,4,1,1,2014,2014-12-28,2014122813
,ARI,SF,66,7,10,10.49465467479131,33,41,1280.0,43,3,2,2014,2014-12-28,2014122814
,SF,ARI,57,6,9,13.506001705712437,26,27,978.0,33,3,2,2014,2014-12-28,2014122814
,LA,SEA,60,1,3,-26.20561177030629,21,41,887.0,28,2,0,2014,2014-12-28,2014122815
,SEA,LA,59,5,5,-7.297664542886944,24,28,1323.0,40,1,1,2014,2014-12-28,2014122815
,NE,PIT,57,1,5,17.82031583727232,29,34,688.0,24,4,4,2015,2015-09-10,2015091000
,PIT,NE,67,5,10,19.402069471666028,33,42,563.0,16,3,2,2015,2015-09-10,2015091000
,CHI,GB,69,6,7,16.38634918045493,34,36,1368.0,46,4,2,2015,2015-09-13,2015091300
,GB,CHI,51,4,7,20.031661167643087,27,23,935.0,29,5,4,2015,2015-09-13,2015091300
,LA,SEA,55,8,11,-0.36308771544807583,24,29,789.0,22,5,3,2015,2015-09-13,2015091301
,SEA,LA,79,3,6,-4.1075077550829855,36,47,1051.0,35,4,1,2015,2015-09-13,2015091301
,CAR,JAX,66,3,4,-4.956465932289437,22,33,1105.0,38,3,1,2015,2015-09-13,2015091302
,JAX,CAR,65,2,4,-19.333321132344143,24,44,1092.0,41,3,1,2015,2015-09-13,2015091302
,MIA,WAS,54,4,6,-4.843341095297144,23,37,614.0,23,3,1,2015,2015-09-13,2015091303
,WAS,MIA,68,2,5,-0.9206270865187611,33,32,1096.0,33,2,1,2015,2015-09-13,2015091303
,BUF,IND,52,6,8,10.883620471464488,20,19,531.0,16,3,3,2015,2015-09-13,2015091304
,IND,BUF,68,2,6,7.336550493809125,28,52,218.0,11,2,2,2015,2015-09-13,2015091304
,CLE,NYJ,63,3,4,-12.435263206136652,26,35,1070.0,31,3,1,2015,2015-09-13,2015091305
,NYJ,CLE,59,3,7,8.71525786201622,23,24,703.0,27,6,4,2015,2015-09-13,2015091305
,HOU,KC,73,3,13,-2.188066077511378,32,52,83.0,5,4,2,2015,2015-09-13,2015091306
,KC,HOU,64,2,5,1.5718192626665273,25,35,771.0,22,4,3,2015,2015-09-13,2015091306
,ARI,NO,56,4,8,11.02242915115243,25,32,950.0,33,4,4,2015,2015-09-13,2015091307
,NO,ARI,70,5,6,0.5344472448620405,27,50,958.0,29,4,1,2015,2015-09-13,2015091307
,DET,LAC,47,5,8,-0.6377084659985055,22,31,601.0,19,3,3,2015,2015-09-13,2015091308
,LAC,DET,74,7,13,6.56110549067579,36,44,695.0,19,7,4,2015,2015-09-13,2015091308
,BAL,DEN,57,2,3,-24.24346364513005,16,34,947.0,29,1,0,2015,2015-09-13,2015091309
,DEN,BAL,68,0,2,-16.056293491456742,22,44,1148.0,40,1,0,2015,2015-09-13,2015091309
,CIN,LV,63,5,7,12.841446077046026,27,34,640.0,21,6,4,2015,2015-09-13,2015091310
,LV,CIN,61,1,1,-10.547563346851069,26,45,314.0,13,2,2,2015,2015-09-13,2015091310
,TB,TEN,63,3,6,-17.47075335788711,23,37,66.0,2,3,2,2015,2015-09-13,2015091311
,TEN,TB,46,5,8,13.182702221693637,22,17,88.0,3,5,5,2015,2015-09-13,2015091311
,DAL,NYG,66,3,10,3.6997771890148314,36,44,1359.0,35,5,3,2015,2015-09-13,2015091312
,NYG,DAL,61,2,6,3.3810829046845647,27,37,742.0,31,4,1,2015,2015-09-13,2015091312
,ATL,PHI,67,6,8,2.7852902133278845,31,35,1204.0,37,4,2,2015,2015-09-14,2015091400
,PHI,ATL,68,4,8,8.586917874115404,33,52,308.0,14,4,3,2015,2015-09-14,2015091400
,MIN,SF,54,2,9,-18.17981141086458,17,37,802.0,26,1,0,2015,2015-09-14,2015091401
,SF,MIN,64,2,7,14.499060639822977,34,27,1136.0,40,5,2,2015,2015-09-14,2015091401
,DEN,KC,70,2,8,-10.769082206831946,25,48,1038.0,32,3,3,2015,2015-09-17,2015091700
,KC,DEN,58,5,6,-11.53444628527147,23,29,937.0,28,5,2,2015,2015-09-17,2015091700
,CAR,HOU,71,3,7,-4.200338182932555,27,39,1232.0,45,4,3,2015,2015-09-20,2015092000
,HOU,CAR,81,1,4,-13.708870462943544,23,58,1080.0,45,3,2,2015,2015-09-20,2015092000
,BUF,NE,67,6,8,0.7352625954347514,31,39,520.0,15,5,5,2015,2015-09-20,2015092001
,NE,BUF,73,7,13,4.0741814125602955,33,61,503.0,18,6,4,2015,2015-09-20,2015092001
,CIN,LAC,60,4,7,2.2766284817826974,30,26,1081.0,36,5,3,2015,2015-09-20,2015092002
,LAC,CIN,57,4,7,2.3770336808558263,24,32,1147.0,33,3,2,2015,2015-09-20,2015092002
,CLE,TEN,47,3,7,1.0478315859383986,21,17,204.0,6,4,3,2015,2015-09-20,2015092003
,TEN,CLE,73,3,7,0.6953993928804563,30,43,172.0,6,3,2,2015,2015-09-20,2015092003
,ATL,NYG,69,3,8,18.724624600517046,30,48,911.0,35,3,3,2015,2015-09-20,2015092004
,NYG,ATL,65,4,6,7.731073957039076,25,42,818.0,34,5,2,2015,2015-09-20,2015092004
,LA,WAS,46,1,3,-15.232340904784564,13,33,346.0,10,1,1,2015,2015-09-20,2015092005
,WAS,LA,66,6,7,6.593343054162003,24,29,523.0,15,5,3,2015,2015-09-20,2015092005
,ARI,CHI,50,3,3,15.289235287926834,20,24,659.0,18,6,6,2015,2015-09-20,2015092006
,CHI,ARI,62,6,7,-8.16736506368111,22,34,753.0,21,3,2,2015,2015-09-20,2015092006
,DET,MIN,71,0,6,-10.963858287000361,29,54,462.0,13,3,2,2015,2015-09-20,2015092007
,MIN,DET,60,4,6,5.770341975231895,25,19,662.0,22,7,3,2015,2015-09-20,2015092007
,NO,TB,69,4,7,-2.3644305428641834,31,43,807.0,24,3,3,2015,2015-09-20,2015092008
,TB,NO,59,5,8,-5.210974914515716,26,24,762.0,24,5,2,2015,2015-09-20,2015092008
,PIT,SF,50,6,9,29.831194700174464,27,29,468.0,19,6,6,2015,2015-09-20,2015092009
,SF,PIT,83,2,3,7.265132027348267,38,52,699.0,21,5,2,2015,2015-09-20,2015092009
,BAL,LV,70,8,10,14.571217052254504,32,45,772.0,27,7,3,2015,2015-09-20,2015092010
,LV,BAL,65,6,7,18.606588653213578,36,47,1185.0,40,5,4,2015,2015-09-20,2015092010
,JAX,MIA,65,5,8,6.84940364795648,27,33,1213.0,37,4,2,2015,2015-09-20,2015092011
,MIA,JAX,61,4,8,5.326977023959117,23,45,942.0,29,2,2,2015,2015-09-20,2015092011
,DAL,PHI,68,2,5,-5.662696342837982,26,37,1054.0,33,3,1,2015,2015-09-20,2015092012
,PHI,DAL,55,2,3,-21.450496907091818,20,38,425.0,14,2,1,2015,2015-09-20,2015092012
,GB,SEA,64,4,7,5.066317683904149,30,36,990.0,36,4,2,2015,2015-09-20,2015092013
,SEA,GB,56,2,5,-1.1580036732349908,29,31,605.0,21,2,2,2015,2015-09-20,2015092013
,IND,NYJ,60,5,8,-7.501678045735806,26,36,493.0,15,3,1,2015,2015-09-21,2015092100
,NYJ,IND,62,4,10,2.072856111379988,23,35,918.0,26,3,2,2015,2015-09-21,2015092100
,NYG,WAS,63,5,6,12.551538911158877,28,32,287.0,8,6,3,2015,2015-09-24,2015092400
,WAS,NYG,71,4,10,-1.9256950417621947,33,51,55.0,2,4,2,2015,2015-09-24,2015092400
,ATL,DAL,69,4,10,23.326937188941343,35,38,289.0,8,6,5,2015,2015-09-27,2015092700
,DAL,ATL,49,5,9,9.149940936405123,29,28,1021.0,29,4,4,2015,2015-09-27,2015092700
,CAR,NO,62,3,5,19.658599860745326,24,32,701.0,29,4,3,2015,2015-09-27,2015092701
,NO,CAR,64,3,7,9.907618048190436,30,40,1205.0,34,3,2,2015,2015-09-27,2015092701
,NYJ,PHI,75,2,7,-19.456712317939083,27,59,343.0,11,2,2,2015,2015-09-27,2015092702
,PHI,NYJ,65,3,4,-11.563891867930506,25,29,436.0,17,3,2,2015,2015-09-27,2015092702
,HOU,TB,85,2,5,0.5960304929013658,37,40,1317.0,56,3,2,2015,2015-09-27,2015092703
,TB,HOU,56,4,11,-10.009811780124537,18,36,877.0,31,2,1,2015,2015-09-27,2015092703
,LAC,MIN,71,4,8,2.371702129012937,32,43,394.0,14,4,2,2015,2015-09-27,2015092704
,MIN,LAC,54,2,5,0.4234608582760653,19,24,783.0,25,4,3,2015,2015-09-27,2015092704
,LA,PIT,49,2,5,-8.888260058757002,18,31,468.0,14,1,0,2015,2015-09-27,2015092705
,PIT,LA,56,3,7,-3.4484173673243594,24,36,1250.0,36,2,1,2015,2015-09-27,2015092705
,JAX,NE,55,5,5,-1.928252710940285,21,35,279.0,9,3,2,2015,2015-09-27,2015092706
,NE,JAX,74,4,9,32.71828777935627,44,44,681.0,24,8,6,2015,2015-09-27,2015092706
,BAL,CIN,67,5,9,5.8151862707828545,31,49,665.0,21,3,2,2015,2015-09-27,2015092707
,CIN,BAL,63,6,9,4.11765728548983,23,34,474.0,16,7,4,2015,2015-09-27,2015092707
,CLE,LV,68,3,11,5.156759290446303,25,54,334.0,10,4,2,2015,2015-09-27,2015092708
,LV,CLE,61,6,8,14.102599116077247,25,32,865.0,30,5,3,2015,2015-09-27,2015092708
,IND,TEN,53,4,10,4.264402611883774,26,33,410.0,16,4,4,2015,2015-09-27,2015092709
,TEN,IND,75,7,11,2.2812204920809713,30,47,534.0,18,6,4,2015,2015-09-27,2015092709
,ARI,SF,66,8,11,23.271220698982916,31,32,155.0,4,6,4,2015,2015-09-27,2015092710
,SF,ARI,50,0,0,-25.215056332449056,20,21,167.0,5,1,1,2015,2015-09-27,2015092710
,CHI,SEA,46,1,1,-13.35608503028602,14,19,904.0,25,0,0,2015,2015-09-27,2015092711
,SEA,CHI,61,6,10,6.997192475427512,26,34,501.0,20,4,2,2015,2015-09-27,2015092711
,BUF,MIA,62,5,8,15.565084302225598,26,29,278.0,10,5,4,2015,2015-09-27,2015092712
,MIA,BUF,71,2,6,-11.286381424329539,33,52,120.0,6,4,2,2015,2015-09-27,2015092712
,DEN,DET,61,3,8,4.818204724331023,24,43,1214.0,41,4,3,2015,2015-09-27,2015092713
,DET,DEN,68,4,7,-12.736234966030334,31,49,1001.0,31,4,2,2015,2015-09-27,2015092713
,GB,KC,68,6,9,13.95361284740665,31,36,846.0,23,6,5,2015,2015-09-28,2015092800
,KC,GB,67,4,7,-0.006564420365151424,24,49,154.0,4,4,4,2015,2015-09-28,2015092800
,BAL,PIT,77,3,6,-16.599252994540162,29,38,961.0,29,4,2,2015,2015-10-01,2015100100
,PIT,BAL,62,2,5,-14.239347674915734,20,30,904.0,30,3,2,2015,2015-10-01,2015100100
,MIA,NYJ,57,2,6,-18.79425119095488,16,46,142.0,7,3,2,2015,2015-10-04,2015100400
,NYJ,MIA,68,4,7,9.084801950766439,34,29,582.0,23,4,3,2015,2015-10-04,2015100400
,CHI,LV,74,4,4,1.1590071018880321,33,45,1278.0,43,3,2,2015,2015-10-04,2015100401
,LV,CHI,57,2,4,-10.390102237759839,20,35,967.0,31,3,2,2015,2015-10-04,2015100401
,ATL,HOU,63,4,9,15.763973574161154,24,29,469.0,16,5,5,2015,2015-10-04,2015100402
,HOU,ATL,75,5,10,-15.373641356612485,27,58,221.0,7,4,3,2015,2015-10-04,2015100402
,CIN,KC,51,7,9,27.99118562258005,26,24,874.0,30,5,5,2015,2015-10-04,2015100403
,KC,CIN,72,6,7,8.665955824200612,32,49,1095.0,32,4,0,2015,2015-10-04,2015100403
,IND,JAX,72,3,9,-10.05632045668026,25,50,1125.0,40,4,1,2015,2015-10-04,2015100404
,JAX,IND,78,4,5,1.2656803224164639,31,50,1174.0,36,3,1,2015,2015-10-04,2015100404
,PHI,WAS,51,5,6,1.8881531885707612,18,33,302.0,14,4,3,2015,2015-10-04,2015100405
,WAS,PHI,79,3,8,4.950786107930076,32,47,1471.0,42,5,2,2015,2015-10-04,2015100405
,CAR,TB,54,1,4,1.9711473729623765,20,24,674.0,23,6,3,2015,2015-10-04,2015100406
,TB,CAR,72,7,9,-4.5369905835391435,32,42,408.0,16,6,3,2015,2015-10-04,2015100406
,BUF,NYG,68,5,7,-15.32327286720194,22,44,196.0,9,4,1,2015,2015-10-04,2015100407
,NYG,BUF,63,3,4,-1.8946716508127657,25,36,567.0,20,4,3,2015,2015-10-04,2015100407
,CLE,LAC,67,4,12,6.765424751855594,29,46,1114.0,38,5,2,2015,2015-10-04,2015100408
,LAC,CLE,61,6,11,13.610121014448582,26,40,905.0,38,4,3,2015,2015-10-04,2015100408
,GB,SF,68,2,5,9.164416906208999,32,35,1120.0,38,4,2,2015,2015-10-04,2015100409
,SF,GB,50,2,2,-12.997826008287808,12,31,783.0,24,2,0,2015,2015-10-04,2015100409
,ARI,LA,69,7,11,2.6556309305581536,32,49,1321.0,43,5,1,2015,2015-10-04,2015100410
,LA,ARI,50,5,7,7.052276367901579,18,25,972.0,28,5,3,2015,2015-10-04,2015100410
,DEN,MIN,51,5,7,0.9083353931931777,19,29,386.0,13,4,2,2015,2015-10-04,2015100411
,MIN,DEN,69,4,9,-0.11169919374585202,24,48,673.0,20,5,2,2015,2015-10-04,2015100411
,DAL,NO,56,4,7,9.269097454915414,22,29,1151.0,35,5,2,2015,2015-10-04,2015100412
,NO,DAL,69,4,7,11.081858502076855,32,44,1196.0,36,4,2,2015,2015-10-04,2015100412
,DET,SEA,53,2,5,-9.231369139281101,20,35,821.0,25,1,0,2015,2015-10-05,2015100500
,SEA,DET,60,6,9,-5.302605847490101,29,32,969.0,30,2,1,2015,2015-10-05,2015100500
,HOU,IND,70,5,6,8.425372301790341,35,42,524.0,18,4,2,2015,2015-10-08,2015100800
,IND,HOU,55,5,7,11.704179562721016,28,28,534.0,16,4,3,2015,2015-10-08,2015100800
,NO,PHI,68,7,9,-9.66547990491966,29,48,855.0,31,4,2,2015,2015-10-11,2015101100
,PHI,NO,79,5,9,10.082057705351959,43,45,1246.0,46,8,4,2015,2015-10-11,2015101100
,CHI,KC,74,3,5,-2.437486917796158,28,49,562.0,18,3,2,2015,2015-10-11,2015101101
,KC,CHI,58,2,7,-2.57013518623525,27,33,328.0,10,3,1,2015,2015-10-11,2015101101
,CIN,SEA,78,5,5,1.3618078221228167,35,47,977.0,30,4,3,2015,2015-10-11,2015101102
,SEA,CIN,57,6,6,5.685587039326063,27,27,762.0,25,4,2,2015,2015-10-11,2015101102
,ATL,WAS,78,2,8,5.209861427384909,39,46,1389.0,46,5,2,2015,2015-10-11,2015101103
,WAS,ATL,58,3,6,-10.852490950722391,22,34,1047.0,33,3,2,2015,2015-10-11,2015101103
,JAX,TB,56,5,9,0.5562516996029654,27,39,846.0,27,5,4,2015,2015-10-11,2015101104
,TB,JAX,59,3,7,11.800014719554547,26,21,1156.0,32,5,3,2015,2015-10-11,2015101104
,BAL,CLE,67,4,8,7.943952222901821,31,36,871.0,29,5,4,2015,2015-10-11,2015101105
,CLE,BAL,82,8,15,9.604420038703143,33,57,519.0,19,7,3,2015,2015-10-11,2015101105
,BUF,TEN,47,4,4,1.8646518139729387,16,22,549.0,21,2,2,2015,2015-10-11,2015101106
,TEN,BUF,62,2,5,-5.426232554262142,20,34,1234.0,36,2,1,2015,2015-10-11,2015101106
,GB,LA,58,2,5,-13.275869807804863,22,32,707.0,27,3,2,2015,2015-10-11,2015101107
,LA,GB,69,3,5,-24.247051451140713,21,33,560.0,20,4,1,2015,2015-10-11,2015101107
,ARI,DET,41,5,8,15.96238575160605,19,20,421.0,12,6,6,2015,2015-10-11,2015101108
,DET,ARI,89,5,6,-13.336813585842302,38,71,960.0,29,3,2,2015,2015-10-11,2015101108
,DAL,NE,65,1,3,-18.87477484326683,22,42,544.0,17,2,0,2015,2015-10-11,2015101109
,NE,DAL,53,5,8,9.465163525699246,25,32,533.0,22,4,3,2015,2015-10-11,2015101109
,DEN,LV,55,3,6,-13.793357787599955,16,37,984.0,34,3,0,2015,2015-10-11,2015101110
,LV,DEN,67,4,5,-13.994999870813887,22,43,1267.0,36,2,1,2015,2015-10-11,2015101110
,NYG,SF,75,4,11,18.6584609855332,37,54,1247.0,47,6,3,2015,2015-10-11,2015101111
,SF,NYG,63,5,10,15.486999760177287,30,37,932.0,29,4,3,2015,2015-10-11,2015101111
,LAC,PIT,69,4,7,-2.3395267319424544,32,50,1019.0,36,2,2,2015,2015-10-12,2015101200
,PIT,LAC,55,6,8,2.0504863170042844,20,28,1123.0,31,2,2,2015,2015-10-12,2015101200
,ATL,NO,70,4,9,-1.0643758598892088,35,49,751.0,26,4,3,2015,2015-10-15,2015101500
,NO,ATL,71,4,9,13.832652971930216,32,40,965.0,37,5,3,2015,2015-10-15,2015101500
,CHI,DET,74,6,8,7.456091262576114,35,43,1257.0,42,8,3,2015,2015-10-18,2015101800
,DET,CHI,75,9,10,19.598421747238966,35,43,1034.0,32,6,4,2015,2015-10-18,2015101800
,NYJ,WAS,65,6,11,8.275516603593944,28,26,1030.0,33,6,4,2015,2015-10-18,2015101801
,WAS,NYJ,62,1,4,-16.241040953933407,20,45,910.0,32,3,1,2015,2015-10-18,2015101801
,ARI,PIT,62,5,11,2.963137438977107,30,43,1108.0,36,5,1,2015,2015-10-18,2015101802
,PIT,ARI,53,4,4,0.8429956995783536,20,22,919.0,28,3,2,2015,2015-10-18,2015101802
,KC,MIN,56,3,4,-3.821782893395482,25,38,316.0,9,3,1,2015,2015-10-18,2015101803
,MIN,KC,65,5,8,-3.92944564608994,20,33,922.0,28,3,1,2015,2015-10-18,2015101803
,BUF,CIN,65,4,7,10.543515135421492,35,42,536.0,17,3,3,2015,2015-10-18,2015101804
,CIN,BUF,59,3,6,14.648389547585456,29,33,816.0,26,4,4,2015,2015-10-18,2015101804
,CLE,DEN,75,2,2,-27.691921181999724,27,43,443.0,17,3,2,2015,2015-10-18,2015101805
,DEN,CLE,80,3,7,-14.082815577744583,28,47,924.0,30,4,1,2015,2015-10-18,2015101805
,MIA,TEN,63,6,9,11.49579822859523,35,31,643.0,19,5,4,2015,2015-10-18,2015101806
,TEN,MIA,64,3,7,-17.211528485808696,28,46,546.0,16,3,1,2015,2015-10-18,2015101806
,HOU,JAX,66,3,8,16.281181333446945,30,37,1209.0,42,3,3,2015,2015-10-18,2015101807
,JAX,HOU,77,6,8,-2.352991898437564,33,56,1148.0,42,4,3,2015,2015-10-18,2015101807
,CAR,SEA,70,4,7,4.696266013430682,35,38,913.0,31,4,4,2015,2015-10-18,2015101808
,SEA,CAR,60,6,9,-0.925135179313586,19,34,949.0,32,4,2,2015,2015-10-18,2015101808
,GB,LAC,48,8,10,9.354490406270486,19,32,535.0,20,6,3,2015,2015-10-18,2015101809
,LAC,GB,89,5,9,12.860145134757328,44,68,997.0,34,6,2,2015,2015-10-18,2015101809
,BAL,SF,74,4,9,2.214505516697124,37,52,469.0,16,4,2,2015,2015-10-18,2015101810
,SF,BAL,56,6,9,7.038235511384583,14,31,526.0,20,5,2,2015,2015-10-18,2015101810
,IND,NE,74,5,10,5.1374132996960435,36,53,1282.0,40,3,3,2015,2015-10-18,2015101811
,NE,IND,62,6,8,11.321938211447755,26,39,999.0,40,5,4,2015,2015-10-18,2015101811
,NYG,PHI,62,0,4,-24.82451084827157,26,39,960.0,32,1,1,2015,2015-10-19,2015101900
,PHI,NYG,73,4,8,-6.802668724827239,34,38,492.0,26,4,2,2015,2015-10-19,2015101900
,SEA,SF,67,4,9,6.651474342487901,27,29,823.0,22,3,2,2015,2015-10-22,2015102200
,SF,SEA,45,2,2,-13.26792167121075,12,30,253.0,8,1,0,2015,2015-10-22,2015102200
,BUF,JAX,75,3,6,-14.778003713141656,36,46,524.0,16,5,2,2015,2015-10-25,2015102500
,JAX,BUF,58,6,8,3.291156269164494,19,30,452.0,14,4,3,2015,2015-10-25,2015102500
,CLE,LA,65,5,6,-17.678399682881793,26,41,663.0,22,1,0,2015,2015-10-25,2015102501
,LA,CLE,49,5,8,-6.915821396090029,18,25,788.0,27,4,2,2015,2015-10-25,2015102501
,HOU,MIA,79,5,7,-9.316409892588268,29,54,150.0,6,5,4,2015,2015-10-25,2015102502
,MIA,HOU,56,6,9,16.15723816820945,29,24,228.0,7,6,5,2015,2015-10-25,2015102502
,NE,NYJ,66,5,7,11.19405927509871,27,57,799.0,38,6,3,2015,2015-10-25,2015102503
,NYJ,NE,70,5,7,11.387875756792097,27,41,1464.0,46,4,2,2015,2015-10-25,2015102503
,KC,PIT,61,4,7,8.495176058421865,26,34,1319.0,41,5,2,2015,2015-10-25,2015102504
,PIT,KC,54,6,9,-7.154039605201983,23,31,910.0,28,3,1,2015,2015-10-25,2015102504
,TB,WAS,60,7,10,16.887754756194514,30,30,651.0,16,5,2,2015,2015-10-25,2015102505
,WAS,TB,59,3,7,8.29199781199308,33,41,186.0,5,5,4,2015,2015-10-25,2015102505
,DET,MIN,50,3,5,-5.803599165748649,20,33,754.0,22,4,2,2015,2015-10-25,2015102506
,MIN,DET,73,6,10,6.320087123042189,27,39,1019.0,37,5,2,2015,2015-10-25,2015102506
,IND,NO,61,4,6,-4.857387437934156,22,48,78.0,4,4,3,2015,2015-10-25,2015102507
,NO,IND,79,8,12,5.1866673131522365,27,47,589.0,23,5,4,2015,2015-10-25,2015102507
,ATL,TEN,67,4,9,-6.744518823750741,28,38,1191.0,39,3,1,2015,2015-10-25,2015102508
,TEN,ATL,51,0,4,-9.057128761891612,22,35,782.0,28,2,1,2015,2015-10-25,2015102508
,LAC,LV,81,3,7,6.482595120859978,43,60,153.0,4,3,3,2015,2015-10-25,2015102509
,LV,LAC,57,5,11,12.541371284315415,25,32,492.0,14,7,4,2015,2015-10-25,2015102509
,DAL,NYG,69,6,9,3.3725504308989063,35,28,1354.0,39,3,2,2015,2015-10-25,2015102510
,NYG,DAL,47,4,5,4.37320398568456,20,26,884.0,31,4,2,2015,2015-10-25,2015102510
,CAR,PHI,57,7,9,5.356738152451466,29,25,1000.0,29,5,3,2015,2015-10-25,2015102511
,PHI,CAR,81,5,5,-4.347171618707827,27,51,1070.0,38,3,1,2015,2015-10-25,2015102511
,ARI,BAL,57,6,9,15.375772093061393,26,30,908.0,29,5,3,2015,2015-10-26,2015102600
,BAL,ARI,59,4,6,2.7078015132795437,26,43,1073.0,32,4,2,2015,2015-10-26,2015102600
,MIA,NE,62,4,10,-12.360037661023613,24,49,320.0,9,2,1,2015,2015-10-29,2015102900
,NE,MIA,66,4,10,19.06812468848293,32,40,405.0,13,6,4,2015,2015-10-29,2015102900
,DET,KC,58,3,5,-12.44837247595564,20,44,377.0,12,2,1,2015,2015-11-01,2015110100
,KC,DET,62,3,7,12.836611598781003,23,31,465.0,15,7,6,2015,2015-11-01,2015110100
,BAL,LAC,64,3,8,12.235338402278826,29,40,1014.0,37,4,2,2015,2015-11-01,2015110101
,LAC,BAL,63,4,5,14.80295964033357,26,37,1246.0,40,3,3,2015,2015-11-01,2015110101
,CIN,PIT,60,5,6,-9.48075780740944,24,39,969.0,31,3,1,2015,2015-11-01,2015110102
,PIT,CIN,67,3,6,-3.2328089895708345,27,48,1140.0,40,3,1,2015,2015-11-01,2015110102
,HOU,TEN,59,2,3,-6.306310572483598,22,37,864.0,29,4,2,2015,2015-11-01,2015110103
,TEN,HOU,58,1,3,-22.01136219481588,24,38,904.0,26,1,0,2015,2015-11-01,2015110103
,CHI,MIN,59,3,6,7.0443509479057065,22,34,1098.0,33,3,2,2015,2015-11-01,2015110104
,MIN,CHI,56,3,7,2.9250108140476723,25,31,1066.0,34,3,1,2015,2015-11-01,2015110104
,ATL,TB,73,3,10,6.828072038738339,39,46,936.0,27,6,2,2015,2015-11-01,2015110105
,TB,ATL,62,4,6,2.4391667705826836,25,31,573.0,20,5,2,2015,2015-11-01,2015110105
,NO,NYG,76,8,12,30.776976139310104,46,50,1365.0,45,7,7,2015,2015-11-01,2015110106
,NYG,NO,65,6,9,19.620267031563547,31,44,888.0,31,6,6,2015,2015-11-01,2015110106
,LA,SF,62,4,5,-5.082788462563161,22,24,621.0,24,5,3,2015,2015-11-01,2015110107
,SF,LA,64,1,2,-22.438488504057077,17,44,591.0,20,1,0,2015,2015-11-01,2015110107
,ARI,CLE,74,6,8,6.4197186554830505,34,38,882.0,28,6,4,2015,2015-11-01,2015110108
,CLE,ARI,61,1,4,-10.223645897552583,27,41,1005.0,32,3,3,2015,2015-11-01,2015110108
,LV,NYJ,59,7,9,20.66093276626151,29,36,646.0,18,4,4,2015,2015-11-01,2015110109
,NYJ,LV,71,5,5,1.1876178905665673,36,50,454.0,13,3,2,2015,2015-11-01,2015110109
,DAL,SEA,56,1,3,-6.754236401779999,20,27,1334.0,39,3,0,2015,2015-11-01,2015110110
,SEA,DAL,60,1,6,1.3109430189313023,28,30,1011.0,28,3,1,2015,2015-11-01,2015110110
,DEN,GB,63,7,16,21.80228833430201,32,29,747.0,23,5,3,2015,2015-11-01,2015110111
,GB,DEN,46,0,3,-12.502783391335955,13,25,323.0,9,1,1,2015,2015-11-01,2015110111
,CAR,IND,73,4,6,-6.476723281847814,24,37,1065.0,36,4,3,2015,2015-11-02,2015110200
,IND,CAR,82,3,5,-18.58362457715165,31,47,646.0,19,4,2,2015,2015-11-02,2015110200
,CIN,CLE,63,3,8,17.00782949520466,30,29,1348.0,40,5,4,2015,2015-11-05,2015110500
,CLE,CIN,53,2,4,-6.587187643819511,17,36,775.0,23,3,1,2015,2015-11-05,2015110500
,LA,MIN,69,5,6,-10.989508119010168,22,32,911.0,32,2,1,2015,2015-11-08,2015110800
,MIN,LA,63,2,5,-4.953858337359718,28,28,1011.0,30,3,2,2015,2015-11-08,2015110800
,CAR,GB,66,7,8,5.2686661658505045,25,30,615.0,17,6,4,2015,2015-11-08,2015110801
,GB,CAR,72,8,12,-1.5382573559851402,25,53,401.0,13,5,4,2015,2015-11-08,2015110801
,NE,WAS,74,3,8,10.249420704542208,36,39,597.0,21,6,3,2015,2015-11-08,2015110802
,WAS,NE,56,1,4,-10.910167651474529,18,41,0.0,0,2,1,2015,2015-11-08,2015110802
,NO,TEN,67,6,9,14.054277484737428,31,43,1218.0,39,5,4,2015,2015-11-08,2015110803
,TEN,NO,68,9,10,12.121448541520936,30,40,651.0,24,6,4,2015,2015-11-08,2015110803
,BUF,MIA,48,5,6,22.924826188643717,27,15,735.0,21,5,4,2015,2015-11-08,2015110804
,MIA,BUF,62,8,9,7.481420624765834,36,39,321.0,10,4,2,2015,2015-11-08,2015110804
,JAX,NYJ,65,11,13,0.4458931457564188,26,46,782.0,23,6,2,2015,2015-11-08,2015110805
,NYJ,JAX,61,4,8,3.476079566355039,17,36,616.0,22,4,4,2015,2015-11-08,2015110805
,LV,PIT,68,6,11,8.072910276605377,26,44,1074.0,36,6,5,2015,2015-11-08,2015110806
,PIT,LV,82,8,12,16.269778865426943,37,52,1202.0,46,7,4,2015,2015-11-08,2015110806
,NYG,TB,72,1,3,-3.739248199197167,30,40,1100.0,39,4,2,2015,2015-11-08,2015110807
,TB,NYG,60,3,8,-8.374065491928855,25,37,439.0,14,4,1,2015,2015-11-08,2015110807
,ATL,SF,61,3,6,-4.6340223966166745,24,47,1020.0,34,3,1,2015,2015-11-08,2015110808
,SF,ATL,60,4,5,3.4231180306418603,22,25,1002.0,35,2,2,2015,2015-11-08,2015110808
,DEN,IND,51,4,6,-0.16673438271902707,19,37,577.0,21,3,2,2015,2015-11-08,2015110809
,IND,DEN,76,3,8,11.530288933762007,29,37,864.0,25,4,3,2015,2015-11-08,2015110809
,DAL,PHI,71,3,8,7.693088650594547,34,42,1433.0,39,3,3,2015,2015-11-08,2015110810
,PHI,DAL,71,8,9,13.040439223152081,30,37,801.0,36,3,2,2015,2015-11-08,2015110810
,CHI,LAC,68,4,10,9.377902533713282,35,41,681.0,21,5,3,2015,2015-11-09,2015110900
,LAC,CHI,63,1,6,-0.6450916790067991,26,44,622.0,25,3,1,2015,2015-11-09,2015110900
,BUF,NYJ,63,2,7,-10.512678472181666,25,31,819.0,25,2,1,2015,2015-11-12,2015111200
,NYJ,BUF,59,5,9,-11.023877554525022,20,35,551.0,20,5,2,2015,2015-11-12,2015111200
,NO,WAS,55,2,4,-4.422241025839657,27,30,379.0,11,2,2,2015,2015-11-15,2015111500
,WAS,NO,59,9,11,24.684879233302595,27,28,835.0,23,7,4,2015,2015-11-15,2015111500
,DET,GB,64,1,5,-4.303737275649434,25,38,1234.0,39,2,2,2015,2015-11-15,2015111501
,GB,DET,80,4,8,4.049437915754115,33,63,1161.0,42,2,2,2015,2015-11-15,2015111501
,DAL,TB,52,2,5,-8.220887550879237,18,31,1166.0,34,1,0,2015,2015-11-15,2015111502
,TB,DAL,65,4,9,-4.117039349340285,26,41,1075.0,37,1,1,2015,2015-11-15,2015111502
,CAR,TEN,62,2,8,9.252723078876166,34,30,1228.0,36,5,3,2015,2015-11-15,2015111503
,TEN,CAR,46,3,7,-6.094747977568265,18,25,970.0,26,1,1,2015,2015-11-15,2015111503
,CHI,LA,61,4,4,9.371950734870044,21,26,767.0,21,8,4,2015,2015-11-15,2015111504
,LA,CHI,59,3,4,-18.155639308582042,17,38,552.0,17,3,1,2015,2015-11-15,2015111504
,MIA,PHI,64,5,8,0.1818253374661779,21,40,679.0,25,4,2,2015,2015-11-15,2015111505
,PHI,MIA,88,6,9,-4.152915852774281,34,52,807.0,33,5,2,2015,2015-11-15,2015111505
,BAL,JAX,68,6,8,-3.1467192625845346,30,47,1104.0,39,3,3,2015,2015-11-15,2015111506
,JAX,BAL,71,1,6,-11.063592963754427,23,49,1176.0,39,4,2,2015,2015-11-15,2015111506
,CLE,PIT,65,4,10,-2.831424110375255,24,51,563.0,19,4,1,2015,2015-11-15,2015111507
,PIT,CLE,58,7,9,7.659202878579148,23,39,739.0,22,8,3,2015,2015-11-15,2015111507
,LV,MIN,64,3,7,0.3209770307669988,28,45,767.0,25,4,2,2015,2015-11-15,2015111508
,MIN,LV,59,3,7,10.00379991652612,28,26,874.0,28,6,3,2015,2015-11-15,2015111508
,NE,NYG,66,3,3,6.037020941658333,29,44,952.0,31,5,3,2015,2015-11-15,2015111509
,NYG,NE,70,5,7,4.992575479946768,26,47,1083.0,40,6,2,2015,2015-11-15,2015111509
,DEN,KC,65,0,5,-20.791469218353864,20,48,104.0,4,3,2,2015,2015-11-15,2015111510
,KC,DEN,63,2,5,-5.455576844424467,19,33,194.0,5,4,2,2015,2015-11-15,2015111510
,ARI,SEA,79,6,9,-1.4269572354007183,35,49,937.0,30,7,4,2015,2015-11-15,2015111511
,SEA,ARI,51,6,7,3.9284684005200807,23,33,362.0,13,4,3,2015,2015-11-15,2015111511
,CIN,HOU,62,2,5,-9.7023480977044,27,41,1125.0,33,2,0,2015,2015-11-16,2015111600
,HOU,CIN,59,2,6,-5.759568110700458,17,36,1032.0,37,2,1,2015,2015-11-16,2015111600
,JAX,TEN,58,4,6,-3.7815811382045004,25,35,1274.0,40,5,1,2015,2015-11-19,2015111900
,TEN,JAX,63,4,7,-3.9161589564754724,23,37,966.0,32,1,1,2015,2015-11-19,2015111900
,CHI,DEN,60,6,8,-4.958694205445983,20,34,1007.0,33,4,1,2015,2015-11-22,2015112200
,DEN,CHI,67,2,7,7.889817235631659,32,32,1210.0,39,4,2,2015,2015-11-22,2015112200
,DET,LV,67,5,11,6.9207028798095065,30,38,1175.0,37,4,1,2015,2015-11-22,2015112201
,LV,DET,47,2,6,-4.421677513275538,20,26,757.0,24,1,1,2015,2015-11-22,2015112201
,ATL,IND,71,4,9,-6.311309786746658,24,47,1034.0,38,4,3,2015,2015-11-22,2015112202
,IND,ATL,61,2,3,-10.916157283854675,24,34,383.0,12,3,2,2015,2015-11-22,2015112202
,HOU,NYJ,70,4,7,1.4209670899627445,27,36,1447.0,49,5,3,2015,2015-11-22,2015112203
,NYJ,HOU,62,5,8,-10.301573095187923,23,42,569.0,21,2,2,2015,2015-11-22,2015112203
,PHI,TB,72,3,6,-4.568310779463653,34,44,374.0,18,2,2,2015,2015-11-22,2015112204
,TB,PHI,69,7,11,26.593600034744238,31,30,933.0,31,6,5,2015,2015-11-22,2015112204
,GB,MIN,69,5,6,1.6122461275504714,25,37,827.0,34,3,2,2015,2015-11-22,2015112205
,MIN,GB,62,2,9,-5.530854933180354,25,44,763.0,21,2,2,2015,2015-11-22,2015112205
,CAR,WAS,75,2,8,9.73421055698669,31,36,796.0,26,6,5,2015,2015-11-22,2015112206
,WAS,CAR,47,2,3,-24.25452054224913,16,35,245.0,7,3,2,2015,2015-11-22,2015112206
,DAL,MIA,66,3,12,8.301710311769481,29,29,1138.0,35,4,2,2015,2015-11-22,2015112207
,MIA,DAL,41,4,6,-5.198719062414853,11,27,460.0,16,2,2,2015,2015-11-22,2015112207
,BAL,LA,72,3,9,-15.819762689563687,30,44,1066.0,34,3,1,2015,2015-11-22,2015112208
,LA,BAL,56,2,5,-25.075700728736265,20,27,800.0,24,2,2,2015,2015-11-22,2015112208
,ARI,CIN,56,4,9,11.12892726084397,25,32,1172.0,34,6,4,2015,2015-11-22,2015112209
,CIN,ARI,71,6,6,2.704531282099766,33,43,943.0,32,4,4,2015,2015-11-22,2015112209
,SEA,SF,71,7,10,28.28179615444293,40,31,492.0,15,5,4,2015,2015-11-22,2015112210
,SF,SEA,52,4,9,0.0679260433733404,18,36,149.0,4,3,1,2015,2015-11-22,2015112210
,KC,LAC,59,7,9,9.959378946275464,24,28,1001.0,30,5,3,2015,2015-11-22,2015112211
,LAC,KC,57,1,2,-16.176830284712704,21,33,598.0,19,0,0,2015,2015-11-22,2015112211
,BUF,NE,67,3,6,-5.057084530700612,26,38,1089.0,34,2,1,2015,2015-11-23,2015112300
,NE,BUF,62,5,8,1.8035452160972734,20,40,938.0,41,4,2,2015,2015-11-23,2015112300
,DET,PHI,70,5,10,24.42240849703171,36,40,820.0,24,6,6,2015,2015-11-26,2015112600
,PHI,DET,57,3,6,-7.164166920322902,20,33,520.0,22,2,2,2015,2015-11-26,2015112600
,CAR,DAL,64,4,5,4.41236006757855,30,28,709.0,21,2,1,2015,2015-11-26,2015112601
,DAL,CAR,55,2,3,-17.631565280490154,20,41,253.0,8,2,1,2015,2015-11-26,2015112601
,CHI,GB,62,3,4,-2.7477954563086193,30,32,1131.0,37,3,2,2015,2015-11-26,2015112602
,GB,CHI,73,4,7,-16.772375217657704,29,45,1029.0,38,3,1,2015,2015-11-26,2015112602
,NYG,WAS,67,5,8,-6.442333153260348,23,54,410.0,15,3,2,2015,2015-11-29,2015112900
,WAS,NYG,64,5,7,3.5312382979596992,26,29,338.0,12,3,2,2015,2015-11-29,2015112900
,ATL,MIN,56,3,6,-6.0606715067331915,24,33,1178.0,37,3,1,2015,2015-11-29,2015112901
,MIN,ATL,64,2,6,6.984400550651412,30,28,1264.0,42,3,2,2015,2015-11-29,2015112901
,CIN,LA,58,4,7,7.075438438180103,26,28,981.0,29,4,3,2015,2015-11-29,2015112902
,LA,CIN,71,2,5,-13.772485622398381,30,54,368.0,12,2,1,2015,2015-11-29,2015112902
,HOU,NO,62,3,4,12.06031264170118,28,27,800.0,23,4,3,2015,2015-11-29,2015112903
,NO,HOU,55,3,8,-16.17474798244772,19,45,171.0,6,3,0,2015,2015-11-29,2015112903
,IND,TB,68,4,8,3.118904448406381,28,45,1158.0,43,4,2,2015,2015-11-29,2015112904
,TB,IND,62,5,10,1.652167113203584,24,41,1175.0,38,3,1,2015,2015-11-29,2015112904
,MIA,NYJ,70,4,6,-6.305881350501711,25,61,620.0,19,4,3,2015,2015-11-29,2015112905
,NYJ,MIA,71,4,12,12.99220505126234,30,38,894.0,34,6,5,2015,2015-11-29,2015112905
,JAX,LAC,70,7,9,1.9972168783828945,29,51,822.0,28,5,2,2015,2015-11-29,2015112906
,LAC,JAX,69,4,9,11.942152210830878,29,45,608.0,26,5,4,2015,2015-11-29,2015112906
,LV,TEN,68,5,9,1.802138230383,31,39,1435.0,44,4,3,2015,2015-11-29,2015112907
,TEN,LV,57,4,5,-10.675520801541403,20,39,661.0,22,4,3,2015,2015-11-29,2015112907
,BUF,KC,68,4,7,3.2082587926943362,26,40,1212.0,41,4,3,2015,2015-11-29,2015112908
,KC,BUF,57,5,8,15.163285434436162,27,31,683.0,24,6,3,2015,2015-11-29,2015112908
,ARI,SF,68,3,4,-2.9142022000966676,30,41,1287.0,38,4,2,2015,2015-11-29,2015112909
,SF,ARI,55,3,9,1.6314394174327902,21,38,804.0,30,2,1,2015,2015-11-29,2015112909
,PIT,SEA,76,5,10,4.817905159454057,39,63,1322.0,46,5,3,2015,2015-11-29,2015112910
,SEA,PIT,59,5,10,17.51631447880751,26,32,918.0,29,6,6,2015,2015-11-29,2015112910
,DEN,NE,77,5,10,3.71560132434828,29,45,918.0,30,4,3,2015,2015-11-29,2015112911
,NE,DEN,61,4,5,-1.314211803920347,18,45,853.0,30,3,3,2015,2015-11-29,2015112911
,BAL,CLE,57,3,7,1.4962010354482644,25,34,1018.0,30,3,2,2015,2015-11-30,2015113000
,CLE,BAL,68,3,6,5.990770726945293,24,50,627.0,26,4,2,2015,2015-11-30,2015113000
,DET,GB,63,3,6,-0.14867062469038772,25,38,639.0,16,3,2,2015,2015-12-03,2015120300
,GB,DET,62,4,9,1.5386958880691797,24,38,183.0,8,5,4,2015,2015-12-03,2015120300
,NYG,NYJ,60,5,8,-3.338255422327041,17,36,426.0,17,4,1,2015,2015-12-06,2015120600
,NYJ,NYG,77,6,13,5.927855584150164,34,53,1016.0,28,5,2,2015,2015-12-06,2015120600
,BUF,HOU,58,6,7,13.819448783495213,25,22,1044.0,33,5,4,2015,2015-12-06,2015120601
,HOU,BUF,71,4,8,8.985937827887106,33,45,1193.0,35,3,3,2015,2015-12-06,2015120601
,BAL,MIA,75,4,7,-12.50460606640517,30,49,1076.0,32,4,1,2015,2015-12-06,2015120602
,MIA,BAL,46,2,4,-9.547611417900676,13,20,753.0,26,1,1,2015,2015-12-06,2015120602
,CIN,CLE,56,5,8,15.944436544438402,28,23,541.0,16,7,4,2015,2015-12-06,2015120603
,CLE,CIN,58,2,5,-10.526749289139737,25,39,327.0,11,0,0,2015,2015-12-06,2015120603
,JAX,TEN,59,4,7,11.059710090335813,29,39,647.0,23,6,6,2015,2015-12-06,2015120604
,TEN,JAX,67,6,10,14.497041856551931,32,33,1232.0,39,6,5,2015,2015-12-06,2015120604
,CHI,SF,74,3,5,-4.334215379101666,31,32,1367.0,45,3,2,2015,2015-12-06,2015120605
,SF,CHI,59,3,3,-2.0833271812435097,22,36,833.0,32,2,2,2015,2015-12-06,2015120605
,MIN,SEA,47,1,3,-13.794381781446926,14,31,503.0,13,1,1,2015,2015-12-06,2015120606
,SEA,MIN,64,5,7,24.0111031208735,36,30,931.0,28,6,5,2015,2015-12-06,2015120606
,CAR,NO,73,6,10,10.2774945751409,37,41,1271.0,36,7,6,2015,2015-12-06,2015120607
,NO,CAR,58,3,5,6.0328908692197665,24,43,644.0,27,5,4,2015,2015-12-06,2015120607
,ATL,TB,65,3,4,2.024004667429878,33,47,1132.0,43,3,1,2015,2015-12-06,2015120608
,TB,ATL,63,5,9,12.266310563502522,32,29,1179.0,39,4,3,2015,2015-12-06,2015120608
,ARI,LA,75,8,13,18.94348585949102,35,42,1256.0,40,5,3,2015,2015-12-06,2015120609
,LA,ARI,48,3,4,-14.45943629808117,15,35,535.0,15,2,0,2015,2015-12-06,2015120609
,KC,LV,47,1,6,-4.018401636380277,20,27,990.0,28,4,4,2015,2015-12-06,2015120610
,LV,KC,76,3,11,-18.3741169193033,31,52,1226.0,38,3,3,2015,2015-12-06,2015120610
,DEN,LAC,65,3,4,-5.168279520851702,23,27,238.0,10,2,1,2015,2015-12-06,2015120611
,LAC,DEN,61,2,7,-23.161114149036855,21,38,455.0,15,0,0,2015,2015-12-06,2015120611
,NE,PHI,84,4,7,-4.678362354868723,38,60,1284.0,46,5,4,2015,2015-12-06,2015120612
,PHI,NE,57,1,5,-2.4065842983447316,23,25,518.0,22,2,2,2015,2015-12-06,2015120612
,IND,PIT,56,3,5,-17.414678281045017,23,39,638.0,19,6,1,2015,2015-12-06,2015120613
,PIT,IND,70,8,13,22.833315822794443,32,39,832.0,31,5,4,2015,2015-12-06,2015120613
,DAL,WAS,54,4,6,-13.64495850243859,24,30,870.0,25,4,1,2015,2015-12-07,2015120700
,WAS,DAL,60,3,5,-3.5496767222548327,23,34,1162.0,36,2,1,2015,2015-12-07,2015120700
,ARI,MIN,64,5,7,14.013528070102195,29,37,1391.0,43,4,2,2015,2015-12-10,2015121000
,MIN,ARI,63,7,9,2.9380622045418,27,39,993.0,31,3,2,2015,2015-12-10,2015121000
,BUF,PHI,68,4,7,10.200361178893155,29,37,1116.0,35,3,2,2015,2015-12-13,2015121300
,PHI,BUF,71,3,6,-1.5048185960593492,29,39,899.0,42,3,2,2015,2015-12-13,2015121300
,NYJ,TEN,71,4,8,15.567400789332789,29,37,603.0,22,4,3,2015,2015-12-13,2015121301
,TEN,NYJ,58,4,8,-7.895985664787576,20,45,90.0,4,2,1,2015,2015-12-13,2015121301
,CIN,PIT,54,6,10,9.808821528500664,27,39,281.0,10,5,2,2015,2015-12-13,2015121302
,PIT,CIN,67,2,8,10.485201872748204,29,41,935.0,32,3,2,2015,2015-12-13,2015121302
,HOU,NE,51,4,4,-23.120416612135013,13,30,548.0,16,2,0,2015,2015-12-13,2015121303
,NE,HOU,61,3,4,2.435495000722135,27,33,812.0,27,3,3,2015,2015-12-13,2015121303
,IND,JAX,69,5,5,-28.662781084710403,20,46,911.0,32,3,0,2015,2015-12-13,2015121304
,JAX,IND,62,4,9,2.391412122535946,25,33,731.0,27,5,5,2015,2015-12-13,2015121304
,KC,LAC,50,4,6,8.031297421911729,24,25,769.0,24,1,1,2015,2015-12-13,2015121305
,LAC,KC,66,4,8,-5.170776931137474,19,48,851.0,30,2,0,2015,2015-12-13,2015121305
,CHI,WAS,56,6,7,10.502909941140794,25,34,217.0,7,3,3,2015,2015-12-13,2015121306
,WAS,CHI,66,3,7,15.218948468810812,37,34,1152.0,34,3,3,2015,2015-12-13,2015121306
,ATL,CAR,60,3,3,-18.929779063690138,18,45,132.0,4,2,0,2015,2015-12-13,2015121307
,CAR,ATL,59,6,9,17.619591878472654,26,29,272.0,9,6,5,2015,2015-12-13,2015121307
,NO,TB,76,4,6,12.923105084966792,35,43,1410.0,49,4,3,2015,2015-12-13,2015121308
,TB,NO,49,3,5,4.406285857390299,21,30,517.0,17,2,2,2015,2015-12-13,2015121308
,DET,LA,68,0,8,-5.893816988551319,32,49,1277.0,37,2,2,2015,2015-12-13,2015121309
,LA,DET,51,5,6,3.8569882561521167,22,23,788.0,29,2,2,2015,2015-12-13,2015121309
,CLE,SF,70,8,10,11.251690937381994,33,33,1412.0,44,4,3,2015,2015-12-13,2015121310
,SF,CLE,54,1,5,-12.59011487472024,17,37,571.0,20,1,1,2015,2015-12-13,2015121310
,DEN,LV,77,2,5,-17.88837662111716,30,56,1181.0,36,3,0,2015,2015-12-13,2015121311
,LV,DEN,52,3,4,-21.344319176532252,10,33,428.0,17,3,2,2015,2015-12-13,2015121311
,DAL,GB,51,3,4,-10.108993858890482,18,31,543.0,17,2,1,2015,2015-12-13,2015121312
,GB,DAL,79,3,8,13.945074454824788,40,37,1307.0,42,5,4,2015,2015-12-13,2015121312
,BAL,SEA,54,5,9,-15.581543407130471,18,41,604.0,20,3,0,2015,2015-12-13,2015121313
,SEA,BAL,66,4,8,27.48372320960377,37,33,1238.0,39,6,5,2015,2015-12-13,2015121313
,MIA,NYG,62,3,6,6.876673327417738,28,41,1060.0,37,5,3,2015,2015-12-14,2015121400
,NYG,MIA,61,4,5,14.85993862629593,35,31,1148.0,37,5,4,2015,2015-12-14,2015121400
,LA,TB,49,3,8,9.99886329469171,22,19,294.0,8,5,4,2015,2015-12-17,2015121700
,TB,LA,76,6,10,12.071677669773804,39,49,282.0,10,4,2,2015,2015-12-17,2015121700
,DAL,NYJ,56,3,7,-12.16170125582635,21,35,974.0,31,4,1,2015,2015-12-19,2015121900
,NYJ,DAL,66,4,6,0.15177435406862816,28,41,1144.0,38,4,2,2015,2015-12-19,2015121900
,CAR,NYG,76,6,13,13.022498394439307,33,47,728.0,30,6,5,2015,2015-12-20,2015122000
,NYG,CAR,73,5,6,4.585558739177193,28,46,703.0,27,6,5,2015,2015-12-20,2015122000
,ARI,PHI,72,4,12,19.218996168770104,39,35,1183.0,40,6,4,2015,2015-12-20,2015122001
,PHI,ARI,63,6,9,-10.566687867159594,25,43,712.0,29,4,2,2015,2015-12-20,2015122001
,CHI,MIN,62,1,3,-8.252294638106049,31,42,153.0,4,2,2,2015,2015-12-20,2015122002
,MIN,CHI,57,4,8,20.285598720210196,22,21,774.0,23,5,5,2015,2015-12-20,2015122002
,ATL,JAX,67,3,6,0.7642989141562545,26,36,1209.0,38,5,2,2015,2015-12-20,2015122003
,JAX,ATL,59,7,10,-4.412032431733905,29,39,671.0,21,3,2,2015,2015-12-20,2015122003
,HOU,IND,64,4,6,-6.999723585528845,23,30,905.0,27,4,1,2015,2015-12-20,2015122004
,IND,HOU,53,1,3,-9.986325554550431,20,34,967.0,30,2,1,2015,2015-12-20,2015122004
,NE,TEN,63,3,7,9.966312377623384,25,37,489.0,14,4,2,2015,2015-12-20,2015122005
,TEN,NE,60,3,6,-17.73407020350114,21,39,333.0,8,2,2,2015,2015-12-20,2015122005
,BAL,KC,67,3,5,-18.555762218635365,27,47,352.0,12,3,2,2015,2015-12-20,2015122006
,KC,BAL,54,3,3,8.577890706613317,25,28,458.0,13,3,2,2015,2015-12-20,2015122006
,BUF,WAS,64,5,10,13.888550810156739,31,32,236.0,7,5,3,2015,2015-12-20,2015122007
,WAS,BUF,54,5,8,24.30576437690551,31,29,620.0,19,5,5,2015,2015-12-20,2015122007
,CLE,SEA,52,3,4,2.807502957298612,17,35,693.0,24,3,1,2015,2015-12-20,2015122008
,SEA,CLE,67,4,7,18.11429829935875,36,32,931.0,31,5,3,2015,2015-12-20,2015122008
,GB,LV,68,3,5,-13.969926425732488,21,41,875.0,34,6,2,2015,2015-12-20,2015122009
,LV,GB,74,6,10,-14.503893079867723,26,49,747.0,26,4,2,2015,2015-12-20,2015122009
,DEN,PIT,70,3,8,-2.980458760870709,27,46,761.0,26,4,4,2015,2015-12-20,2015122010
,PIT,DEN,71,2,8,-0.041301591846650165,30,57,533.0,17,5,4,2015,2015-12-20,2015122010
,LAC,MIA,72,6,10,16.994134586422504,34,37,721.0,20,6,4,2015,2015-12-20,2015122011
,MIA,LAC,55,3,4,-7.225105594866056,16,36,388.0,11,2,2,2015,2015-12-20,2015122011
,CIN,SF,61,3,5,-11.229584717716326,17,25,745.0,23,4,3,2015,2015-12-20,2015122012
,SF,CIN,70,2,7,-14.755465501721037,24,53,643.0,19,3,2,2015,2015-12-20,2015122012
,DET,NO,49,6,9,17.108455075180565,32,28,331.0,9,6,5,2015,2015-12-21,2015122100
,NO,DET,71,4,8,11.80047368489789,32,53,414.0,13,5,3,2015,2015-12-21,2015122100
,LAC,LV,74,5,6,-4.922908158640482,27,49,929.0,32,3,2,2015,2015-12-24,2015122400
,LV,LAC,65,3,5,-5.970941783007964,24,41,1054.0,32,4,2,2015,2015-12-24,2015122400
,PHI,WAS,76,2,8,-6.336964551742916,33,60,717.0,31,4,3,2015,2015-12-26,2015122600
,WAS,PHI,71,5,11,14.855280789431289,29,49,1226.0,43,6,4,2015,2015-12-26,2015122600
,JAX,NO,55,5,8,12.774616400516596,29,40,169.0,6,4,4,2015,2015-12-27,2015122700
,NO,JAX,68,7,11,34.43591546364943,32,36,464.0,15,7,5,2015,2015-12-27,2015122700
,IND,MIA,53,3,6,2.4779633490653405,22,31,831.0,25,3,2,2015,2015-12-27,2015122701
,MIA,IND,70,5,9,0.691672689422909,29,45,790.0,22,5,1,2015,2015-12-27,2015122701
,NE,NYJ,54,4,6,-2.1184447499082126,19,33,753.0,21,2,1,2015,2015-12-27,2015122702
,NYJ,NE,69,5,11,8.548075652059897,28,42,1254.0,38,4,3,2015,2015-12-27,2015122702
,HOU,TEN,66,2,5,5.556696455759188,25,27,244.0,8,5,3,2015,2015-12-27,2015122703
,TEN,HOU,64,3,4,-19.301263878172794,24,53,265.0,8,2,1,2015,2015-12-27,2015122703
,CLE,KC,66,4,6,0.194223930705969,26,30,327.0,11,2,1,2015,2015-12-27,2015122704
,KC,CLE,50,2,3,-0.4429809322324919,19,23,975.0,30,2,2,2015,2015-12-27,2015122704
,DET,SF,65,4,6,9.169410246707848,31,40,1201.0,36,7,3,2015,2015-12-27,2015122705
,SF,DET,59,6,7,-4.244437398737509,27,36,1070.0,39,2,2,2015,2015-12-27,2015122705
,MIN,NYG,65,5,8,5.95125714068585,25,28,751.0,24,7,4,2015,2015-12-27,2015122706
,NYG,MIN,58,3,5,-20.895852666330963,24,38,321.0,11,4,2,2015,2015-12-27,2015122706
,ATL,CAR,59,3,8,9.7267629246196,23,31,1332.0,35,3,2,2015,2015-12-27,2015122707
,CAR,ATL,52,1,6,-0.5513033341437357,28,32,1200.0,35,2,1,2015,2015-12-27,2015122707
,CHI,TB,67,1,5,2.792216455147872,30,28,1279.0,39,4,2,2015,2015-12-27,2015122708
,TB,CHI,53,4,10,2.1652132973657965,26,29,900.0,29,4,3,2015,2015-12-27,2015122708
,BUF,DAL,58,6,11,1.9226703475527405,25,21,1178.0,36,5,2,2015,2015-12-27,2015122709
,DAL,BUF,55,5,6,-4.016297763010552,21,31,1161.0,35,1,0,2015,2015-12-27,2015122709
,ARI,GB,54,3,8,5.236710640154533,27,30,792.0,21,4,3,2015,2015-12-27,2015122710
,GB,ARI,64,3,4,-29.555922813416725,19,39,445.0,13,3,1,2015,2015-12-27,2015122710
,LA,SEA,51,2,3,4.074634931790673,22,23,569.0,17,2,2,2015,2015-12-27,2015122711
,SEA,LA,67,3,7,-9.016460442825522,26,45,259.0,7,3,2,2015,2015-12-27,2015122711
,BAL,PIT,72,2,6,9.579850523477793,32,41,1324.0,43,4,2,2015,2015-12-27,2015122712
,PIT,BAL,57,4,8,-5.447518832780249,25,37,700.0,22,3,2,2015,2015-12-27,2015122712
,CIN,DEN,69,1,5,5.504890990920508,29,37,1215.0,34,2,2,2015,2015-12-28,2015122800
,DEN,CIN,63,3,5,5.918114383754897,31,42,305.0,10,4,2,2015,2015-12-28,2015122800
,BUF,NYJ,72,2,5,-4.191807335471472,22,30,1396.0,43,4,2,2015,2016-01-03,2016010300
,NYJ,BUF,55,3,7,-5.5331494667213015,19,38,277.0,10,3,2,2015,2016-01-03,2016010300
,MIA,NE,71,7,11,6.4186871131323855,29,39,1158.0,44,4,2,2015,2016-01-03,2016010301
,NE,MIA,53,2,2,-12.43412406559826,14,27,842.0,28,2,1,2015,2016-01-03,2016010301
,BAL,CIN,76,2,9,-13.095441778370724,28,55,894.0,39,2,1,2015,2016-01-03,2016010302
,CIN,BAL,56,3,4,6.349942040712289,23,30,985.0,32,4,3,2015,2016-01-03,2016010302
,CLE,PIT,76,3,7,-24.822409124736495,27,53,1358.0,46,5,0,2015,2016-01-03,2016010303
,PIT,CLE,54,5,10,-2.3367611990214057,21,37,868.0,31,4,3,2015,2016-01-03,2016010303
,HOU,JAX,74,4,4,1.477094856083968,33,43,715.0,24,3,2,2015,2016-01-03,2016010304
,JAX,HOU,54,4,6,-32.70899379795516,13,40,251.0,9,3,0,2015,2016-01-03,2016010304
,IND,TEN,68,1,5,0.2949007151061377,27,39,929.0,34,3,2,2015,2016-01-03,2016010305
,TEN,IND,56,2,5,-6.11749374786518,22,30,521.0,19,3,3,2015,2016-01-03,2016010305
,KC,LV,63,2,8,5.60077461395484,28,25,912.0,27,5,3,2015,2016-01-03,2016010306
,LV,KC,54,1,3,-9.527506701585185,17,38,396.0,14,2,1,2015,2016-01-03,2016010306
,DAL,WAS,68,10,13,0.46083683143892973,31,52,295.0,9,5,3,2015,2016-01-03,2016010307
,WAS,DAL,60,7,8,19.25080901179654,25,27,242.0,6,7,4,2015,2016-01-03,2016010307
,NYG,PHI,80,6,11,6.3966086216037406,38,44,1152.0,43,6,3,2015,2016-01-03,2016010308
,PHI,NYG,63,5,7,16.631101706403925,33,39,1011.0,36,4,4,2015,2016-01-03,2016010308
,CHI,DET,52,5,7,0.3954147577990428,22,27,779.0,23,4,2,2015,2016-01-03,2016010309
,DET,CHI,61,4,5,9.665702181428193,28,43,1186.0,37,3,3,2015,2016-01-03,2016010309
,GB,MIN,74,4,8,-13.097276782910905,27,49,831.0,26,4,1,2015,2016-01-03,2016010310
,MIN,GB,49,3,5,-1.6550885603221086,17,22,891.0,30,2,1,2015,2016-01-03,2016010310
,ATL,NO,63,5,7,9.415074590925085,30,37,1377.0,46,3,2,2015,2016-01-03,2016010311
,NO,ATL,63,6,6,10.48584550784535,28,43,1021.0,35,5,2,2015,2016-01-03,2016010311
,CAR,TB,60,5,10,10.15645639751282,31,30,981.0,31,5,5,2015,2016-01-03,2016010312
,TB,CAR,70,7,8,-8.022006545134108,28,48,421.0,14,3,1,2015,2016-01-03,2016010312
,DEN,LAC,63,7,12,-2.3684432405961684,29,33,853.0,34,5,3,2015,2016-01-03,2016010313
,LAC,DEN,67,2,3,-11.552574312364174,24,38,1375.0,40,2,2,2015,2016-01-03,2016010313
,ARI,SEA,57,1,6,-10.666656364204094,22,44,159.0,4,2,1,2015,2016-01-03,2016010314
,SEA,ARI,68,4,7,14.606968771634623,33,33,762.0,22,7,4,2015,2016-01-03,2016010314
,LA,SF,71,2,3,-0.40959924996077746,29,38,1404.0,40,3,1,2015,2016-01-03,2016010315
,SF,LA,74,9,10,-3.365629263994842,26,45,872.0,33,5,1,2015,2016-01-03,2016010315
,CAR,DEN,65,1,7,6.846199416868691,28,33,943.0,30,3,2,2016,2016-09-08,2016090800
,DEN,CAR,55,5,6,3.484702387400348,26,28,767.0,23,4,3,2016,2016-09-08,2016090800
,ATL,TB,64,4,8,5.2811415632655,28,43,753.0,20,5,2,2016,2016-09-11,2016091100
,TB,ATL,58,5,8,9.13956811876133,26,32,711.0,28,5,4,2016,2016-09-11,2016091100
,BAL,BUF,63,3,5,-2.789307574070324,28,38,914.0,34,2,1,2016,2016-09-11,2016091101
,BUF,BAL,48,1,3,-8.054157534182353,18,24,785.0,23,1,1,2016,2016-09-11,2016091101
,CHI,HOU,54,2,7,-14.155096745883741,19,34,833.0,28,2,2,2016,2016-09-11,2016091102
,HOU,CHI,70,4,6,2.669843758171631,29,37,1473.0,44,5,2,2016,2016-09-11,2016091102
,GB,JAX,58,4,6,9.451595976522883,24,34,1211.0,41,5,3,2016,2016-09-11,2016091103
,JAX,GB,67,6,6,-1.2035688748503275,26,42,1107.0,37,4,2,2016,2016-09-11,2016091103
,KC,LAC,70,5,7,10.700428209444022,37,51,315.0,10,5,4,2016,2016-09-11,2016091104
,LAC,KC,68,4,6,13.18809959005321,38,37,608.0,16,5,3,2016,2016-09-11,2016091104
,LV,NO,65,7,9,20.197898716437095,31,39,788.0,26,5,4,2016,2016-09-11,2016091105
,NO,LV,62,6,10,22.92625687284372,33,40,985.0,35,7,4,2016,2016-09-11,2016091105
,CIN,NYJ,55,6,8,7.391556986014757,25,37,954.0,32,4,2,2016,2016-09-11,2016091106
,NYJ,CIN,65,3,9,2.2580986800141,26,35,1320.0,41,5,2,2016,2016-09-11,2016091106
,CLE,PHI,50,4,7,-16.99143718913399,17,29,464.0,19,2,1,2016,2016-09-11,2016091107
,PHI,CLE,73,3,9,6.176534281037007,31,39,1186.0,40,5,3,2016,2016-09-11,2016091107
,MIN,TEN,60,3,7,0.0035518614047367336,22,33,900.0,29,3,0,2016,2016-09-11,2016091108
,TEN,MIN,66,2,6,-15.773359531692444,32,44,1349.0,42,3,2,2016,2016-09-11,2016091108
,MIA,SEA,53,3,4,-11.783504120149507,14,33,798.0,26,3,1,2016,2016-09-11,2016091109
,SEA,MIA,78,2,5,-11.285647171216922,36,46,1395.0,47,3,1,2016,2016-09-11,2016091109
,DAL,NYG,73,1,5,2.594058968074326,29,43,1659.0,49,3,1,2016,2016-09-11,2016091110
,NYG,DAL,54,3,6,5.762690805876607,25,30,753.0,28,3,3,2016,2016-09-11,2016091110
,DET,IND,63,4,7,23.060131852242453,35,40,997.0,32,5,5,2016,2016-09-11,2016091111
,IND,DET,68,4,10,20.937420415938686,33,49,431.0,15,4,4,2016,2016-09-11,2016091111
,ARI,NE,59,4,7,11.94191924045171,32,40,195.0,9,3,3,2016,2016-09-11,2016091112
,NE,ARI,65,4,6,6.292638089897432,26,35,1153.0,35,3,2,2016,2016-09-11,2016091112
,PIT,WAS,67,5,10,20.288196713084226,37,38,1096.0,35,5,5,2016,2016-09-12,2016091200
,WAS,PIT,54,3,5,2.765017039837181,29,42,538.0,18,5,1,2016,2016-09-12,2016091200
,LA,SF,59,2,4,-27.888483980611692,13,37,560.0,16,0,0,2016,2016-09-12,2016091201
,SF,LA,76,1,7,-0.7792578879043636,30,35,604.0,28,4,4,2016,2016-09-12,2016091201
,BUF,NYJ,49,4,6,8.435561191197616,22,30,410.0,13,3,3,2016,2016-09-15,2016091500
,NYJ,BUF,70,8,12,15.747436730988728,32,35,1431.0,44,7,4,2016,2016-09-15,2016091500
,CAR,SF,77,6,11,8.733850885194462,33,40,974.0,33,6,4,2016,2016-09-18,2016091800
,SF,CAR,64,3,4,-14.240470173302805,21,38,884.0,30,6,3,2016,2016-09-18,2016091800
,BAL,CLE,71,5,8,-0.05221035776515043,27,45,412.0,12,2,2,2016,2016-09-18,2016091801
,CLE,BAL,58,4,9,6.885626338202695,21,35,469.0,16,4,3,2016,2016-09-18,2016091801
,DET,TEN,67,7,7,3.01542517513062,24,44,628.0,28,3,1,2016,2016-09-18,2016091802
,TEN,DET,60,5,5,9.966979565512938,25,37,370.0,10,2,2,2016,2016-09-18,2016091802
,HOU,KC,66,4,6,-9.226304715940888,20,34,806.0,26,5,1,2016,2016-09-18,2016091803
,KC,HOU,60,4,6,-26.649590609390867,20,41,588.0,20,2,0,2016,2016-09-18,2016091803
,MIA,NE,60,7,11,3.2332675251382517,33,44,40.0,2,4,3,2016,2016-09-18,2016091804
,NE,MIA,74,5,12,15.871291281120131,31,37,423.0,13,5,4,2016,2016-09-18,2016091804
,NO,NYG,59,2,6,-3.5715272096564137,26,46,913.0,36,3,1,2016,2016-09-18,2016091805
,NYG,NO,71,4,6,-4.417255565354553,34,43,1284.0,43,4,0,2016,2016-09-18,2016091805
,CIN,PIT,73,7,10,-5.2689893215028425,26,55,749.0,35,4,1,2016,2016-09-18,2016091806
,PIT,CIN,74,4,6,1.8889374586496994,30,38,1279.0,45,3,3,2016,2016-09-18,2016091806
,DAL,WAS,64,5,10,10.722638313079397,28,34,1271.0,39,5,3,2016,2016-09-18,2016091807
,WAS,DAL,64,5,8,6.975587377733617,30,47,927.0,31,6,2,2016,2016-09-18,2016091807
,ARI,TB,65,6,7,13.21745181986503,27,36,617.0,22,6,4,2016,2016-09-18,2016091808
,TB,ARI,75,2,6,-18.70316791901447,27,55,390.0,13,1,1,2016,2016-09-18,2016091808
,LA,SEA,56,3,7,-3.6084323415123314,17,33,947.0,31,1,0,2016,2016-09-18,2016091809
,SEA,LA,61,2,5,-5.972426442643561,22,37,1156.0,38,1,0,2016,2016-09-18,2016091809
,DEN,IND,65,2,6,2.0803492564108645,35,34,1383.0,46,5,1,2016,2016-09-18,2016091810
,IND,DEN,65,3,4,-13.664893397009058,26,45,895.0,32,2,2,2016,2016-09-18,2016091810
,ATL,LV,65,7,12,23.978793115569452,37,35,1104.0,41,7,4,2016,2016-09-18,2016091811
,LV,ATL,70,3,8,15.02288595779983,39,45,1228.0,40,4,4,2016,2016-09-18,2016091811
,JAX,LAC,63,6,12,-5.108602610644001,27,52,158.0,4,3,2,2016,2016-09-18,2016091812
,LAC,JAX,63,5,6,8.896127241612733,26,28,651.0,17,7,5,2016,2016-09-18,2016091812
,GB,MIN,64,2,4,-9.691862703814513,24,41,869.0,27,3,2,2016,2016-09-18,2016091813
,MIN,GB,56,3,7,-1.7434176351090436,19,35,1094.0,35,3,2,2016,2016-09-18,2016091813
,CHI,PHI,50,3,5,-14.916494004336784,28,32,989.0,27,3,1,2016,2016-09-19,2016091900
,PHI,CHI,64,3,4,2.8518320360232643,24,35,1170.0,37,6,3,2016,2016-09-19,2016091900
,HOU,NE,70,0,4,-18.050472515414206,29,43,318.0,11,0,0,2016,2016-09-22,2016092200
,NE,HOU,57,4,5,-5.859913514234577,19,20,349.0,10,5,3,2016,2016-09-22,2016092200
,ARI,BUF,78,3,8,-25.44664903246124,30,56,176.0,6,4,2,2016,2016-09-25,2016092500
,BUF,ARI,59,5,7,-2.1337972409350527,23,29,470.0,15,4,3,2016,2016-09-25,2016092500
,CAR,MIN,72,4,7,-12.560734256312452,25,44,1455.0,42,1,1,2016,2016-09-25,2016092501
,MIN,CAR,53,0,5,-5.483361156062437,17,30,568.0,21,4,1,2016,2016-09-25,2016092501
,CIN,DEN,63,4,5,-0.32087711857213286,27,35,1361.0,39,4,2,2016,2016-09-25,2016092502
,DEN,CIN,60,3,7,4.432653456405868,24,37,853.0,30,5,4,2016,2016-09-25,2016092502
,DET,GB,67,6,9,13.62592353448634,33,44,505.0,13,5,3,2016,2016-09-25,2016092503
,GB,DET,47,3,5,14.25842501757417,19,26,311.0,10,5,4,2016,2016-09-25,2016092503
,BAL,JAX,63,2,6,-9.114567524347562,25,42,1014.0,34,2,1,2016,2016-09-25,2016092504
,JAX,BAL,63,1,3,-15.642676430883668,22,42,549.0,17,2,2,2016,2016-09-25,2016092504
,CLE,MIA,74,7,11,0.24648313586876341,33,43,1144.0,36,6,1,2016,2016-09-25,2016092505
,MIA,CLE,63,5,10,-4.551417669135002,28,38,1061.0,32,5,4,2016,2016-09-25,2016092505
,NYG,WAS,61,6,14,5.765678478005556,29,40,1055.0,36,6,3,2016,2016-09-25,2016092506
,WAS,NYG,65,6,6,6.733959318380162,26,37,886.0,32,6,2,2016,2016-09-25,2016092506
,LV,TEN,60,6,8,4.41231067791713,22,36,921.0,30,2,2,2016,2016-09-25,2016092507
,TEN,LV,63,4,9,-6.778430494705901,27,34,767.0,25,3,1,2016,2016-09-25,2016092507
,SEA,SF,64,5,8,6.939147297602819,25,34,537.0,15,7,4,2016,2016-09-25,2016092508
,SF,SEA,57,2,4,-6.9672746143350235,17,25,58.0,2,3,2,2016,2016-09-25,2016092508
,LA,TB,61,3,5,-3.790027886212945,25,27,823.0,28,4,4,2016,2016-09-25,2016092509
,TB,LA,83,5,11,3.513216195667454,37,62,1149.0,35,6,4,2016,2016-09-25,2016092509
,PHI,PIT,61,4,7,21.990982685132963,26,31,717.0,23,6,4,2016,2016-09-25,2016092510
,PIT,PHI,58,4,6,-15.594423426605205,18,48,469.0,13,3,0,2016,2016-09-25,2016092510
,IND,LAC,65,3,7,2.1275759716387346,30,39,1392.0,40,5,3,2016,2016-09-25,2016092511
,LAC,IND,58,5,7,-1.8699199510424132,24,41,809.0,25,4,1,2016,2016-09-25,2016092511
,KC,NYJ,59,2,6,-3.2148230363715857,22,35,899.0,25,3,1,2016,2016-09-25,2016092512
,NYJ,KC,66,2,4,-27.407941835888128,24,44,338.0,12,4,0,2016,2016-09-25,2016092512
,CHI,DAL,62,6,8,0.21320738048062476,29,47,34.0,1,4,2,2016,2016-09-25,2016092513
,DAL,CHI,65,3,8,17.54489138301899,36,24,602.0,16,4,4,2016,2016-09-25,2016092513
,ATL,NO,61,6,12,26.89586671439303,33,32,755.0,31,7,5,2016,2016-09-26,2016092600
,NO,ATL,80,7,9,9.462102563211456,41,56,796.0,28,5,4,2016,2016-09-26,2016092600
,CIN,MIA,65,4,8,0.6039873613676416,24,32,1075.0,32,4,1,2016,2016-09-29,2016092900
,MIA,CIN,42,2,4,-9.513908961531937,13,29,352.0,11,1,1,2016,2016-09-29,2016092900
,IND,JAX,72,2,4,-4.7577452436028524,29,47,932.0,27,3,3,2016,2016-10-02,2016100200
,JAX,IND,65,1,7,7.326372450438088,27,36,374.0,20,4,3,2016,2016-10-02,2016100200
,ATL,CAR,63,7,15,29.42816398487847,32,40,1056.0,30,7,5,2016,2016-10-02,2016100201
,CAR,ATL,65,5,9,-0.044032827899957105,29,50,447.0,15,3,3,2016,2016-10-02,2016100201
,BAL,LV,80,3,9,0.09072226722051502,29,54,1281.0,40,4,3,2016,2016-10-02,2016100202
,LV,BAL,52,2,6,-3.8174977811899096,17,35,678.0,21,4,4,2016,2016-10-02,2016100202
,CHI,DET,64,2,7,8.300604356499289,29,38,1286.0,42,3,2,2016,2016-10-02,2016100203
,DET,CHI,56,1,6,-10.522086375576748,24,38,1046.0,36,1,0,2016,2016-10-02,2016100203
,HOU,TEN,61,3,5,3.5589276955382823,32,37,848.0,30,2,2,2016,2016-10-02,2016100204
,TEN,HOU,62,4,4,-4.236751437760837,23,30,826.0,25,3,2,2016,2016-10-02,2016100204
,BUF,NE,72,2,5,11.608047578414565,34,40,582.0,17,2,1,2016,2016-10-02,2016100205
,NE,BUF,52,1,6,-6.682095175714873,17,30,125.0,4,1,0,2016,2016-10-02,2016100205
,NYJ,SEA,64,1,6,1.6789933746166499,24,44,1076.0,31,3,2,2016,2016-10-02,2016100206
,SEA,NYJ,57,6,8,12.575613879486118,26,34,1002.0,30,5,3,2016,2016-10-02,2016100206
,CLE,WAS,67,0,4,6.362958496444339,35,39,807.0,29,3,2,2016,2016-10-02,2016100207
,WAS,CLE,56,4,8,9.868877022851558,28,30,1107.0,31,5,4,2016,2016-10-02,2016100207
,DEN,TB,64,2,8,2.126612274489975,26,35,479.0,20,5,3,2016,2016-10-02,2016100208
,TB,DEN,65,1,3,-24.927853407450236,17,40,928.0,33,1,1,2016,2016-10-02,2016100208
,ARI,LA,74,6,12,-5.387601153463299,32,49,1332.0,47,3,1,2016,2016-10-02,2016100209
,LA,ARI,54,5,5,-4.293176262702767,18,32,889.0,28,3,2,2016,2016-10-02,2016100209
,LAC,NO,67,4,8,-1.7143903315159776,24,46,1008.0,40,6,4,2016,2016-10-02,2016100210
,NO,LAC,68,2,5,2.4941376428197257,28,38,1003.0,34,5,5,2016,2016-10-02,2016100210
,DAL,SF,70,4,6,16.79427782363827,36,34,933.0,34,4,3,2016,2016-10-02,2016100211
,SF,DAL,52,5,6,2.6542523987855864,21,24,843.0,29,3,2,2016,2016-10-02,2016100211
,KC,PIT,72,2,7,-6.552080748767033,27,54,251.0,7,4,2,2016,2016-10-02,2016100212
,PIT,KC,54,6,11,25.278976338785352,27,30,183.0,7,6,6,2016,2016-10-02,2016100212
,MIN,NYG,67,5,8,7.051160603992374,23,36,550.0,19,3,3,2016,2016-10-03,2016100300
,NYG,MIN,63,1,4,-9.280732254110406,25,45,304.0,13,2,1,2016,2016-10-03,2016100300
,ARI,SF,64,4,6,0.35020630912321316,23,29,1119.0,35,6,4,2016,2016-10-06,2016100600
,SF,ARI,74,2,3,-11.620395725633117,30,38,851.0,34,3,3,2016,2016-10-06,2016100600
,BAL,WAS,69,2,4,-9.924039923576668,26,50,994.0,33,3,1,2016,2016-10-09,2016100900
,WAS,BAL,60,3,5,-4.605004111334822,29,41,1074.0,37,3,1,2016,2016-10-09,2016100900
,CLE,NE,59,3,8,-8.784805927608314,19,38,349.0,11,2,2,2016,2016-10-09,2016100901
,NE,CLE,75,6,7,17.084335925968546,31,42,426.0,14,6,4,2016,2016-10-09,2016100901
,DET,PHI,54,2,6,4.352505630516999,19,29,1256.0,35,4,3,2016,2016-10-09,2016100902
,PHI,DET,57,4,8,6.934908188088199,30,36,252.0,8,3,2,2016,2016-10-09,2016100902
,CHI,IND,61,5,10,15.092069383897815,31,43,1014.0,32,4,2,2016,2016-10-09,2016100903
,IND,CHI,62,8,12,7.421632223952951,27,43,1180.0,42,4,2,2016,2016-10-09,2016100903
,MIA,TEN,40,3,3,-3.2402489381300486,14,23,694.0,20,2,1,2016,2016-10-09,2016100904
,TEN,MIA,68,4,5,14.694389621697724,34,29,1257.0,40,4,4,2016,2016-10-09,2016100904
,HOU,MIN,59,2,5,-17.21673003972999,19,45,43.0,2,3,1,2016,2016-10-09,2016100905
,MIN,HOU,67,5,6,8.439345464242049,29,32,372.0,13,5,3,2016,2016-10-09,2016100905
,NYJ,PIT,58,1,7,-0.6548244738310007,26,41,1194.0,37,2,1,2016,2016-10-09,2016100906
,PIT,NYJ,70,2,6,11.18433969438073,33,48,1053.0,41,5,4,2016,2016-10-09,2016100906
,ATL,DEN,61,5,7,0.7670674394589874,24,30,792.0,30,4,2,2016,2016-10-09,2016100907
,DEN,ATL,64,1,3,-1.5623871117832413,26,40,220.0,7,2,1,2016,2016-10-09,2016100907
,CIN,DAL,63,2,2,12.869312404505374,36,44,245.0,7,2,2,2016,2016-10-09,2016100908
,DAL,CIN,50,4,9,20.148923665882748,27,25,586.0,16,5,4,2016,2016-10-09,2016100908
,BUF,LA,51,4,7,2.4073382749329237,21,25,807.0,30,5,3,2016,2016-10-09,2016100909
,LA,BUF,64,6,8,-11.048759722563148,26,35,1128.0,31,4,1,2016,2016-10-09,2016100909
,LAC,LV,51,7,9,2.6892329612756827,24,32,752.0,22,6,4,2016,2016-10-09,2016100910
,LV,LAC,69,5,9,2.4172377434873042,27,44,1542.0,48,5,3,2016,2016-10-09,2016100910
,GB,NYG,73,4,8,7.898584577316889,31,44,1135.0,38,4,2,2016,2016-10-09,2016100911
,NYG,GB,54,1,3,-10.854380647449723,18,39,384.0,15,2,1,2016,2016-10-09,2016100911
,CAR,TB,53,6,10,-0.39616827496291007,31,28,924.0,32,4,2,2016,2016-10-10,2016101000
,TB,CAR,69,2,5,0.9422548442794664,30,33,1296.0,37,5,1,2016,2016-10-10,2016101000
,DEN,LAC,68,1,4,-9.369044320559718,31,52,162.0,9,3,1,2016,2016-10-13,2016101300
,LAC,DEN,60,3,5,-1.127803275791444,21,31,1155.0,33,6,1,2016,2016-10-13,2016101300
,BUF,SF,74,7,12,12.8510978118305,36,31,1389.0,46,6,6,2016,2016-10-16,2016101600
,SF,BUF,59,2,7,-6.959508937843214,26,32,871.0,32,3,1,2016,2016-10-16,2016101600
,CHI,JAX,77,2,10,3.382913359429218,29,50,822.0,28,4,1,2016,2016-10-16,2016101601
,JAX,CHI,54,3,7,-3.1617123458547627,22,35,492.0,13,4,2,2016,2016-10-16,2016101601
,DET,LA,56,3,7,17.301720886890013,26,32,1018.0,28,5,4,2016,2016-10-16,2016101602
,LA,DET,55,3,8,19.848167280603743,31,33,1351.0,41,5,4,2016,2016-10-16,2016101602
,MIA,PIT,67,6,7,20.031908756869143,33,32,1313.0,41,7,3,2016,2016-10-16,2016101603
,PIT,MIA,53,2,5,-2.590214065843322,21,38,901.0,26,3,2,2016,2016-10-16,2016101603
,CIN,NE,65,5,7,9.194446671625903,29,33,1272.0,40,5,2,2016,2016-10-16,2016101604
,NE,CIN,61,6,10,19.77345157310378,29,38,923.0,32,5,4,2016,2016-10-16,2016101604
,CAR,NO,76,3,12,5.795671227701117,36,50,203.0,9,6,5,2016,2016-10-16,2016101605
,NO,CAR,70,6,9,21.689026111822628,34,49,550.0,19,6,5,2016,2016-10-16,2016101605
,BAL,NYG,76,4,6,-1.538339001360697,31,50,871.0,28,6,2,2016,2016-10-16,2016101606
,NYG,BAL,64,4,5,5.422021877286872,25,47,419.0,19,5,3,2016,2016-10-16,2016101606
,CLE,TEN,64,4,6,4.174939406324148,26,49,807.0,27,4,3,2016,2016-10-16,2016101607
,TEN,CLE,56,5,10,10.35215142478642,23,26,1038.0,31,4,4,2016,2016-10-16,2016101607
,PHI,WAS,47,4,5,-2.992083414000195,18,27,456.0,14,3,1,2016,2016-10-16,2016101608
,WAS,PHI,66,8,13,10.175733378342906,28,34,1291.0,41,5,3,2016,2016-10-16,2016101608
,KC,LV,62,5,7,15.710691256911176,31,24,1019.0,28,6,3,2016,2016-10-16,2016101609
,LV,KC,52,2,6,-9.242218750124717,26,35,722.0,23,2,1,2016,2016-10-16,2016101609
,DAL,GB,62,6,11,6.640185058791649,29,29,812.0,29,6,3,2016,2016-10-16,2016101610
,GB,DAL,67,3,7,-12.804719533009564,26,43,676.0,21,4,1,2016,2016-10-16,2016101610
,ATL,SEA,64,4,8,4.020414803701463,27,46,1003.0,33,4,3,2016,2016-10-16,2016101611
,SEA,ATL,62,3,7,7.405014387909528,33,38,809.0,26,5,3,2016,2016-10-16,2016101611
,HOU,IND,67,4,7,6.008137143440567,32,40,213.0,8,5,3,2016,2016-10-16,2016101612
,IND,HOU,67,6,8,2.1651294913757804,27,35,761.0,21,6,2,2016,2016-10-16,2016101612
,ARI,NYJ,68,1,1,13.98612470685493,33,35,682.0,20,4,4,2016,2016-10-17,2016101700
,NYJ,ARI,51,2,3,-13.962867338725681,16,37,371.0,11,2,0,2016,2016-10-17,2016101700
,CHI,GB,44,3,3,-11.014972632360479,13,27,758.0,25,0,0,2016,2016-10-20,2016102000
,GB,CHI,80,3,7,13.194854096211698,40,58,1536.0,54,6,3,2016,2016-10-20,2016102000
,LA,NYG,75,4,5,-8.469425470749071,28,55,1014.0,35,4,1,2016,2016-10-23,2016102300
,NYG,LA,55,3,4,-9.246213943828415,21,37,521.0,18,2,1,2016,2016-10-23,2016102300
,CIN,CLE,61,7,11,28.72858156546116,31,31,698.0,29,5,4,2016,2016-10-23,2016102301
,CLE,CIN,63,3,10,1.7724279956544473,27,37,925.0,26,3,2,2016,2016-10-23,2016102301
,DET,WAS,51,5,8,12.219723851859614,23,32,926.0,30,3,2,2016,2016-10-23,2016102302
,WAS,DET,70,3,10,8.490583372615292,39,41,1316.0,42,4,2,2016,2016-10-23,2016102302
,JAX,LV,59,5,8,-8.64371540112247,19,44,380.0,13,5,1,2016,2016-10-23,2016102303
,LV,JAX,69,4,5,3.5063350378062954,26,37,905.0,30,5,3,2016,2016-10-23,2016102303
,KC,NO,50,2,5,12.341695974891039,21,24,735.0,22,2,2,2016,2016-10-23,2016102304
,NO,KC,71,4,8,10.124366861245097,40,49,555.0,18,4,3,2016,2016-10-23,2016102304
,BUF,MIA,55,3,6,2.3731070880354497,21,33,639.0,21,4,3,2016,2016-10-23,2016102305
,MIA,BUF,68,4,6,14.85462563629758,28,27,1071.0,34,5,3,2016,2016-10-23,2016102305
,BAL,NYJ,56,3,4,-22.772367438714767,14,44,759.0,27,0,0,2016,2016-10-23,2016102306
,NYJ,BAL,65,5,6,-2.214288536744661,23,27,1172.0,34,5,3,2016,2016-10-23,2016102306
,MIN,PHI,73,4,5,-22.888514789263038,24,47,872.0,34,4,1,2016,2016-10-23,2016102307
,PHI,MIN,54,2,4,-17.299276691418015,21,28,989.0,32,4,2,2016,2016-10-23,2016102307
,IND,TEN,63,8,11,17.067409948441053,35,41,1146.0,33,5,3,2016,2016-10-23,2016102308
,TEN,IND,68,3,4,2.1917877217319246,35,40,938.0,30,3,3,2016,2016-10-23,2016102308
,ATL,LAC,63,4,10,6.180902850976271,27,37,914.0,27,4,2,2016,2016-10-23,2016102309
,LAC,ATL,74,5,8,7.868021550005455,38,49,689.0,20,5,3,2016,2016-10-23,2016102309
,SF,TB,66,1,8,-6.018825536929936,29,38,772.0,30,3,2,2016,2016-10-23,2016102310
,TB,SF,72,6,9,16.61214941833261,38,32,894.0,32,6,4,2016,2016-10-23,2016102310
,NE,PIT,54,3,4,13.13363647944988,26,26,1097.0,35,4,4,2016,2016-10-23,2016102311
,PIT,NE,68,3,5,-2.1599911852555973,23,46,1120.0,32,4,1,2016,2016-10-23,2016102311
,ARI,SEA,90,5,10,-4.028670819822292,40,53,1430.0,47,3,0,2016,2016-10-23,2016102312
,SEA,ARI,57,2,3,-11.264184010938745,22,38,590.0,20,2,0,2016,2016-10-23,2016102312
,DEN,HOU,59,2,5,5.9803444721331065,27,25,1053.0,32,5,3,2016,2016-10-24,2016102400
,HOU,DEN,67,1,2,-19.68404312502471,26,42,1149.0,35,1,0,2016,2016-10-24,2016102400
,JAX,TEN,68,4,5,8.163127566313554,33,56,197.0,6,4,3,2016,2016-10-27,2016102700
,TEN,JAX,66,5,14,17.654215674977493,26,23,494.0,14,7,4,2016,2016-10-27,2016102700
,CIN,WAS,81,2,4,10.582423736018423,41,45,1157.0,40,5,4,2016,2016-10-30,2016103000
,WAS,CIN,87,7,12,20.386197896546697,40,57,1028.0,37,6,3,2016,2016-10-30,2016103000
,ATL,GB,56,2,4,17.5580198379433,27,37,1082.0,34,5,4,2016,2016-10-30,2016103001
,GB,ATL,61,4,5,14.44556592126909,28,41,1195.0,36,5,4,2016,2016-10-30,2016103001
,BUF,NE,69,6,10,4.269267339514132,26,43,262.0,10,5,3,2016,2016-10-30,2016103002
,NE,BUF,60,3,9,14.510349432110951,23,38,576.0,18,6,5,2016,2016-10-30,2016103002
,CLE,NYJ,71,6,13,5.161383044621548,28,53,1047.0,37,4,3,2016,2016-10-30,2016103003
,NYJ,CLE,70,6,10,12.258309029171308,26,36,513.0,18,5,4,2016,2016-10-30,2016103003
,DET,HOU,56,2,4,-3.2674304938239596,20,42,565.0,17,2,1,2016,2016-10-30,2016103004
,HOU,DET,60,2,5,-1.4409878028022662,24,32,691.0,22,5,2,2016,2016-10-30,2016103004
,IND,KC,61,2,7,-7.824874085923479,25,41,405.0,17,2,2,2016,2016-10-30,2016103005
,KC,IND,70,6,11,10.489775948145207,25,44,847.0,31,6,3,2016,2016-10-30,2016103005
,NO,SEA,73,3,6,-0.2809511086252843,31,38,1276.0,40,6,2,2016,2016-10-30,2016103006
,SEA,NO,52,4,7,2.97984944914319,28,35,673.0,24,3,1,2016,2016-10-30,2016103006
,LV,TB,84,10,15,18.393888371891975,35,60,812.0,24,4,3,2016,2016-10-30,2016103007
,TB,LV,62,1,5,-0.3023088427738485,22,35,945.0,31,4,3,2016,2016-10-30,2016103007
,DEN,LAC,62,4,6,-12.63737312799751,21,39,843.0,32,6,2,2016,2016-10-30,2016103008
,LAC,DEN,77,4,8,-22.149886972875287,23,51,874.0,30,3,2,2016,2016-10-30,2016103008
,ARI,CAR,64,2,9,-3.9157939653549985,32,54,233.0,8,3,3,2016,2016-10-30,2016103009
,CAR,ARI,64,4,7,-1.3877211309926611,26,28,236.0,9,4,2,2016,2016-10-30,2016103009
,DAL,PHI,76,6,13,9.614370991037466,33,42,716.0,25,6,3,2016,2016-10-30,2016103010
,PHI,DAL,70,0,2,-7.049861855357126,27,46,1276.0,41,4,2,2016,2016-10-30,2016103010
,CHI,MIN,61,5,7,10.26811770077099,29,32,751.0,20,4,2,2016,2016-10-31,2016103100
,MIN,CHI,60,4,5,-1.7602165587018082,22,42,330.0,14,2,1,2016,2016-10-31,2016103100
,ATL,TB,69,9,13,20.694546559489044,34,37,1100.0,37,6,5,2016,2016-11-03,2016110300
,TB,ATL,72,3,7,8.345654125824055,35,52,809.0,29,4,4,2016,2016-11-03,2016110300
,DEN,LV,50,5,6,-5.815005005797448,15,38,157.0,8,2,2,2016,2016-11-06,2016110600
,LV,DEN,73,4,6,6.1890161237782095,36,33,929.0,30,6,3,2016,2016-11-06,2016110600
,BAL,PIT,60,2,3,-10.808442316088508,20,33,783.0,28,2,1,2016,2016-11-06,2016110601
,PIT,BAL,64,5,6,-13.562866889181576,22,47,455.0,14,3,2,2016,2016-11-06,2016110601
,CLE,DAL,44,1,3,-0.7316146157497625,17,31,391.0,15,2,1,2016,2016-11-06,2016110602
,DAL,CLE,67,3,8,26.399593809125662,36,28,705.0,19,6,5,2016,2016-11-06,2016110602
,JAX,KC,74,4,10,-3.9179199622287766,34,42,726.0,25,3,2,2016,2016-11-06,2016110603
,KC,JAX,53,3,5,-10.589988042876865,12,34,764.0,23,4,1,2016,2016-11-06,2016110603
,MIA,NYJ,61,4,7,2.2410447183199507,26,30,1233.0,38,6,3,2016,2016-11-06,2016110604
,NYJ,MIA,54,6,9,0.2628479726675301,24,33,1031.0,31,6,2,2016,2016-11-06,2016110604
,DET,MIN,61,5,5,-5.808707170512186,23,36,1068.0,31,1,1,2016,2016-11-06,2016110605
,MIN,DET,67,2,5,4.46629884790215,31,42,1096.0,34,5,2,2016,2016-11-06,2016110605
,NYG,PHI,59,4,6,-3.1483148285427704,23,37,561.0,19,4,4,2016,2016-11-06,2016110606
,PHI,NYG,74,7,12,-9.929657372065062,26,49,121.0,3,6,2,2016,2016-11-06,2016110606
,CAR,LA,61,2,7,-6.381050549185508,23,37,1263.0,39,3,1,2016,2016-11-06,2016110607
,LA,CAR,67,3,7,-5.973813600083357,26,50,963.0,34,2,1,2016,2016-11-06,2016110607
,NO,SF,80,6,12,28.823328340179337,39,40,935.0,32,7,5,2016,2016-11-06,2016110608
,SF,NO,56,6,13,2.76575028972531,25,39,270.0,9,4,2,2016,2016-11-06,2016110608
,GB,IND,65,6,8,9.011242516945504,28,47,456.0,16,5,3,2016,2016-11-06,2016110609
,IND,GB,63,4,7,2.481979246036331,29,38,845.0,33,6,4,2016,2016-11-06,2016110609
,LAC,TEN,70,3,11,17.80511557881968,32,34,917.0,29,7,3,2016,2016-11-06,2016110610
,TEN,LAC,61,5,7,-1.1947385301252567,31,42,213.0,12,5,5,2016,2016-11-06,2016110610
,BUF,SEA,82,3,9,12.822848701409077,41,43,997.0,30,5,3,2016,2016-11-07,2016110700
,SEA,BUF,41,2,10,8.638668338001967,23,30,455.0,17,4,4,2016,2016-11-07,2016110700
,BAL,CLE,75,4,7,7.216164395830293,33,43,1430.0,47,5,3,2016,2016-11-10,2016111000
,CLE,BAL,47,2,4,-16.818591291001713,17,34,772.0,26,1,1,2016,2016-11-10,2016111000
,CAR,KC,68,3,4,-2.0186333934799188,29,40,666.0,22,3,2,2016,2016-11-13,2016111301
,KC,CAR,61,1,2,-4.135241264426844,24,41,355.0,10,3,0,2016,2016-11-13,2016111301
,HOU,JAX,61,1,4,3.751135497794257,21,28,864.0,34,2,2,2016,2016-11-13,2016111302
,JAX,HOU,74,0,7,-7.485129649556678,32,52,1296.0,45,2,2,2016,2016-11-13,2016111302
,DEN,NO,81,0,5,-1.5036671733472824,33,46,1079.0,35,5,2,2016,2016-11-13,2016111303
,NO,DEN,51,6,9,-3.2692855552693816,24,30,609.0,19,4,3,2016,2016-11-13,2016111303
,LA,NYJ,65,5,5,-2.5278874532989293,24,33,1275.0,39,3,0,2016,2016-11-13,2016111304
,NYJ,LA,58,3,5,-2.696120575636596,24,33,964.0,32,1,1,2016,2016-11-13,2016111304
,ATL,PHI,47,4,7,-3.4044529686422225,16,34,779.0,24,3,1,2016,2016-11-13,2016111305
,PHI,ATL,74,5,8,8.392633399011226,37,38,1449.0,45,4,2,2016,2016-11-13,2016111305
,CHI,TB,53,2,6,-12.491775069015667,18,33,671.0,20,3,1,2016,2016-11-13,2016111306
,TB,CHI,68,3,5,6.37437630599977,28,37,685.0,20,5,3,2016,2016-11-13,2016111306
,GB,TEN,74,5,10,-0.8658416716032871,29,60,203.0,7,5,3,2016,2016-11-13,2016111307
,TEN,GB,59,7,9,20.48516744526622,25,30,200.0,5,7,6,2016,2016-11-13,2016111307
,MIN,WAS,65,5,5,2.351973012163531,31,44,601.0,19,3,3,2016,2016-11-13,2016111308
,WAS,MIN,61,3,8,11.200459768465342,26,34,1295.0,39,5,2,2016,2016-11-13,2016111308
,LAC,MIA,71,4,10,-16.127417549844747,22,47,1188.0,39,4,3,2016,2016-11-13,2016111309
,MIA,LAC,49,5,7,11.887735346315731,23,25,872.0,24,4,3,2016,2016-11-13,2016111309
,ARI,SF,73,5,12,-8.828354021486092,32,50,936.0,36,5,2,2016,2016-11-13,2016111310
,SF,ARI,61,4,6,-3.829995425396153,21,33,408.0,13,2,2,2016,2016-11-13,2016111310
,DAL,PIT,61,3,5,17.325533692066056,35,36,957.0,30,6,4,2016,2016-11-13,2016111311
,PIT,DAL,70,6,10,9.053913826943214,35,51,1130.0,40,5,4,2016,2016-11-13,2016111311
,NE,SEA,62,5,8,3.9451282115979343,31,34,1262.0,39,5,3,2016,2016-11-13,2016111312
,SEA,NE,66,5,9,14.152061590158404,28,40,1097.0,40,7,3,2016,2016-11-13,2016111312
,CIN,NYG,55,3,4,-8.480094068222773,17,32,889.0,28,4,2,2016,2016-11-14,2016111400
,NYG,CIN,70,4,6,-2.907035737394966,29,45,1299.0,46,3,3,2016,2016-11-14,2016111400
,CAR,NO,62,2,6,-3.8614251005951403,21,35,747.0,28,3,2,2016,2016-11-17,2016111700
,NO,CAR,71,3,5,-0.24778679775255547,35,47,715.0,21,5,2,2016,2016-11-17,2016111700
,BUF,CIN,63,3,4,-1.042764669307684,30,29,1111.0,35,3,1,2016,2016-11-20,2016112000
,CIN,BUF,70,2,5,-4.638759660280807,32,43,1203.0,44,2,2,2016,2016-11-20,2016112000
,CLE,PIT,62,5,8,-7.554940035993213,18,49,366.0,13,3,1,2016,2016-11-20,2016112001
,PIT,CLE,65,1,3,8.876848164247523,28,37,994.0,35,4,1,2016,2016-11-20,2016112001
,BAL,DAL,52,4,10,9.109943234226886,27,36,913.0,29,2,2,2016,2016-11-20,2016112002
,DAL,BAL,67,2,6,16.648842746898193,36,37,1355.0,41,5,3,2016,2016-11-20,2016112002
,DET,JAX,56,3,4,-7.4749857081666455,20,36,790.0,27,2,1,2016,2016-11-20,2016112003
,JAX,DET,61,3,4,-14.801009816420375,23,35,1385.0,42,3,2,2016,2016-11-20,2016112003
,IND,TEN,54,4,6,7.358988768174266,20,30,447.0,14,3,3,2016,2016-11-20,2016112004
,TEN,IND,70,4,8,-0.37918243356225734,31,43,280.0,8,3,2,2016,2016-11-20,2016112004
,KC,TB,51,3,7,7.231911525353814,26,31,922.0,26,4,2,2016,2016-11-20,2016112005
,TB,KC,74,3,8,12.064150114479775,33,40,1516.0,53,5,1,2016,2016-11-20,2016112005
,ARI,MIN,69,2,5,-12.733169531182739,31,41,1060.0,30,5,3,2016,2016-11-20,2016112006
,MIN,ARI,53,2,3,-3.5429294428590214,22,30,504.0,15,5,3,2016,2016-11-20,2016112006
,CHI,NYG,59,5,9,0.22791406634528566,21,34,1214.0,36,2,2,2016,2016-11-20,2016112007
,NYG,CHI,62,3,6,9.834510771774312,24,36,942.0,30,3,3,2016,2016-11-20,2016112007
,LA,MIA,59,3,5,-13.16452786118,17,32,1015.0,31,1,1,2016,2016-11-20,2016112008
,MIA,LA,57,1,3,-6.539272165770095,23,38,919.0,26,2,2,2016,2016-11-20,2016112008
,NE,SF,68,6,7,13.946707299815111,30,39,842.0,33,6,4,2016,2016-11-20,2016112009
,SF,NE,62,2,7,-0.708748728690408,25,35,854.0,23,3,2,2016,2016-11-20,2016112009
,PHI,SEA,74,2,6,-9.174555927240934,32,48,761.0,23,2,2,2016,2016-11-20,2016112010
,SEA,PHI,60,6,10,8.76245388204679,22,33,520.0,17,5,3,2016,2016-11-20,2016112010
,GB,WAS,65,6,8,9.33174392157906,28,46,1065.0,35,5,3,2016,2016-11-20,2016112011
,WAS,GB,62,6,11,27.52311926951621,28,32,1127.0,38,7,6,2016,2016-11-20,2016112011
,HOU,LV,74,4,6,1.8023767606120904,28,41,1391.0,44,5,2,2016,2016-11-21,2016112100
,LV,HOU,49,4,7,6.666561103340159,19,31,924.0,28,6,3,2016,2016-11-21,2016112100
,DET,MIN,58,3,6,-0.5397699654229795,22,40,1169.0,36,3,1,2016,2016-11-24,2016112400
,MIN,DET,53,3,5,-1.2906774764218132,20,37,1151.0,33,3,1,2016,2016-11-24,2016112400
,DAL,WAS,52,4,8,20.097012502601462,27,25,750.0,23,4,4,2016,2016-11-24,2016112401
,WAS,DAL,73,7,8,23.70171275090269,36,54,761.0,21,6,3,2016,2016-11-24,2016112401
,IND,PIT,63,2,7,-5.483781558280007,21,40,321.0,10,3,1,2016,2016-11-24,2016112402
,PIT,IND,50,6,7,21.19124256123313,22,21,662.0,18,4,4,2016,2016-11-24,2016112402
,ARI,ATL,61,2,9,1.8119859851063604,26,47,848.0,27,3,2,2016,2016-11-27,2016112700
,ATL,ARI,65,4,7,11.672346908655005,33,37,1273.0,41,5,5,2016,2016-11-27,2016112700
,BAL,CIN,67,1,9,-5.381437818860331,25,37,976.0,34,3,1,2016,2016-11-27,2016112701
,CIN,BAL,71,5,8,-4.432290505827142,24,51,319.0,9,5,1,2016,2016-11-27,2016112701
,BUF,JAX,52,3,4,8.390394124597142,21,23,843.0,26,4,4,2016,2016-11-27,2016112702
,JAX,BUF,64,3,6,2.3328452804540962,25,28,1462.0,44,3,3,2016,2016-11-27,2016112702
,CHI,TEN,76,4,9,-0.7858716951177076,32,54,599.0,20,6,3,2016,2016-11-27,2016112703
,TEN,CHI,51,6,8,13.006991532209156,25,23,835.0,23,5,3,2016,2016-11-27,2016112703
,CLE,NYG,71,4,7,-20.592682809047268,29,50,1155.0,34,3,1,2016,2016-11-27,2016112704
,NYG,CLE,53,4,5,2.339382488565061,17,28,891.0,32,3,3,2016,2016-11-27,2016112704
,HOU,LAC,63,3,9,-3.907266454487935,27,36,1137.0,35,2,1,2016,2016-11-27,2016112705
,LAC,HOU,49,3,6,4.218648349933699,21,31,943.0,25,3,3,2016,2016-11-27,2016112705
,MIA,SF,58,3,9,14.995008728914952,27,32,1211.0,38,5,4,2016,2016-11-27,2016112706
,SF,MIA,72,5,12,12.217177121913448,34,47,658.0,23,5,3,2016,2016-11-27,2016112706
,LA,NO,51,3,6,-10.796035833904634,18,34,434.0,14,3,3,2016,2016-11-27,2016112707
,NO,LA,69,9,13,28.66714535566851,35,37,1209.0,36,8,7,2016,2016-11-27,2016112707
,SEA,TB,61,1,5,-21.1843184221852,22,39,79.0,2,1,0,2016,2016-11-27,2016112708
,TB,SEA,60,3,5,0.6575287208029046,29,28,607.0,17,3,2,2016,2016-11-27,2016112708
,DEN,KC,76,6,6,11.74027282935486,32,39,865.0,30,5,3,2016,2016-11-27,2016112709
,KC,DEN,75,1,5,-5.837106927593195,28,50,1053.0,30,5,3,2016,2016-11-27,2016112709
,CAR,LV,57,4,4,-0.981166151496021,17,32,592.0,19,5,5,2016,2016-11-27,2016112710
,LV,CAR,70,4,7,1.1428497551709467,31,42,1044.0,31,5,3,2016,2016-11-27,2016112710
,NE,NYJ,69,4,8,5.695368460348458,31,51,859.0,31,5,2,2016,2016-11-27,2016112711
,NYJ,NE,54,6,7,1.6553157573109694,26,32,1110.0,33,2,2,2016,2016-11-27,2016112711
,GB,PHI,64,5,6,20.068257105823825,30,39,1361.0,39,5,3,2016,2016-11-28,2016112800
,PHI,GB,58,3,7,3.2807996723249246,29,40,1135.0,41,1,1,2016,2016-11-28,2016112800
,DAL,MIN,48,2,4,-7.061071366270742,20,21,829.0,24,2,2,2016,2016-12-01,2016120100
,MIN,DAL,70,2,6,0.8845197503937986,34,51,1225.0,38,3,1,2016,2016-12-01,2016120100
,ATL,KC,68,4,8,4.7267471504571255,35,38,917.0,29,6,3,2016,2016-12-04,2016120400
,KC,ATL,45,7,9,17.127775883998076,22,26,836.0,23,3,3,2016,2016-12-04,2016120400
,BAL,MIA,66,4,11,18.40755126075584,37,49,446.0,14,5,5,2016,2016-12-04,2016120401
,MIA,BAL,59,2,5,-13.186360386367243,22,43,189.0,5,2,1,2016,2016-12-04,2016120401
,CHI,SF,57,6,9,3.583719015907725,22,19,886.0,29,5,3,2016,2016-12-04,2016120402
,SF,CHI,54,0,1,-17.29923538924895,18,21,995.0,30,2,0,2016,2016-12-04,2016120402
,CIN,PHI,63,5,8,11.855391631969106,30,31,463.0,13,7,3,2016,2016-12-04,2016120403
,PHI,CIN,78,2,4,-0.12049764604170399,34,60,300.0,9,2,2,2016,2016-12-04,2016120403
,GB,HOU,57,3,5,1.2390435432623093,22,31,989.0,33,4,3,2016,2016-12-04,2016120404
,HOU,GB,64,3,5,-3.858934739884793,26,37,1379.0,42,2,2,2016,2016-12-04,2016120404
,DEN,JAX,54,1,2,-13.402322518139346,18,26,804.0,26,2,1,2016,2016-12-04,2016120405
,JAX,DEN,80,2,6,-21.001184293828942,24,42,1116.0,38,1,1,2016,2016-12-04,2016120405
,LA,NE,48,1,2,-20.706244922684284,9,36,215.0,8,1,1,2016,2016-12-04,2016120406
,NE,LA,73,3,5,7.299844295198811,29,46,612.0,17,3,2,2016,2016-12-04,2016120406
,DET,NO,68,3,5,12.813748813047813,32,45,1231.0,34,6,2,2016,2016-12-04,2016120407
,NO,DET,55,5,8,2.2243312355983487,26,43,124.0,4,3,1,2016,2016-12-04,2016120407
,BUF,LV,69,3,6,3.3423216657537607,32,39,1152.0,39,5,3,2016,2016-12-04,2016120408
,LV,BUF,67,6,10,10.505357603781862,26,35,821.0,29,5,4,2016,2016-12-04,2016120408
,ARI,WAS,70,4,4,16.852971519701725,30,47,1216.0,45,5,4,2016,2016-12-04,2016120409
,WAS,ARI,56,4,7,2.286050428336897,25,39,989.0,33,3,2,2016,2016-12-04,2016120409
,NYG,PIT,52,3,5,-16.124885290683576,20,39,510.0,14,4,2,2016,2016-12-04,2016120410
,PIT,NYG,69,5,8,4.50223095166637,28,40,738.0,24,5,2,2016,2016-12-04,2016120410
,LAC,TB,52,3,7,3.926771610737798,27,27,998.0,30,3,3,2016,2016-12-04,2016120411
,TB,LAC,58,4,10,9.341813971771936,29,31,1278.0,38,5,2,2016,2016-12-04,2016120411
,CAR,SEA,54,4,5,-12.73371934056756,17,33,77.0,3,2,1,2016,2016-12-04,2016120412
,SEA,CAR,71,7,10,19.12092803222472,34,42,336.0,11,8,4,2016,2016-12-04,2016120412
,IND,NYJ,67,6,9,14.246165645118353,30,30,306.0,9,8,5,2016,2016-12-05,2016120500
,NYJ,IND,51,2,4,-14.757687616231241,20,38,85.0,4,2,1,2016,2016-12-05,2016120500
,KC,LV,51,5,9,-3.075434195426691,18,27,901.0,26,2,2,2016,2016-12-08,2016120800
,LV,KC,73,0,1,-18.169770151323405,23,42,736.0,27,4,1,2016,2016-12-08,2016120800
,BUF,PIT,47,4,5,1.5148957431396826,16,29,537.0,18,3,3,2016,2016-12-11,2016121100
,PIT,BUF,70,5,9,4.185584676516938,33,31,1345.0,41,6,3,2016,2016-12-11,2016121100
,CAR,LAC,67,4,5,-10.690590077279087,23,29,360.0,14,5,2,2016,2016-12-11,2016121101
,LAC,CAR,64,4,5,-13.254055231012508,21,44,246.0,8,3,2,2016,2016-12-11,2016121101
,CIN,CLE,70,1,3,10.132260368935933,38,32,431.0,13,5,3,2016,2016-12-11,2016121102
,CLE,CIN,53,4,6,-3.6251494629706644,19,31,45.0,2,2,1,2016,2016-12-11,2016121102
,CHI,DET,50,5,7,4.000563378602674,20,33,662.0,18,2,1,2016,2016-12-11,2016121103
,DET,CHI,64,2,3,2.532945074900717,28,37,1416.0,42,4,2,2016,2016-12-11,2016121103
,HOU,IND,64,4,7,-3.061323267708061,30,25,1226.0,36,5,1,2016,2016-12-11,2016121104
,IND,HOU,60,3,7,-0.5071569352442482,25,46,771.0,31,4,2,2016,2016-12-11,2016121104
,JAX,MIN,65,3,6,-0.5725703978750711,21,41,1188.0,43,2,1,2016,2016-12-11,2016121105
,MIN,JAX,61,6,8,-0.21141800284895562,23,34,988.0,33,5,2,2016,2016-12-11,2016121105
,ARI,MIA,63,2,4,-14.636397704782247,26,37,792.0,23,5,3,2016,2016-12-11,2016121106
,MIA,ARI,56,3,4,1.1500766512684202,19,25,852.0,24,5,3,2016,2016-12-11,2016121106
,PHI,WAS,76,2,7,-2.846980240983074,34,50,1457.0,47,4,1,2016,2016-12-11,2016121107
,WAS,PHI,45,5,8,6.741522696720218,20,24,939.0,25,5,4,2016,2016-12-11,2016121107
,NO,TB,58,3,5,-7.55466130443574,25,42,831.0,28,2,0,2016,2016-12-11,2016121108
,TB,NO,61,0,3,-1.5814306135808716,26,28,999.0,31,2,1,2016,2016-12-11,2016121108
,DEN,TEN,64,1,9,-8.872685546735521,30,55,75.0,3,3,1,2016,2016-12-11,2016121109
,TEN,DEN,61,2,3,-2.6197501000770114,27,22,413.0,12,3,1,2016,2016-12-11,2016121109
,NYJ,SF,82,3,6,1.9173104678479582,34,41,112.0,3,4,2,2016,2016-12-11,2016121110
,SF,NYJ,55,6,8,-0.4268030994253835,23,28,105.0,3,2,2,2016,2016-12-11,2016121110
,GB,SEA,53,4,8,9.349123551640703,24,26,530.0,15,6,5,2016,2016-12-11,2016121111
,SEA,GB,68,2,6,-24.73768585357651,32,42,434.0,13,4,1,2016,2016-12-11,2016121111
,ATL,LA,57,2,4,9.117772392491135,24,32,351.0,13,4,4,2016,2016-12-11,2016121112
,LA,ATL,67,2,6,-17.93113545605205,29,44,376.0,11,3,2,2016,2016-12-11,2016121112
,DAL,NYG,65,1,4,-24.187581138284777,17,40,1080.0,37,1,1,2016,2016-12-11,2016121113
,NYG,DAL,62,1,3,-18.949019683552123,17,31,1028.0,34,2,1,2016,2016-12-11,2016121113
,BAL,NE,68,4,7,4.36171716357635,25,54,365.0,14,5,2,2016,2016-12-12,2016121200
,NE,BAL,63,6,9,16.888549873535723,30,38,613.0,22,6,4,2016,2016-12-12,2016121200
,LA,SEA,56,3,6,-24.978063352224858,17,39,443.0,15,3,0,2016,2016-12-15,2016121500
,SEA,LA,55,4,5,8.82443954324255,22,28,1213.0,34,4,3,2016,2016-12-15,2016121500
,MIA,NYJ,45,4,7,9.768639754012005,19,18,717.0,19,4,4,2016,2016-12-17,2016121700
,NYJ,MIA,72,4,7,-18.181981520850176,23,49,907.0,33,5,1,2016,2016-12-17,2016121700
,BAL,PHI,55,4,7,0.5998810460963852,21,32,863.0,32,4,3,2016,2016-12-18,2016121800
,PHI,BAL,82,2,5,-6.979902393282496,34,44,1360.0,42,5,2,2016,2016-12-18,2016121800
,BUF,CLE,66,5,9,19.550546800205193,34,26,1074.0,33,7,4,2016,2016-12-18,2016121801
,CLE,BUF,54,4,6,-1.8964691932013042,21,33,597.0,16,3,1,2016,2016-12-18,2016121801
,CHI,GB,63,4,10,6.113824920710749,34,44,715.0,22,5,3,2016,2016-12-18,2016121802
,GB,CHI,57,8,10,11.219575302029337,26,34,1199.0,36,7,3,2016,2016-12-18,2016121802
,DAL,TB,70,5,10,6.964890240103042,34,39,1281.0,37,5,2,2016,2016-12-18,2016121803
,TB,DAL,59,3,7,-6.668613048891709,22,39,474.0,17,5,2,2016,2016-12-18,2016121803
,HOU,JAX,77,3,6,-10.112031997696597,32,47,892.0,33,5,2,2016,2016-12-18,2016121804
,JAX,HOU,50,0,2,-19.356464672022167,12,30,838.0,29,3,2,2016,2016-12-18,2016121804
,KC,TEN,57,2,5,-3.2368473214270304,26,29,622.0,20,5,2,2016,2016-12-18,2016121805
,TEN,KC,62,2,8,-1.827869354188698,30,34,544.0,14,2,2,2016,2016-12-18,2016121805
,IND,MIN,68,3,5,13.498600344967251,33,28,603.0,19,5,4,2016,2016-12-18,2016121806
,MIN,IND,56,4,7,-13.0310838669402,22,47,55.0,2,2,0,2016,2016-12-18,2016121806
,DET,NYG,59,5,5,-10.768807775571585,17,40,1001.0,30,3,0,2016,2016-12-18,2016121807
,NYG,DET,62,4,4,2.2903052479947497,25,30,1183.0,38,2,2,2016,2016-12-18,2016121807
,ARI,NO,56,4,6,14.8758394793841,32,41,838.0,25,5,5,2016,2016-12-18,2016121808
,NO,ARI,81,3,6,17.58121155586683,39,51,1481.0,52,7,6,2016,2016-12-18,2016121808
,ATL,SF,65,11,14,26.600309738453376,35,25,283.0,9,6,5,2016,2016-12-18,2016121809
,SF,ATL,55,1,5,-2.3513923910825802,21,35,98.0,3,2,2,2016,2016-12-18,2016121809
,DEN,NE,60,4,7,-18.43726220386391,22,43,915.0,33,2,0,2016,2016-12-18,2016121810
,NE,DEN,71,1,6,-9.175636878491066,29,33,1094.0,37,2,1,2016,2016-12-18,2016121810
,LAC,LV,55,4,5,-2.566725816509883,23,33,1135.0,36,3,2,2016,2016-12-18,2016121811
,LV,LAC,58,6,8,-2.9231574055552443,22,32,1131.0,33,7,1,2016,2016-12-18,2016121811
,CIN,PIT,56,1,3,-4.647402679643495,24,28,1147.0,37,4,2,2016,2016-12-18,2016121812
,PIT,CIN,63,6,8,9.170698119554316,28,37,491.0,14,5,1,2016,2016-12-18,2016121812
,CAR,WAS,70,6,10,5.141532631242987,28,38,746.0,26,6,2,2016,2016-12-19,2016121900
,WAS,CAR,60,4,9,-13.44698935573161,24,48,343.0,12,3,1,2016,2016-12-19,2016121900
,NYG,PHI,88,5,6,-4.895685608506074,34,63,361.0,13,5,1,2016,2016-12-22,2016122200
,PHI,NYG,53,2,7,-1.5285765048877387,20,24,906.0,26,3,2,2016,2016-12-22,2016122200
,BUF,MIA,89,7,11,21.265612492917242,47,41,463.0,18,6,4,2016,2016-12-24,2016122400
,MIA,BUF,66,5,9,15.918851636148922,30,29,981.0,30,5,4,2016,2016-12-24,2016122400
,ATL,CAR,61,6,10,16.092283861631447,28,37,328.0,10,5,3,2016,2016-12-24,2016122401
,CAR,ATL,67,2,6,-11.119354534892995,25,45,132.0,4,3,1,2016,2016-12-24,2016122401
,CHI,WAS,67,6,10,1.1124697472378036,36,41,312.0,11,4,3,2016,2016-12-24,2016122402
,WAS,CHI,63,6,10,20.13177950831582,29,29,473.0,15,8,5,2016,2016-12-24,2016122402
,CLE,LAC,66,3,6,-2.541676650455712,21,37,1207.0,41,3,2,2016,2016-12-24,2016122403
,LAC,CLE,63,5,11,5.616483485297983,25,44,765.0,25,4,2,2016,2016-12-24,2016122403
,GB,MIN,58,6,9,11.448090087069373,26,43,889.0,26,6,5,2016,2016-12-24,2016122404
,MIN,GB,75,5,7,4.3507185416567635,32,54,399.0,13,5,3,2016,2016-12-24,2016122404
,JAX,TEN,67,6,10,6.888551989397246,31,40,972.0,27,4,3,2016,2016-12-24,2016122405
,TEN,JAX,64,1,2,-10.560209507416705,25,45,72.0,3,3,2,2016,2016-12-24,2016122405
,NE,NYJ,67,4,6,10.793400028029811,27,30,510.0,14,7,5,2016,2016-12-24,2016122406
,NYJ,NE,54,3,5,-14.605133629707456,20,25,128.0,4,2,0,2016,2016-12-24,2016122406
,NO,TB,65,4,6,18.856682101966726,37,36,1236.0,42,5,3,2016,2016-12-24,2016122407
,TB,NO,56,3,5,16.091819700528966,31,35,588.0,18,4,3,2016,2016-12-24,2016122407
,IND,LV,53,4,6,3.534372856167765,31,30,836.0,24,3,3,2016,2016-12-24,2016122408
,LV,IND,67,5,11,19.471872615090227,33,33,711.0,28,5,5,2016,2016-12-24,2016122408
,LA,SF,56,2,4,-15.920050318480218,18,28,1142.0,34,4,3,2016,2016-12-24,2016122409
,SF,LA,68,1,3,-4.390071547902933,27,41,1044.0,34,3,3,2016,2016-12-24,2016122409
,ARI,SEA,56,6,7,2.98895295881376,23,28,922.0,25,4,4,2016,2016-12-24,2016122410
,SEA,ARI,79,5,9,2.0619114564380667,31,52,740.0,24,7,4,2016,2016-12-24,2016122410
,CIN,HOU,63,2,3,-9.655143241955153,25,44,1087.0,35,1,1,2016,2016-12-24,2016122411
,HOU,CIN,57,3,5,-10.337550886106841,20,33,1014.0,30,3,1,2016,2016-12-24,2016122411
,BAL,PIT,73,2,8,6.530241023070644,28,47,1247.0,42,5,2,2016,2016-12-25,2016122500
,PIT,BAL,52,7,9,14.053367525988286,34,31,962.0,26,5,4,2016,2016-12-25,2016122500
,DEN,KC,57,3,6,-12.40464149899336,19,43,186.0,9,2,1,2016,2016-12-25,2016122501
,KC,DEN,73,5,8,16.1413508398396,33,37,383.0,10,6,4,2016,2016-12-25,2016122501
,DAL,DET,52,5,9,24.39987061301876,30,22,951.0,26,6,6,2016,2016-12-26,2016122600
,DET,DAL,70,2,5,4.134401852688938,32,50,1020.0,37,4,3,2016,2016-12-26,2016122600
,ATL,NO,58,5,13,25.115591305860768,29,37,207.0,6,6,5,2016,2017-01-01,2017010100
,NO,ATL,76,10,12,11.93898298833912,34,52,509.0,15,6,4,2016,2017-01-01,2017010100
,BAL,CIN,69,1,2,-6.542636494652808,29,53,386.0,13,4,1,2016,2017-01-01,2017010101
,CIN,BAL,64,3,7,9.431044529529382,29,28,413.0,12,5,3,2016,2017-01-01,2017010101
,DET,GB,64,5,10,11.305123386377025,30,43,1138.0,41,6,3,2016,2017-01-01,2017010102
,GB,DET,69,4,7,22.664573985164633,39,41,1219.0,38,4,4,2016,2017-01-01,2017010102
,IND,JAX,64,5,11,3.3623506537723347,31,42,450.0,14,4,3,2016,2017-01-01,2017010103
,JAX,IND,71,4,8,5.524983356227618,34,41,477.0,15,3,2,2016,2017-01-01,2017010103
,MIA,NE,57,1,3,-5.272606622576521,24,34,23.0,1,3,2,2016,2017-01-01,2017010104
,NE,MIA,62,3,4,19.51200948047542,32,33,642.0,18,6,4,2016,2017-01-01,2017010104
,CHI,MIN,59,2,5,-13.357624917824465,27,22,243.0,7,4,1,2016,2017-01-01,2017010105
,MIN,CHI,59,5,8,15.278002592305656,24,34,636.0,17,5,4,2016,2017-01-01,2017010105
,BUF,NYJ,62,2,4,-24.846928234041528,23,34,991.0,33,3,1,2016,2017-01-01,2017010106
,NYJ,BUF,60,3,6,-4.56210637870262,21,31,1127.0,38,8,2,2016,2017-01-01,2017010106
,DAL,PHI,52,2,4,-12.500846430425536,19,32,1082.0,33,2,1,2016,2017-01-01,2017010107
,PHI,DAL,75,1,6,3.384297949045372,34,45,1278.0,43,5,3,2016,2017-01-01,2017010107
,CLE,PIT,76,2,7,2.5227085372833318,34,43,983.0,30,6,3,2016,2017-01-01,2017010108
,PIT,CLE,69,2,8,2.9328821256108295,24,41,753.0,22,3,3,2016,2017-01-01,2017010108
,CAR,TB,66,3,6,-4.419867166842035,25,34,1104.0,36,4,2,2016,2017-01-01,2017010109
,TB,CAR,62,4,8,-10.074552357085757,20,38,1151.0,41,3,1,2016,2017-01-01,2017010109
,HOU,TEN,72,3,5,-3.7098662667652853,27,51,731.0,28,3,2,2016,2017-01-01,2017010110
,TEN,HOU,58,2,4,-3.59892863204777,20,30,1055.0,31,3,2,2016,2017-01-01,2017010110
,NYG,WAS,67,3,4,-1.2518166495340897,24,27,766.0,22,3,1,2016,2017-01-01,2017010111
,WAS,NYG,54,6,8,-15.843473429676985,20,39,266.0,8,2,1,2016,2017-01-01,2017010111
,DEN,LV,65,4,5,-1.8922508751971319,21,27,585.0,15,4,3,2016,2017-01-01,2017010112
,LV,DEN,51,2,4,-27.507225267688025,17,35,284.0,8,1,1,2016,2017-01-01,2017010112
,ARI,LA,67,5,10,-1.0825657569512102,25,43,811.0,31,6,4,2016,2017-01-01,2017010113
,LA,ARI,57,2,3,-44.58969033105577,17,35,267.0,9,2,0,2016,2017-01-01,2017010113
,KC,LAC,60,5,8,5.224833508418141,29,29,977.0,35,7,3,2016,2017-01-01,2017010114
,LAC,KC,64,3,10,7.1189178689416215,31,38,1009.0,31,5,2,2016,2017-01-01,2017010114
,SEA,SF,63,5,8,5.016499009716481,24,40,828.0,29,6,2,2016,2017-01-01,2017010115
,SF,SEA,57,5,5,-6.08718470772991,24,27,1216.0,38,4,3,2016,2017-01-01,2017010115
,KC,NE,62,5,6,21.051618078786962,32,38,618.0,19,6,6,2017,2017-09-07,2017090700
,NE,KC,73,5,11,-3.0947883308945143,26,39,1287.0,46,6,3,2017,2017-09-07,2017090700
,BUF,NYJ,68,8,10,15.521240452929188,28,29,1214.0,43,5,3,2017,2017-09-10,2017091000
,NYJ,BUF,55,2,3,-12.471559178904227,18,41,1032.0,35,1,1,2017,2017-09-10,2017091000
,ATL,CHI,53,4,8,10.608786633943996,24,32,1362.0,36,4,2,2017,2017-09-10,2017091001
,CHI,ATL,63,2,6,1.5646236241618179,25,44,912.0,27,3,2,2017,2017-09-10,2017091001
,BAL,CIN,60,1,2,-5.265575486084939,23,18,695.0,19,4,2,2017,2017-09-10,2017091002
,CIN,BAL,58,3,3,-29.123849174459423,14,36,687.0,22,3,0,2017,2017-09-10,2017091002
,CLE,PIT,63,4,5,-10.57705318999487,24,37,1064.0,34,3,2,2017,2017-09-10,2017091003
,PIT,CLE,51,2,6,0.08829052489222278,21,37,674.0,24,2,2,2017,2017-09-10,2017091003
,ARI,DET,68,3,6,-19.076641889917575,26,50,988.0,38,4,2,2017,2017-09-10,2017091004
,DET,ARI,70,2,8,-2.512622040567402,25,43,639.0,24,4,4,2017,2017-09-10,2017091004
,HOU,JAX,69,1,3,-37.96362650725402,25,46,440.0,16,2,1,2017,2017-09-10,2017091005
,JAX,HOU,58,1,6,1.3743522055165271,26,21,1001.0,28,5,2,2017,2017-09-10,2017091005
,LV,TEN,62,3,8,8.666692674214692,27,34,1034.0,34,3,2,2017,2017-09-10,2017091007
,TEN,LV,63,4,7,4.659984252727325,25,42,1297.0,40,3,1,2017,2017-09-10,2017091007
,PHI,WAS,63,4,5,-3.5678150367908135,26,40,1027.0,35,3,2,2017,2017-09-10,2017091008
,WAS,PHI,61,3,4,-15.622277168057293,22,44,868.0,31,3,1,2017,2017-09-10,2017091008
,IND,LA,48,6,8,-29.667176576172654,15,25,273.0,7,3,1,2017,2017-09-10,2017091009
,LA,IND,60,7,9,7.348287176335866,25,31,468.0,15,4,3,2017,2017-09-10,2017091009
,GB,SEA,70,5,5,10.929681649893025,31,45,1376.0,42,2,2,2017,2017-09-10,2017091010
,SEA,GB,48,4,4,-13.750436738291302,17,30,793.0,29,2,0,2017,2017-09-10,2017091010
,CAR,SF,59,2,6,-4.609576408546876,22,24,661.0,19,4,2,2017,2017-09-10,2017091011
,SF,CAR,54,2,3,-24.340533432625318,19,39,639.0,18,1,0,2017,2017-09-10,2017091011
,DAL,NYG,70,4,6,10.219550387280778,33,39,1069.0,36,4,1,2017,2017-09-10,2017091012
,NYG,DAL,52,2,3,-5.191305801221729,21,41,335.0,10,1,0,2017,2017-09-10,2017091012
,MIN,NO,61,10,12,23.9741181702564,28,33,616.0,24,6,3,2017,2017-09-11,2017091100
,NO,MIN,59,3,5,6.087338449496997,29,38,774.0,24,5,1,2017,2017-09-11,2017091100
,DEN,LAC,67,4,5,-1.1351919884062793,29,32,1092.0,36,6,3,2017,2017-09-11,2017091101
,LAC,DEN,56,2,2,-4.858218147308829,24,34,842.0,24,3,3,2017,2017-09-11,2017091101
,CIN,HOU,61,3,4,-17.889140888038884,22,37,1097.0,38,3,0,2017,2017-09-14,2017091400
,HOU,CIN,62,2,3,-8.228951209209217,25,27,1025.0,33,2,1,2017,2017-09-14,2017091400
,BAL,CLE,67,3,6,0.39474794508374034,28,36,780.0,28,4,3,2017,2017-09-17,2017091700
,CLE,BAL,66,7,10,-13.41156888243684,20,45,540.0,20,3,1,2017,2017-09-17,2017091700
,BUF,CAR,51,0,1,-13.295271452459847,18,28,680.0,24,0,0,2017,2017-09-17,2017091701
,CAR,BUF,65,3,8,-6.803413425819739,27,38,1400.0,41,3,0,2017,2017-09-17,2017091701
,ARI,IND,64,8,12,-3.0206413738432105,21,40,552.0,17,4,1,2017,2017-09-17,2017091702
,IND,ARI,70,1,5,-6.765333159447687,27,41,1209.0,42,2,1,2017,2017-09-17,2017091702
,JAX,TEN,62,2,6,-6.306185154226457,28,37,960.0,30,2,2,2017,2017-09-17,2017091703
,TEN,JAX,62,3,10,7.912784368769788,33,28,1000.0,32,5,4,2017,2017-09-17,2017091703
,KC,PHI,51,3,6,12.842335691012934,23,32,1009.0,28,4,3,2017,2017-09-17,2017091704
,PHI,KC,69,4,7,6.547004856375527,32,52,1119.0,33,5,2,2017,2017-09-17,2017091704
,NE,NO,72,9,13,22.379618785114644,38,41,585.0,18,8,4,2017,2017-09-17,2017091705
,NO,NE,62,7,9,7.458867093681416,27,45,158.0,5,3,2,2017,2017-09-17,2017091705
,MIN,PIT,60,4,5,-13.384134838633713,20,40,179.0,6,1,1,2017,2017-09-17,2017091706
,PIT,MIN,67,3,4,1.9835357939357177,25,37,687.0,19,4,2,2017,2017-09-17,2017091706
,CHI,TB,62,1,5,-14.135430472492322,26,46,376.0,10,3,1,2017,2017-09-17,2017091707
,TB,CHI,65,1,5,1.3064750268504954,28,33,435.0,13,5,2,2017,2017-09-17,2017091707
,LAC,MIA,54,4,10,11.799324925093998,29,40,1012.0,33,3,2,2017,2017-09-17,2017091708
,MIA,LAC,67,4,5,9.236895192945083,30,36,1210.0,43,4,1,2017,2017-09-17,2017091708
,LV,NYJ,55,6,7,25.125236587865206,26,28,1074.0,32,7,6,2017,2017-09-17,2017091709
,NYJ,LV,52,3,5,1.7587291884640055,27,28,438.0,14,3,2,2017,2017-09-17,2017091709
,DAL,DEN,66,1,3,-23.66454108118045,24,52,298.0,11,4,2,2017,2017-09-17,2017091710
,DEN,DAL,71,4,7,9.310469190850284,32,34,991.0,35,5,5,2017,2017-09-17,2017091710
,LA,WAS,48,5,8,1.3056198807561765,19,28,435.0,16,4,2,2017,2017-09-17,2017091711
,WAS,LA,68,4,8,10.2659065266321,27,29,1211.0,34,5,3,2017,2017-09-17,2017091711
,SEA,SF,75,1,5,0.4073594459750691,27,42,1522.0,51,3,1,2017,2017-09-17,2017091712
,SF,SEA,47,2,2,-11.826613017015719,14,28,687.0,25,3,0,2017,2017-09-17,2017091712
,ATL,GB,58,6,10,15.57182923368317,30,31,747.0,24,3,3,2017,2017-09-17,2017091713
,GB,ATL,68,3,10,6.433646859624892,34,54,554.0,15,4,3,2017,2017-09-17,2017091713
,DET,NYG,56,3,4,-6.590826784324129,18,24,1092.0,31,3,2,2017,2017-09-18,2017091800
,NYG,DET,55,2,6,-12.468164214414962,17,37,407.0,13,2,1,2017,2017-09-18,2017091800
,LA,SF,59,8,10,19.015605400540217,27,28,745.0,29,7,5,2017,2017-09-21,2017092100
,SF,LA,75,5,9,3.557133385049205,27,42,693.0,23,6,5,2017,2017-09-21,2017092100
,BAL,JAX,53,0,3,-27.549472260103755,18,28,121.0,4,1,1,2017,2017-09-24,2017092400
,JAX,BAL,66,4,7,16.468345766679843,27,33,446.0,13,7,5,2017,2017-09-24,2017092400
,BUF,DEN,59,4,5,-4.135086152329379,20,29,842.0,32,3,2,2017,2017-09-24,2017092401
,DEN,BUF,66,7,8,-6.82026415803434,24,43,1316.0,44,4,1,2017,2017-09-24,2017092401
,CAR,NO,59,3,5,-7.458119949436301,26,37,751.0,23,2,1,2017,2017-09-24,2017092402
,NO,CAR,57,5,8,15.790508139068674,27,30,802.0,26,5,4,2017,2017-09-24,2017092402
,CHI,PIT,62,2,7,-5.753555746742023,23,24,1147.0,31,4,3,2017,2017-09-24,2017092403
,PIT,CHI,59,3,4,-2.611817855530684,28,42,606.0,24,4,2,2017,2017-09-24,2017092403
,ATL,DET,64,2,8,0.26935775588644617,32,37,1153.0,38,5,3,2017,2017-09-24,2017092404
,DET,ATL,66,3,6,-3.544660069970673,23,47,360.0,13,3,1,2017,2017-09-24,2017092404
,CLE,IND,69,5,7,-3.3350081691034372,26,48,474.0,17,5,4,2017,2017-09-24,2017092405
,IND,CLE,62,7,7,0.9083635321047971,19,27,654.0,21,5,4,2017,2017-09-24,2017092405
,MIN,TB,67,5,10,20.952221586527795,30,33,703.0,22,6,4,2017,2017-09-24,2017092406
,TB,MIN,50,2,10,1.2921727964406209,26,41,310.0,9,2,2,2017,2017-09-24,2017092406
,HOU,NE,67,5,8,5.703097886828299,29,35,802.0,26,4,2,2017,2017-09-24,2017092407
,NE,HOU,61,6,10,10.093870402736755,27,41,969.0,36,5,5,2017,2017-09-24,2017092407
,MIA,NYJ,63,1,4,-20.546757972665908,21,48,398.0,14,1,1,2017,2017-09-24,2017092408
,NYJ,MIA,58,3,6,-0.5377134812218423,25,25,662.0,21,3,2,2017,2017-09-24,2017092408
,NYG,PHI,64,2,6,1.9179981446122956,30,47,518.0,25,7,3,2017,2017-09-24,2017092409
,PHI,NYG,72,2,5,1.1512022902018415,34,34,1361.0,40,4,3,2017,2017-09-24,2017092409
,SEA,TEN,72,5,7,7.297512808536371,35,50,760.0,29,5,4,2017,2017-09-24,2017092410
,TEN,SEA,65,4,6,2.5467057475982204,26,31,1198.0,40,6,3,2017,2017-09-24,2017092410
,CIN,GB,58,4,6,4.57072075107005,28,29,983.0,29,2,2,2017,2017-09-24,2017092411
,GB,CIN,65,4,5,-4.0912532679849445,26,48,442.0,15,5,3,2017,2017-09-24,2017092411
,KC,LAC,51,4,5,2.808371676511038,23,26,930.0,23,4,3,2017,2017-09-24,2017092412
,LAC,KC,67,2,6,-6.520569476511152,26,41,688.0,21,3,1,2017,2017-09-24,2017092412
,LV,WAS,47,1,1,-23.696409878560384,14,35,328.0,11,2,1,2017,2017-09-24,2017092413
,WAS,LV,65,6,8,10.773257092993823,26,31,897.0,24,5,3,2017,2017-09-24,2017092413
,ARI,DAL,75,7,11,-3.524136660360764,24,54,1273.0,36,5,2,2017,2017-09-25,2017092500
,DAL,ARI,44,5,7,4.152480888274828,16,19,742.0,23,4,4,2017,2017-09-25,2017092500
,CHI,GB,64,2,7,-8.525721620419802,24,34,0.0,0,2,2,2017,2017-09-28,2017092800
,GB,CHI,51,3,3,12.126272755267884,24,29,353.0,11,5,5,2017,2017-09-28,2017092800
,MIA,NO,47,2,4,-13.13963299726953,19,32,546.0,18,1,0,2017,2017-10-01,2017100100
,NO,MIA,69,3,4,7.652808217197284,27,41,1010.0,34,4,2,2017,2017-10-01,2017100100
,ATL,BUF,72,3,6,-3.2228851032904635,30,43,1129.0,39,4,2,2017,2017-10-01,2017100101
,BUF,ATL,57,2,4,2.8449382365858007,26,23,1214.0,39,2,1,2017,2017-10-01,2017100101
,BAL,PIT,67,2,3,-16.379276442613577,32,51,433.0,12,3,1,2017,2017-10-01,2017100102
,PIT,BAL,73,3,12,5.591302498165928,29,32,940.0,28,5,3,2017,2017-10-01,2017100102
,CIN,CLE,63,3,6,6.7828580117530715,28,33,927.0,25,4,4,2017,2017-10-01,2017100103
,CLE,CIN,61,2,3,-18.744075784648825,18,44,611.0,18,2,1,2017,2017-10-01,2017100103
,DAL,LA,65,4,8,13.571179690510089,24,38,1338.0,40,5,4,2017,2017-10-01,2017100104
,LA,DAL,67,3,8,10.26021637268865,31,37,680.0,21,5,2,2017,2017-10-01,2017100104
,HOU,TEN,78,3,8,20.95235885184503,37,36,406.0,13,9,6,2017,2017-10-01,2017100105
,TEN,HOU,40,4,4,-22.254375704689455,15,22,122.0,4,2,2,2017,2017-10-01,2017100105
,DET,MIN,66,2,5,-4.922310151828755,25,38,1506.0,46,3,1,2017,2017-10-01,2017100106
,MIN,DET,54,4,7,-15.941778078318427,21,32,812.0,29,2,1,2017,2017-10-01,2017100106
,CAR,NE,60,5,7,17.73800022843207,29,31,1217.0,37,6,4,2017,2017-10-01,2017100107
,NE,CAR,67,2,8,14.19927146530608,40,48,1190.0,41,4,3,2017,2017-10-01,2017100107
,JAX,NYJ,74,2,4,-10.384309082949224,27,36,1296.0,41,3,1,2017,2017-10-01,2017100108
,NYJ,JAX,68,7,8,-4.000832568425262,26,36,1013.0,31,4,2,2017,2017-10-01,2017100108
,ARI,SF,77,2,9,-6.143680161921843,32,56,1294.0,42,4,1,2017,2017-10-01,2017100109
,SF,ARI,79,2,6,-9.652829073321515,23,52,1093.0,41,3,0,2017,2017-10-01,2017100109
,LAC,PHI,53,6,7,12.375149446716112,22,40,536.0,18,4,3,2017,2017-10-01,2017100110
,PHI,LAC,72,5,7,16.185153270771472,33,32,967.0,33,4,2,2017,2017-10-01,2017100110
,NYG,TB,77,2,4,0.40108474024382934,31,49,895.0,32,4,3,2017,2017-10-01,2017100111
,TB,NYG,61,6,6,5.364111173992304,28,40,672.0,26,5,3,2017,2017-10-01,2017100111
,DEN,LV,59,3,7,0.6382615686163204,20,30,866.0,27,5,1,2017,2017-10-01,2017100112
,LV,DEN,53,4,5,-14.794513358227437,17,38,327.0,10,2,1,2017,2017-10-01,2017100112
,IND,SEA,58,2,4,-17.2447222243448,18,33,1044.0,35,3,2,2017,2017-10-01,2017100113
,SEA,IND,63,9,10,21.77352211873103,32,30,1024.0,34,5,4,2017,2017-10-01,2017100113
,KC,WAS,71,5,8,15.3029952801209,34,40,808.0,26,4,2,2017,2017-10-02,2017100200
,WAS,KC,49,4,6,2.628264814598051,23,24,723.0,22,3,2,2017,2017-10-02,2017100200
,NE,TB,66,3,9,1.71604457113779,31,43,1006.0,36,3,1,2017,2017-10-05,2017100500
,TB,NE,67,4,11,3.3755545269273215,30,47,702.0,23,4,2,2017,2017-10-05,2017100500
,BUF,CIN,67,1,2,-9.756305964358608,21,43,1102.0,45,4,1,2017,2017-10-08,2017100800
,CIN,BUF,60,4,9,-1.0157170544797742,22,37,1088.0,35,5,2,2017,2017-10-08,2017100800
,CLE,NYJ,70,4,10,-1.9131504535477744,30,37,1507.0,49,5,2,2017,2017-10-08,2017100801
,NYJ,CLE,48,2,3,-4.118083594654006,19,33,737.0,26,2,2,2017,2017-10-08,2017100801
,CAR,DET,61,5,8,6.4492554732348735,21,36,989.0,30,4,3,2017,2017-10-08,2017100802
,DET,CAR,56,4,6,-8.44516925523462,26,41,715.0,22,4,3,2017,2017-10-08,2017100802
,IND,SF,71,6,10,2.198983959131066,30,38,1203.0,39,5,2,2017,2017-10-08,2017100803
,SF,IND,69,4,8,8.531056898202436,27,47,815.0,27,3,2,2017,2017-10-08,2017100803
,MIA,TEN,58,0,2,-19.569084760082383,18,28,697.0,24,1,1,2017,2017-10-08,2017100804
,TEN,MIA,58,0,1,-23.374076172552847,19,38,984.0,30,1,1,2017,2017-10-08,2017100804
,LAC,NYG,70,3,9,7.544539069280038,30,43,871.0,35,6,3,2017,2017-10-08,2017100805
,NYG,LAC,67,3,7,-3.2725216268892976,26,42,985.0,37,4,3,2017,2017-10-08,2017100805
,ARI,PHI,60,2,7,-7.637709739915973,21,46,158.0,6,1,1,2017,2017-10-08,2017100806
,PHI,ARI,62,4,8,13.901001203915595,24,31,405.0,11,6,4,2017,2017-10-08,2017100806
,JAX,PIT,53,2,5,4.529742081565876,16,16,986.0,29,2,2,2017,2017-10-08,2017100807
,PIT,JAX,75,4,8,-15.767979838964676,29,55,1181.0,42,3,0,2017,2017-10-08,2017100807
,LA,SEA,70,6,10,-13.878973931137985,23,48,992.0,41,6,1,2017,2017-10-08,2017100808
,SEA,LA,63,1,2,-16.276019222077533,20,39,797.0,30,3,1,2017,2017-10-08,2017100808
,BAL,LV,62,4,4,11.003789096068035,27,26,320.0,10,5,2,2017,2017-10-08,2017100809
,LV,BAL,54,2,4,-6.766673664742729,22,29,76.0,2,3,2,2017,2017-10-08,2017100809
,DAL,GB,71,4,6,18.68075317248716,33,36,1134.0,33,4,4,2017,2017-10-08,2017100810
,GB,DAL,58,3,6,20.591200191736675,32,33,667.0,20,5,4,2017,2017-10-08,2017100810
,HOU,KC,58,6,10,14.69255817231274,26,34,196.0,8,5,5,2017,2017-10-08,2017100811
,KC,HOU,74,5,10,18.950647722407396,33,39,1095.0,30,5,3,2017,2017-10-08,2017100811
,CHI,MIN,57,2,4,-1.2722816197895175,20,27,1100.0,37,3,2,2017,2017-10-09,2017100900
,MIN,CHI,67,2,3,0.4327089927822555,24,36,1083.0,38,4,2,2017,2017-10-09,2017100900
,CAR,PHI,79,1,5,-12.281023437699663,32,54,1066.0,41,3,2,2017,2017-10-12,2017101200
,PHI,CAR,58,5,10,3.6245145776066083,26,32,1115.0,39,3,3,2017,2017-10-12,2017101200
,ATL,MIA,54,4,7,4.65747544590574,26,35,660.0,19,2,2,2017,2017-10-15,2017101500
,MIA,ATL,63,0,5,1.197511366779068,21,33,125.0,5,3,2,2017,2017-10-15,2017101500
,BAL,CHI,70,1,4,-30.726132236981204,23,44,682.0,19,3,1,2017,2017-10-15,2017101501
,CHI,BAL,74,3,7,-8.119254216458664,31,21,1287.0,40,3,2,2017,2017-10-15,2017101501
,CLE,HOU,61,1,2,-18.36889649729259,25,39,554.0,16,2,1,2017,2017-10-15,2017101502
,HOU,CLE,62,5,9,-4.586372854161152,22,30,335.0,11,3,3,2017,2017-10-15,2017101502
,GB,MIN,64,1,2,-18.503633471592853,23,40,764.0,23,3,1,2017,2017-10-15,2017101503
,MIN,GB,70,5,9,-9.433002421983266,28,38,1367.0,51,4,2,2017,2017-10-15,2017101503
,DET,NO,75,6,9,-24.896462918476043,21,56,315.0,10,5,3,2017,2017-10-15,2017101504
,NO,DET,67,6,6,-5.527643330592301,26,30,401.0,12,5,4,2017,2017-10-15,2017101504
,NE,NYJ,62,3,8,9.887093469268091,25,38,817.0,34,4,3,2017,2017-10-15,2017101505
,NYJ,NE,73,5,9,4.181085780894955,34,50,1177.0,39,4,2,2017,2017-10-15,2017101505
,SF,WAS,70,4,6,1.36468397615234,28,50,349.0,13,4,3,2017,2017-10-15,2017101506
,WAS,SF,70,4,8,2.4614795578551996,29,38,1106.0,32,4,3,2017,2017-10-15,2017101506
,ARI,TB,55,6,12,6.200695350738131,30,24,393.0,11,6,5,2017,2017-10-15,2017101507
,TB,ARI,67,7,11,5.04816853926067,28,45,154.0,5,5,4,2017,2017-10-15,2017101507
,JAX,LA,66,5,11,-2.049296978129808,25,40,678.0,21,3,2,2017,2017-10-15,2017101508
,LA,JAX,54,3,4,-10.692463702144119,25,24,880.0,29,3,2,2017,2017-10-15,2017101508
,KC,PIT,53,4,6,-4.708399512613028,17,37,216.0,6,4,1,2017,2017-10-15,2017101509
,PIT,KC,61,6,10,12.588275516385963,32,26,1230.0,32,4,2,2017,2017-10-15,2017101509
,LAC,LV,63,3,7,0.3561071741743217,21,37,1143.0,35,3,2,2017,2017-10-15,2017101510
,LV,LAC,52,2,4,-2.314834054349895,25,30,1176.0,36,3,2,2017,2017-10-15,2017101510
,DEN,NYG,73,7,8,-17.393165348012616,29,57,342.0,13,4,1,2017,2017-10-15,2017101511
,NYG,DEN,54,3,7,-6.064999175339759,17,22,699.0,21,2,1,2017,2017-10-15,2017101511
,IND,TEN,56,2,4,-4.703727838994807,23,36,944.0,32,4,1,2017,2017-10-16,2017101600
,TEN,IND,66,5,8,11.62884636017974,29,33,1191.0,33,5,3,2017,2017-10-16,2017101600
,KC,LV,60,5,6,19.20503983068549,27,37,1295.0,40,4,3,2017,2017-10-19,2017101900
,LV,KC,73,6,12,21.893952035999234,32,52,1042.0,40,5,4,2017,2017-10-19,2017101900
,BUF,TB,67,8,11,14.91320505820716,29,34,1190.0,45,6,3,2017,2017-10-22,2017102200
,TB,BUF,70,4,8,10.916297697915123,30,45,1026.0,37,4,3,2017,2017-10-22,2017102200
,CAR,CHI,69,4,6,-29.9726574275983,24,39,620.0,17,2,0,2017,2017-10-22,2017102201
,CHI,CAR,34,2,2,-10.775225228624127,12,11,308.0,9,1,0,2017,2017-10-22,2017102201
,CLE,TEN,65,2,5,-15.357906752981588,23,40,955.0,30,1,0,2017,2017-10-22,2017102202
,TEN,CLE,68,1,5,-16.55598602249792,21,36,1296.0,38,2,0,2017,2017-10-22,2017102202
,GB,NO,50,3,4,2.5899186284230193,20,26,976.0,34,2,2,2017,2017-10-22,2017102203
,NO,GB,72,7,11,18.03640311045494,32,39,1348.0,43,5,3,2017,2017-10-22,2017102203
,IND,JAX,67,2,4,-17.3722039922134,25,47,141.0,4,1,0,2017,2017-10-22,2017102204
,JAX,IND,64,8,10,15.019015179442318,33,28,435.0,14,4,3,2017,2017-10-22,2017102204
,ARI,LA,47,3,6,-15.725080000761933,14,35,510.0,20,1,0,2017,2017-10-22,2017102205
,LA,ARI,77,1,9,13.088905397997541,29,38,701.0,22,6,3,2017,2017-10-22,2017102205
,MIA,NYJ,65,7,10,-1.4603901637702688,29,40,944.0,31,4,4,2017,2017-10-22,2017102206
,NYJ,MIA,49,5,9,4.765896373621315,16,28,893.0,27,4,4,2017,2017-10-22,2017102206
,BAL,MIN,64,2,4,-14.0450763642651,23,44,697.0,25,1,1,2017,2017-10-22,2017102207
,MIN,BAL,64,3,4,-1.068522806167855,28,31,1125.0,38,4,1,2017,2017-10-22,2017102207
,CIN,PIT,50,2,5,-11.910686546709071,19,34,788.0,28,2,2,2017,2017-10-22,2017102208
,PIT,CIN,65,6,9,5.993540168069094,29,25,1244.0,36,7,2,2017,2017-10-22,2017102208
,DAL,SF,70,5,7,22.359128641642556,35,28,322.0,10,8,6,2017,2017-10-22,2017102209
,SF,DAL,65,1,6,-12.621481890678687,29,43,62.0,2,2,1,2017,2017-10-22,2017102209
,DEN,LAC,59,1,4,-19.61527805105938,18,40,501.0,14,1,0,2017,2017-10-22,2017102210
,LAC,DEN,54,3,5,-2.3534376906825436,19,28,519.0,15,3,2,2017,2017-10-22,2017102210
,NYG,SEA,56,1,3,-14.801004953522943,18,39,844.0,30,1,1,2017,2017-10-22,2017102211
,SEA,NYG,68,6,9,4.006145543508614,32,38,1257.0,40,4,3,2017,2017-10-22,2017102211
,ATL,NE,56,2,8,3.2472748639223545,30,34,469.0,14,4,1,2017,2017-10-22,2017102212
,NE,ATL,64,5,7,15.06413981370443,32,31,792.0,25,6,2,2017,2017-10-22,2017102212
,PHI,WAS,60,6,7,14.455294033313354,25,28,832.0,31,5,4,2017,2017-10-23,2017102300
,WAS,PHI,61,5,8,1.6720775361450095,30,44,782.0,22,4,3,2017,2017-10-23,2017102300
,BAL,MIA,59,2,4,3.009459322087027,24,22,389.0,13,3,3,2017,2017-10-26,2017102600
,MIA,BAL,66,3,3,-38.140917849653434,20,47,410.0,13,0,0,2017,2017-10-26,2017102600
,CLE,MIN,59,3,4,-9.487643141191713,23,37,915.0,33,4,2,2017,2017-10-29,2017102900
,MIN,CLE,79,4,8,-0.47881614199918676,34,44,1581.0,50,5,3,2017,2017-10-29,2017102900
,BUF,LV,62,4,5,10.364373582301436,29,27,932.0,28,4,3,2017,2017-10-29,2017102901
,LV,BUF,62,3,8,-5.1520971538368245,28,48,740.0,28,2,2,2017,2017-10-29,2017102901
,CIN,IND,51,2,6,-0.029534051301686848,19,32,943.0,32,4,2,2017,2017-10-29,2017102902
,IND,CIN,71,2,6,-4.188990178544144,28,43,1314.0,44,5,2,2017,2017-10-29,2017102902
,LAC,NE,51,3,9,11.036380506665324,25,30,903.0,26,2,2,2017,2017-10-29,2017102903
,NE,LAC,80,2,5,9.30453346252034,35,49,1450.0,50,4,1,2017,2017-10-29,2017102903
,CHI,NO,65,5,5,-2.8397157263651125,22,34,783.0,22,2,1,2017,2017-10-29,2017102904
,NO,CHI,57,5,9,1.2071622934622834,22,30,892.0,26,3,2,2017,2017-10-29,2017102904
,ATL,NYJ,62,6,11,-1.4316017413486444,26,29,1100.0,37,6,2,2017,2017-10-29,2017102905
,NYJ,ATL,57,4,4,0.200492355063009,19,35,1183.0,33,3,2,2017,2017-10-29,2017102905
,PHI,SF,64,3,5,-3.1075740075435716,26,35,901.0,26,3,3,2017,2017-10-29,2017102906
,SF,PHI,64,3,3,-24.459533949100383,23,40,487.0,15,2,1,2017,2017-10-29,2017102906
,CAR,TB,61,2,3,-5.971228045215375,23,32,997.0,33,3,2,2017,2017-10-29,2017102907
,TB,CAR,63,1,6,-15.621206531182045,23,41,668.0,24,1,0,2017,2017-10-29,2017102907
,HOU,SEA,68,9,11,15.897996480219277,30,34,1260.0,43,6,5,2017,2017-10-29,2017102908
,SEA,HOU,62,7,10,11.317868020425786,26,43,1026.0,32,7,4,2017,2017-10-29,2017102908
,DAL,WAS,63,1,4,-0.1389220401209763,28,24,1292.0,38,5,2,2017,2017-10-29,2017102909
,WAS,DAL,58,4,7,-9.299746380056545,23,43,955.0,30,4,2,2017,2017-10-29,2017102909
,DET,PIT,69,8,11,-2.4809649720191773,29,47,1268.0,43,5,0,2017,2017-10-29,2017102910
,PIT,DET,57,4,6,2.868809812738836,22,31,1024.0,34,4,2,2017,2017-10-29,2017102910
,DEN,KC,71,3,6,-16.702955641489513,28,40,186.0,6,5,2,2017,2017-10-30,2017103000
,KC,DEN,58,3,8,-16.447109107110954,18,33,311.0,11,4,1,2017,2017-10-30,2017103000
,BUF,NYJ,69,3,5,-15.659783664883406,28,47,779.0,27,3,3,2017,2017-11-02,2017110200
,NYJ,BUF,59,4,7,12.204985919449959,25,21,971.0,30,6,4,2017,2017-11-02,2017110200
,ATL,CAR,57,5,10,-7.158739696640561,25,40,437.0,13,2,2,2017,2017-11-05,2017110500
,CAR,ATL,63,3,4,-1.9127328757968125,23,25,657.0,20,4,2,2017,2017-11-05,2017110500
,HOU,IND,67,2,6,-5.259389120947505,19,46,793.0,27,3,1,2017,2017-11-05,2017110501
,IND,HOU,60,3,6,-0.4871287434853637,26,33,1085.0,31,3,2,2017,2017-11-05,2017110501
,CIN,JAX,35,2,3,-6.397121915734618,9,20,376.0,12,1,1,2017,2017-11-05,2017110502
,JAX,CIN,77,3,6,10.066835294823903,34,38,1460.0,46,6,1,2017,2017-11-05,2017110502
,NO,TB,57,5,9,12.848589417531313,29,28,461.0,16,3,3,2017,2017-11-05,2017110503
,TB,NO,55,0,2,-9.866620405449847,21,30,87.0,2,1,1,2017,2017-11-05,2017110503
,LA,NYG,60,7,9,22.966320122875683,24,22,430.0,14,7,6,2017,2017-11-05,2017110504
,NYG,LA,65,4,4,-5.987161319805388,30,40,677.0,20,2,2,2017,2017-11-05,2017110504
,DEN,PHI,59,2,3,-15.230057251201869,16,40,271.0,8,2,1,2017,2017-11-05,2017110505
,PHI,DEN,66,6,10,14.213266814992991,31,30,403.0,12,7,7,2017,2017-11-05,2017110505
,BAL,TEN,76,0,7,1.3214358943571531,32,54,758.0,24,5,2,2017,2017-11-05,2017110506
,TEN,BAL,49,5,9,-4.432402791754994,22,30,679.0,19,4,3,2017,2017-11-05,2017110506
,ARI,SF,70,4,8,-6.668676960370398,24,30,1023.0,31,7,2,2017,2017-11-05,2017110507
,SF,ARI,73,2,4,-22.77055726546615,26,56,388.0,16,2,1,2017,2017-11-05,2017110507
,SEA,WAS,74,6,7,0.519795220696176,36,46,1202.0,39,4,2,2017,2017-11-05,2017110508
,WAS,SEA,60,4,5,-13.515119338351717,19,37,996.0,33,3,2,2017,2017-11-05,2017110508
,DAL,KC,65,3,5,15.321674286158197,32,34,1167.0,39,4,4,2017,2017-11-05,2017110509
,KC,DAL,55,3,4,2.174642115320201,26,36,1099.0,29,3,2,2017,2017-11-05,2017110509
,LV,MIA,55,7,9,7.315649166277651,22,31,1028.0,30,4,3,2017,2017-11-05,2017110510
,MIA,LV,62,3,6,8.316021954754703,28,43,962.0,28,3,3,2017,2017-11-05,2017110510
,DET,GB,66,5,12,12.105581288080183,26,33,948.0,25,5,3,2017,2017-11-06,2017110600
,GB,DET,58,2,4,-2.162136820762358,29,41,573.0,17,4,2,2017,2017-11-06,2017110600
,ARI,SEA,71,1,7,-14.311511904958728,24,48,1068.0,34,3,2,2017,2017-11-09,2017110900
,SEA,ARI,58,3,6,-2.9480015716849546,20,36,1190.0,38,5,2,2017,2017-11-09,2017110900
,BUF,NO,45,2,2,-11.153986386801968,18,30,394.0,13,2,1,2017,2017-11-12,2017111200
,NO,BUF,69,6,9,29.424787548636168,36,25,684.0,21,8,6,2017,2017-11-12,2017111200
,CHI,GB,57,5,7,-9.018930534099084,16,40,949.0,33,1,1,2017,2017-11-12,2017111201
,GB,CHI,64,3,6,7.7826141894174485,28,28,1226.0,36,4,2,2017,2017-11-12,2017111201
,CLE,DET,77,4,10,-4.530329142309812,30,44,1355.0,47,6,3,2017,2017-11-12,2017111202
,DET,CLE,47,7,8,9.394001539431171,21,30,735.0,20,4,4,2017,2017-11-12,2017111202
,IND,PIT,55,2,3,-4.606666611211253,22,27,987.0,28,2,2,2017,2017-11-12,2017111203
,PIT,IND,63,3,6,2.527371791949578,28,33,631.0,18,4,2,2017,2017-11-12,2017111203
,JAX,LAC,81,3,7,-4.211083449981029,28,54,1170.0,38,4,2,2017,2017-11-12,2017111204
,LAC,JAX,65,4,7,-5.189140233353045,29,36,1083.0,35,2,2,2017,2017-11-12,2017111204
,NYJ,TB,64,5,7,-12.482532529673644,19,45,926.0,32,2,1,2017,2017-11-12,2017111205
,TB,NYJ,66,3,6,-8.587145703697354,18,35,1069.0,37,3,1,2017,2017-11-12,2017111205
,CIN,TEN,48,3,4,-6.499364899966794,18,34,786.0,25,4,3,2017,2017-11-12,2017111206
,TEN,CIN,84,6,9,-7.423435311602326,36,48,1425.0,48,4,3,2017,2017-11-12,2017111206
,MIN,WAS,59,4,6,15.49325508483812,31,30,661.0,21,5,5,2017,2017-11-12,2017111207
,WAS,MIN,72,5,7,3.848004179901876,33,46,989.0,28,5,3,2017,2017-11-12,2017111207
,HOU,LA,63,4,7,-20.57978278659556,21,39,1108.0,36,4,1,2017,2017-11-12,2017111208
,LA,HOU,62,5,9,10.731821049461452,27,40,707.0,28,6,3,2017,2017-11-12,2017111208
,ATL,DAL,64,2,7,5.445545758805777,25,30,1189.0,36,4,3,2017,2017-11-12,2017111209
,DAL,ATL,59,3,5,-10.723121233392305,24,38,697.0,24,3,1,2017,2017-11-12,2017111209
,NYG,SF,64,4,8,7.531841544588865,30,40,1253.0,35,3,2,2017,2017-11-12,2017111210
,SF,NYG,55,7,8,16.023641405707455,27,25,984.0,35,6,4,2017,2017-11-12,2017111210
,DEN,NE,60,5,6,2.1791732371525434,24,33,225.0,6,3,1,2017,2017-11-12,2017111211
,NE,DEN,67,5,6,10.793441978784177,32,38,483.0,15,7,5,2017,2017-11-12,2017111211
,CAR,MIA,69,6,13,36.18594052540921,38,35,871.0,33,6,6,2017,2017-11-13,2017111300
,MIA,CAR,52,3,6,8.637729965208791,21,36,382.0,14,3,3,2017,2017-11-13,2017111300
,PIT,TEN,66,3,5,11.107878538244393,29,48,1234.0,42,8,4,2017,2017-11-16,2017111600
,TEN,PIT,57,3,7,-9.700815711256313,22,39,423.0,16,3,2,2017,2017-11-16,2017111600
,CHI,DET,61,2,9,6.832569725501529,28,31,1090.0,30,4,3,2017,2017-11-19,2017111900
,DET,CHI,57,4,9,6.032935915027983,23,34,707.0,23,3,2,2017,2017-11-19,2017111900
,CLE,JAX,54,3,6,-34.36625969685771,17,37,524.0,20,1,1,2017,2017-11-19,2017111901
,JAX,CLE,75,2,4,-15.826711543666347,21,32,1595.0,50,2,1,2017,2017-11-19,2017111901
,BAL,GB,56,3,5,-11.201485669628813,17,31,851.0,26,4,2,2017,2017-11-19,2017111902
,GB,BAL,66,2,7,-31.128450253441383,29,41,850.0,26,1,0,2017,2017-11-19,2017111902
,ARI,HOU,54,5,6,-6.296903293890123,20,36,843.0,24,3,3,2017,2017-11-19,2017111903
,HOU,ARI,67,5,5,5.522232368374963,31,33,1211.0,38,5,4,2017,2017-11-19,2017111903
,LA,MIN,54,2,4,-6.711800559718205,21,38,764.0,27,3,1,2017,2017-11-19,2017111904
,MIN,LA,72,6,7,18.121493313369644,33,38,1423.0,46,3,3,2017,2017-11-19,2017111904
,NO,WAS,66,10,16,19.737510247266005,39,42,1105.0,36,5,3,2017,2017-11-19,2017111905
,WAS,NO,65,6,11,23.62930694466078,30,32,1327.0,40,5,4,2017,2017-11-19,2017111905
,KC,NYG,70,4,5,-6.731329873092889,27,41,1303.0,36,3,0,2017,2017-11-19,2017111906
,NYG,KC,66,1,4,-3.4620962801307886,27,35,968.0,31,4,1,2017,2017-11-19,2017111906
,BUF,LAC,62,6,10,-14.512642887940821,27,40,412.0,12,3,3,2017,2017-11-19,2017111907
,LAC,BUF,69,5,12,17.40678223863395,31,37,522.0,16,7,4,2017,2017-11-19,2017111907
,CIN,DEN,51,2,4,-3.7148875059294397,15,27,779.0,28,3,3,2017,2017-11-19,2017111908
,DEN,CIN,79,2,5,-12.928194590869218,29,45,1398.0,49,3,2,2017,2017-11-19,2017111908
,LV,NE,71,3,4,0.30261327459125376,32,50,576.0,15,3,1,2017,2017-11-19,2017111909
,NE,LV,58,3,7,18.35854714878465,29,38,801.0,27,4,3,2017,2017-11-19,2017111909
,DAL,PHI,61,2,4,-24.162828121929483,20,35,1156.0,35,3,0,2017,2017-11-19,2017111910
,PHI,DAL,58,5,8,17.24823106542672,25,27,848.0,32,5,4,2017,2017-11-19,2017111910
,MIA,TB,58,6,8,8.349366883622872,20,39,510.0,17,5,2,2017,2017-11-19,2017111911
,TB,MIA,62,5,9,0.8819527568565735,22,38,1026.0,31,5,2,2017,2017-11-19,2017111911
,ATL,SEA,56,3,6,10.295121996482862,22,28,1059.0,33,4,3,2017,2017-11-20,2017112000
,SEA,ATL,69,3,7,3.7592414565315906,36,46,293.0,13,7,3,2017,2017-11-20,2017112000
,DET,MIN,53,4,7,-5.181253694754379,20,38,109.0,3,4,2,2017,2017-11-23,2017112300
,MIN,DET,70,5,7,13.281688557348202,30,32,464.0,15,6,4,2017,2017-11-23,2017112300
,DAL,LAC,50,1,2,-10.586803638084055,29,30,650.0,20,2,1,2017,2017-11-23,2017112301
,LAC,DAL,62,8,11,25.07251909174255,29,33,1206.0,34,7,3,2017,2017-11-23,2017112301
,NYG,WAS,55,1,2,-20.103669012646733,14,32,1037.0,33,1,0,2017,2017-11-23,2017112302
,WAS,NYG,66,3,6,-9.749593534148879,27,37,1080.0,36,4,2,2017,2017-11-23,2017112302
,ATL,TB,63,10,11,20.072861116010532,34,35,649.0,21,5,4,2017,2017-11-26,2017112600
,TB,ATL,68,2,7,4.785465187554998,32,45,463.0,14,5,2,2017,2017-11-26,2017112600
,CIN,CLE,57,2,10,11.065777528790262,31,29,561.0,20,5,3,2017,2017-11-26,2017112601
,CLE,CIN,66,7,7,8.159879365382917,28,35,562.0,17,5,1,2017,2017-11-26,2017112601
,IND,TEN,61,2,6,-9.267614481753723,19,37,1334.0,42,4,1,2017,2017-11-26,2017112602
,TEN,IND,51,1,5,-1.4683156084301712,22,25,568.0,17,4,2,2017,2017-11-26,2017112602
,BUF,KC,66,2,5,-7.654670732976279,25,31,886.0,33,3,1,2017,2017-11-26,2017112603
,KC,BUF,56,2,5,-17.330901375873324,20,38,398.0,13,1,1,2017,2017-11-26,2017112603
,MIA,NE,59,1,5,-16.161306448155802,24,40,75.0,2,3,1,2017,2017-11-26,2017112604
,NE,MIA,63,10,12,8.38688661438977,28,29,745.0,23,5,5,2017,2017-11-26,2017112604
,CAR,NYJ,65,5,8,-4.031482282393387,19,32,1134.0,38,3,2,2017,2017-11-26,2017112605
,NYJ,CAR,63,6,8,-4.769406782273722,25,37,687.0,26,5,3,2017,2017-11-26,2017112605
,CHI,PHI,48,0,3,-22.420099527131697,12,35,209.0,6,1,0,2017,2017-11-26,2017112606
,PHI,CHI,70,4,9,8.212920984103924,32,40,715.0,20,6,4,2017,2017-11-26,2017112606
,LA,NO,69,6,7,7.152311329414541,26,47,1187.0,39,4,2,2017,2017-11-26,2017112607
,NO,LA,52,5,8,2.04484307708326,24,35,547.0,16,3,2,2017,2017-11-26,2017112607
,SEA,SF,63,5,6,2.1232172813310886,26,34,1199.0,40,4,3,2017,2017-11-26,2017112608
,SF,SEA,65,3,4,-11.67307956628003,23,41,1072.0,35,2,1,2017,2017-11-26,2017112608
,ARI,JAX,70,3,4,-7.9974249963387365,26,40,932.0,26,3,2,2017,2017-11-26,2017112609
,JAX,ARI,57,2,5,-14.497213549011363,21,35,665.0,20,2,2,2017,2017-11-26,2017112609
,DEN,LV,57,3,6,-8.24209911892083,14,40,414.0,14,3,2,2017,2017-11-26,2017112610
,LV,DEN,60,5,6,1.6118480026012656,25,26,830.0,23,4,3,2017,2017-11-26,2017112610
,GB,PIT,54,4,4,7.716635547449127,24,30,826.0,27,4,4,2017,2017-11-26,2017112611
,PIT,GB,71,4,7,11.728777995229269,36,47,1452.0,44,4,4,2017,2017-11-26,2017112611
,BAL,HOU,63,4,5,-3.9219462760880743,21,34,942.0,37,4,2,2017,2017-11-27,2017112700
,HOU,BAL,64,4,6,-9.415380578196302,25,39,1206.0,42,4,1,2017,2017-11-27,2017112700
,DAL,WAS,65,1,2,3.0143550580227467,27,23,705.0,22,5,4,2017,2017-11-30,2017113000
,WAS,DAL,59,3,6,-0.9691615680155876,25,40,430.0,14,3,2,2017,2017-11-30,2017113000
,ATL,MIN,51,1,4,-2.146191123367816,17,29,902.0,31,2,0,2017,2017-12-03,2017120300
,MIN,ATL,60,2,6,4.128366743118067,31,32,1254.0,41,3,2,2017,2017-12-03,2017120300
,BAL,DET,63,3,6,9.023000158348776,31,37,612.0,18,5,4,2017,2017-12-03,2017120301
,DET,BAL,61,7,7,-5.307251337189768,23,37,390.0,14,3,3,2017,2017-12-03,2017120301
,BUF,NE,64,1,3,-15.972063042265612,20,38,780.0,26,2,0,2017,2017-12-03,2017120302
,NE,BUF,65,4,11,18.02061451064941,32,32,1090.0,38,5,2,2017,2017-12-03,2017120302
,CHI,SF,36,1,1,-4.097988841364484,12,17,759.0,22,1,1,2017,2017-12-03,2017120303
,SF,CHI,71,3,10,7.004463124629172,36,38,1588.0,47,5,0,2017,2017-12-03,2017120303
,GB,TB,51,2,3,7.019864258412115,25,23,748.0,22,4,2,2017,2017-12-03,2017120304
,TB,GB,74,3,11,-0.29085747246720234,31,39,1322.0,39,4,2,2017,2017-12-03,2017120304
,IND,JAX,64,2,4,-1.7457402219944256,30,38,337.0,10,3,1,2017,2017-12-03,2017120305
,JAX,IND,66,7,12,21.567089825937842,31,39,882.0,30,5,3,2017,2017-12-03,2017120305
,DEN,MIA,66,5,6,-27.747581498550932,25,43,390.0,12,2,0,2017,2017-12-03,2017120306
,MIA,DEN,63,7,7,-4.253904945743188,27,33,683.0,21,6,3,2017,2017-12-03,2017120306
,CAR,NO,53,4,6,-1.1767641832507825,23,30,534.0,18,4,3,2017,2017-12-03,2017120307
,NO,CAR,60,7,11,13.152209426608106,27,35,1013.0,32,6,4,2017,2017-12-03,2017120307
,KC,NYJ,46,8,8,18.784401251979858,22,35,680.0,24,7,4,2017,2017-12-03,2017120308
,NYJ,KC,84,4,6,21.949950951257243,39,36,1483.0,46,6,4,2017,2017-12-03,2017120308
,HOU,TEN,73,4,7,4.721152617069567,33,52,1178.0,40,4,1,2017,2017-12-03,2017120309
,TEN,HOU,50,5,7,12.100831494409189,21,25,774.0,24,3,3,2017,2017-12-03,2017120309
,CLE,LAC,57,5,7,-6.44535437230941,20,35,581.0,20,3,1,2017,2017-12-03,2017120310
,LAC,CLE,67,5,6,13.85913899532122,36,44,1249.0,42,6,1,2017,2017-12-03,2017120310
,ARI,LA,62,4,8,-11.474576593997707,23,38,375.0,12,2,2,2017,2017-12-03,2017120311
,LA,ARI,56,4,5,-3.92964123010702,23,32,809.0,25,4,2,2017,2017-12-03,2017120311
,LV,NYG,65,4,8,0.10087496291740278,26,37,1228.0,40,4,3,2017,2017-12-03,2017120312
,NYG,LV,60,3,5,-12.411528057154854,22,36,1138.0,33,3,2,2017,2017-12-03,2017120312
,PHI,SEA,74,6,6,0.31616609402230544,32,48,718.0,25,3,1,2017,2017-12-03,2017120313
,SEA,PHI,56,4,7,12.837414578850073,20,32,884.0,30,3,3,2017,2017-12-03,2017120313
,CIN,PIT,60,2,7,12.806006430600078,29,38,784.0,22,3,2,2017,2017-12-04,2017120400
,PIT,CIN,62,4,8,11.77962455970303,27,40,315.0,9,5,2,2017,2017-12-04,2017120400
,ATL,NO,63,5,7,-0.6572561107577403,32,28,1026.0,34,4,2,2017,2017-12-07,2017120700
,NO,ATL,52,6,6,2.224462592198117,24,37,1044.0,31,4,2,2017,2017-12-07,2017120700
,BUF,IND,65,6,6,-8.549550746407185,21,15,1109.0,34,2,2,2017,2017-12-10,2017121000
,IND,BUF,66,1,1,-9.528055447413125,19,21,1070.0,31,2,1,2017,2017-12-10,2017121000
,CAR,MIN,60,4,8,7.710972181906866,25,27,1028.0,33,5,4,2017,2017-12-10,2017121001
,MIN,CAR,72,2,8,-7.463449527292674,32,51,857.0,33,5,2,2017,2017-12-10,2017121001
,CHI,CIN,71,3,13,15.438693365554366,36,33,1351.0,42,6,4,2017,2017-12-10,2017121002
,CIN,CHI,53,3,6,-13.4727108971325,15,40,688.0,22,1,1,2017,2017-12-10,2017121002
,CLE,GB,56,3,9,9.053482113120074,23,30,1136.0,35,3,3,2017,2017-12-10,2017121003
,GB,CLE,72,2,5,10.417290175978557,31,46,1043.0,31,4,3,2017,2017-12-10,2017121003
,HOU,SF,63,4,8,-4.641154355612587,27,40,1090.0,38,2,2,2017,2017-12-10,2017121004
,SF,HOU,61,7,10,6.627906527046207,24,33,1068.0,37,4,2,2017,2017-12-10,2017121004
,JAX,SEA,61,4,8,13.709940458784498,24,27,836.0,27,6,3,2017,2017-12-10,2017121005
,SEA,JAX,55,5,6,5.921721827329838,24,31,746.0,25,5,3,2017,2017-12-10,2017121005
,KC,LV,70,4,10,9.25631805730221,30,38,622.0,19,4,2,2017,2017-12-10,2017121006
,LV,KC,56,3,4,-8.916538225566448,25,45,170.0,6,2,2,2017,2017-12-10,2017121006
,DET,TB,62,5,9,5.589557284151265,31,44,936.0,31,3,3,2017,2017-12-10,2017121007
,TB,DET,68,3,9,-1.949187099532592,34,41,1159.0,38,3,3,2017,2017-12-10,2017121007
,ARI,TEN,61,4,7,-6.718667531400986,25,34,1143.0,34,4,0,2017,2017-12-10,2017121008
,TEN,ARI,55,2,3,-17.48046000332143,19,33,1068.0,33,1,1,2017,2017-12-10,2017121008
,DEN,NYJ,67,3,5,-4.409756929141231,18,33,356.0,11,5,2,2017,2017-12-10,2017121009
,NYJ,DEN,47,0,0,-27.51595755903343,14,25,87.0,2,0,0,2017,2017-12-10,2017121009
,LAC,WAS,71,8,10,2.314966803610003,29,36,557.0,17,7,3,2017,2017-12-10,2017121010
,WAS,LAC,50,2,4,-15.44094304786194,16,29,119.0,4,1,1,2017,2017-12-10,2017121010
,LA,PHI,44,5,9,1.4170567462409291,24,28,501.0,16,4,4,2017,2017-12-10,2017121011
,PHI,LA,84,4,11,11.654984259685067,31,52,1516.0,53,6,4,2017,2017-12-10,2017121011
,DAL,NYG,58,4,7,20.30130441774983,29,30,1073.0,36,5,4,2017,2017-12-10,2017121012
,NYG,DAL,75,1,2,-5.672872215035067,36,46,1250.0,43,2,1,2017,2017-12-10,2017121012
,BAL,PIT,60,6,10,18.317609843896157,30,34,774.0,26,5,5,2017,2017-12-10,2017121013
,PIT,BAL,84,6,11,20.176851205213215,44,67,1201.0,40,5,4,2017,2017-12-10,2017121013
,MIA,NE,67,4,7,3.011486947412437,28,40,1082.0,33,4,3,2017,2017-12-11,2017121100
,NE,MIA,55,5,5,-11.009873706982505,19,45,662.0,21,3,2,2017,2017-12-11,2017121100
,DEN,IND,73,6,10,16.985237225810046,35,29,952.0,33,5,3,2017,2017-12-14,2017121400
,IND,DEN,52,2,3,-2.0031108741311927,18,31,1021.0,34,1,1,2017,2017-12-14,2017121400
,CHI,DET,63,2,9,-3.0088323013367444,26,48,306.0,9,2,1,2017,2017-12-16,2017121600
,DET,CHI,56,1,3,1.6418298032613818,20,37,830.0,26,3,2,2017,2017-12-16,2017121600
,KC,LAC,63,5,8,12.772051406235663,31,31,1232.0,39,5,3,2017,2017-12-16,2017121601
,LAC,KC,60,2,5,-8.907620212746481,28,38,680.0,22,2,2,2017,2017-12-16,2017121601
,BUF,MIA,60,4,7,4.594816609486773,27,31,700.0,28,4,3,2017,2017-12-17,2017121700
,MIA,BUF,73,2,5,-6.220601761038113,32,52,854.0,25,3,1,2017,2017-12-17,2017121700
,CAR,GB,67,4,6,12.241286037736728,29,32,1385.0,47,5,4,2017,2017-12-17,2017121701
,GB,CAR,65,6,7,7.04907834918547,30,46,686.0,23,4,3,2017,2017-12-17,2017121701
,BAL,CLE,72,4,7,3.4333137294969758,31,43,1294.0,43,4,2,2017,2017-12-17,2017121702
,CLE,BAL,57,2,5,-19.813439163125505,16,38,575.0,18,2,1,2017,2017-12-17,2017121702
,HOU,JAX,56,2,3,-15.618100366725418,16,35,187.0,7,1,1,2017,2017-12-17,2017121703
,JAX,HOU,66,5,7,17.00490136031127,30,30,590.0,18,7,6,2017,2017-12-17,2017121703
,CIN,MIN,51,1,2,-26.60697765500663,14,31,129.0,4,1,1,2017,2017-12-17,2017121704
,MIN,CIN,58,7,8,2.3706672649186564,21,27,336.0,11,4,3,2017,2017-12-17,2017121704
,NO,NYJ,63,6,10,6.125793760405299,27,36,1004.0,34,6,4,2017,2017-12-17,2017121705
,NYJ,NO,69,2,5,-5.044391488971924,24,41,618.0,20,4,2,2017,2017-12-17,2017121705
,NYG,PHI,81,5,7,12.522460180401074,38,58,1095.0,45,6,4,2017,2017-12-17,2017121706
,PHI,NYG,65,2,8,8.080516169212562,27,39,799.0,26,6,4,2017,2017-12-17,2017121706
,ARI,WAS,78,3,4,-14.538523720140246,26,44,1098.0,36,6,0,2017,2017-12-17,2017121707
,WAS,ARI,46,3,4,-6.4354900113481275,15,27,734.0,23,4,2,2017,2017-12-17,2017121707
,LA,SEA,68,1,4,2.289632521806425,27,25,198.0,8,8,5,2017,2017-12-17,2017121708
,SEA,LA,53,2,4,-24.261221119649093,13,36,156.0,6,1,1,2017,2017-12-17,2017121708
,NE,PIT,54,5,8,13.768493761078405,29,37,1075.0,35,4,3,2017,2017-12-17,2017121709
,PIT,NE,63,2,8,15.673203674960671,30,32,1258.0,37,5,3,2017,2017-12-17,2017121709
,SF,TEN,67,3,8,9.861077277330459,32,45,1089.0,35,5,1,2017,2017-12-17,2017121710
,TEN,SF,62,3,4,6.460122090035866,27,34,1043.0,31,3,2,2017,2017-12-17,2017121710
,DAL,LV,59,3,8,3.8123275515518804,28,29,1071.0,32,3,2,2017,2017-12-17,2017121711
,LV,DAL,61,2,4,2.1586195197676026,24,38,194.0,7,4,2,2017,2017-12-17,2017121711
,ATL,TB,67,6,8,16.233284251830522,32,32,1123.0,35,4,3,2017,2017-12-18,2017121800
,TB,ATL,53,3,5,13.459608675938833,31,35,738.0,20,4,3,2017,2017-12-18,2017121800
,BAL,IND,68,2,6,9.263541748907869,29,39,1408.0,45,4,2,2017,2017-12-23,2017122300
,IND,BAL,59,3,7,1.839870889786761,22,35,574.0,20,5,1,2017,2017-12-23,2017122300
,GB,MIN,64,2,4,-24.790347655864696,18,40,273.0,8,2,0,2017,2017-12-23,2017122301
,MIN,GB,58,3,5,-6.990853318808017,21,28,388.0,13,3,1,2017,2017-12-23,2017122301
,CAR,TB,58,2,4,-7.270376222680818,22,28,1133.0,33,6,2,2017,2017-12-24,2017122400
,TB,CAR,57,6,12,-4.134143566041335,17,33,1292.0,39,6,1,2017,2017-12-24,2017122400
,CHI,CLE,58,3,5,-2.299199027740751,20,27,685.0,23,3,3,2017,2017-12-24,2017122401
,CLE,CHI,57,2,4,-21.86095386666047,20,37,819.0,25,1,0,2017,2017-12-24,2017122401
,CIN,DET,76,2,5,0.4148640083453854,34,44,1337.0,49,5,2,2017,2017-12-24,2017122402
,DET,CIN,59,3,3,-5.588155562163045,23,37,1043.0,31,3,2,2017,2017-12-24,2017122402
,KC,MIA,72,5,7,10.16323930487458,31,40,866.0,31,7,2,2017,2017-12-24,2017122403
,MIA,KC,52,4,7,-5.885309416672946,20,37,754.0,23,3,1,2017,2017-12-24,2017122403
,BUF,NE,68,4,8,-7.47992121830908,23,44,1194.0,45,4,0,2017,2017-12-24,2017122404
,NE,BUF,66,2,9,13.89255528211443,36,30,1210.0,42,6,4,2017,2017-12-24,2017122404
,ATL,NO,60,4,9,-8.01869446905536,21,41,502.0,16,4,1,2017,2017-12-24,2017122405
,NO,ATL,57,5,7,-4.302349045478599,20,29,904.0,28,4,2,2017,2017-12-24,2017122405
,LAC,NYJ,69,6,12,3.343048131993492,24,39,1343.0,44,2,2,2017,2017-12-24,2017122406
,NYJ,LAC,61,4,5,-15.96475173143115,18,31,924.0,34,3,1,2017,2017-12-24,2017122406
,LA,TEN,65,3,6,6.50561871121522,25,40,1030.0,36,5,4,2017,2017-12-24,2017122407
,TEN,LA,66,4,7,-3.213914331444468,24,40,1311.0,41,4,1,2017,2017-12-24,2017122407
,DEN,WAS,71,4,7,-16.509781393547033,25,42,934.0,33,2,1,2017,2017-12-24,2017122408
,WAS,DEN,64,5,6,1.4107484262237162,23,37,1253.0,40,6,3,2017,2017-12-24,2017122408
,JAX,SF,80,5,10,1.022101149895778,37,52,450.0,14,4,4,2017,2017-12-24,2017122409
,SF,JAX,65,4,6,18.250356502556794,32,31,728.0,26,7,5,2017,2017-12-24,2017122409
,ARI,NYG,63,4,8,-8.7420993498984,22,37,743.0,26,3,2,2017,2017-12-24,2017122410
,NYG,ARI,66,3,4,-28.063125579094926,26,46,620.0,22,1,0,2017,2017-12-24,2017122410
,DAL,SEA,67,1,2,-8.131864321025464,28,37,1212.0,39,3,0,2017,2017-12-24,2017122411
,SEA,DAL,51,1,2,-7.148716653125031,20,24,967.0,31,2,2,2017,2017-12-24,2017122411
,HOU,PIT,52,2,3,-12.878228617981177,20,24,49.0,1,2,1,2017,2017-12-25,2017122500
,PIT,HOU,55,4,5,10.926304500086683,22,30,368.0,11,6,4,2017,2017-12-25,2017122500
,LV,PHI,62,3,6,-34.461824294879406,19,30,1089.0,30,2,1,2017,2017-12-25,2017122501
,PHI,LV,61,1,3,-23.131938901768635,19,40,1050.0,37,3,1,2017,2017-12-25,2017122501
,ATL,CAR,70,3,9,3.802942041127202,27,45,1434.0,47,5,1,2017,2017-12-31,2017123100
,CAR,ATL,59,3,7,-17.863841712891237,21,35,939.0,32,3,1,2017,2017-12-31,2017123100
,BAL,CIN,74,0,6,-17.408988609808837,27,48,856.0,31,4,3,2017,2017-12-31,2017123101
,CIN,BAL,72,4,7,-2.9626417958690157,28,44,1035.0,36,4,3,2017,2017-12-31,2017123101
,DET,GB,54,4,5,11.59965179630654,22,32,622.0,20,6,4,2017,2017-12-31,2017123102
,GB,DET,62,4,5,-11.927964868366768,24,35,717.0,21,2,1,2017,2017-12-31,2017123102
,HOU,IND,53,1,2,-4.3655702319461795,19,26,1415.0,38,1,1,2017,2017-12-31,2017123103
,IND,HOU,60,1,4,2.9825923542402837,24,26,1057.0,34,4,2,2017,2017-12-31,2017123103
,BUF,MIA,62,2,9,6.262616361550334,26,31,407.0,14,5,2,2017,2017-12-31,2017123104
,MIA,BUF,67,4,6,2.1151351376595406,30,45,407.0,12,4,2,2017,2017-12-31,2017123104
,CHI,MIN,51,4,5,-18.51766915678462,11,36,276.0,7,2,0,2017,2017-12-31,2017123105
,MIN,CHI,65,2,7,2.71148530621838,26,31,803.0,22,4,3,2017,2017-12-31,2017123105
,NE,NYJ,79,3,5,-2.9519254138209328,29,41,807.0,31,5,3,2017,2017-12-31,2017123106
,NYJ,NE,57,4,6,-8.949956462187139,15,39,537.0,17,1,0,2017,2017-12-31,2017123106
,NYG,WAS,72,4,7,-1.7262735717696986,24,31,946.0,38,5,2,2017,2017-12-31,2017123107
,WAS,NYG,56,1,3,-20.87309386218961,16,40,937.0,31,1,1,2017,2017-12-31,2017123107
,DAL,PHI,63,4,5,-7.086644009257832,21,31,823.0,31,2,1,2017,2017-12-31,2017123108
,PHI,DAL,55,1,3,-19.865638242168338,20,37,954.0,31,0,0,2017,2017-12-31,2017123108
,CLE,PIT,63,6,10,-1.346722870297825,22,36,1008.0,31,3,3,2017,2017-12-31,2017123109
,PIT,CLE,57,5,9,-5.906155532749069,24,30,1120.0,34,5,4,2017,2017-12-31,2017123109
,NO,TB,58,3,6,7.579411090177735,25,32,996.0,30,3,3,2017,2017-12-31,2017123110
,TB,NO,82,2,9,13.347620347418928,42,54,1393.0,52,4,3,2017,2017-12-31,2017123110
,JAX,TEN,60,1,5,-18.0237281060912,22,36,794.0,26,1,0,2017,2017-12-31,2017123111
,TEN,JAX,62,1,2,-20.239892071084046,18,24,652.0,19,3,1,2017,2017-12-31,2017123111
,DEN,KC,65,4,5,-5.999653778660912,30,36,1098.0,33,4,2,2017,2017-12-31,2017123112
,KC,DEN,63,3,6,4.717186744481381,29,37,1082.0,37,4,2,2017,2017-12-31,2017123112
,LAC,LV,65,7,10,24.031447226456635,34,37,733.0,28,6,4,2017,2017-12-31,2017123113
,LV,LAC,53,3,8,-7.241715391354499,20,30,725.0,21,3,1,2017,2017-12-31,2017123113
,LA,SF,63,3,4,-15.599348509279896,20,37,270.0,9,3,1,2017,2017-12-31,2017123114
,SF,LA,61,5,10,7.272169881753188,27,33,764.0,24,5,4,2017,2017-12-31,2017123114
,ARI,SEA,67,1,4,-8.378152907968861,24,35,938.0,26,2,2,2017,2017-12-31,2017123115
,SEA,ARI,54,7,9,-1.7270941978436571,20,32,192.0,6,3,3,2017,2017-12-31,2017123115
,ATL,PHI,64,5,8,-8.41869285487744,22,46,914.0,34,5,1,2018,2018-09-06,2018090600
,PHI,ATL,64,1,4,-5.159694826278838,25,37,1072.0,37,3,2,2018,2018-09-06,2018090600
,BAL,BUF,75,5,7,2.437948566425389,32,41,554.0,19,7,6,2018,2018-09-09,2018090900
,BUF,BAL,61,1,1,-38.72197489015369,10,39,63.0,4,1,0,2018,2018-09-09,2018090900
,CLE,PIT,84,5,8,-9.11985467614549,27,46,1104.0,36,4,3,2018,2018-09-09,2018090901
,PIT,CLE,79,5,11,-11.662212908521072,33,45,825.0,27,4,3,2018,2018-09-09,2018090901
,CIN,IND,50,4,7,2.4277135456522103,25,30,552.0,15,3,3,2018,2018-09-09,2018090902
,IND,CIN,77,1,3,-4.182016477855528,37,55,1450.0,51,5,2,2018,2018-09-09,2018090902
,MIA,TEN,56,3,4,-0.7563496082600811,26,29,1183.0,36,7,3,2018,2018-09-09,2018090903
,TEN,MIA,67,2,8,-19.67397036332636,24,38,1145.0,34,3,2,2018,2018-09-09,2018090903
,MIN,SF,71,2,8,-4.613758186083947,24,39,967.0,34,3,2,2018,2018-09-09,2018090904
,SF,MIN,61,4,5,-18.872086812049314,22,36,681.0,22,4,1,2018,2018-09-09,2018090904
,HOU,NE,70,2,4,-9.365814632324232,28,37,484.0,17,5,2,2018,2018-09-09,2018090905
,NE,HOU,72,4,4,3.8974927589756705,31,41,861.0,33,5,3,2018,2018-09-09,2018090905
,NO,TB,61,6,10,17.242946901709075,38,47,653.0,19,6,5,2018,2018-09-09,2018090906
,TB,NO,57,9,13,30.081817054514616,29,27,957.0,29,7,5,2018,2018-09-09,2018090906
,JAX,NYG,59,3,5,-0.056737569414970435,24,33,1146.0,36,2,1,2018,2018-09-09,2018090907
,NYG,JAX,63,3,7,-14.463137612227493,18,39,891.0,28,3,1,2018,2018-09-09,2018090907
,KC,LAC,55,7,9,12.764219565364867,24,28,805.0,28,4,4,2018,2018-09-09,2018090908
,LAC,KC,77,8,15,23.55002179347229,44,54,655.0,23,3,3,2018,2018-09-09,2018090908
,ARI,WAS,51,2,3,-8.160722969896035,18,37,297.0,8,2,1,2018,2018-09-09,2018090909
,WAS,ARI,73,3,10,18.01567120373888,35,32,1048.0,29,4,3,2018,2018-09-09,2018090909
,CAR,DAL,58,1,6,-0.8676980498543525,27,28,861.0,28,5,2,2018,2018-09-09,2018090910
,DAL,CAR,57,1,5,-7.004034190173823,20,35,660.0,16,1,1,2018,2018-09-09,2018090910
,DEN,SEA,72,7,10,-3.134138895138651,36,40,1306.0,42,3,3,2018,2018-09-09,2018090911
,SEA,DEN,55,5,8,-4.410292833377616,21,39,864.0,30,4,3,2018,2018-09-09,2018090911
,CHI,GB,66,2,4,-3.3225100541497334,30,39,594.0,16,4,1,2018,2018-09-09,2018090912
,GB,CHI,58,4,6,0.26809263192549376,22,40,134.0,5,4,3,2018,2018-09-09,2018090912
,DET,NYJ,66,5,7,-21.914901036588468,28,52,621.0,20,3,1,2018,2018-09-10,2018091000
,NYJ,DET,54,4,6,9.133844940216099,23,23,1157.0,31,7,4,2018,2018-09-10,2018091000
,LA,LV,59,4,8,7.851382952371733,27,34,913.0,29,6,2,2018,2018-09-10,2018091001
,LV,LA,63,4,5,-5.230092815046376,28,40,1193.0,38,2,1,2018,2018-09-10,2018091001
,BAL,CIN,80,5,11,-7.562108484070044,36,58,174.0,6,3,3,2018,2018-09-13,2018091300
,CIN,BAL,70,5,8,6.07250386845517,28,42,233.0,9,5,4,2018,2018-09-13,2018091300
,ATL,CAR,60,7,9,18.213974607063314,34,28,1024.0,34,4,4,2018,2018-09-16,2018091600
,CAR,ATL,65,5,9,11.017060549744194,32,47,868.0,25,3,3,2018,2018-09-16,2018091600
,BUF,LAC,59,5,7,-7.202864307028186,22,37,157.0,4,3,2,2018,2018-09-16,2018091601
,LAC,BUF,54,5,10,10.360692848616148,25,29,367.0,9,5,4,2018,2018-09-16,2018091601
,GB,MIN,69,3,6,1.7646458509174328,27,45,672.0,22,6,1,2018,2018-09-16,2018091602
,MIN,GB,69,7,9,14.34327619001964,34,51,632.0,20,5,4,2018,2018-09-16,2018091602
,CLE,NO,60,4,8,-6.895223209347283,22,33,962.0,31,2,2,2018,2018-09-16,2018091603
,NO,CLE,61,2,5,-6.576525990243677,27,38,1011.0,28,4,2,2018,2018-09-16,2018091603
,MIA,NYJ,55,3,6,-5.552287715441372,24,27,577.0,16,4,3,2018,2018-09-16,2018091604
,NYJ,MIA,63,6,11,-13.779881436057275,21,44,643.0,17,3,1,2018,2018-09-16,2018091604
,KC,PIT,52,7,11,23.91442065151328,30,29,763.0,20,6,6,2018,2018-09-16,2018091605
,PIT,KC,75,6,11,18.988049571567938,37,62,669.0,26,5,5,2018,2018-09-16,2018091605
,PHI,TB,74,4,9,-1.3520166533098334,28,50,953.0,27,3,3,2018,2018-09-16,2018091606
,TB,PHI,57,4,8,6.902374074578267,27,35,493.0,20,4,4,2018,2018-09-16,2018091606
,HOU,TEN,61,6,13,9.795344310349392,27,35,843.0,26,3,2,2018,2018-09-16,2018091607
,TEN,HOU,56,1,3,5.398975974693364,20,22,662.0,20,3,2,2018,2018-09-16,2018091607
,IND,WAS,58,2,5,2.0176661831161677,23,32,879.0,27,3,3,2018,2018-09-16,2018091608
,WAS,IND,69,3,5,-6.665138401353982,29,47,625.0,17,2,0,2018,2018-09-16,2018091608
,ARI,LA,43,0,1,-14.4181563174336,14,28,267.0,8,0,0,2018,2018-09-16,2018091609
,LA,ARI,70,7,11,16.27493387085729,35,35,777.0,25,6,4,2018,2018-09-16,2018091609
,DET,SF,73,4,7,4.683619187707589,29,55,979.0,32,5,3,2018,2018-09-16,2018091610
,SF,DET,59,5,9,12.491764668614266,26,32,1057.0,36,6,3,2018,2018-09-16,2018091610
,DEN,LV,63,8,8,6.4388703040382245,29,35,369.0,12,4,2,2018,2018-09-16,2018091611
,LV,DEN,60,6,7,4.969718016382494,31,33,1068.0,31,3,2,2018,2018-09-16,2018091611
,JAX,NE,68,6,11,16.940479428131155,32,45,450.0,14,5,4,2018,2018-09-16,2018091612
,NE,JAX,60,3,6,0.9948095219346333,25,37,245.0,8,3,2,2018,2018-09-16,2018091612
,DAL,NYG,48,1,6,8.748693115639744,20,25,310.0,8,4,2,2018,2018-09-16,2018091613
,NYG,DAL,67,1,4,-5.7674021483354725,26,50,164.0,5,3,1,2018,2018-09-16,2018091613
,CHI,SEA,62,0,3,-3.1011027001504887,29,36,1517.0,45,3,2,2018,2018-09-17,2018091700
,SEA,CHI,61,2,5,-13.483025846256691,25,39,580.0,20,2,2,2018,2018-09-17,2018091700
,CLE,NYJ,71,3,9,-0.241773570822378,25,40,521.0,21,4,2,2018,2018-09-20,2018092000
,NYJ,CLE,63,2,5,-8.88982883804595,23,33,830.0,24,3,2,2018,2018-09-20,2018092000
,ATL,NO,61,2,7,18.48034404154755,32,40,1242.0,38,5,5,2018,2018-09-23,2018092300
,NO,ATL,76,7,12,25.034779624724088,37,50,850.0,31,6,5,2018,2018-09-23,2018092300
,BAL,DEN,66,3,7,6.710181354661996,26,41,1187.0,45,3,3,2018,2018-09-23,2018092301
,DEN,BAL,59,3,6,2.1208269126551484,24,35,642.0,23,4,2,2018,2018-09-23,2018092301
,CAR,CIN,64,4,8,9.52267887432681,27,24,1334.0,37,4,4,2018,2018-09-23,2018092302
,CIN,CAR,60,8,10,7.189525838634156,30,47,907.0,33,3,3,2018,2018-09-23,2018092302
,HOU,NYG,61,7,11,6.2920840970309655,28,42,405.0,13,5,2,2018,2018-09-23,2018092303
,NYG,HOU,59,5,12,12.989783311627068,27,33,906.0,23,4,3,2018,2018-09-23,2018092303
,JAX,TEN,56,0,2,-7.514424796102859,22,37,995.0,34,1,0,2018,2018-09-23,2018092304
,TEN,JAX,59,1,3,-7.771743113829002,19,24,1120.0,34,3,0,2018,2018-09-23,2018092304
,KC,SF,66,3,8,21.83470834417279,36,40,663.0,20,6,5,2018,2018-09-23,2018092305
,SF,KC,64,6,10,16.53128057268922,34,35,155.0,6,4,3,2018,2018-09-23,2018092305
,LV,MIA,72,2,5,6.857389945638223,40,42,1448.0,42,5,2,2018,2018-09-23,2018092306
,MIA,LV,38,5,10,13.445867652822457,16,25,684.0,19,4,4,2018,2018-09-23,2018092306
,BUF,MIN,63,3,4,1.2723811478766647,22,25,326.0,9,4,3,2018,2018-09-23,2018092307
,MIN,BUF,66,0,3,-14.958720517649827,26,60,25.0,2,1,1,2018,2018-09-23,2018092307
,IND,PHI,56,3,3,-8.104578490475998,17,43,754.0,29,5,1,2018,2018-09-23,2018092308
,PHI,IND,77,2,6,-1.3160952411655795,37,42,1341.0,45,4,2,2018,2018-09-23,2018092308
,GB,WAS,66,1,5,-7.719681593495662,30,49,198.0,6,3,2,2018,2018-09-23,2018092309
,WAS,GB,53,5,8,8.122957678483267,21,20,513.0,14,6,4,2018,2018-09-23,2018092309
,LA,LAC,70,6,13,20.75028986196072,40,37,1453.0,51,5,4,2018,2018-09-23,2018092310
,LAC,LA,52,7,9,5.795552436009004,23,32,339.0,11,5,3,2018,2018-09-23,2018092310
,ARI,CHI,48,4,4,-5.605372180535483,15,30,339.0,9,2,2,2018,2018-09-23,2018092311
,CHI,ARI,68,3,6,-2.7579117970381963,27,37,591.0,18,3,1,2018,2018-09-23,2018092311
,DAL,SEA,56,3,9,-9.317349146373443,21,37,463.0,14,3,1,2018,2018-09-23,2018092312
,SEA,DAL,65,2,4,1.0598900517422205,24,27,836.0,27,3,3,2018,2018-09-23,2018092312
,DET,NE,69,3,8,11.434244244715805,37,36,1039.0,26,5,2,2018,2018-09-23,2018092313
,NE,DET,45,0,5,-5.59703685085875,19,26,100.0,4,2,1,2018,2018-09-23,2018092313
,PIT,TB,60,4,8,10.01678009389228,27,41,555.0,15,4,3,2018,2018-09-24,2018092400
,TB,PIT,68,6,13,2.9181087603901927,26,53,398.0,13,6,3,2018,2018-09-24,2018092400
,LA,MIN,54,7,10,29.247224471096892,32,35,1076.0,32,7,5,2018,2018-09-27,2018092700
,MIN,LA,72,5,11,15.141524910922247,35,55,1139.0,36,5,3,2018,2018-09-27,2018092700
,ATL,CIN,67,5,12,18.86066506603058,31,43,1267.0,44,6,4,2018,2018-09-30,2018093000
,CIN,ATL,67,3,6,17.61662011712855,33,44,1016.0,32,6,5,2018,2018-09-30,2018093000
,CHI,TB,56,10,11,26.720234219872193,36,27,404.0,13,6,6,2018,2018-09-30,2018093001
,TB,CHI,59,2,4,-5.140204036199559,23,41,246.0,7,3,1,2018,2018-09-30,2018093001
,DAL,DET,64,5,7,16.839314276284977,34,30,953.0,33,5,2,2018,2018-09-30,2018093002
,DET,DAL,53,7,11,18.23718574334235,25,33,1044.0,30,4,3,2018,2018-09-30,2018093002
,BUF,GB,56,1,3,-24.111889041138657,18,40,304.0,11,1,0,2018,2018-09-30,2018093003
,GB,BUF,74,5,8,-1.3636548172789162,36,42,618.0,18,3,2,2018,2018-09-30,2018093003
,HOU,IND,82,5,11,11.959249265672954,37,47,902.0,28,6,3,2018,2018-09-30,2018093004
,IND,HOU,84,4,11,5.877869734101358,39,67,467.0,22,4,4,2018,2018-09-30,2018093004
,JAX,NYJ,75,8,10,3.9428282302036903,33,41,1021.0,29,6,3,2018,2018-09-30,2018093005
,NYJ,JAX,51,1,3,-12.616497695759954,15,37,235.0,7,3,1,2018,2018-09-30,2018093005
,MIA,NE,44,1,2,-18.66308911307636,11,26,333.0,9,1,1,2018,2018-09-30,2018093006
,NE,MIA,72,5,7,11.762866303307637,28,35,555.0,18,6,5,2018,2018-09-30,2018093006
,PHI,TEN,76,3,9,5.193687777610315,35,54,1354.0,44,5,2,2018,2018-09-30,2018093007
,TEN,PHI,67,4,11,8.798804477166597,29,46,739.0,22,4,3,2018,2018-09-30,2018093007
,ARI,SEA,56,5,7,-6.075050233201507,22,28,863.0,28,3,2,2018,2018-09-30,2018093008
,SEA,ARI,61,2,6,-0.2820382483066868,27,27,1232.0,40,4,2,2018,2018-09-30,2018093008
,CLE,LV,76,6,10,-0.563742877402748,31,44,1211.0,39,7,5,2018,2018-09-30,2018093009
,LV,CLE,89,6,15,0.899857939166391,38,61,630.0,23,7,4,2018,2018-09-30,2018093009
,LAC,SF,65,5,10,2.123662596689654,26,41,668.0,24,6,3,2018,2018-09-30,2018093010
,SF,LAC,59,4,6,-4.740411776027899,23,38,1041.0,36,5,2,2018,2018-09-30,2018093010
,NO,NYG,64,7,10,14.435568886259956,27,35,1025.0,34,7,3,2018,2018-09-30,2018093011
,NYG,NO,59,3,5,1.9425149247049394,30,45,805.0,24,3,2,2018,2018-09-30,2018093011
,BAL,PIT,72,3,7,9.96639958471986,35,44,961.0,36,6,2,2018,2018-09-30,2018093012
,PIT,BAL,59,4,6,-12.452152225342774,23,49,433.0,16,3,1,2018,2018-09-30,2018093012
,DEN,KC,59,3,9,4.636065430687365,26,37,984.0,35,3,2,2018,2018-10-01,2018100100
,KC,DEN,70,7,10,19.77131629904975,37,45,1337.0,43,5,3,2018,2018-10-01,2018100100
,IND,NE,81,4,9,-0.7662210051670759,34,60,392.0,14,5,3,2018,2018-10-04,2018100400
,NE,IND,65,3,11,13.855511640520898,34,44,636.0,20,6,5,2018,2018-10-04,2018100400
,BUF,TEN,64,0,1,-9.17360386099983,22,21,1357.0,41,3,1,2018,2018-10-07,2018100700
,TEN,BUF,53,1,3,-14.124598353552306,19,28,895.0,29,1,0,2018,2018-10-07,2018100700
,CAR,NYG,65,6,8,-7.798784591565097,25,35,693.0,21,4,2,2018,2018-10-07,2018100701
,NYG,CAR,55,8,12,5.721372183296197,22,39,791.0,25,4,3,2018,2018-10-07,2018100701
,CIN,MIA,57,6,10,0.3940511981931979,23,32,815.0,24,4,1,2018,2018-10-07,2018100702
,MIA,CIN,59,2,7,-12.259251766510523,27,37,814.0,24,1,1,2018,2018-10-07,2018100702
,BAL,CLE,84,3,11,-16.030000842788475,34,59,1114.0,42,3,0,2018,2018-10-07,2018100703
,CLE,BAL,75,6,12,-3.854844348044713,28,47,962.0,32,3,1,2018,2018-10-07,2018100703
,DET,GB,55,2,5,6.892040428181962,18,28,350.0,10,4,4,2018,2018-10-07,2018100704
,GB,DET,76,6,11,16.584112074349285,40,57,340.0,10,4,3,2018,2018-10-07,2018100704
,JAX,KC,81,8,11,-4.970366008128161,38,64,285.0,9,6,2,2018,2018-10-07,2018100705
,KC,JAX,67,6,9,8.209068635732692,29,39,634.0,21,5,2,2018,2018-10-07,2018100705
,DEN,NYJ,73,6,8,4.424378596116159,33,56,817.0,27,5,2,2018,2018-10-07,2018100706
,NYJ,DEN,60,7,10,14.764386730856945,25,23,641.0,23,6,4,2018,2018-10-07,2018100706
,ATL,PIT,70,4,8,-3.6013909090784715,29,51,763.0,27,3,2,2018,2018-10-07,2018100707
,PIT,ATL,57,4,8,18.79393993191374,32,29,1077.0,35,6,5,2018,2018-10-07,2018100707
,LAC,LV,56,4,10,20.15709751421218,26,28,774.0,23,5,3,2018,2018-10-07,2018100708
,LV,LAC,47,6,6,-4.186918485900136,21,34,542.0,15,3,1,2018,2018-10-07,2018100708
,MIN,PHI,59,5,6,3.92857244097692,27,38,1057.0,31,4,1,2018,2018-10-07,2018100709
,PHI,MIN,54,6,8,-0.12114899330365603,30,36,460.0,13,5,2,2018,2018-10-07,2018100709
,ARI,SF,45,2,3,-4.316009347090752,14,25,631.0,22,3,3,2018,2018-10-07,2018100710
,SF,ARI,95,3,10,-11.103732900012934,42,60,1572.0,49,3,3,2018,2018-10-07,2018100710
,LA,SEA,61,6,14,11.657983940629908,32,33,1145.0,39,6,4,2018,2018-10-07,2018100711
,SEA,LA,55,6,9,15.382435145396197,26,23,1202.0,35,4,4,2018,2018-10-07,2018100711
,DAL,HOU,59,3,3,-6.864742393309633,23,31,1008.0,32,2,1,2018,2018-10-07,2018100712
,HOU,DAL,76,3,6,-8.59934809903508,32,45,1271.0,43,6,1,2018,2018-10-07,2018100712
,NO,WAS,60,7,7,25.304081609239407,34,31,894.0,26,7,6,2018,2018-10-08,2018100800
,WAS,NO,61,5,7,-6.116559421729478,26,43,451.0,15,4,2,2018,2018-10-08,2018100800
,NYG,PHI,64,6,7,-8.583743295368917,22,47,295.0,8,4,1,2018,2018-10-11,2018101100
,PHI,NYG,68,3,6,16.053686348439566,28,37,455.0,15,6,4,2018,2018-10-11,2018101100
,ATL,TB,64,4,9,16.63352393591373,31,42,947.0,30,4,4,2018,2018-10-14,2018101400
,TB,ATL,63,5,14,19.206139835150758,34,43,438.0,14,6,4,2018,2018-10-14,2018101400
,CIN,PIT,58,1,5,6.1931462254200085,29,45,836.0,31,3,3,2018,2018-10-14,2018101401
,PIT,CIN,67,9,11,22.42461726037373,30,47,1323.0,41,5,3,2018,2018-10-14,2018101401
,CLE,LAC,73,5,7,-21.260831356273854,25,52,687.0,23,3,1,2018,2018-10-14,2018101402
,LAC,CLE,55,6,12,17.66320908781656,32,21,397.0,12,6,5,2018,2018-10-14,2018101402
,BUF,HOU,57,3,4,-5.028311204974767,17,30,591.0,18,3,1,2018,2018-10-14,2018101403
,HOU,BUF,56,2,6,-20.5037350818981,19,33,750.0,24,4,1,2018,2018-10-14,2018101403
,CHI,MIA,63,7,10,7.820980746828535,32,33,991.0,29,6,4,2018,2018-10-14,2018101404
,MIA,CHI,75,6,9,9.999605625047495,33,44,1005.0,35,5,3,2018,2018-10-14,2018101404
,ARI,MIN,55,3,7,-20.1107338961229,20,35,523.0,17,3,1,2018,2018-10-14,2018101405
,MIN,ARI,68,5,10,-4.2547900779518155,31,37,1239.0,40,4,3,2018,2018-10-14,2018101405
,IND,NYJ,65,4,12,-4.193192151887001,32,42,525.0,21,6,4,2018,2018-10-14,2018101406
,NYJ,IND,64,6,10,3.0588338522972895,26,31,862.0,26,7,2,2018,2018-10-14,2018101406
,LV,SEA,56,1,2,-14.792161548787943,25,37,160.0,5,1,0,2018,2018-10-14,2018101407
,SEA,LV,59,6,7,12.955037646710311,26,24,616.0,18,5,3,2018,2018-10-14,2018101407
,CAR,WAS,58,2,11,6.514726376480317,28,41,201.0,6,4,2,2018,2018-10-14,2018101408
,WAS,CAR,65,3,4,0.43617328741721995,27,38,616.0,20,3,2,2018,2018-10-14,2018101408
,DEN,LA,59,5,5,1.9475151447180121,24,43,437.0,12,4,2,2018,2018-10-14,2018101409
,LA,DEN,70,6,8,14.338315635559967,31,33,609.0,18,5,2,2018,2018-10-14,2018101409
,DAL,JAX,72,5,10,9.728087349646012,28,30,417.0,13,5,4,2018,2018-10-14,2018101410
,JAX,DAL,47,2,5,-20.052001507407603,17,29,143.0,4,1,1,2018,2018-10-14,2018101410
,BAL,TEN,71,6,7,12.981809962983961,28,37,711.0,22,3,3,2018,2018-10-14,2018101411
,TEN,BAL,40,2,5,-12.310713524677698,9,26,281.0,8,0,0,2018,2018-10-14,2018101411
,KC,NE,53,6,10,9.931683694381382,24,36,355.0,12,7,4,2018,2018-10-14,2018101412
,NE,KC,74,4,10,13.42078960513377,38,37,1380.0,41,6,4,2018,2018-10-14,2018101412
,GB,SF,68,7,13,14.582277482467104,29,47,997.0,32,6,3,2018,2018-10-15,2018101500
,SF,GB,55,5,8,10.569787479471604,28,25,1158.0,32,3,3,2018,2018-10-15,2018101500
,ARI,DEN,66,2,5,-37.724955574560056,25,45,128.0,3,1,1,2018,2018-10-18,2018101800
,DEN,ARI,52,4,5,3.7519160656307156,19,24,214.0,5,5,4,2018,2018-10-18,2018101800
,LAC,TEN,43,4,5,13.743543855260537,21,28,905.0,24,4,2,2018,2018-10-21,2018102100
,TEN,LAC,68,3,9,9.010495705017815,34,35,1186.0,33,5,2,2018,2018-10-21,2018102100
,BAL,NO,64,1,6,9.317398933324357,30,41,1162.0,41,4,3,2018,2018-10-21,2018102101
,NO,BAL,69,3,4,11.475822113651988,32,31,1136.0,35,4,3,2018,2018-10-21,2018102101
,CHI,NE,76,6,10,3.800641046712678,31,51,1357.0,48,4,4,2018,2018-10-21,2018102102
,NE,CHI,64,3,6,7.911609963097069,34,37,1086.0,37,5,4,2018,2018-10-21,2018102102
,BUF,IND,55,4,7,-24.52649396279838,23,33,493.0,13,3,0,2018,2018-10-21,2018102103
,IND,BUF,57,4,9,18.522684091606433,29,23,573.0,17,6,5,2018,2018-10-21,2018102103
,HOU,JAX,60,1,5,1.9420771863685793,23,25,742.0,24,3,2,2018,2018-10-21,2018102104
,JAX,HOU,68,1,3,-15.614211970362746,27,46,432.0,12,1,1,2018,2018-10-21,2018102104
,CIN,KC,54,4,5,-15.619166116186628,20,35,291.0,12,2,1,2018,2018-10-21,2018102105
,KC,CIN,70,8,12,29.45909932507179,39,41,879.0,26,7,5,2018,2018-10-21,2018102105
,DET,MIA,57,7,12,20.933219506459388,30,23,949.0,26,6,3,2018,2018-10-21,2018102106
,MIA,DET,54,4,7,8.809071176930779,22,35,335.0,9,3,3,2018,2018-10-21,2018102106
,MIN,NYJ,64,6,8,-1.6708903532331911,20,41,869.0,32,6,4,2018,2018-10-21,2018102107
,NYJ,MIN,68,4,6,-28.788066633335852,22,44,714.0,23,3,2,2018,2018-10-21,2018102107
,CAR,PHI,57,4,8,16.884886313853983,30,41,302.0,10,3,3,2018,2018-10-21,2018102108
,PHI,CAR,65,5,8,9.806212987992831,30,41,827.0,23,4,2,2018,2018-10-21,2018102108
,CLE,TB,62,4,7,-6.357760167154619,26,39,556.0,18,6,3,2018,2018-10-21,2018102109
,TB,CLE,86,4,8,-2.4769409242806537,40,55,1135.0,40,4,3,2018,2018-10-21,2018102109
,DAL,WAS,61,4,7,-3.960757391861647,26,39,1005.0,27,2,2,2018,2018-10-21,2018102110
,WAS,DAL,58,5,9,0.6555091730446696,21,26,1112.0,36,3,1,2018,2018-10-21,2018102110
,LA,SF,58,4,7,9.028785337540231,31,25,439.0,13,7,4,2018,2018-10-21,2018102111
,SF,LA,58,4,7,-25.252389935793904,20,34,353.0,11,2,1,2018,2018-10-21,2018102111
,ATL,NYG,61,5,10,11.9611692632008,29,42,1133.0,36,2,2,2018,2018-10-22,2018102200
,NYG,ATL,64,5,9,12.75670130328984,27,43,1024.0,36,5,2,2018,2018-10-22,2018102200
,HOU,MIA,54,4,7,23.66627274543945,24,20,835.0,26,6,6,2018,2018-10-25,2018102500
,MIA,HOU,65,3,6,-3.416004865026822,26,40,925.0,31,3,2,2018,2018-10-25,2018102500
,JAX,PHI,63,4,7,-3.6047239333028975,28,46,750.0,24,3,1,2018,2018-10-28,2018102800
,PHI,JAX,59,6,8,13.352747120565883,28,34,1259.0,38,4,3,2018,2018-10-28,2018102800
,BAL,CAR,64,1,5,2.941741488060991,32,46,633.0,17,3,3,2018,2018-10-28,2018102801
,CAR,BAL,62,2,8,15.900201969488473,30,31,752.0,20,5,4,2018,2018-10-28,2018102801
,CHI,NYJ,65,4,6,14.1067014373448,29,31,992.0,32,4,3,2018,2018-10-28,2018102802
,NYJ,CHI,53,1,4,-8.169750819710874,14,29,828.0,25,1,1,2018,2018-10-28,2018102802
,CIN,TB,61,6,11,7.759722305805456,30,35,505.0,20,5,4,2018,2018-10-28,2018102803
,TB,CIN,84,7,15,8.3913780929885,37,57,564.0,16,7,4,2018,2018-10-28,2018102803
,DET,SEA,56,3,6,5.556967236721176,25,43,493.0,15,3,2,2018,2018-10-28,2018102804
,SEA,DET,60,5,8,19.185878681102892,30,18,889.0,25,5,4,2018,2018-10-28,2018102804
,DEN,KC,70,5,7,2.73455158209607,35,39,772.0,23,4,3,2018,2018-10-28,2018102805
,KC,DEN,54,5,8,7.016801832697476,23,36,974.0,29,5,4,2018,2018-10-28,2018102805
,NYG,WAS,67,5,8,-9.129231243753297,22,53,857.0,31,4,1,2018,2018-10-28,2018102806
,WAS,NYG,64,3,5,0.44169678260154477,27,32,1321.0,41,4,2,2018,2018-10-28,2018102806
,CLE,PIT,60,5,5,-12.966761421505707,20,39,845.0,28,3,2,2018,2018-10-28,2018102807
,PIT,CLE,67,4,9,9.056101178674663,34,37,1052.0,38,5,4,2018,2018-10-28,2018102807
,IND,LV,70,4,7,30.730240445272177,42,32,1243.0,42,7,5,2018,2018-10-28,2018102808
,LV,IND,46,4,6,11.022141757686134,25,28,984.0,25,4,4,2018,2018-10-28,2018102808
,ARI,SF,64,2,5,-1.6507106908145612,26,43,952.0,29,3,2,2018,2018-10-28,2018102809
,SF,ARI,63,3,5,-7.060868440821784,22,32,720.0,24,4,1,2018,2018-10-28,2018102809
,GB,LA,52,7,9,6.142592581064237,24,33,735.0,24,3,3,2018,2018-10-28,2018102810
,LA,GB,76,7,13,8.651971583846754,33,42,759.0,32,5,3,2018,2018-10-28,2018102810
,MIN,NO,66,5,10,-0.1196484355930224,32,44,1126.0,36,4,3,2018,2018-10-28,2018102811
,NO,MIN,52,2,5,6.14151379643772,23,23,833.0,24,3,2,2018,2018-10-28,2018102811
,BUF,NE,62,5,8,-19.7122954631612,22,44,699.0,23,0,0,2018,2018-10-29,2018102900
,NE,BUF,70,6,9,6.770873318564328,32,47,1231.0,47,4,1,2018,2018-10-29,2018102900
,LV,SF,54,3,4,-8.405658921097492,18,32,367.0,10,2,0,2018,2018-11-01,2018110100
,SF,LV,51,5,8,16.380725368766825,24,22,597.0,17,6,4,2018,2018-11-01,2018110100
,BAL,PIT,56,5,5,-2.2263364601938305,19,40,556.0,21,4,1,2018,2018-11-04,2018110400
,PIT,BAL,76,3,5,18.732378899845525,35,49,1382.0,49,4,3,2018,2018-11-04,2018110400
,BUF,CHI,81,3,6,-36.50053504786641,27,53,422.0,15,1,1,2018,2018-11-04,2018110401
,CHI,BUF,43,2,5,-6.477430586532084,17,21,659.0,18,4,3,2018,2018-11-04,2018110401
,CAR,TB,54,8,12,18.973124940690834,31,26,499.0,15,6,6,2018,2018-11-04,2018110402
,TB,CAR,65,4,9,-0.7899013576225105,23,44,270.0,8,4,4,2018,2018-11-04,2018110402
,CLE,KC,73,2,9,6.309931985189518,30,48,522.0,19,3,3,2018,2018-11-04,2018110403
,KC,CLE,57,8,12,29.266051004684773,34,33,815.0,27,5,5,2018,2018-11-04,2018110403
,MIA,NYJ,53,1,3,-15.833906476521591,17,28,1144.0,36,1,0,2018,2018-11-04,2018110404
,NYJ,MIA,63,4,7,-16.319510147511703,25,42,892.0,28,1,0,2018,2018-11-04,2018110404
,DET,MIN,69,0,3,-14.617299265324007,26,46,985.0,29,3,0,2018,2018-11-04,2018110405
,MIN,DET,46,3,5,-0.56068077374186,23,23,632.0,19,4,2,2018,2018-11-04,2018110405
,ATL,WAS,64,7,9,25.151678316666576,31,40,888.0,31,6,5,2018,2018-11-04,2018110406
,WAS,ATL,63,4,9,2.148781342445543,26,48,252.0,9,3,2,2018,2018-11-04,2018110406
,DEN,HOU,64,4,6,-1.1563480659954186,26,44,673.0,27,2,2,2018,2018-11-04,2018110407
,HOU,DEN,61,1,7,-1.0286708735374477,25,28,1262.0,39,4,2,2018,2018-11-04,2018110407
,LAC,SEA,51,8,10,12.758748940380828,18,29,544.0,20,3,3,2018,2018-11-04,2018110408
,SEA,LAC,73,1,3,-3.349516836167674,33,41,772.0,21,3,2,2018,2018-11-04,2018110408
,LA,NO,59,7,13,15.66967365079256,28,40,584.0,18,7,4,2018,2018-11-04,2018110409
,NO,LA,68,2,9,26.741648217295648,33,36,1063.0,31,6,6,2018,2018-11-04,2018110409
,GB,NE,69,3,6,2.2134901595545786,32,44,1326.0,46,3,2,2018,2018-11-04,2018110410
,NE,GB,65,5,11,12.294562955480055,32,38,935.0,41,6,4,2018,2018-11-04,2018110410
,DAL,TEN,56,4,8,-2.7339073375319747,26,37,1084.0,32,5,2,2018,2018-11-05,2018110500
,TEN,DAL,67,3,6,9.154282444953257,30,33,1248.0,38,5,4,2018,2018-11-05,2018110500
,CAR,PIT,56,3,4,-2.2163927675142934,26,34,317.0,10,3,3,2018,2018-11-08,2018110800
,PIT,CAR,57,3,7,28.42461740724909,30,28,257.0,7,6,6,2018,2018-11-08,2018110800
,CHI,DET,54,8,10,19.39826793410364,24,32,483.0,14,6,5,2018,2018-11-11,2018111100
,DET,CHI,74,2,5,-7.888076436284752,28,50,258.0,8,3,3,2018,2018-11-11,2018111100
,CIN,NO,42,5,6,-7.991413349090679,20,26,381.0,10,2,2,2018,2018-11-11,2018111101
,NO,CIN,71,6,10,34.2721705102893,44,27,929.0,26,7,6,2018,2018-11-11,2018111101
,ATL,CLE,73,4,8,2.3991611964472286,36,54,844.0,27,3,2,2018,2018-11-11,2018111102
,CLE,ATL,48,4,7,19.818439537676557,28,21,1030.0,28,4,4,2018,2018-11-11,2018111102
,GB,MIA,52,4,8,16.21122044584037,28,30,909.0,30,5,4,2018,2018-11-11,2018111103
,MIA,GB,66,3,4,-12.499225645958656,24,43,565.0,23,3,0,2018,2018-11-11,2018111103
,IND,JAX,50,6,7,17.112252789215084,24,29,907.0,32,4,4,2018,2018-11-11,2018111104
,JAX,IND,73,3,6,11.2220448716559,33,39,613.0,16,4,3,2018,2018-11-11,2018111104
,ARI,KC,68,3,4,-11.284649935521628,28,44,583.0,17,3,2,2018,2018-11-11,2018111105
,KC,ARI,56,4,9,9.417334905599636,26,34,975.0,29,5,3,2018,2018-11-11,2018111105
,BUF,NYJ,71,6,9,17.565339045932596,30,27,520.0,17,6,5,2018,2018-11-11,2018111106
,NYJ,BUF,55,2,4,-23.51488302957037,20,37,141.0,4,1,1,2018,2018-11-11,2018111106
,TB,WAS,67,6,13,-4.323907440470219,35,43,1368.0,41,5,0,2018,2018-11-11,2018111107
,WAS,TB,55,2,6,3.229376250485963,23,30,811.0,28,2,1,2018,2018-11-11,2018111107
,NE,TEN,64,4,5,-7.534333456153424,23,45,276.0,10,1,1,2018,2018-11-11,2018111108
,TEN,NE,63,8,9,12.308011399650516,26,27,802.0,27,6,4,2018,2018-11-11,2018111108
,LAC,LV,53,3,6,7.703269224238751,24,27,763.0,23,4,2,2018,2018-11-11,2018111109
,LV,LAC,61,4,8,-8.874876147919833,25,40,1011.0,28,3,0,2018,2018-11-11,2018111109
,LA,SEA,63,4,9,23.063126863243973,36,41,1310.0,44,7,4,2018,2018-11-11,2018111110
,SEA,LA,62,6,10,12.112813673342679,33,28,972.0,27,5,4,2018,2018-11-11,2018111110
,DAL,PHI,68,6,12,16.009600291365572,32,40,1172.0,40,5,3,2018,2018-11-11,2018111111
,PHI,DAL,61,4,8,-2.675218833256475,29,45,853.0,27,4,2,2018,2018-11-11,2018111111
,NYG,SF,55,5,6,2.2590542285807533,21,32,1015.0,30,5,3,2018,2018-11-12,2018111200
,SF,NYG,66,4,8,2.9878894250927193,26,37,1085.0,35,4,2,2018,2018-11-12,2018111200
,GB,SEA,48,5,8,8.013967545867224,20,35,1009.0,28,4,3,2018,2018-11-15,2018111500
,SEA,GB,66,3,10,3.2460926520998914,28,34,693.0,24,5,3,2018,2018-11-15,2018111500
,ATL,DAL,55,3,8,3.68255572154385,27,37,1076.0,33,2,1,2018,2018-11-18,2018111800
,DAL,ATL,63,2,5,7.251445824771065,31,34,1298.0,37,3,2,2018,2018-11-18,2018111800
,BAL,CIN,73,2,9,4.622010649888695,36,22,1498.0,48,4,2,2018,2018-11-18,2018111801
,CIN,BAL,54,6,7,-2.1408540745697704,20,38,850.0,31,3,3,2018,2018-11-18,2018111801
,CHI,MIN,69,2,4,0.9286752742258038,36,33,896.0,25,2,1,2018,2018-11-18,2018111802
,MIN,CHI,64,1,3,-11.90934620502162,28,50,423.0,12,5,2,2018,2018-11-18,2018111802
,CAR,DET,58,5,7,13.711138813307487,29,42,1082.0,31,4,3,2018,2018-11-18,2018111803
,DET,CAR,62,3,6,5.239160708230385,23,38,1186.0,39,3,2,2018,2018-11-18,2018111803
,IND,TEN,57,2,6,21.98307265588883,37,32,518.0,17,6,5,2018,2018-11-18,2018111804
,TEN,IND,58,2,5,-0.9391774851943366,25,33,507.0,14,1,1,2018,2018-11-18,2018111804
,NYG,TB,52,5,6,15.334087607885746,24,22,776.0,23,4,4,2018,2018-11-18,2018111805
,TB,NYG,68,9,12,15.634992139946153,35,38,458.0,17,6,5,2018,2018-11-18,2018111805
,HOU,WAS,57,3,8,-6.4501538736333845,23,27,842.0,24,3,1,2018,2018-11-18,2018111806
,WAS,HOU,71,1,5,-13.849965953586537,25,42,621.0,23,4,3,2018,2018-11-18,2018111806
,ARI,LV,52,2,4,-7.709517096578451,20,21,831.0,26,3,3,2018,2018-11-18,2018111807
,LV,ARI,66,5,6,0.687026355510479,28,33,1253.0,35,4,2,2018,2018-11-18,2018111807
,DEN,LAC,52,4,5,5.348920171226401,25,32,593.0,22,6,3,2018,2018-11-18,2018111808
,LAC,DEN,72,9,14,10.770246368871016,32,46,1125.0,39,4,2,2018,2018-11-18,2018111808
,NO,PHI,68,9,15,33.33972021379027,36,32,491.0,16,8,6,2018,2018-11-18,2018111809
,PHI,NO,48,1,3,-14.281906008953525,21,36,80.0,4,2,1,2018,2018-11-18,2018111809
,JAX,PIT,67,3,3,-6.915090294539003,22,24,1121.0,30,3,1,2018,2018-11-18,2018111810
,PIT,JAX,59,4,4,-7.3883460493061035,28,48,205.0,7,4,3,2018,2018-11-18,2018111810
,KC,LA,69,10,13,5.688037789316131,35,49,640.0,25,7,6,2018,2018-11-19,2018111900
,LA,KC,73,8,12,10.45677735162522,32,54,1133.0,40,8,5,2018,2018-11-19,2018111900
,CHI,DET,57,2,2,-2.0388589274595414,25,43,1151.0,38,2,2,2018,2018-11-22,2018112200
,DET,CHI,65,3,7,-8.159706136236386,28,41,983.0,34,4,2,2018,2018-11-22,2018112200
,DAL,WAS,67,3,5,12.34205582593768,30,35,1178.0,40,5,4,2018,2018-11-22,2018112201
,WAS,DAL,60,3,6,-2.256063405124732,28,41,926.0,29,4,3,2018,2018-11-22,2018112201
,ATL,NO,69,5,10,-6.465256336879303,28,53,530.0,16,4,2,2018,2018-11-22,2018112202
,NO,ATL,51,3,4,12.122803226514678,28,24,1010.0,27,5,4,2018,2018-11-22,2018112202
,BAL,LV,67,3,5,11.378646222115876,36,26,1270.0,44,4,2,2018,2018-11-25,2018112500
,LV,BAL,54,2,5,-7.171038898300416,17,37,900.0,30,2,2,2018,2018-11-25,2018112500
,BUF,JAX,52,3,4,8.70416074908117,23,19,800.0,25,4,3,2018,2018-11-25,2018112501
,JAX,BUF,64,3,5,-0.643378656061079,31,25,969.0,28,4,3,2018,2018-11-25,2018112501
,CAR,SEA,57,7,10,14.077940041587734,32,30,1375.0,38,7,3,2018,2018-11-25,2018112502
,SEA,CAR,58,5,9,17.056657707337173,24,32,1054.0,32,6,3,2018,2018-11-25,2018112502
,CIN,CLE,65,4,8,0.9950969163256893,31,45,282.0,8,4,3,2018,2018-11-25,2018112503
,CLE,CIN,59,7,8,16.054186332160686,32,26,418.0,12,5,5,2018,2018-11-25,2018112503
,IND,MIA,65,7,10,12.768249775227531,30,39,1075.0,34,5,3,2018,2018-11-25,2018112504
,MIA,IND,50,4,4,4.432384975935036,21,26,978.0,29,4,3,2018,2018-11-25,2018112504
,NE,NYJ,66,10,14,25.382747419153645,31,31,1310.0,42,5,3,2018,2018-11-25,2018112505
,NYJ,NE,61,2,10,0.061677878038220335,22,46,966.0,34,3,1,2018,2018-11-25,2018112505
,NYG,PHI,58,6,9,9.051553245180399,23,40,771.0,28,4,2,2018,2018-11-25,2018112506
,PHI,NYG,61,4,9,9.933251559280675,30,31,633.0,22,3,2,2018,2018-11-25,2018112506
,SF,TB,59,5,10,-4.97266851107237,27,36,742.0,27,2,1,2018,2018-11-25,2018112507
,TB,SF,68,4,6,15.116180850187764,33,39,1030.0,37,3,3,2018,2018-11-25,2018112507
,ARI,LAC,44,1,3,-15.847306376767056,15,21,649.0,18,2,1,2018,2018-11-25,2018112508
,LAC,ARI,64,5,10,21.663134718838677,37,36,422.0,10,7,6,2018,2018-11-25,2018112508
,DEN,PIT,50,3,6,6.3258045439970765,21,30,799.0,28,4,3,2018,2018-11-25,2018112509
,PIT,DEN,76,4,7,3.1934704151995232,35,60,1397.0,49,3,2,2018,2018-11-25,2018112509
,GB,MIN,51,3,6,-5.385646973499362,22,32,1017.0,30,3,2,2018,2018-11-25,2018112510
,MIN,GB,66,6,8,8.795626503768975,30,39,1196.0,39,5,3,2018,2018-11-25,2018112510
,HOU,TEN,60,6,8,19.463910700187014,31,27,169.0,6,4,4,2018,2018-11-26,2018112600
,TEN,HOU,52,5,6,3.3356885721327547,20,29,566.0,15,4,2,2018,2018-11-26,2018112600
,DAL,NO,63,2,6,-0.7659133534463463,26,35,665.0,20,5,1,2018,2018-11-29,2018112900
,NO,DAL,49,1,2,-14.989236637707737,16,30,82.0,4,3,1,2018,2018-11-29,2018112900
,ATL,BAL,45,0,3,-20.116499115357747,17,31,831.0,28,1,1,2018,2018-12-02,2018120200
,BAL,ATL,75,2,5,-5.66690102826148,34,28,1524.0,48,3,1,2018,2018-12-02,2018120200
,CIN,DEN,63,6,9,-6.8398339546138445,22,40,859.0,30,2,1,2018,2018-12-02,2018120201
,DEN,CIN,56,4,5,3.0958576475134634,26,23,757.0,26,4,3,2018,2018-12-02,2018120201
,DET,LA,64,5,7,-8.84023781376739,24,38,641.0,18,5,1,2018,2018-12-02,2018120202
,LA,DET,62,4,9,3.0153530987807446,25,35,1216.0,38,4,3,2018,2018-12-02,2018120202
,ARI,GB,56,6,6,3.7447664813306853,20,28,1084.0,34,2,2,2018,2018-12-02,2018120203
,GB,ARI,74,1,3,2.126832558413839,34,51,1078.0,41,3,2,2018,2018-12-02,2018120203
,CLE,HOU,51,7,12,-6.6509445242160385,28,42,81.0,2,2,2,2018,2018-12-02,2018120204
,HOU,CLE,73,3,9,9.969711869010887,34,35,688.0,20,3,1,2018,2018-12-02,2018120204
,IND,JAX,70,1,3,-22.21623747559654,26,54,1029.0,40,2,0,2018,2018-12-02,2018120205
,JAX,IND,54,1,4,-16.144835763066407,16,27,992.0,31,2,0,2018,2018-12-02,2018120205
,BUF,MIA,67,8,13,3.4466962713273217,30,36,1188.0,37,3,2,2018,2018-12-02,2018120206
,MIA,BUF,48,1,2,-4.357134848127954,20,27,877.0,27,3,3,2018,2018-12-02,2018120206
,CHI,NYG,76,6,7,-6.986171470386802,30,44,868.0,28,5,3,2018,2018-12-02,2018120207
,NYG,CHI,68,4,7,-5.2342844699962185,25,39,1064.0,34,3,2,2018,2018-12-02,2018120207
,LAC,PIT,61,3,8,14.866777081870838,28,39,508.0,14,4,3,2018,2018-12-02,2018120208
,PIT,LAC,62,3,5,12.611161300609574,27,45,764.0,26,4,4,2018,2018-12-02,2018120208
,CAR,TB,64,5,9,-0.8991300235448008,32,46,482.0,14,3,2,2018,2018-12-02,2018120209
,TB,CAR,59,2,8,2.3653383973953472,25,34,1119.0,35,5,3,2018,2018-12-02,2018120209
,KC,LV,65,7,12,17.072334607575517,31,38,257.0,11,6,5,2018,2018-12-02,2018120210
,LV,KC,70,7,13,2.8620005173112424,34,41,99.0,4,4,4,2018,2018-12-02,2018120210
,NYJ,TEN,64,2,6,-7.443024585504276,26,31,629.0,19,3,0,2018,2018-12-02,2018120211
,TEN,NYJ,59,7,8,-1.6551441458046003,23,38,166.0,5,5,3,2018,2018-12-02,2018120211
,MIN,NE,59,3,5,-10.678037552289625,23,46,802.0,26,1,1,2018,2018-12-02,2018120212
,NE,MIN,70,6,11,10.524199179219467,40,32,1374.0,41,4,3,2018,2018-12-02,2018120212
,SEA,SF,48,6,10,16.37697596994768,22,20,261.0,7,6,5,2018,2018-12-02,2018120213
,SF,SEA,73,6,9,-5.646853979642831,28,49,429.0,12,5,2,2018,2018-12-02,2018120213
,PHI,WAS,69,4,8,10.800343858243263,36,40,1450.0,42,5,3,2018,2018-12-03,2018120300
,WAS,PHI,42,3,3,-7.157725064558024,13,28,524.0,20,2,1,2018,2018-12-03,2018120300
,JAX,TEN,66,3,4,-13.10466784617164,28,47,222.0,7,2,1,2018,2018-12-06,2018120600
,TEN,JAX,55,3,6,15.681418838462413,30,25,527.0,15,7,4,2018,2018-12-06,2018120600
,BUF,NYJ,71,3,9,5.754591424529995,29,40,1217.0,43,5,2,2018,2018-12-09,2018120900
,NYJ,BUF,51,3,3,4.520556727465214,20,25,623.0,18,4,3,2018,2018-12-09,2018120900
,CHI,LA,64,3,4,-9.768038499227977,23,31,1129.0,37,4,1,2018,2018-12-09,2018120901
,LA,CHI,61,1,3,-19.30478247894616,21,48,589.0,23,2,0,2018,2018-12-09,2018120901
,CAR,CLE,69,6,8,-3.1136301430888675,25,44,1361.0,44,5,2,2018,2018-12-09,2018120902
,CLE,CAR,43,5,7,5.495726119576458,19,24,688.0,19,3,3,2018,2018-12-09,2018120902
,ATL,GB,68,1,5,0.4922990153158846,36,44,663.0,20,5,3,2018,2018-12-09,2018120903
,GB,ATL,60,5,8,9.501831517382959,26,36,592.0,20,3,3,2018,2018-12-09,2018120903
,HOU,IND,68,3,4,6.779454440342692,29,43,606.0,23,3,3,2018,2018-12-09,2018120904
,IND,HOU,63,6,9,11.595843075488226,32,43,1043.0,39,3,3,2018,2018-12-09,2018120904
,BAL,KC,68,2,5,7.552737420637668,33,28,1257.0,40,4,3,2018,2018-12-09,2018120905
,KC,BAL,81,3,11,17.21471392825862,40,54,1205.0,43,5,3,2018,2018-12-09,2018120905
,MIA,NE,45,7,10,21.724433733058284,22,24,825.0,25,4,4,2018,2018-12-09,2018120906
,NE,MIA,75,4,12,13.53007403277824,30,45,1447.0,49,7,4,2018,2018-12-09,2018120906
,NO,TB,61,2,5,-0.004255694582087022,28,32,756.0,22,5,3,2018,2018-12-09,2018120907
,TB,NO,65,2,6,-2.1601613671809714,23,42,1004.0,35,3,2,2018,2018-12-09,2018120907
,NYG,WAS,62,5,6,3.2682469494118065,23,29,387.0,13,6,4,2018,2018-12-09,2018120908
,WAS,NYG,59,3,3,-17.730257702622843,24,37,307.0,11,3,2,2018,2018-12-09,2018120908
,CIN,LAC,64,2,5,-1.9347975336908525,24,32,777.0,24,3,2,2018,2018-12-09,2018120909
,LAC,CIN,56,2,8,8.150731497513428,24,31,1099.0,36,4,2,2018,2018-12-09,2018120909
,DEN,SF,69,2,6,-5.880983694314711,22,43,330.0,11,2,2,2018,2018-12-09,2018120910
,SF,DEN,62,4,7,3.9564548624190445,24,36,670.0,19,3,2,2018,2018-12-09,2018120910
,ARI,DET,65,0,5,-15.516302828401766,22,44,936.0,33,1,0,2018,2018-12-09,2018120911
,DET,ARI,55,0,3,-8.84915799716206,18,24,992.0,30,1,1,2018,2018-12-09,2018120911
,DAL,PHI,93,5,11,10.930911236605663,45,57,1565.0,48,6,3,2018,2018-12-09,2018120912
,PHI,DAL,48,4,4,-2.254496478988867,22,34,580.0,18,4,3,2018,2018-12-09,2018120912
,LV,PIT,62,4,6,11.260367865875317,27,38,1019.0,29,4,3,2018,2018-12-09,2018120913
,PIT,LV,58,4,6,8.041860339746977,29,39,1217.0,40,4,3,2018,2018-12-09,2018120913
,MIN,SEA,55,2,4,-15.682879299354205,24,35,903.0,24,2,1,2018,2018-12-10,2018121000
,SEA,MIN,62,1,2,-0.37454675061630205,26,22,1286.0,41,4,1,2018,2018-12-10,2018121000
,KC,LAC,53,3,9,13.888779929789708,24,36,914.0,31,4,4,2018,2018-12-13,2018121300
,LAC,KC,68,5,9,9.502440972552186,32,44,712.0,22,5,4,2018,2018-12-13,2018121300
,HOU,NYJ,50,7,8,1.626083422775488,18,34,727.0,24,5,2,2018,2018-12-15,2018121500
,NYJ,HOU,72,3,6,-4.278359074587737,30,41,989.0,29,4,3,2018,2018-12-15,2018121500
,CLE,DEN,60,3,6,-6.116066353086033,27,33,1061.0,38,3,2,2018,2018-12-15,2018121501
,DEN,CLE,68,1,4,-7.0736104759061975,29,49,1236.0,39,2,1,2018,2018-12-15,2018121501
,ARI,ATL,64,2,6,-21.4169075503738,23,43,471.0,16,2,2,2018,2018-12-16,2018121600
,ATL,ARI,66,6,11,14.912117954704424,32,39,435.0,14,6,4,2018,2018-12-16,2018121600
,BAL,TB,70,3,5,6.363540773370479,31,24,1466.0,48,5,2,2018,2018-12-16,2018121601
,TB,BAL,47,3,4,-9.991131413095799,17,26,873.0,30,3,1,2018,2018-12-16,2018121601
,BUF,DET,62,4,5,1.5267091222479054,26,27,1290.0,39,3,2,2018,2018-12-16,2018121602
,DET,BUF,56,5,8,4.982162766577508,25,30,1026.0,33,2,2,2018,2018-12-16,2018121602
,CHI,GB,57,3,7,3.7410933714785397,22,29,1223.0,35,4,3,2018,2018-12-16,2018121603
,GB,CHI,67,5,7,-0.7554925682165212,30,48,792.0,24,4,1,2018,2018-12-16,2018121603
,CIN,LV,72,4,6,0.9437002825874544,21,34,706.0,24,6,3,2018,2018-12-16,2018121604
,LV,CIN,57,5,5,-10.872181048100162,22,41,440.0,16,2,1,2018,2018-12-16,2018121604
,DAL,IND,64,1,2,-7.3240688518066985,30,42,1106.0,35,2,0,2018,2018-12-16,2018121605
,IND,DAL,62,3,7,8.283133782280428,29,26,497.0,23,3,2,2018,2018-12-16,2018121605
,JAX,WAS,49,3,4,-14.284507954832762,14,23,905.0,29,1,0,2018,2018-12-16,2018121606
,WAS,JAX,60,1,4,-1.9520265322533863,23,28,1120.0,34,3,1,2018,2018-12-16,2018121606
,MIA,MIN,52,1,3,-18.552431751373415,15,32,384.0,11,2,1,2018,2018-12-16,2018121607
,MIN,MIA,61,6,8,7.732673616689926,28,23,720.0,20,7,5,2018,2018-12-16,2018121607
,NYG,TEN,63,4,7,-13.715868531397774,18,47,851.0,35,2,0,2018,2018-12-16,2018121608
,TEN,NYG,64,1,4,4.66769849507983,31,22,1217.0,42,3,2,2018,2018-12-16,2018121608
,SEA,SF,69,6,8,9.306341031424468,22,34,1350.0,41,3,3,2018,2018-12-16,2018121609
,SF,SEA,56,7,9,4.302115652145653,23,32,941.0,29,5,2,2018,2018-12-16,2018121609
,NE,PIT,56,3,4,2.373567645137483,25,37,910.0,29,4,1,2018,2018-12-16,2018121610
,PIT,NE,58,6,10,11.585315968407674,30,35,1275.0,35,3,2,2018,2018-12-16,2018121610
,LA,PHI,73,5,7,-1.3688696833814569,40,55,881.0,32,6,2,2018,2018-12-16,2018121611
,PHI,LA,61,3,5,3.5547998038425854,23,31,1212.0,37,5,3,2018,2018-12-16,2018121611
,CAR,NO,56,3,4,-6.746757003449676,24,33,1070.0,36,2,1,2018,2018-12-17,2018121700
,NO,CAR,68,3,7,-8.114901252723353,28,38,1208.0,39,3,1,2018,2018-12-17,2018121700
,TEN,WAS,55,2,7,6.128445342109117,26,28,1110.0,37,4,2,2018,2018-12-22,2018122200
,WAS,TEN,59,2,6,-0.9808776617154233,30,25,1266.0,34,2,1,2018,2018-12-22,2018122200
,BAL,LAC,58,5,9,-5.839887937773912,22,25,1392.0,42,4,1,2018,2018-12-22,2018122201
,LAC,BAL,57,0,2,-20.317499819459115,23,41,730.0,23,2,1,2018,2018-12-22,2018122201
,IND,NYG,62,5,7,15.723417653620679,33,47,70.0,3,4,4,2018,2018-12-23,2018122300
,NYG,IND,61,5,8,16.073380845270098,30,33,1007.0,32,4,3,2018,2018-12-23,2018122300
,JAX,MIA,60,1,3,-1.5912462234203328,26,30,1154.0,34,3,1,2018,2018-12-23,2018122302
,MIA,JAX,42,2,2,-6.440611063975194,16,24,891.0,25,2,1,2018,2018-12-23,2018122302
,ATL,CAR,46,8,9,5.5151034782389825,20,26,820.0,27,6,3,2018,2018-12-23,2018122304
,CAR,ATL,83,2,5,-13.942307042071995,36,58,1073.0,35,4,1,2018,2018-12-23,2018122304
,CIN,CLE,46,3,6,1.8421899509028754,20,23,397.0,11,2,2,2018,2018-12-23,2018122305
,CLE,CIN,63,5,11,26.139304286162783,37,38,692.0,21,6,3,2018,2018-12-23,2018122305
,DAL,TB,48,1,3,0.26328643316552597,18,26,867.0,28,3,2,2018,2018-12-23,2018122306
,TB,DAL,75,4,6,-7.390845506922457,34,51,653.0,21,4,2,2018,2018-12-23,2018122306
,DET,MIN,69,2,4,-18.562829205563506,19,46,1135.0,36,1,0,2018,2018-12-23,2018122307
,MIN,DET,58,3,9,1.8575568236605644,21,30,848.0,27,6,3,2018,2018-12-23,2018122307
,BUF,NE,60,3,5,-23.271314534124816,20,42,378.0,12,2,1,2018,2018-12-23,2018122308
,NE,BUF,71,4,8,-8.772762270510809,30,26,910.0,30,4,3,2018,2018-12-23,2018122308
,GB,NYJ,78,7,14,28.49543215840098,42,58,693.0,24,7,5,2018,2018-12-23,2018122309
,NYJ,GB,57,5,8,18.439579607056594,31,37,1197.0,32,7,5,2018,2018-12-23,2018122309
,HOU,PHI,63,4,8,8.970950218485978,30,44,843.0,29,5,4,2018,2018-12-23,2018122310
,PHI,HOU,73,7,10,11.956946016843565,30,51,1325.0,43,5,4,2018,2018-12-23,2018122310
,ARI,LA,53,2,9,-3.892422883108025,18,35,271.0,7,3,1,2018,2018-12-23,2018122311
,LA,ARI,65,4,8,20.414878608056966,40,26,1057.0,31,5,4,2018,2018-12-23,2018122311
,CHI,SF,58,2,5,4.441568276041387,31,32,1309.0,34,3,2,2018,2018-12-23,2018122312
,SF,CHI,54,4,6,-6.459247811709835,22,39,835.0,31,4,0,2018,2018-12-23,2018122312
,NO,PIT,59,6,7,13.38745168498107,27,41,1102.0,34,4,4,2018,2018-12-23,2018122313
,PIT,NO,70,6,11,7.152256622438333,33,53,1068.0,37,4,3,2018,2018-12-23,2018122313
,KC,SEA,61,7,12,10.789819513987418,33,41,877.0,30,5,3,2018,2018-12-23,2018122314
,SEA,KC,71,5,13,23.557487982061687,34,32,1525.0,47,7,5,2018,2018-12-23,2018122314
,DEN,LV,62,2,5,1.3094207640429048,25,38,567.0,17,2,2,2018,2018-12-24,2018122400
,LV,DEN,54,1,2,2.9015560863464014,25,27,370.0,11,3,2,2018,2018-12-24,2018122400
,BAL,CLE,71,8,10,7.826827870763715,29,26,855.0,28,7,2,2018,2018-12-30,2018123000
,CLE,BAL,56,7,11,6.140734325379117,22,42,235.0,8,4,3,2018,2018-12-30,2018123000
,BUF,MIA,57,6,7,16.979374547409705,26,26,661.0,22,7,6,2018,2018-12-30,2018123001
,MIA,BUF,61,0,3,-22.416900079140913,26,36,133.0,5,2,1,2018,2018-12-30,2018123001
,DET,GB,70,3,8,17.86401422791408,30,34,755.0,26,5,4,2018,2018-12-30,2018123002
,GB,DET,55,1,3,-19.842044095920222,16,42,197.0,6,0,0,2018,2018-12-30,2018123002
,HOU,JAX,73,2,5,-2.7439979747437286,29,41,777.0,25,5,2,2018,2018-12-30,2018123003
,JAX,HOU,47,1,2,-18.88568642762184,13,31,408.0,11,1,0,2018,2018-12-30,2018123003
,KC,LV,53,4,7,17.44471317016834,25,27,167.0,7,6,4,2018,2018-12-30,2018123004
,LV,KC,65,0,1,-20.65760756582208,33,36,343.0,11,2,0,2018,2018-12-30,2018123004
,CHI,MIN,63,3,4,9.099042106021328,26,27,834.0,22,3,3,2018,2018-12-30,2018123005
,MIN,CHI,52,1,3,-18.77224103713519,14,37,263.0,8,1,1,2018,2018-12-30,2018123005
,NE,NYJ,61,2,9,14.306336808361115,32,34,684.0,20,5,4,2018,2018-12-30,2018123006
,NYJ,NE,55,3,6,-26.88136672544594,16,32,300.0,10,2,0,2018,2018-12-30,2018123006
,CAR,NO,68,4,8,8.280722075985974,27,31,567.0,18,5,4,2018,2018-12-30,2018123007
,NO,CAR,51,2,7,-0.25274806235163405,20,24,133.0,4,3,2,2018,2018-12-30,2018123007
,DAL,NYG,67,5,9,16.838383483428878,27,48,1379.0,44,6,5,2018,2018-12-30,2018123008
,NYG,DAL,68,6,9,11.836909975373214,32,43,649.0,20,7,4,2018,2018-12-30,2018123008
,CIN,PIT,46,2,3,-11.99969769798059,13,28,996.0,30,1,0,2018,2018-12-30,2018123009
,PIT,CIN,63,3,6,-3.372056100021945,27,45,894.0,26,3,1,2018,2018-12-30,2018123009
,ATL,TB,73,4,11,15.54593946168769,36,46,574.0,20,5,4,2018,2018-12-30,2018123010
,TB,ATL,58,5,15,8.4196458215525,29,38,937.0,31,5,4,2018,2018-12-30,2018123010
,IND,TEN,69,6,10,8.186923028651943,34,36,1380.0,40,7,4,2018,2018-12-30,2018123011
,TEN,IND,45,2,6,-13.27854854217889,18,29,271.0,9,2,1,2018,2018-12-30,2018123011
,PHI,WAS,69,2,4,10.599059875606997,35,37,1364.0,35,4,3,2018,2018-12-30,2018123012
,WAS,PHI,44,1,1,-22.979106095036716,13,32,222.0,8,0,0,2018,2018-12-30,2018123012
,DEN,LAC,75,4,4,-12.007167932414479,32,50,1082.0,40,3,1,2018,2018-12-30,2018123013
,LAC,DEN,53,2,6,-9.633048781176345,21,25,830.0,26,2,2,2018,2018-12-30,2018123013
,LA,SF,67,3,7,16.75662526562298,35,27,77.0,3,7,5,2018,2018-12-30,2018123014
,SF,LA,58,7,8,-3.0353231126360587,26,37,142.0,5,6,4,2018,2018-12-30,2018123014
,ARI,SEA,65,1,5,-24.03733144588033,22,40,934.0,34,3,1,2018,2018-12-30,2018123015
,SEA,ARI,60,3,5,-7.46971482598117,25,27,924.0,31,5,3,2018,2018-12-30,2018123015
,CHI,GB,65,4,5,-17.254312349862726,22,50,859.0,30,2,0,2019,2019-09-05,2019090500
,GB,CHI,55,3,4,-11.953522622437507,17,35,914.0,31,2,1,2019,2019-09-05,2019090500
,CAR,LA,62,1,6,-1.1576737895006577,30,39,464.0,14,3,3,2019,2019-09-08,2019090800
,LA,CAR,70,4,8,1.6860497384279087,34,40,649.0,27,4,3,2019,2019-09-08,2019090800
,CLE,TEN,63,4,7,-19.934235306723195,28,43,570.0,21,2,2,2019,2019-09-08,2019090801
,TEN,CLE,54,3,6,6.758904256281708,21,28,900.0,30,7,4,2019,2019-09-08,2019090801
,JAX,KC,51,6,8,10.76559648196303,24,35,86.0,2,5,3,2019,2019-09-08,2019090802
,KC,JAX,58,7,10,23.588904180247773,29,33,784.0,23,8,4,2019,2019-09-08,2019090802
,BAL,MIA,71,9,9,47.52901663304245,38,27,258.0,7,10,8,2019,2019-09-08,2019090803
,MIA,BAL,47,3,3,-12.742175912411444,16,35,87.0,3,1,1,2019,2019-09-08,2019090803
,ATL,MIN,69,4,7,-9.472872763318085,28,52,119.0,3,3,2,2019,2019-09-08,2019090804
,MIN,ATL,47,5,7,12.522767422229654,21,11,122.0,4,4,4,2019,2019-09-08,2019090804
,BUF,NYJ,62,6,7,-4.574768744777364,29,38,684.0,23,2,2,2019,2019-09-08,2019090805
,NYJ,BUF,67,0,2,-4.440714350226432,28,46,917.0,34,2,1,2019,2019-09-08,2019090805
,PHI,WAS,71,3,9,18.03672213265149,34,40,386.0,13,5,4,2019,2019-09-08,2019090806
,WAS,PHI,57,4,6,13.888967719806722,26,44,588.0,18,4,3,2019,2019-09-08,2019090806
,IND,LAC,63,4,8,16.18654772128634,34,29,902.0,25,4,3,2019,2019-09-08,2019090807
,LAC,IND,59,8,12,13.610880672331565,27,38,1056.0,30,5,4,2019,2019-09-08,2019090807
,CIN,SEA,70,6,8,0.32630391284072147,28,56,1205.0,40,5,2,2019,2019-09-08,2019090808
,SEA,CIN,46,4,5,-8.495191656295795,16,23,809.0,25,3,3,2019,2019-09-08,2019090808
,ARI,DET,83,3,7,-3.2213344517999762,31,60,274.0,11,5,2,2019,2019-09-08,2019090809
,DET,ARI,78,7,9,5.035541083127889,35,46,578.0,16,4,3,2019,2019-09-08,2019090809
,DAL,NYG,60,7,8,29.758206183863617,29,32,1065.0,34,5,5,2019,2019-09-08,2019090810
,NYG,DAL,65,4,7,15.752432900454673,36,48,408.0,12,4,2,2019,2019-09-08,2019090810
,SF,TB,59,2,4,-9.335086004486993,21,29,1127.0,37,6,1,2019,2019-09-08,2019090811
,TB,SF,63,1,6,-20.49597461345185,24,38,879.0,28,5,1,2019,2019-09-08,2019090811
,NE,PIT,67,7,10,18.226405686708357,29,38,665.0,21,6,3,2019,2019-09-08,2019090812
,PIT,NE,61,4,6,-14.029880436359532,20,48,257.0,7,1,0,2019,2019-09-08,2019090812
,HOU,NO,58,7,12,20.160011743034246,24,35,1042.0,36,4,4,2019,2019-09-09,2019090900
,NO,HOU,63,7,11,21.061822450885355,32,42,764.0,22,5,3,2019,2019-09-09,2019090900
,DEN,LV,57,7,9,7.488566576191762,23,34,365.0,10,4,1,2019,2019-09-09,2019090901
,LV,DEN,53,4,5,18.337524539273097,27,26,1139.0,31,4,3,2019,2019-09-09,2019090901
,CAR,TB,73,4,6,-21.758865576779044,24,54,1150.0,42,4,0,2019,2019-09-12,2019091200
,TB,CAR,56,5,6,-0.12408991866569974,21,27,1143.0,30,3,2,2019,2019-09-12,2019091200
,ARI,BAL,54,7,8,4.802448993918328,21,43,565.0,20,4,1,2019,2019-09-15,2019091500
,BAL,ARI,70,5,11,11.25157891067748,31,39,1110.0,36,5,2,2019,2019-09-15,2019091500
,CIN,SF,64,4,5,-2.482911853462758,21,45,469.0,15,4,2,2019,2019-09-15,2019091501
,SF,CIN,66,8,11,28.051972814404255,37,26,499.0,16,8,5,2019,2019-09-15,2019091501
,DET,LAC,57,4,5,7.924287986132515,26,30,1145.0,37,2,2,2019,2019-09-15,2019091502
,LAC,DET,62,6,9,-0.33824395998239876,26,37,1141.0,35,3,1,2019,2019-09-15,2019091502
,GB,MIN,69,2,6,-6.57614730938178,28,36,687.0,20,3,3,2019,2019-09-15,2019091503
,MIN,GB,60,5,6,-4.412258481474305,23,33,372.0,12,3,1,2019,2019-09-15,2019091503
,HOU,JAX,62,2,4,-1.8743690277926865,25,33,1231.0,42,2,1,2019,2019-09-15,2019091504
,JAX,HOU,59,3,5,-4.412527652607992,20,37,943.0,27,2,1,2019,2019-09-15,2019091504
,MIA,NE,61,1,5,-39.61363904492467,18,46,423.0,12,1,0,2019,2019-09-15,2019091505
,NE,MIA,64,3,9,10.224263867763504,33,30,1124.0,29,7,4,2019,2019-09-15,2019091505
,BUF,NYG,64,3,7,11.75191341936574,26,32,873.0,26,4,4,2019,2019-09-15,2019091506
,NYG,BUF,66,4,5,-1.032558372481426,33,46,287.0,11,2,2,2019,2019-09-15,2019091506
,PIT,SEA,52,2,4,0.01967221433476407,25,36,931.0,29,4,3,2019,2019-09-15,2019091507
,SEA,PIT,69,5,10,4.284251118727596,32,39,1254.0,43,4,4,2019,2019-09-15,2019091507
,IND,TEN,63,1,4,-0.42112490984018935,27,30,1285.0,40,3,3,2019,2019-09-15,2019091508
,TEN,IND,54,1,5,-1.4646039838225167,24,30,880.0,28,3,2,2019,2019-09-15,2019091508
,DAL,WAS,64,4,10,19.986718204410487,35,31,1247.0,39,5,4,2019,2019-09-15,2019091509
,WAS,DAL,54,2,4,5.084610176740156,24,38,602.0,19,3,3,2019,2019-09-15,2019091509
,KC,LV,67,8,9,12.937333865825156,27,46,660.0,21,5,4,2019,2019-09-15,2019091510
,LV,KC,60,3,5,-7.479486415181672,26,41,479.0,17,3,1,2019,2019-09-15,2019091510
,CHI,DEN,56,2,4,-0.5460105378202877,21,27,1132.0,35,1,1,2019,2019-09-15,2019091511
,DEN,CHI,77,2,5,8.460736532471481,31,53,1062.0,34,3,1,2019,2019-09-15,2019091511
,LA,NO,58,4,8,9.94827582231362,25,31,1186.0,40,6,3,2019,2019-09-15,2019091512
,NO,LA,56,1,6,-10.07084543526462,21,36,1010.0,30,2,0,2019,2019-09-15,2019091512
,ATL,PHI,59,5,8,7.538103338407972,23,43,1078.0,39,4,3,2019,2019-09-15,2019091513
,PHI,ATL,73,1,5,-1.8256402548841844,27,51,745.0,28,5,2,2019,2019-09-15,2019091513
,CLE,NYJ,58,7,9,-2.3396751633652078,19,37,703.0,21,3,2,2019,2019-09-16,2019091600
,NYJ,CLE,59,3,7,-18.566796032059976,17,35,323.0,9,1,0,2019,2019-09-16,2019091600
,JAX,TEN,49,4,6,-3.2392648741538315,14,30,276.0,7,3,2,2019,2019-09-19,2019091900
,TEN,JAX,75,6,8,-4.191659385664806,24,49,156.0,4,2,1,2019,2019-09-19,2019091900
,BUF,CIN,71,4,6,2.821124270123696,34,36,977.0,29,4,2,2019,2019-09-22,2019092200
,CIN,BUF,55,4,7,-9.187518923428636,19,36,350.0,11,2,2,2019,2019-09-22,2019092200
,DAL,MIA,65,5,9,19.955613295088583,38,32,811.0,32,5,4,2019,2019-09-22,2019092201
,MIA,DAL,68,3,5,-20.650208904019994,24,44,611.0,24,3,0,2019,2019-09-22,2019092201
,DEN,GB,72,2,5,-5.178540233484934,31,34,1273.0,37,3,2,2019,2019-09-22,2019092202
,GB,DEN,51,4,6,9.955956844105286,20,29,653.0,27,3,3,2019,2019-09-22,2019092202
,ATL,IND,53,5,10,27.01500657116445,31,34,208.0,5,4,3,2019,2019-09-22,2019092203
,IND,ATL,59,4,7,18.606070832737668,30,37,545.0,13,5,3,2019,2019-09-22,2019092203
,BAL,KC,81,5,9,17.06420284462443,36,47,764.0,26,5,4,2019,2019-09-22,2019092204
,KC,BAL,60,6,10,21.043008719497784,31,37,737.0,21,5,4,2019,2019-09-22,2019092204
,LV,MIN,58,2,6,-1.755371774059705,25,38,233.0,6,3,2,2019,2019-09-22,2019092205
,MIN,LV,56,6,9,16.318303307699885,25,20,506.0,17,5,4,2019,2019-09-22,2019092205
,NE,NYJ,70,5,8,-1.1468787489049317,30,45,342.0,10,5,4,2019,2019-09-22,2019092206
,NYJ,NE,47,1,3,-28.23829974156955,11,27,218.0,6,2,1,2019,2019-09-22,2019092206
,DET,PHI,58,4,8,3.2147425990412732,20,32,811.0,26,5,3,2019,2019-09-22,2019092207
,PHI,DET,69,6,8,-6.399611063755839,26,39,909.0,28,4,3,2019,2019-09-22,2019092207
,ARI,CAR,73,2,5,-1.96469889837091,34,51,1388.0,53,3,2,2019,2019-09-22,2019092208
,CAR,ARI,57,4,8,18.116025224389613,25,28,1062.0,33,7,5,2019,2019-09-22,2019092208
,NYG,TB,61,5,9,6.841538259423089,23,42,496.0,16,5,4,2019,2019-09-22,2019092209
,TB,NYG,72,8,12,10.283365693539347,31,40,1023.0,35,7,3,2019,2019-09-22,2019092209
,HOU,LAC,54,5,10,13.326089836794935,25,36,673.0,21,4,4,2019,2019-09-22,2019092210
,LAC,HOU,68,5,6,4.798769338517002,28,50,1072.0,35,3,2,2019,2019-09-22,2019092210
,NO,SEA,51,1,5,5.994796003455917,23,27,366.0,14,5,3,2019,2019-09-22,2019092211
,SEA,NO,75,8,11,-1.85561398373832,30,49,900.0,24,5,4,2019,2019-09-22,2019092211
,PIT,SF,51,2,2,-14.147248139513028,17,29,945.0,31,3,2,2019,2019-09-22,2019092212
,SF,PIT,72,5,9,-8.009108382049853,33,33,1296.0,42,7,3,2019,2019-09-22,2019092212
,CLE,LA,63,3,5,-8.224879566866491,24,39,1085.0,32,4,1,2019,2019-09-22,2019092213
,LA,CLE,63,3,9,0.9934297671364893,30,40,1144.0,40,3,2,2019,2019-09-22,2019092213
,CHI,WAS,58,3,4,6.887958454357955,27,34,678.0,20,6,3,2019,2019-09-23,2019092300
,WAS,CHI,69,3,8,-14.022993541829486,33,48,422.0,14,5,2,2019,2019-09-23,2019092300
,GB,PHI,73,4,7,15.825318206861356,36,53,1279.0,40,7,3,2019,2019-09-26,2019092600
,PHI,GB,59,2,6,19.23056009442513,31,28,1104.0,37,5,5,2019,2019-09-26,2019092600
,ATL,TEN,75,6,10,-4.0659603483411235,35,58,419.0,14,3,1,2019,2019-09-29,2019092900
,TEN,ATL,60,4,8,5.596000241352022,23,26,601.0,20,4,3,2019,2019-09-29,2019092900
,BAL,CLE,67,3,7,2.3024161992950347,33,38,1037.0,31,3,3,2019,2019-09-29,2019092901
,CLE,BAL,61,4,10,22.73042511295368,26,33,985.0,34,6,5,2019,2019-09-29,2019092901
,BUF,NE,70,6,13,-15.347526436534334,27,48,254.0,9,3,1,2019,2019-09-29,2019092902
,NE,BUF,58,2,3,-14.893018526909641,16,38,513.0,18,4,1,2019,2019-09-29,2019092902
,DET,KC,73,6,7,-1.4004845163675994,34,38,1366.0,45,6,3,2019,2019-09-29,2019092903
,KC,DET,67,6,13,10.315178582337461,31,42,780.0,26,6,3,2019,2019-09-29,2019092903
,CAR,HOU,65,2,7,-10.589127273099475,26,37,1155.0,39,2,1,2019,2019-09-29,2019092904
,HOU,CAR,61,2,2,-14.032302370525084,25,39,1175.0,38,3,1,2019,2019-09-29,2019092904
,IND,LV,68,4,8,-1.287622977458705,25,46,42.0,2,4,3,2019,2019-09-29,2019092905
,LV,IND,62,2,8,11.734200456925349,28,31,703.0,19,5,3,2019,2019-09-29,2019092905
,LAC,MIA,61,4,10,22.623124730540315,31,31,1458.0,39,4,3,2019,2019-09-29,2019092906
,MIA,LAC,47,2,3,-4.816825809577885,22,29,676.0,25,2,1,2019,2019-09-29,2019092906
,NYG,WAS,66,7,9,1.2584033662494156,32,31,574.0,17,5,2,2019,2019-09-29,2019092907
,WAS,NYG,48,2,2,-23.882859245181603,13,31,318.0,8,1,0,2019,2019-09-29,2019092907
,ARI,SEA,57,3,7,0.7949838356030291,29,35,344.0,10,3,1,2019,2019-09-29,2019092908
,SEA,ARI,59,2,6,11.176237551524649,30,32,446.0,14,5,2,2019,2019-09-29,2019092908
,LA,TB,81,6,11,4.223963756202712,40,70,233.0,10,6,4,2019,2019-09-29,2019092909
,TB,LA,72,3,7,20.163106452318992,35,43,1148.0,42,8,6,2019,2019-09-29,2019092909
,CHI,MIN,67,2,2,-2.355554604217144,26,34,987.0,33,4,1,2019,2019-09-29,2019092910
,MIN,CHI,58,2,3,-17.149894860187885,20,42,655.0,18,1,1,2019,2019-09-29,2019092910
,DEN,JAX,52,7,9,5.066337437898697,25,37,537.0,18,4,3,2019,2019-09-29,2019092911
,JAX,DEN,76,4,9,11.128437925731532,32,38,374.0,12,6,2,2019,2019-09-29,2019092911
,DAL,NO,53,2,3,-5.217909706672497,20,33,966.0,31,2,1,2019,2019-09-29,2019092912
,NO,DAL,62,2,4,-3.8407440045596744,28,35,1165.0,35,4,0,2019,2019-09-29,2019092912
,CIN,PIT,64,1,3,-25.270217894194413,20,45,690.0,22,3,0,2019,2019-09-30,2019093000
,PIT,CIN,53,4,5,7.590855212769545,29,31,1106.0,33,4,3,2019,2019-09-30,2019093000
,LA,SEA,68,9,12,8.902756440922776,31,49,1032.0,37,6,3,2019,2019-10-03,2019100300
,SEA,LA,66,5,7,14.919409396132117,33,25,1295.0,37,5,4,2019,2019-10-03,2019100300
,CAR,JAX,61,3,9,15.776075619917766,28,34,1012.0,31,6,4,2019,2019-10-06,2019100600
,JAX,CAR,76,8,10,-0.3779108120037488,34,46,529.0,22,5,3,2019,2019-10-06,2019100600
,ARI,CIN,70,7,13,19.765457038690045,32,32,1298.0,46,7,2,2019,2019-10-06,2019100601
,CIN,ARI,61,2,6,6.679555537846307,31,38,1136.0,36,4,2,2019,2019-10-06,2019100601
,ATL,HOU,68,4,6,5.300330528316563,27,49,854.0,33,5,4,2019,2019-10-06,2019100602
,HOU,ATL,67,10,12,36.092732532867565,38,33,1062.0,38,8,6,2019,2019-10-06,2019100602
,NO,TB,66,5,10,16.0667539482703,29,36,1266.0,38,5,4,2019,2019-10-06,2019100603
,TB,NO,55,3,5,1.6248053859798715,23,33,541.0,16,3,3,2019,2019-10-06,2019100603
,MIN,NYG,63,7,16,17.346085082056568,27,30,1306.0,41,5,2,2019,2019-10-06,2019100604
,NYG,MIN,62,1,3,-10.145390136784187,21,42,305.0,12,3,1,2019,2019-10-06,2019100604
,CHI,LV,51,2,6,0.48560466349235554,21,34,311.0,8,3,3,2019,2019-10-06,2019100605
,LV,CHI,70,4,7,5.196496684774386,31,32,955.0,29,5,3,2019,2019-10-06,2019100605
,NYJ,PHI,55,0,3,-30.177294732829377,15,36,185.0,6,2,1,2019,2019-10-06,2019100606
,PHI,NYJ,57,3,4,-5.640163203266081,22,30,307.0,8,5,2,2019,2019-10-06,2019100606
,BAL,PIT,73,2,2,-7.502300379855022,26,33,1291.0,38,4,2,2019,2019-10-06,2019100607
,PIT,BAL,50,4,5,-1.3562907149990067,20,32,466.0,17,5,2,2019,2019-10-06,2019100607
,BUF,TEN,61,2,4,-4.480695783484773,25,36,1168.0,36,3,2,2019,2019-10-06,2019100608
,TEN,BUF,54,3,4,-3.484253411613965,21,27,977.0,31,3,1,2019,2019-10-06,2019100608
,NE,WAS,74,7,11,11.825462770768397,31,47,965.0,39,7,4,2019,2019-10-06,2019100609
,WAS,NE,53,2,3,-22.46141502630878,15,33,517.0,15,1,1,2019,2019-10-06,2019100609
,DEN,LAC,54,4,5,-0.6073540252748824,21,23,353.0,10,3,2,2019,2019-10-06,2019100610
,LAC,DEN,62,1,3,-20.141514896506,23,46,207.0,5,5,0,2019,2019-10-06,2019100610
,DAL,GB,68,9,10,8.32171841816958,38,47,272.0,8,5,3,2019,2019-10-06,2019100611
,GB,DAL,62,4,10,9.752471843467983,28,36,428.0,13,6,4,2019,2019-10-06,2019100611
,IND,KC,72,1,2,-1.5644186333724694,36,29,1330.0,45,5,1,2019,2019-10-06,2019100612
,KC,IND,55,6,10,1.2026063065757093,22,42,981.0,37,3,1,2019,2019-10-06,2019100612
,CLE,SF,45,4,6,-24.062101526653947,11,27,116.0,5,2,0,2019,2019-10-07,2019100700
,SF,CLE,68,2,10,17.356330393856936,28,31,277.0,9,6,4,2019,2019-10-07,2019100700
,NE,NYG,75,8,11,0.4987330382644126,32,43,1452.0,48,8,3,2019,2019-10-10,2019101000
,NYG,NE,47,1,2,-27.012741112532126,16,32,760.0,24,2,1,2019,2019-10-10,2019101000
,CAR,TB,62,4,7,-1.6524670022067112,23,34,672.0,20,5,4,2019,2019-10-13,2019101300
,TB,CAR,77,6,11,-16.414590977271853,33,62,309.0,8,5,3,2019,2019-10-13,2019101300
,BAL,CIN,73,6,10,16.20049814071587,36,33,1260.0,38,3,2,2019,2019-10-13,2019101301
,CIN,BAL,55,4,8,-2.984237537086866,19,41,384.0,14,3,2,2019,2019-10-13,2019101301
,CLE,SEA,61,5,8,-2.9662773233275033,28,37,961.0,36,6,4,2019,2019-10-13,2019101302
,SEA,CLE,73,7,12,14.752633192675146,34,36,862.0,33,7,4,2019,2019-10-13,2019101302
,JAX,NO,54,3,5,-12.757552844994532,15,31,1059.0,33,2,0,2019,2019-10-13,2019101303
,NO,JAX,63,3,6,2.3275981958550567,31,39,1162.0,38,3,1,2019,2019-10-13,2019101303
,HOU,KC,82,3,8,18.29474354066758,43,43,894.0,34,6,4,2019,2019-10-13,2019101304
,KC,HOU,46,2,8,4.928863777288282,22,36,951.0,33,4,3,2019,2019-10-13,2019101304
,MIA,WAS,69,2,5,-11.697150267585759,27,48,873.0,29,2,2,2019,2019-10-13,2019101305
,WAS,MIA,57,4,6,-2.5045964131489957,22,25,703.0,23,3,2,2019,2019-10-13,2019101305
,MIN,PHI,64,5,9,12.011457360208993,28,30,1008.0,31,6,5,2019,2019-10-13,2019101306
,PHI,MIN,65,6,9,-2.6775133045634365,33,43,205.0,5,2,2,2019,2019-10-13,2019101306
,ARI,ATL,62,6,9,19.594871438722006,31,36,782.0,31,5,4,2019,2019-10-13,2019101307
,ATL,ARI,63,6,12,22.14673291733876,34,38,404.0,12,5,4,2019,2019-10-13,2019101307
,LA,SF,50,1,1,-28.536108293965317,21,28,708.0,22,2,1,2019,2019-10-13,2019101308
,SF,LA,73,2,4,-1.1671255348895562,30,34,1289.0,43,5,2,2019,2019-10-13,2019101308
,DEN,TEN,57,2,4,-7.0618507586640025,21,29,1004.0,33,3,1,2019,2019-10-13,2019101309
,TEN,DEN,60,1,5,-23.5361976243928,19,40,818.0,25,2,0,2019,2019-10-13,2019101309
,DAL,NYJ,76,2,6,7.446233415922319,36,42,657.0,21,4,2,2019,2019-10-13,2019101310
,NYJ,DAL,51,5,7,10.082178733497916,22,34,677.0,19,5,3,2019,2019-10-13,2019101310
,LAC,PIT,58,3,8,-2.1928956516780493,25,44,228.0,7,3,2,2019,2019-10-13,2019101311
,PIT,LAC,56,2,3,1.3941971093666243,22,20,306.0,8,5,2,2019,2019-10-13,2019101311
,DET,GB,54,4,5,-2.9358190710157714,19,35,863.0,28,3,1,2019,2019-10-14,2019101400
,GB,DET,67,6,9,-2.173375582395415,26,40,541.0,20,5,2,2019,2019-10-14,2019101400
,DEN,KC,65,2,5,-23.85405350952167,19,43,500.0,17,2,1,2019,2019-10-17,2019101700
,KC,DEN,57,3,5,-1.2433720820811323,23,31,735.0,20,5,2,2019,2019-10-17,2019101700
,ATL,LA,52,1,5,-10.432805204951908,22,38,620.0,20,1,1,2019,2019-10-20,2019102000
,LA,ATL,74,4,8,10.32529539680471,32,38,893.0,31,6,4,2019,2019-10-20,2019102000
,BUF,MIA,51,6,8,12.317339003330982,23,27,941.0,30,4,3,2019,2019-10-20,2019102001
,MIA,BUF,65,4,7,7.292783601047147,29,35,1186.0,33,4,3,2019,2019-10-20,2019102001
,CIN,JAX,64,4,7,-14.913026763616173,21,44,670.0,32,4,2,2019,2019-10-20,2019102002
,JAX,CIN,77,8,11,4.370770032241184,32,34,1509.0,49,7,1,2019,2019-10-20,2019102002
,DET,MIN,68,5,7,15.234133687224398,36,48,1079.0,40,4,4,2019,2019-10-20,2019102003
,MIN,DET,67,5,10,31.441584376918392,37,34,1328.0,45,6,6,2019,2019-10-20,2019102003
,GB,LV,52,9,12,32.79285810393014,29,32,722.0,24,6,6,2019,2019-10-20,2019102004
,LV,GB,61,5,11,13.305100267771175,28,31,731.0,23,6,3,2019,2019-10-20,2019102004
,HOU,IND,61,3,8,3.150909425454227,32,37,554.0,21,5,2,2019,2019-10-20,2019102005
,IND,HOU,64,6,10,8.73225878282152,28,40,1332.0,42,5,4,2019,2019-10-20,2019102005
,ARI,NYG,58,3,3,6.763253642163774,23,23,817.0,26,5,3,2019,2019-10-20,2019102006
,NYG,ARI,65,4,5,-10.59577481539634,27,43,726.0,24,4,2,2019,2019-10-20,2019102006
,SF,WAS,62,3,5,-4.6868496280667715,22,23,1097.0,37,4,0,2019,2019-10-20,2019102007
,WAS,SF,41,0,4,-11.179291891500956,13,15,982.0,27,1,0,2019,2019-10-20,2019102007
,LAC,TEN,60,5,11,4.260720394361879,24,39,1219.0,37,4,2,2019,2019-10-20,2019102008
,TEN,LAC,60,4,8,12.854251111061748,31,32,1193.0,34,3,3,2019,2019-10-20,2019102008
,CHI,NO,64,1,3,-12.926990830498145,23,57,599.0,22,3,3,2019,2019-10-20,2019102009
,NO,CHI,72,5,9,14.629175509851024,32,39,958.0,32,7,4,2019,2019-10-20,2019102009
,BAL,SEA,53,5,5,7.955631639114645,19,21,1012.0,32,6,1,2019,2019-10-20,2019102010
,SEA,BAL,68,4,5,-13.351670122318545,27,42,1416.0,46,4,1,2019,2019-10-20,2019102010
,DAL,PHI,66,3,6,12.414149440443671,33,30,812.0,24,6,4,2019,2019-10-20,2019102011
,PHI,DAL,57,4,6,-14.44869013684262,24,29,232.0,7,3,1,2019,2019-10-20,2019102011
,NE,NYJ,76,4,5,3.290433483280537,32,44,595.0,17,6,4,2019,2019-10-21,2019102100
,NYJ,NE,52,1,3,-30.245323464995675,13,33,42.0,1,2,0,2019,2019-10-21,2019102100
,MIN,WAS,67,6,9,7.270404805520641,30,29,1287.0,39,5,1,2019,2019-10-24,2019102400
,WAS,MIN,41,2,5,-9.07871534072532,19,25,931.0,26,2,0,2019,2019-10-24,2019102400
,ATL,SEA,71,5,13,11.525670748983943,35,54,463.0,12,4,2,2019,2019-10-27,2019102700
,SEA,ATL,53,4,8,12.000788417099889,28,22,482.0,15,3,3,2019,2019-10-27,2019102700
,BUF,PHI,58,3,5,-10.14570971035004,19,38,613.0,22,3,2,2019,2019-10-27,2019102701
,PHI,BUF,65,4,9,10.705699975172191,28,27,1016.0,31,6,4,2019,2019-10-27,2019102701
,CHI,LAC,75,6,8,-4.1181661479826515,30,38,1393.0,43,5,1,2019,2019-10-27,2019102702
,LAC,CHI,42,2,5,-3.078740161522509,17,30,483.0,14,4,2,2019,2019-10-27,2019102702
,DET,NYG,59,5,10,10.585052755789263,22,36,1174.0,41,4,3,2019,2019-10-27,2019102703
,NYG,DET,68,4,9,3.1840884723779737,32,45,593.0,20,5,4,2019,2019-10-27,2019102703
,HOU,LV,71,4,5,16.08922136882154,35,42,1242.0,45,5,3,2019,2019-10-27,2019102704
,LV,HOU,53,6,8,12.958786594652377,24,30,913.0,32,3,3,2019,2019-10-27,2019102704
,JAX,NYJ,66,4,6,9.038804672111931,23,36,733.0,22,5,3,2019,2019-10-27,2019102705
,NYJ,JAX,52,3,6,-12.117898489356676,20,39,371.0,12,2,2,2019,2019-10-27,2019102705
,CIN,LA,76,5,7,8.334542904892384,32,54,932.0,29,4,1,2019,2019-10-27,2019102706
,LA,CIN,57,10,12,23.275034522256817,26,31,937.0,33,4,3,2019,2019-10-27,2019102706
,ARI,NO,48,2,6,-12.56891625541411,17,37,615.0,21,2,0,2019,2019-10-27,2019102707
,NO,ARI,70,7,10,20.32911986930754,34,43,1606.0,49,7,4,2019,2019-10-27,2019102707
,TB,TEN,77,4,6,-6.931286375314025,31,47,1016.0,37,4,2,2019,2019-10-27,2019102708
,TEN,TB,55,4,7,-7.72898670636586,19,36,848.0,27,3,3,2019,2019-10-27,2019102708
,CAR,SF,64,4,5,-31.175511941128782,20,44,180.0,6,1,1,2019,2019-10-27,2019102709
,SF,CAR,61,6,9,13.834665433842272,25,26,530.0,15,8,7,2019,2019-10-27,2019102709
,DEN,IND,63,3,5,-5.434550680870001,20,35,1113.0,39,3,1,2019,2019-10-27,2019102710
,IND,DEN,59,2,7,-2.977217201126826,28,28,798.0,24,1,1,2019,2019-10-27,2019102710
,CLE,NE,58,4,6,-17.09662216222808,23,36,46.0,3,2,1,2019,2019-10-27,2019102711
,NE,CLE,66,4,6,1.8518602768599959,24,39,550.0,19,7,2,2019,2019-10-27,2019102711
,GB,KC,61,3,5,16.302392648279458,32,38,1244.0,38,5,4,2019,2019-10-27,2019102712
,KC,GB,58,5,7,6.595524488757587,27,38,643.0,24,4,3,2019,2019-10-27,2019102712
,MIA,PIT,56,0,4,-13.306016176858348,22,38,626.0,21,2,2,2019,2019-10-28,2019102800
,PIT,MIA,67,5,9,8.044850436588868,26,38,851.0,23,4,3,2019,2019-10-28,2019102800
,ARI,SF,51,5,6,13.903030597053842,27,28,657.0,21,4,3,2019,2019-10-31,2019103100
,SF,ARI,67,7,10,15.432528580180156,26,38,1105.0,35,4,4,2019,2019-10-31,2019103100
,HOU,JAX,63,4,6,10.271427169645115,31,29,1291.0,41,4,3,2019,2019-11-03,2019110300
,JAX,HOU,66,4,9,-18.21860335094541,22,51,585.0,16,2,0,2019,2019-11-03,2019110300
,BUF,WAS,58,3,6,5.045289419887752,23,22,924.0,28,4,3,2019,2019-11-03,2019110301
,WAS,BUF,49,2,6,-5.260464547999133,17,26,188.0,6,2,0,2019,2019-11-03,2019110301
,CAR,TEN,66,5,6,8.231139883740907,28,35,741.0,24,5,4,2019,2019-11-03,2019110302
,TEN,CAR,62,6,11,7.5943724729187165,32,41,233.0,5,3,3,2019,2019-11-03,2019110302
,KC,MIN,57,4,7,10.39177188625207,28,39,1173.0,35,4,2,2019,2019-11-03,2019110303
,MIN,KC,66,4,8,3.6572512926334055,24,39,986.0,38,4,3,2019,2019-11-03,2019110303
,MIA,NYJ,62,2,8,7.186557841491665,27,40,955.0,34,5,3,2019,2019-11-03,2019110304
,NYJ,MIA,62,3,5,-2.214247792212984,29,41,848.0,24,4,1,2019,2019-11-03,2019110304
,CHI,PHI,42,2,3,-6.1753866591924576,13,24,213.0,6,2,2,2019,2019-11-03,2019110305
,PHI,CHI,77,1,7,5.307719198806021,33,43,784.0,23,5,2,2019,2019-11-03,2019110305
,IND,PIT,66,4,8,-2.1614788087177095,27,37,1055.0,35,6,3,2019,2019-11-03,2019110306
,PIT,IND,59,2,4,-5.529374425477702,21,36,1254.0,40,5,1,2019,2019-11-03,2019110306
,DET,LV,62,8,12,9.233719854389129,30,43,869.0,30,6,3,2019,2019-11-03,2019110307
,LV,DET,68,8,11,17.140201226228665,31,32,1473.0,46,5,4,2019,2019-11-03,2019110307
,SEA,TB,69,6,12,17.17478237324342,37,47,803.0,25,7,5,2019,2019-11-03,2019110308
,TB,SEA,72,3,10,9.812503509214297,32,46,1243.0,40,5,4,2019,2019-11-03,2019110308
,CLE,DEN,73,3,5,-3.2568981270695847,28,44,1101.0,41,5,1,2019,2019-11-03,2019110309
,DEN,CLE,40,5,8,2.5165564431086325,16,23,854.0,24,3,3,2019,2019-11-03,2019110309
,GB,LAC,50,0,1,-3.922950443772402,23,38,501.0,14,1,1,2019,2019-11-03,2019110310
,LAC,GB,66,3,8,19.25252994888753,34,30,884.0,30,5,2,2019,2019-11-03,2019110310
,BAL,NE,62,2,6,14.296275345375255,32,24,1193.0,34,6,4,2019,2019-11-03,2019110311
,NE,BAL,64,2,6,-4.918559123778321,33,47,237.0,15,4,2,2019,2019-11-03,2019110311
,DAL,NYG,65,3,7,6.198266479613032,32,35,951.0,32,6,3,2019,2019-11-04,2019110400
,NYG,DAL,68,1,5,-17.29524791024307,26,46,1250.0,37,5,1,2019,2019-11-04,2019110400
,LAC,LV,66,5,6,-10.872404296444259,29,36,624.0,18,4,3,2019,2019-11-07,2019110700
,LV,LAC,55,1,3,4.071983318745228,22,34,840.0,27,5,2,2019,2019-11-07,2019110700
,CHI,DET,52,2,3,-2.846834025373593,22,28,840.0,26,3,3,2019,2019-11-10,2019111000
,DET,CHI,73,2,6,-8.755379435964315,26,46,932.0,30,2,1,2019,2019-11-10,2019111000
,BAL,CIN,44,5,7,22.777533405633005,27,22,596.0,15,7,5,2019,2019-11-10,2019111001
,CIN,BAL,72,2,5,-24.56034489282424,32,32,40.0,2,4,1,2019,2019-11-10,2019111001
,BUF,CLE,62,5,9,0.2832237897736668,25,42,1109.0,36,4,2,2019,2019-11-10,2019111002
,CLE,BUF,65,4,10,4.869547351987183,27,40,1376.0,41,4,2,2019,2019-11-10,2019111002
,CAR,GB,70,3,11,3.6348448350645297,30,47,668.0,20,4,2,2019,2019-11-10,2019111003
,GB,CAR,58,4,8,11.288956839477752,30,31,929.0,29,4,3,2019,2019-11-10,2019111003
,ATL,NO,70,1,4,2.8472378062926795,24,36,1374.0,47,5,2,2019,2019-11-10,2019111004
,NO,ATL,61,1,7,-8.709869312129054,29,50,791.0,26,3,0,2019,2019-11-10,2019111004
,NYG,NYJ,65,4,6,-6.237480657438594,19,48,919.0,31,4,4,2019,2019-11-10,2019111005
,NYJ,NYG,60,4,7,1.8939193169552309,19,32,1219.0,38,5,3,2019,2019-11-10,2019111005
,ARI,TB,64,6,10,5.145751462831193,22,47,844.0,36,6,3,2019,2019-11-10,2019111006
,TB,ARI,77,5,11,4.95809965661892,29,51,1340.0,47,4,3,2019,2019-11-10,2019111006
,KC,TEN,77,5,10,12.757832419500371,37,52,1471.0,44,4,3,2019,2019-11-10,2019111007
,TEN,KC,50,5,7,11.357992452835084,26,23,333.0,13,5,4,2019,2019-11-10,2019111007
,IND,MIA,68,6,6,-19.023349354259558,24,40,873.0,27,5,1,2019,2019-11-10,2019111008
,MIA,IND,61,2,3,-15.445759160592894,16,36,946.0,32,2,1,2019,2019-11-10,2019111008
,LA,PIT,69,3,6,-28.337363086843002,24,46,1052.0,40,3,0,2019,2019-11-10,2019111009
,PIT,LA,67,3,5,-19.26610700349199,19,41,1144.0,37,3,1,2019,2019-11-10,2019111009
,DAL,MIN,70,9,12,15.31502110199497,28,48,733.0,28,5,3,2019,2019-11-10,2019111010
,MIN,DAL,70,4,6,17.00765217590862,33,34,1410.0,48,5,3,2019,2019-11-10,2019111010
,SEA,SF,72,2,3,-20.162867570691184,33,38,594.0,18,4,2,2019,2019-11-11,2019111100
,SF,SEA,77,3,7,-24.62204661749042,25,51,735.0,25,3,1,2019,2019-11-11,2019111100
,CLE,PIT,67,4,4,-4.886560681360635,23,33,853.0,25,3,3,2019,2019-11-14,2019111400
,PIT,CLE,64,2,6,-33.8030110658235,26,48,487.0,13,1,1,2019,2019-11-14,2019111400
,BAL,HOU,62,5,9,26.756807100546304,28,27,795.0,22,7,5,2019,2019-11-17,2019111700
,HOU,BAL,57,2,6,-23.57621736537436,23,37,497.0,14,1,1,2019,2019-11-17,2019111700
,ATL,CAR,60,4,6,9.344346949792747,23,36,433.0,13,7,2,2019,2019-11-17,2019111701
,CAR,ATL,69,4,8,-16.493141371030713,29,54,192.0,8,2,0,2019,2019-11-17,2019111701
,DAL,DET,69,7,12,20.458061227863364,37,47,1146.0,41,6,4,2019,2019-11-17,2019111702
,DET,DAL,57,7,7,7.90561296614902,25,30,916.0,25,4,4,2019,2019-11-17,2019111702
,IND,JAX,61,3,9,16.30599724851099,30,27,1117.0,37,5,4,2019,2019-11-17,2019111703
,JAX,IND,59,3,5,-4.623610379567431,24,50,552.0,18,2,2,2019,2019-11-17,2019111703
,BUF,MIA,66,6,11,15.755894496843595,26,33,496.0,17,6,4,2019,2019-11-17,2019111704
,MIA,BUF,66,3,4,-13.632311676288973,23,53,281.0,7,4,3,2019,2019-11-17,2019111704
,DEN,MIN,75,5,6,2.248079327288777,26,42,342.0,11,5,2,2019,2019-11-17,2019111705
,MIN,DEN,59,5,5,7.189734313195613,28,41,116.0,4,4,4,2019,2019-11-17,2019111705
,NO,TB,62,2,6,12.815264102084475,29,36,614.0,17,5,3,2019,2019-11-17,2019111706
,TB,NO,61,6,6,-10.990415107995961,24,53,72.0,3,3,2,2019,2019-11-17,2019111706
,NYJ,WAS,64,5,10,12.744339213852545,30,33,630.0,21,5,5,2019,2019-11-17,2019111707
,WAS,NYJ,63,4,5,-17.463520518455642,18,43,204.0,6,4,2,2019,2019-11-17,2019111707
,ARI,SF,62,3,3,-8.226710851907008,28,37,780.0,25,4,3,2019,2019-11-17,2019111708
,SF,ARI,67,7,9,3.3191948962311213,30,48,675.0,17,6,4,2019,2019-11-17,2019111708
,CIN,LV,58,3,10,-14.175550036456816,20,36,897.0,34,1,1,2019,2019-11-17,2019111709
,LV,CIN,63,9,10,3.481749582260362,26,32,1307.0,37,4,2,2019,2019-11-17,2019111709
,NE,PHI,71,2,4,-4.218600179843365,25,49,792.0,31,4,1,2019,2019-11-17,2019111710
,PHI,NE,65,4,5,-13.150738350826106,24,44,1227.0,34,2,1,2019,2019-11-17,2019111710
,CHI,LA,74,0,5,-17.747895067051974,24,50,953.0,33,1,1,2019,2019-11-17,2019111711
,LA,CHI,50,4,5,-5.6814383825271575,19,18,700.0,22,4,2,2019,2019-11-17,2019111711
,KC,LAC,59,4,7,2.7928511569160928,24,33,964.0,32,3,3,2019,2019-11-18,2019111800
,LAC,KC,72,5,10,-5.7162054318599065,31,53,1167.0,38,4,1,2019,2019-11-18,2019111800
,HOU,IND,55,6,8,8.387843626525427,21,31,915.0,29,4,2,2019,2019-11-21,2019112100
,IND,HOU,64,0,1,3.3198429487440473,32,25,1241.0,40,3,2,2019,2019-11-21,2019112100
,ATL,TB,81,3,8,-6.275704899249385,28,62,789.0,27,5,2,2019,2019-11-24,2019112400
,TB,ATL,58,8,9,14.45420776728678,28,28,641.0,23,6,4,2019,2019-11-24,2019112400
,BUF,DEN,70,5,7,10.184156884278185,32,24,977.0,36,4,2,2019,2019-11-24,2019112401
,DEN,BUF,46,1,4,-16.328908340018497,16,29,607.0,17,0,0,2019,2019-11-24,2019112401
,CHI,NYG,66,4,7,-5.344684143142409,27,43,1045.0,38,5,2,2019,2019-11-24,2019112402
,NYG,CHI,58,4,7,-16.21233760606617,18,37,808.0,24,2,2,2019,2019-11-24,2019112402
,CIN,PIT,51,3,4,-19.289103006810237,16,30,768.0,26,2,1,2019,2019-11-24,2019112403
,PIT,CIN,64,4,5,-4.690145111648786,20,29,1124.0,36,5,1,2019,2019-11-24,2019112403
,CLE,MIA,66,5,11,16.347851651874052,35,35,555.0,15,7,5,2019,2019-11-24,2019112404
,MIA,CLE,61,2,7,-3.33593276583173,23,41,91.0,4,4,3,2019,2019-11-24,2019112404
,CAR,NO,70,3,4,8.231901761383845,33,41,515.0,21,5,4,2019,2019-11-24,2019112405
,NO,CAR,58,7,11,10.998210203367705,32,40,1085.0,30,6,4,2019,2019-11-24,2019112405
,LV,NYJ,56,0,5,-16.549880511340916,20,34,542.0,17,0,0,2019,2019-11-24,2019112406
,NYJ,LV,58,7,9,16.59721444758691,27,29,868.0,26,6,3,2019,2019-11-24,2019112406
,DET,WAS,71,3,6,-9.149372001243426,25,39,1151.0,35,3,1,2019,2019-11-24,2019112407
,WAS,DET,55,3,6,-13.739984968283451,16,33,698.0,21,3,1,2019,2019-11-24,2019112407
,JAX,TEN,80,3,7,1.9743122468996557,31,53,817.0,26,2,2,2019,2019-11-24,2019112408
,TEN,JAX,48,8,11,20.14953373888033,28,19,788.0,25,7,6,2019,2019-11-24,2019112408
,DAL,NE,59,2,4,-8.705464064164845,22,33,949.0,29,2,0,2019,2019-11-24,2019112409
,NE,DAL,64,5,7,-7.136198178819723,24,39,913.0,33,3,1,2019,2019-11-24,2019112409
,GB,SF,71,1,2,-19.23001107772349,20,43,268.0,8,2,1,2019,2019-11-24,2019112410
,SF,GB,44,6,10,8.19391500979347,17,22,338.0,9,6,4,2019,2019-11-24,2019112410
,PHI,SEA,72,1,1,-18.58106344440984,38,48,1306.0,39,2,1,2019,2019-11-24,2019112411
,SEA,PHI,56,7,9,-4.671080214622418,16,31,936.0,30,3,2,2019,2019-11-24,2019112411
,BAL,LA,71,4,9,34.44100879886331,38,26,567.0,14,7,6,2019,2019-11-25,2019112500
,LA,BAL,47,3,6,-10.513731964081499,16,39,94.0,3,2,0,2019,2019-11-25,2019112500
,CHI,DET,61,3,6,8.468821310441703,33,39,1149.0,35,4,3,2019,2019-11-28,2019112800
,DET,CHI,67,4,6,2.4244138392428884,29,40,1089.0,36,4,2,2019,2019-11-28,2019112800
,BUF,DAL,62,5,10,12.560369438229364,29,29,877.0,30,5,3,2019,2019-11-28,2019112801
,DAL,BUF,73,4,9,3.840904674459435,34,54,873.0,34,4,2,2019,2019-11-28,2019112801
,ATL,NO,84,1,4,-11.216141871905759,35,58,961.0,28,3,2,2019,2019-11-28,2019112802
,NO,ATL,47,4,5,3.0827879366349724,20,30,1021.0,30,3,2,2019,2019-11-28,2019112802
,BAL,SF,62,1,2,1.106943560634342,30,24,1322.0,39,3,2,2019,2019-12-01,2019120100
,SF,BAL,52,4,8,4.5525072035588545,22,23,1168.0,35,3,2,2019,2019-12-01,2019120100
,CAR,WAS,73,2,6,-4.739043723095584,26,53,940.0,30,4,3,2019,2019-12-01,2019120101
,WAS,CAR,60,7,8,2.3631158322723596,25,31,776.0,26,6,3,2019,2019-12-01,2019120101
,CIN,NYJ,59,0,7,-0.3321053701466262,22,38,782.0,23,4,2,2019,2019-12-01,2019120102
,NYJ,CIN,69,2,4,-11.824095312759026,24,52,679.0,23,0,0,2019,2019-12-01,2019120102
,IND,TEN,66,4,10,-1.721289434213017,29,43,1111.0,33,3,2,2019,2019-12-01,2019120103
,TEN,IND,55,3,5,-2.1363418487483083,23,28,791.0,27,5,3,2019,2019-12-01,2019120103
,JAX,TB,63,3,6,-26.383512129359328,20,46,128.0,5,3,1,2019,2019-12-01,2019120104
,TB,JAX,68,6,9,-3.4586073746912054,26,37,479.0,15,6,2,2019,2019-12-01,2019120104
,KC,LV,58,1,3,3.342659633873418,26,30,674.0,25,6,4,2019,2019-12-01,2019120105
,LV,KC,57,3,7,-2.8570327057611946,32,32,591.0,15,3,1,2019,2019-12-01,2019120105
,MIA,PHI,64,6,8,14.201352894504968,30,45,605.0,19,5,5,2019,2019-12-01,2019120106
,PHI,MIA,67,4,9,8.478016183952265,28,48,1189.0,42,6,3,2019,2019-12-01,2019120106
,GB,NYG,57,4,8,12.88976756759618,25,33,1075.0,35,4,4,2019,2019-12-01,2019120107
,NYG,GB,64,3,5,-7.04866458417116,24,37,745.0,25,3,1,2019,2019-12-01,2019120107
,ARI,LA,61,1,4,-24.049638285432728,17,40,154.0,5,1,1,2019,2019-12-01,2019120108
,LA,ARI,74,10,14,20.34717225878959,38,44,615.0,21,8,3,2019,2019-12-01,2019120108
,DEN,LAC,53,2,3,-10.009845491539142,17,28,837.0,29,3,2,2019,2019-12-01,2019120109
,LAC,DEN,61,4,6,0.5918082374826471,23,32,682.0,21,3,2,2019,2019-12-01,2019120109
,CLE,PIT,63,3,10,-5.216526885004109,23,39,1352.0,41,3,1,2019,2019-12-01,2019120110
,PIT,CLE,52,4,6,1.839342641676468,21,22,687.0,21,4,2,2019,2019-12-01,2019120110
,HOU,NE,49,3,6,11.026912875777835,22,29,724.0,21,4,4,2019,2019-12-01,2019120111
,NE,HOU,79,7,11,12.648109824518048,33,50,547.0,18,4,3,2019,2019-12-01,2019120111
,MIN,SEA,52,3,9,0.2219944094884263,24,38,716.0,26,4,3,2019,2019-12-02,2019120200
,SEA,MIN,75,4,7,9.386649678646082,41,33,1606.0,46,7,4,2019,2019-12-02,2019120200
,CHI,DAL,66,6,7,3.0488081735724784,32,33,801.0,29,6,4,2019,2019-12-05,2019120500
,DAL,CHI,71,6,10,6.630389191229148,31,50,815.0,25,4,3,2019,2019-12-05,2019120500
,ATL,CAR,66,3,10,15.462866069767198,26,35,1105.0,37,7,4,2019,2019-12-08,2019120800
,CAR,ATL,68,1,5,-2.0496452601801947,36,46,649.0,28,3,2,2019,2019-12-08,2019120800
,BAL,BUF,57,1,3,-1.383113344056883,21,26,1293.0,34,4,3,2019,2019-12-08,2019120801
,BUF,BAL,69,3,4,-19.571343139046355,22,46,535.0,25,3,1,2019,2019-12-08,2019120801
,CIN,CLE,69,5,12,0.4699618341352463,33,38,1173.0,39,5,1,2019,2019-12-08,2019120802
,CLE,CIN,50,6,8,7.284657724405676,20,24,937.0,29,4,2,2019,2019-12-08,2019120802
,GB,WAS,57,5,9,5.573625297834862,24,32,923.0,28,4,2,2019,2019-12-08,2019120803
,WAS,GB,59,3,4,-2.7613659264766337,26,30,253.0,9,2,2,2019,2019-12-08,2019120803
,DEN,HOU,54,7,7,16.09927024731085,21,28,175.0,6,5,4,2019,2019-12-08,2019120804
,HOU,DEN,74,3,8,-1.387371897340322,35,52,408.0,13,3,3,2019,2019-12-08,2019120804
,DET,MIN,67,1,3,-12.944769540615704,26,45,276.0,11,2,1,2019,2019-12-08,2019120805
,MIN,DET,69,3,3,0.5485572853091374,34,31,947.0,29,3,2,2019,2019-12-08,2019120805
,NO,SF,70,6,10,13.699687011139531,37,42,1521.0,47,6,6,2019,2019-12-08,2019120806
,SF,NO,62,9,15,22.39835496726982,32,39,715.0,22,8,6,2019,2019-12-08,2019120806
,MIA,NYJ,65,4,9,-2.6955238284329797,29,39,1030.0,32,6,0,2019,2019-12-08,2019120807
,NYJ,MIA,67,3,6,1.3872919365027714,27,36,1302.0,43,4,2,2019,2019-12-08,2019120807
,IND,TB,60,3,4,-2.5769027634386044,19,38,941.0,36,5,3,2019,2019-12-08,2019120808
,TB,IND,73,6,11,12.216501660231664,39,48,746.0,22,5,5,2019,2019-12-08,2019120808
,JAX,LAC,63,1,1,-6.960588753437676,27,40,649.0,19,3,1,2019,2019-12-08,2019120809
,LAC,JAX,56,7,11,33.828937189112665,30,28,633.0,17,6,6,2019,2019-12-08,2019120809
,ARI,PIT,57,2,3,-9.619335766312044,21,35,804.0,25,4,2,2019,2019-12-08,2019120810
,PIT,ARI,56,2,6,-1.711242493134482,23,22,1068.0,32,5,1,2019,2019-12-08,2019120810
,KC,NE,67,4,7,-1.6995069466873876,25,41,554.0,19,3,2,2019,2019-12-08,2019120811
,NE,KC,63,2,6,-15.450225326888678,21,40,452.0,17,4,2,2019,2019-12-08,2019120811
,LV,TEN,60,3,7,-0.5317398307902224,29,36,1168.0,35,4,3,2019,2019-12-08,2019120812
,TEN,LV,58,8,10,26.89121277753024,33,27,1209.0,39,7,5,2019,2019-12-08,2019120812
,LA,SEA,66,7,12,11.617531610705143,34,32,586.0,18,5,4,2019,2019-12-08,2019120813
,SEA,LA,62,2,8,-8.398478250734176,27,41,400.0,11,3,0,2019,2019-12-08,2019120813
,NYG,PHI,51,3,3,-6.665607815729434,17,32,740.0,27,3,2,2019,2019-12-09,2019120900
,PHI,NYG,85,5,7,0.6584824795987843,37,53,837.0,24,4,3,2019,2019-12-09,2019120900
,BAL,NYJ,59,8,11,24.85668701532138,29,25,619.0,16,7,6,2019,2019-12-12,2019121200
,NYJ,BAL,58,3,6,-9.308599251297807,24,34,214.0,7,4,2,2019,2019-12-12,2019121200
,CAR,SEA,71,2,8,3.662528650657575,39,42,32.0,2,3,3,2019,2019-12-15,2019121500
,SEA,CAR,61,4,10,18.111137040464026,26,29,664.0,18,5,4,2019,2019-12-15,2019121500
,CIN,NE,62,3,6,-13.962864518653145,26,31,922.0,24,2,1,2019,2019-12-15,2019121501
,NE,CIN,61,3,3,3.378896382828476,25,31,831.0,35,4,3,2019,2019-12-15,2019121501
,DET,TB,61,3,4,-13.764850103992272,23,44,135.0,5,2,2,2019,2019-12-15,2019121502
,TB,DET,69,10,11,19.97298950999444,30,44,422.0,13,5,4,2019,2019-12-15,2019121502
,CHI,GB,82,5,9,-11.205158435027856,32,55,838.0,26,3,1,2019,2019-12-15,2019121503
,GB,CHI,57,4,6,-2.9956802264907205,19,33,786.0,28,3,3,2019,2019-12-15,2019121503
,DEN,KC,57,3,3,-14.366903113645847,19,42,320.0,9,2,0,2019,2019-12-15,2019121504
,KC,DEN,63,4,7,11.69454259333162,31,39,415.0,13,5,2,2019,2019-12-15,2019121504
,MIA,NYG,69,6,10,-3.2283398671863286,27,44,1062.0,38,4,2,2019,2019-12-15,2019121505
,NYG,MIA,63,7,9,4.666577668360498,34,30,958.0,31,5,5,2019,2019-12-15,2019121505
,BUF,PIT,63,2,3,-9.597294963479948,22,26,1097.0,35,3,2,2019,2019-12-15,2019121506
,PIT,BUF,56,3,5,-22.484137711820516,19,42,950.0,26,2,1,2019,2019-12-15,2019121506
,HOU,TEN,63,4,5,8.726999794280811,29,28,1095.0,31,6,3,2019,2019-12-15,2019121507
,TEN,HOU,65,5,9,9.312003358298549,29,38,576.0,19,4,3,2019,2019-12-15,2019121507
,PHI,WAS,73,3,6,14.744231638609852,34,45,1297.0,42,5,4,2019,2019-12-15,2019121508
,WAS,PHI,51,3,6,2.638272799686554,22,29,966.0,32,3,3,2019,2019-12-15,2019121508
,ARI,CLE,59,4,12,19.607180660251316,29,25,1077.0,37,6,5,2019,2019-12-15,2019121509
,CLE,ARI,66,4,8,7.363860664673105,35,43,589.0,15,5,3,2019,2019-12-15,2019121509
,JAX,LV,53,3,5,0.7215897217847149,22,31,328.0,11,4,2,2019,2019-12-15,2019121510
,LV,JAX,72,4,6,6.597847637765631,30,40,1090.0,33,4,1,2019,2019-12-15,2019121510
,DAL,LA,67,7,10,25.65503870960454,35,23,1018.0,33,5,5,2019,2019-12-15,2019121511
,LA,DAL,69,2,3,-5.259169769000978,31,55,481.0,19,3,3,2019,2019-12-15,2019121511
,ATL,SF,61,2,4,3.2572638038072164,28,41,1043.0,29,3,3,2019,2019-12-15,2019121512
,SF,ATL,62,4,6,-1.904584278782964,28,35,1272.0,40,3,2,2019,2019-12-15,2019121512
,LAC,MIN,60,3,7,-21.21682919085759,31,41,766.0,25,2,1,2019,2019-12-15,2019121513
,MIN,LAC,59,3,5,5.358396465343029,24,25,855.0,27,7,3,2019,2019-12-15,2019121513
,IND,NO,52,3,4,-8.771869881470858,16,35,411.0,12,1,1,2019,2019-12-16,2019121600
,NO,IND,60,5,9,19.714599118970447,32,30,540.0,15,6,4,2019,2019-12-16,2019121600
,HOU,TB,62,2,4,-13.98249021628053,18,37,825.0,31,5,1,2019,2019-12-21,2019122100
,TB,HOU,71,5,10,-6.841360714356462,28,50,508.0,20,2,2,2019,2019-12-21,2019122100
,BUF,NE,53,4,5,0.33613928909249946,21,30,756.0,28,4,2,2019,2019-12-21,2019122101
,NE,BUF,67,4,8,8.54463716989971,33,34,1413.0,43,4,2,2019,2019-12-21,2019122101
,LA,SF,69,6,9,4.391532226136988,30,45,1369.0,47,4,4,2019,2019-12-21,2019122102
,SF,LA,54,4,9,-1.3391907219045933,25,33,483.0,15,6,3,2019,2019-12-21,2019122102
,DEN,DET,65,2,5,11.116731815365014,30,34,1005.0,32,6,3,2019,2019-12-22,2019122200
,DET,DEN,49,1,2,-4.883593908632111,20,28,1037.0,29,3,1,2019,2019-12-22,2019122200
,LAC,LV,55,2,7,1.8139627176230957,25,40,850.0,23,3,2,2019,2019-12-22,2019122201
,LV,LAC,62,4,4,11.951221749927418,28,33,1054.0,36,3,3,2019,2019-12-22,2019122201
,ATL,JAX,70,5,13,18.763140865772368,36,46,304.0,8,5,3,2019,2019-12-22,2019122205
,JAX,ATL,59,4,8,0.2647911802424545,22,36,0.0,0,3,1,2019,2019-12-22,2019122205
,BAL,CLE,69,4,8,19.263250492864852,38,31,1150.0,38,5,4,2019,2019-12-22,2019122206
,CLE,BAL,53,3,4,-2.315291473112087,21,35,835.0,24,2,2,2019,2019-12-22,2019122206
,CAR,IND,71,1,2,-11.678957076804819,26,50,83.0,4,3,0,2019,2019-12-22,2019122207
,IND,CAR,59,4,6,8.38881971464662,27,30,257.0,7,7,3,2019,2019-12-22,2019122207
,CIN,MIA,87,4,10,5.2846727695562485,33,61,73.0,2,5,4,2019,2019-12-22,2019122208
,MIA,CIN,84,6,13,16.473086409963102,36,54,490.0,17,6,5,2019,2019-12-22,2019122208
,NYJ,PIT,59,3,5,-10.677772301213809,19,28,719.0,27,2,1,2019,2019-12-22,2019122209
,PIT,NYJ,66,2,5,-11.459394814385139,22,41,746.0,22,2,1,2019,2019-12-22,2019122209
,NO,TEN,63,5,8,8.567828252740219,27,43,629.0,20,6,5,2019,2019-12-22,2019122210
,TEN,NO,58,6,9,4.815154533483919,25,32,436.0,16,4,4,2019,2019-12-22,2019122210
,NYG,WAS,69,9,10,28.943659206743117,33,43,616.0,24,6,6,2019,2019-12-22,2019122211
,WAS,NYG,67,4,8,11.269254649350037,28,41,588.0,17,5,5,2019,2019-12-22,2019122211
,DAL,PHI,62,2,6,-10.5067551683254,22,46,661.0,26,2,0,2019,2019-12-22,2019122212
,PHI,DAL,70,6,6,6.1232900468686084,36,41,1479.0,44,4,2,2019,2019-12-22,2019122212
,ARI,SEA,67,4,7,8.425828719667184,28,29,684.0,25,4,3,2019,2019-12-22,2019122213
,SEA,ARI,56,4,9,-13.164368441875192,18,36,668.0,21,2,1,2019,2019-12-22,2019122213
,CHI,KC,58,1,4,-11.323412401918224,19,36,334.0,10,1,0,2019,2019-12-22,2019122214
,KC,CHI,62,0,5,12.673954431161977,27,34,647.0,19,4,3,2019,2019-12-22,2019122214
,GB,MIN,73,1,6,-5.052354601444751,34,44,1598.0,51,4,2,2019,2019-12-23,2019122300
,MIN,GB,52,2,2,-20.538102963275882,15,36,833.0,28,2,1,2019,2019-12-23,2019122300
,BAL,PIT,68,2,5,-4.377781043092473,27,24,1413.0,40,5,1,2019,2019-12-29,2019122900
,PIT,BAL,47,1,4,-16.529067125052105,15,25,631.0,22,2,1,2019,2019-12-29,2019122900
,BUF,NYJ,60,4,7,-14.692854836695004,23,40,1037.0,36,2,0,2019,2019-12-29,2019122901
,NYJ,BUF,63,3,5,-6.01893304906964,23,38,1124.0,38,3,1,2019,2019-12-29,2019122901
,CAR,NO,69,4,6,-21.56649406298957,25,51,74.0,4,3,1,2019,2019-12-29,2019122902
,NO,CAR,62,4,7,14.274464062592806,31,31,634.0,19,6,5,2019,2019-12-29,2019122902
,CIN,CLE,65,6,9,12.5477008441702,28,29,1218.0,39,5,4,2019,2019-12-29,2019122903
,CLE,CIN,53,6,8,-0.483442153412881,20,33,518.0,16,4,3,2019,2019-12-29,2019122903
,DAL,WAS,71,7,11,16.376921971475085,33,36,767.0,25,6,5,2019,2019-12-29,2019122904
,WAS,DAL,59,4,6,-24.309804053811526,18,39,419.0,15,4,1,2019,2019-12-29,2019122904
,DET,GB,55,3,7,0.9074305260068305,21,30,878.0,26,2,2,2019,2019-12-29,2019122905
,GB,DET,85,5,8,6.914522130607766,34,56,580.0,20,4,2,2019,2019-12-29,2019122905
,HOU,TEN,65,4,6,1.190586164469602,27,40,801.0,26,2,2,2019,2019-12-29,2019122906
,TEN,HOU,57,5,9,29.967295081320007,35,21,1121.0,38,5,5,2019,2019-12-29,2019122906
,IND,JAX,55,3,9,-6.503459128135075,24,28,1132.0,36,3,2,2019,2019-12-29,2019122907
,JAX,IND,64,2,6,12.167431632988094,32,43,1207.0,40,6,3,2019,2019-12-29,2019122907
,KC,LAC,46,4,4,12.749758079428739,21,25,755.0,25,4,4,2019,2019-12-29,2019122908
,LAC,KC,74,3,8,9.988021245794295,36,49,1102.0,37,4,3,2019,2019-12-29,2019122908
,CHI,MIN,75,1,5,-0.930218192217839,33,41,1335.0,38,5,1,2019,2019-12-29,2019122909
,MIN,CHI,47,3,3,-2.6586826419253438,17,21,575.0,19,6,1,2019,2019-12-29,2019122909
,MIA,NE,68,6,8,11.862348509427516,32,46,1448.0,40,5,2,2019,2019-12-29,2019122910
,NE,MIA,57,3,4,3.2297744430741426,25,30,613.0,21,4,3,2019,2019-12-29,2019122910
,NYG,PHI,72,6,9,-14.875283764046072,31,51,969.0,35,4,2,2019,2019-12-29,2019122911
,PHI,NYG,72,6,9,6.432932148929871,27,41,1230.0,46,5,4,2019,2019-12-29,2019122911
,ATL,TB,86,3,3,-14.808667489502369,35,57,1239.0,45,7,1,2019,2019-12-29,2019122912
,TB,ATL,46,6,9,-5.0936813978615865,19,24,344.0,15,4,2,2019,2019-12-29,2019122912
,DEN,LV,55,0,4,-5.063458419068961,24,29,925.0,30,1,1,2019,2019-12-29,2019122913
,LV,DEN,69,7,10,-0.2993898636584752,23,47,1110.0,31,6,1,2019,2019-12-29,2019122913
,ARI,LA,59,7,9,4.985113623632436,30,42,453.0,17,4,3,2019,2019-12-29,2019122914
,LA,ARI,78,5,8,12.894986018873322,33,46,1450.0,48,4,4,2019,2019-12-29,2019122914
,SEA,SF,70,1,4,7.7826213219281675,30,40,196.0,7,4,3,2019,2019-12-29,2019122915
,SF,SEA,49,6,12,17.47209539342305,24,25,691.0,18,4,3,2019,2019-12-29,2019122915
2023_01_ARI_WAS,ARI,WAS,58,2,3,-20.418963168879884,18,33,1117.0,33,3,0,2023,2023-09-10,-1
2023_01_ARI_WAS,WAS,ARI,65,1,5,-19.121929445696278,25,37,1003.0,38,5,2,2023,2023-09-10,-1
2023_01_BUF_NYJ,BUF,NYJ,67,1,6,-4.54137186149834,33,45,1405.0,41,2,1,2023,2023-09-11,-1
2023_01_BUF_NYJ,NYJ,BUF,51,5,6,-2.418052696005075,20,25,601.0,18,3,1,2023,2023-09-11,-1
2023_01_CAR_ATL,ATL,CAR,47,3,5,-5.046221310338653,18,22,693.0,23,3,3,2023,2023-09-10,-1
2023_01_CAR_ATL,CAR,ATL,72,1,2,-19.42600821223845,28,40,1353.0,39,2,1,2023,2023-09-10,-1
2023_01_CIN_CLE,CIN,CLE,52,1,1,-24.199020485519068,11,34,632.0,23,0,0,2023,2023-09-10,-1
2023_01_CIN_CLE,CLE,CIN,73,2,6,-10.167320694659029,30,32,1159.0,42,3,2,2023,2023-09-10,-1
2023_01_DAL_NYG,DAL,NYG,55,2,4,3.29503706241871,24,25,216.0,7,7,3,2023,2023-09-10,-1
2023_01_DAL_NYG,NYG,DAL,65,2,3,-29.96907750086245,21,37,305.0,10,2,0,2023,2023-09-10,-1
2023_01_DET_KC,DET,KC,66,4,8,3.0899187595932744,27,35,1208.0,41,5,2,2023,2023-09-07,-1
2023_01_DET_KC,KC,DET,62,4,6,-9.035538197780014,25,39,1144.0,41,4,2,2023,2023-09-07,-1
2023_01_GB_CHI,CHI,GB,72,2,4,-12.73006913192665,30,42,780.0,24,4,2,2023,2023-09-10,-1
2023_01_GB_CHI,GB,CHI,60,4,6,9.342081415214285,22,28,884.0,30,5,4,2023,2023-09-10,-1
2023_01_HOU_BAL,BAL,HOU,59,3,6,-3.207510463422711,24,26,856.0,27,5,3,2023,2023-09-10,-1
2023_01_HOU_BAL,HOU,BAL,71,1,3,-19.518955686246535,22,48,798.0,29,3,0,2023,2023-09-10,-1
2023_01_JAX_IND,IND,JAX,69,3,4,-27.5119915738469,23,43,931.0,35,5,2,2023,2023-09-10,-1
2023_01_JAX_IND,JAX,IND,68,4,6,-15.881592165323408,34,34,1260.0,39,4,4,2023,2023-09-10,-1
2023_01_LA_SEA,LA,SEA,78,6,8,21.374298394601876,39,38,1429.0,43,4,3,2023,2023-09-10,-1
2023_01_LA_SEA,SEA,LA,46,1,2,-4.945188491408665,20,28,1024.0,33,3,1,2023,2023-09-10,-1
2023_01_LV_DEN,DEN,LV,57,2,4,-0.09798314009505349,26,35,1283.0,37,3,2,2023,2023-09-10,-1
2023_01_LV_DEN,LV,DEN,51,2,5,8.652417632913082,19,26,1098.0,32,4,2,2023,2023-09-10,-1
2023_01_MIA_LAC,LAC,MIA,76,4,6,11.599846000951818,44,36,1330.0,47,5,4,2023,2023-09-10,-1
2023_01_MIA_LAC,MIA,LAC,63,8,17,19.377959810574303,32,45,1072.0,38,6,4,2023,2023-09-10,-1
2023_01_PHI_NE,NE,PHI,79,2,7,-16.10189371836884,32,57,511.0,20,5,3,2023,2023-09-10,-1
2023_01_PHI_NE,PHI,NE,60,1,4,-8.945650889926558,21,36,722.0,23,3,1,2023,2023-09-10,-1
2023_01_SF_PIT,PIT,SF,60,3,4,-20.555152176937554,24,50,134.0,4,2,1,2023,2023-09-10,-1
2023_01_SF_PIT,SF,PIT,63,4,10,10.01599321296468,27,32,303.0,9,4,3,2023,2023-09-10,-1
2023_01_TB_MIN,MIN,TB,63,5,8,-8.318769558469123,25,46,1364.0,44,4,2,2023,2023-09-10,-1
2023_01_TB_MIN,TB,MIN,65,1,2,-6.790092917685764,22,35,925.0,35,3,2,2023,2023-09-10,-1
2023_01_TEN_NO,NO,TEN,62,5,8,-5.822095607764697,22,37,1121.0,38,4,1,2023,2023-09-10,-1
2023_01_TEN_NO,TEN,NO,59,3,7,-13.129960993742111,17,37,981.0,29,3,0,2023,2023-09-10,-1
2023_02_BAL_CIN,BAL,CIN,69,3,7,16.655071993300158,40,33,1341.0,45,4,3,2023,2023-09-17,-1
2023_02_BAL_CIN,CIN,BAL,57,2,4,3.472265105376229,28,42,807.0,21,5,2,2023,2023-09-17,-1
2023_02_CHI_TB,CHI,TB,51,6,6,-8.402451551600914,21,35,715.0,22,2,2,2023,2023-09-17,-1
2023_02_CHI_TB,TB,CHI,66,6,7,15.387752217399434,29,34,1359.0,44,6,2,2023,2023-09-17,-1
2023_02_CLE_PIT,CLE,PIT,83,4,7,-17.28357658661371,34,46,1185.0,44,3,2,2023,2023-09-18,-1
2023_02_CLE_PIT,PIT,CLE,51,5,7,-19.990256423463336,14,32,1009.0,35,3,1,2023,2023-09-18,-1
2023_02_GB_ATL,ATL,GB,77,4,6,8.860716038175593,38,33,1315.0,45,5,2,2023,2023-09-17,-1
2023_02_GB_ATL,GB,ATL,46,2,5,2.386606899284494,22,26,1030.0,29,4,3,2023,2023-09-17,-1
2023_02_IND_HOU,HOU,IND,76,7,10,-1.178322530898944,30,51,180.0,7,5,2,2023,2023-09-17,-1
2023_02_IND_HOU,IND,HOU,56,2,5,14.368740715113603,29,33,554.0,18,4,4,2023,2023-09-17,-1
2023_02_KC_JAX,JAX,KC,64,2,4,-21.452084666518815,24,46,1210.0,38,3,0,2023,2023-09-17,-1
2023_02_KC_JAX,KC,JAX,61,3,7,8.830993945520374,24,42,902.0,31,4,2,2023,2023-09-17,-1
2023_02_LAC_TEN,LAC,TEN,66,4,6,6.087229814983191,28,45,1064.0,35,5,2,2023,2023-09-17,-1
2023_02_LAC_TEN,TEN,LAC,63,4,4,0.6703147382787464,27,29,1040.0,32,4,3,2023,2023-09-17,-1
2023_02_LV_BUF,BUF,LV,72,3,8,22.093527902029027,43,39,968.0,31,7,5,2023,2023-09-17,-1
2023_02_LV_BUF,LV,BUF,39,3,7,-10.185242605619315,17,24,689.0,19,2,1,2023,2023-09-17,-1
2023_02_MIA_NE,MIA,NE,60,4,8,11.900682276306393,32,31,836.0,28,4,3,2023,2023-09-17,-1
2023_02_MIA_NE,NE,MIA,70,0,1,-5.572345036148376,37,46,409.0,14,2,2,2023,2023-09-17,-1
2023_02_MIN_PHI,MIN,PHI,55,6,9,4.457054619677365,25,46,531.0,19,4,4,2023,2023-09-14,-1
2023_02_MIN_PHI,PHI,MIN,75,3,4,10.696557104171555,38,27,1133.0,36,5,4,2023,2023-09-14,-1
2023_02_NO_CAR,CAR,NO,57,2,4,-8.352059151144113,25,38,751.0,25,3,1,2023,2023-09-18,-1
2023_02_NO_CAR,NO,CAR,71,3,5,2.814678922754818,34,41,1395.0,51,4,2,2023,2023-09-18,-1
2023_02_NYG_ARI,ARI,NYG,61,6,10,10.850102473197165,27,31,634.0,19,5,3,2023,2023-09-17,-1
2023_02_NYG_ARI,NYG,ARI,67,4,8,14.900090166951891,36,40,196.0,6,5,4,2023,2023-09-17,-1
2023_02_NYJ_DAL,DAL,NYJ,80,5,9,4.561283321957127,34,39,1398.0,47,6,2,2023,2023-09-17,-1
2023_02_NYJ_DAL,NYJ,DAL,45,1,4,-26.21498948550726,16,29,351.0,10,2,1,2023,2023-09-17,-1
2023_02_SEA_DET,DET,SEA,64,6,8,-2.712302298446456,32,37,1244.0,36,5,4,2023,2023-09-17,-1
2023_02_SEA_DET,SEA,DET,66,3,11,16.066502435083205,36,41,1257.0,38,6,4,2023,2023-09-17,-1
2023_02_SF_LA,LA,SF,77,1,5,-3.3933478643071124,36,55,1228.0,40,4,2,2023,2023-09-17,-1
2023_02_SF_LA,SF,LA,54,4,7,7.504805893849431,26,26,1024.0,31,5,3,2023,2023-09-17,-1
2023_02_WAS_DEN,DEN,WAS,62,4,8,8.295418930990127,28,39,648.0,19,6,4,2023,2023-09-17,-1
2023_02_WAS_DEN,WAS,DEN,67,6,9,13.470277582926037,32,43,904.0,25,4,4,2023,2023-09-17,-1
2023_03_ATL_DET,ATL,DET,65,2,5,-21.86697146816166,20,45,570.0,17,1,0,2023,2023-09-24,-1
2023_03_ATL_DET,DET,ATL,61,4,7,-0.9462876512218896,24,33,826.0,25,5,2,2023,2023-09-24,-1
2023_03_BUF_WAS,BUF,WAS,63,6,7,13.687169894755971,28,32,440.0,14,6,3,2023,2023-09-24,-1
2023_03_BUF_WAS,WAS,BUF,51,3,6,-30.53725057489707,20,38,322.0,9,2,0,2023,2023-09-24,-1
2023_03_CAR_SEA,CAR,SEA,75,5,9,3.436244259937655,29,61,919.0,34,4,3,2023,2023-09-24,-1
2023_03_CAR_SEA,SEA,CAR,68,5,9,14.226404663906893,37,39,1209.0,45,7,3,2023,2023-09-24,-1
2023_03_CHI_KC,CHI,KC,51,1,3,-15.385450914709871,19,25,330.0,9,2,1,2023,2023-09-24,-1
2023_03_CHI_KC,KC,CHI,73,4,9,17.22588519703479,38,38,651.0,20,6,5,2023,2023-09-24,-1
2023_03_DAL_ARI,ARI,DAL,53,6,7,11.58919939864271,29,24,1078.0,34,3,3,2023,2023-09-24,-1
2023_03_DAL_ARI,DAL,ARI,75,4,6,4.654986582326453,36,42,328.0,13,5,1,2023,2023-09-24,-1
2023_03_DEN_MIA,DEN,MIA,59,5,8,-15.63515519926644,20,39,75.0,2,5,2,2023,2023-09-24,-1
2023_03_DEN_MIA,MIA,DEN,70,8,17,46.05321261586505,44,28,751.0,20,10,10,2023,2023-09-24,-1
2023_03_HOU_JAX,HOU,JAX,56,3,5,12.327212955922793,27,30,627.0,18,7,4,2023,2023-09-24,-1
2023_03_HOU_JAX,JAX,HOU,69,3,7,-3.5002602157642846,32,42,426.0,16,3,2,2023,2023-09-24,-1
2023_03_IND_BAL,BAL,IND,72,3,6,-10.425225342506423,35,35,1116.0,33,3,2,2023,2023-09-24,-1
2023_03_IND_BAL,IND,BAL,84,4,5,-12.957003933434342,33,49,1127.0,42,2,1,2023,2023-09-24,-1
2023_03_LAC_MIN,LAC,MIN,63,9,9,12.294305999910328,32,49,1171.0,43,4,4,2023,2023-09-24,-1
2023_03_LAC_MIN,MIN,LAC,78,6,8,-0.01000626679137362,37,54,1024.0,34,6,3,2023,2023-09-24,-1
2023_03_LA_CIN,CIN,LA,70,2,3,-6.768131959495047,23,50,1154.0,42,1,1,2023,2023-09-25,-1
2023_03_LA_CIN,LA,CIN,52,6,8,-6.783308189373339,20,39,773.0,25,4,1,2023,2023-09-25,-1
2023_03_NE_NYJ,NE,NYJ,69,1,6,-0.48121654975269035,26,29,891.0,31,3,1,2023,2023-09-24,-1
2023_03_NE_NYJ,NYJ,NE,60,2,3,-22.391427107510463,17,38,371.0,11,1,1,2023,2023-09-24,-1
2023_03_NO_GB,GB,NO,68,4,6,-0.5454609233626075,28,46,393.0,12,4,2,2023,2023-09-24,-1
2023_03_NO_GB,NO,GB,60,2,4,-3.3098353881417095,26,38,394.0,14,3,1,2023,2023-09-24,-1
2023_03_NYG_SF,NYG,SF,47,0,2,-10.897301871749773,16,36,482.0,17,1,1,2023,2023-09-21,-1
2023_03_NYG_SF,SF,NYG,75,5,10,13.945913615619958,34,39,1566.0,49,6,3,2023,2023-09-21,-1
2023_03_PHI_TB,PHI,TB,78,7,10,7.134139041648099,42,38,786.0,28,7,2,2023,2023-09-25,-1
2023_03_PHI_TB,TB,PHI,45,2,5,-8.958666271306782,18,28,765.0,23,2,1,2023,2023-09-25,-1
2023_03_PIT_LV,LV,PIT,68,2,7,-9.815852710023627,34,49,671.0,25,3,2,2023,2023-09-24,-1
2023_03_PIT_LV,PIT,LV,59,2,5,1.048587954034875,22,29,1017.0,32,2,2,2023,2023-09-24,-1
2023_03_TEN_CLE,CLE,TEN,67,3,4,1.4582355797201778,31,36,992.0,28,3,3,2023,2023-09-24,-1
2023_03_TEN_CLE,TEN,CLE,45,2,3,-19.709184270010123,12,30,397.0,11,2,0,2023,2023-09-24,-1
2023_04_ARI_SF,ARI,SF,68,2,4,8.429846261100845,32,42,327.0,9,4,2,2023,2023-10-01,-1
2023_04_ARI_SF,SF,ARI,51,4,7,25.51993991160998,33,22,766.0,20,5,5,2023,2023-10-01,-1
2023_04_ATL_JAX,ATL,JAX,57,3,5,-17.12323376198765,24,35,173.0,4,2,1,2023,2023-10-01,-1
2023_04_ATL_JAX,JAX,ATL,61,3,5,0.40307448086573316,23,32,626.0,18,4,1,2023,2023-10-01,-1
2023_04_BAL_CLE,BAL,CLE,55,4,7,1.9245958927785978,23,22,645.0,17,4,4,2023,2023-10-01,-1
2023_04_BAL_CLE,CLE,BAL,64,1,3,-32.90219744779205,21,40,610.0,21,2,0,2023,2023-10-01,-1
2023_04_CIN_TEN,CIN,TEN,50,0,2,-11.494280395176277,26,33,563.0,20,1,0,2023,2023-10-01,-1
2023_04_CIN_TEN,TEN,CIN,61,6,8,12.329714340950233,29,29,746.0,22,5,3,2023,2023-10-01,-1
2023_04_DEN_CHI,CHI,DEN,70,9,11,6.856982014433015,34,39,680.0,18,5,4,2023,2023-10-01,-1
2023_04_DEN_CHI,DEN,CHI,47,3,5,16.410756083577528,25,29,510.0,14,4,3,2023,2023-10-01,-1
2023_04_DET_GB,DET,GB,72,6,7,9.9250152060732,35,30,545.0,15,7,4,2023,2023-09-28,-1
2023_04_DET_GB,GB,DET,55,3,6,-12.163970773386868,21,42,97.0,4,4,2,2023,2023-09-28,-1
2023_04_KC_NYJ,KC,NYJ,64,4,8,10.791673825079666,31,31,916.0,28,6,2,2023,2023-10-01,-1
2023_04_KC_NYJ,NYJ,KC,58,4,4,1.173420514597268,23,41,503.0,22,3,2,2023,2023-10-01,-1
2023_04_LA_IND,IND,LA,59,7,9,1.3538941431618294,24,29,137.0,5,3,3,2023,2023-10-01,-1
2023_04_LA_IND,LA,IND,78,7,9,13.669459464944568,36,42,477.0,17,3,2,2023,2023-10-01,-1
2023_04_LV_LAC,LAC,LV,59,4,7,-2.0231681592891486,20,26,850.0,26,4,3,2023,2023-10-01,-1
2023_04_LV_LAC,LV,LAC,69,2,4,-11.516497134793966,31,46,338.0,10,5,2,2023,2023-10-01,-1
2023_04_MIA_BUF,BUF,MIA,52,5,8,22.722504004482786,30,27,878.0,24,7,6,2023,2023-10-01,-1
2023_04_MIA_BUF,MIA,BUF,59,5,12,-0.7007861441378482,28,40,522.0,15,4,3,2023,2023-10-01,-1
2023_04_MIN_CAR,CAR,MIN,68,1,3,-17.431700964905048,26,37,1122.0,31,3,0,2023,2023-10-01,-1
2023_04_MIN_CAR,MIN,CAR,44,2,6,-6.782811524171848,23,21,640.0,21,4,2,2023,2023-10-01,-1
2023_04_NE_DAL,DAL,NE,66,4,8,7.52583432949804,32,40,563.0,19,7,2,2023,2023-10-01,-1
2023_04_NE_DAL,NE,DAL,55,4,5,-26.2920093861908,17,32,441.0,13,1,0,2023,2023-10-01,-1
2023_04_PIT_HOU,HOU,PIT,67,6,9,9.382849496128312,30,29,554.0,18,5,3,2023,2023-10-01,-1
2023_04_PIT_HOU,PIT,HOU,56,2,5,-15.793957932222646,19,31,229.0,7,2,0,2023,2023-10-01,-1
2023_04_SEA_NYG,NYG,SEA,74,2,4,-33.54247483841495,26,45,990.0,29,1,0,2023,2023-10-02,-1
2023_04_SEA_NYG,SEA,NYG,51,3,6,-5.859205148549454,20,28,337.0,14,5,2,2023,2023-10-02,-1
2023_04_TB_NO,NO,TB,60,1,1,-21.942395617535734,17,42,727.0,23,2,0,2023,2023-10-01,-1
2023_04_TB_NO,TB,NO,65,3,5,3.221388508663745,28,35,875.0,33,4,3,2023,2023-10-01,-1
2023_04_WAS_PHI,PHI,WAS,68,5,7,12.067733159793415,33,40,1131.0,35,4,3,2023,2023-10-01,-1
2023_04_WAS_PHI,WAS,PHI,74,4,9,15.069133996954923,30,46,1215.0,38,5,4,2023,2023-10-01,-1
2023_05_BAL_PIT,BAL,PIT,67,4,6,-15.272903619288153,28,42,1148.0,41,3,1,2023,2023-10-08,-1
2023_05_BAL_PIT,PIT,BAL,61,5,7,-1.7234359046723844,21,36,754.0,21,3,1,2023,2023-10-08,-1
2023_05_CAR_DET,CAR,DET,65,2,4,-5.1812095686831885,31,42,343.0,11,4,3,2023,2023-10-08,-1
2023_05_CAR_DET,DET,CAR,57,6,9,14.412369766272604,31,30,731.0,22,6,6,2023,2023-10-08,-1
2023_05_CHI_WAS,CHI,WAS,64,7,8,19.77261652472224,27,32,461.0,14,7,4,2023,2023-10-05,-1
2023_05_CHI_WAS,WAS,CHI,68,5,6,-7.029550686346935,28,57,70.0,2,3,2,2023,2023-10-05,-1
2023_05_CIN_ARI,ARI,CIN,57,3,6,-16.804472558491398,19,35,381.0,17,4,3,2023,2023-10-08,-1
2023_05_CIN_ARI,CIN,ARI,78,1,2,0.6051094836247146,41,49,1369.0,46,7,3,2023,2023-10-08,-1
2023_05_DAL_SF,DAL,SF,48,4,4,-21.440626894814045,17,30,140.0,6,2,1,2023,2023-10-08,-1
2023_05_DAL_SF,SF,DAL,66,4,9,13.304941447277088,40,26,906.0,26,7,6,2023,2023-10-08,-1
2023_05_GB_LV,GB,LV,57,2,3,-10.679585625621193,26,32,1023.0,28,3,1,2023,2023-10-09,-1
2023_05_GB_LV,LV,GB,61,3,7,-4.878331287216064,29,34,1278.0,40,3,2,2023,2023-10-09,-1
2023_05_HOU_ATL,ATL,HOU,73,6,10,-0.7382418616452644,35,39,1478.0,42,4,2,2023,2023-10-08,-1
2023_05_HOU_ATL,HOU,ATL,58,4,7,-3.8541940213913084,22,35,894.0,35,3,1,2023,2023-10-08,-1
2023_05_JAX_BUF,BUF,JAX,54,4,9,10.188157512413571,28,41,293.0,10,3,3,2023,2023-10-08,-1
2023_05_JAX_BUF,JAX,BUF,82,7,10,11.000588702300789,38,42,1244.0,45,5,3,2023,2023-10-08,-1
2023_05_KC_MIN,KC,MIN,63,3,4,10.832317345039343,28,42,1384.0,46,4,3,2023,2023-10-08,-1
2023_05_KC_MIN,MIN,KC,67,2,7,0.0208985285077814,29,49,927.0,31,4,2,2023,2023-10-08,-1
2023_05_NO_NE,NE,NO,51,2,3,-39.92663039209881,10,33,238.0,9,0,0,2023,2023-10-08,-1
2023_05_NO_NE,NO,NE,66,3,3,1.5537516597160748,25,28,547.0,16,5,3,2023,2023-10-08,-1
2023_05_NYG_MIA,MIA,NYG,52,7,8,5.06862547196215,31,30,529.0,20,5,4,2023,2023-10-08,-1
2023_05_NYG_MIA,NYG,MIA,68,2,6,-11.169302222720962,26,39,613.0,17,4,0,2023,2023-10-08,-1
2023_05_NYJ_DEN,DEN,NYJ,57,8,10,-12.515136646555526,22,34,828.0,26,4,2,2023,2023-10-08,-1
2023_05_NYJ_DEN,NYJ,DEN,62,3,6,0.1622099882404866,28,30,1194.0,38,8,1,2023,2023-10-08,-1
2023_05_PHI_LA,LA,PHI,55,2,6,-0.14798151346622035,22,41,908.0,33,2,2,2023,2023-10-08,-1
2023_05_PHI_LA,PHI,LA,78,4,7,11.595113734723157,38,39,1569.0,51,7,2,2023,2023-10-08,-1
2023_05_TEN_IND,IND,TEN,60,5,8,12.390891826485523,25,27,1165.0,38,6,2,2023,2023-10-08,-1
2023_05_TEN_IND,TEN,IND,56,4,6,5.58342420199914,24,35,1269.0,36,4,1,2023,2023-10-08,-1
2023_06_ARI_LA,ARI,LA,72,5,8,-18.847531737477613,26,43,1282.0,41,3,0,2023,2023-10-15,-1
2023_06_ARI_LA,LA,ARI,53,6,8,7.419422235023355,26,25,931.0,27,5,2,2023,2023-10-15,-1
2023_06_BAL_TEN,BAL,TEN,69,4,5,1.5583555552301607,34,31,1286.0,37,6,1,2023,2023-10-15,-1
2023_06_BAL_TEN,TEN,BAL,46,3,4,-9.063787607419833,18,27,515.0,14,4,1,2023,2023-10-15,-1
2023_06_CAR_MIA,CAR,MIA,68,3,7,-9.707879387785308,24,43,1070.0,36,4,2,2023,2023-10-15,-1
2023_06_CAR_MIA,MIA,CAR,62,6,7,11.094277631811565,29,32,715.0,23,6,6,2023,2023-10-15,-1
2023_06_DAL_LAC,DAL,LAC,59,3,9,4.407260206239687,24,35,959.0,32,4,2,2023,2023-10-16,-1
2023_06_DAL_LAC,LAC,DAL,61,4,7,-6.648160029986798,21,38,1369.0,43,4,2,2023,2023-10-16,-1
2023_06_DEN_KC,DEN,KC,50,1,3,-16.022778033176902,21,26,628.0,16,1,1,2023,2023-10-12,-1
2023_06_DEN_KC,KC,DEN,67,3,7,-1.8909018359305063,34,43,896.0,26,5,1,2023,2023-10-12,-1
2023_06_DET_TB,DET,TB,68,6,8,10.085737686974095,32,47,1292.0,40,4,2,2023,2023-10-15,-1
2023_06_DET_TB,TB,DET,54,3,6,-13.132825781785447,19,38,910.0,27,2,0,2023,2023-10-15,-1
2023_06_IND_JAX,IND,JAX,75,4,6,-15.565415991860302,27,58,502.0,14,4,2,2023,2023-10-15,-1
2023_06_IND_JAX,JAX,IND,58,2,5,-4.380836832660011,24,33,426.0,12,5,4,2023,2023-10-15,-1
2023_06_MIN_CHI,CHI,MIN,64,2,4,-23.272561573468604,31,29,1087.0,30,2,1,2023,2023-10-15,-1
2023_06_MIN_CHI,MIN,CHI,54,2,3,-10.493259326172208,22,33,801.0,31,2,1,2023,2023-10-15,-1
2023_06_NE_LV,LV,NE,62,3,6,0.725501000471032,23,32,1491.0,45,7,1,2023,2023-10-15,-1
2023_06_NE_LV,NE,LV,55,1,6,-0.30706028212420655,28,37,344.0,13,2,2,2023,2023-10-15,-1
2023_06_NO_HOU,HOU,NO,59,4,7,-2.0782847149130976,25,29,1297.0,39,4,2,2023,2023-10-15,-1
2023_06_NO_HOU,NO,HOU,78,3,7,2.7707776004905287,39,53,687.0,24,4,1,2023,2023-10-15,-1
2023_06_NYG_BUF,BUF,NYG,59,1,4,-1.0211756045355262,29,30,1157.0,36,2,2,2023,2023-10-15,-1
2023_06_NYG_BUF,NYG,BUF,71,4,5,-11.100187959829073,31,37,1054.0,36,5,0,2023,2023-10-15,-1
2023_06_PHI_NYJ,NYJ,PHI,58,2,5,-7.977971522163546,22,39,1050.0,35,5,1,2023,2023-10-15,-1
2023_06_PHI_NYJ,PHI,NYJ,69,3,3,-8.410722389145963,29,47,1179.0,38,3,2,2023,2023-10-15,-1
2023_06_SEA_CIN,CIN,SEA,52,2,2,-5.239469631312881,24,38,1047.0,33,2,2,2023,2023-10-15,-1
2023_06_SEA_CIN,SEA,CIN,70,6,9,-4.732607172984933,32,45,1201.0,37,5,1,2023,2023-10-15,-1
2023_06_SF_CLE,CLE,SF,69,4,5,-13.47349899981342,23,36,905.0,31,2,1,2023,2023-10-15,-1
2023_06_SF_CLE,SF,CLE,53,3,5,-10.288414377469616,16,29,1054.0,30,3,2,2023,2023-10-15,-1
2023_06_WAS_ATL,ATL,WAS,79,3,8,-13.590273248747714,30,49,732.0,25,3,2,2023,2023-10-15,-1
2023_06_WAS_ATL,WAS,ATL,48,2,5,-1.5539425813368033,17,28,811.0,26,4,3,2023,2023-10-15,-1
2023_07_ARI_SEA,ARI,SEA,63,2,6,-13.547590284313804,21,38,1003.0,34,2,1,2023,2023-10-22,-1
2023_07_ARI_SEA,SEA,ARI,56,5,7,1.198235595587503,26,26,1381.0,37,4,2,2023,2023-10-22,-1
2023_07_ATL_TB,ATL,TB,64,3,8,-3.031008620227666,28,26,1214.0,40,5,1,2023,2023-10-22,-1
2023_07_ATL_TB,TB,ATL,64,5,6,-8.483747345952725,22,45,1097.0,37,3,1,2023,2023-10-22,-1
2023_07_BUF_NE,BUF,NE,66,3,6,10.491453255005117,34,42,288.0,9,5,3,2023,2023-10-22,-1
2023_07_BUF_NE,NE,BUF,56,5,7,8.788264430579616,29,31,854.0,25,5,3,2023,2023-10-22,-1
2023_07_CLE_IND,CLE,IND,71,3,6,-11.611975148342403,24,38,820.0,32,4,3,2023,2023-10-22,-1
2023_07_CLE_IND,IND,CLE,67,8,10,-3.41799532607585,27,27,1086.0,35,5,4,2023,2023-10-22,-1
2023_07_DET_BAL,BAL,DET,54,10,12,25.554420086196963,28,28,593.0,16,6,5,2023,2023-10-22,-1
2023_07_DET_BAL,DET,BAL,73,4,6,-11.491958442507777,31,59,37.0,2,3,1,2023,2023-10-22,-1
2023_07_GB_DEN,DEN,GB,55,4,10,5.0462647661796405,24,30,1091.0,35,4,1,2023,2023-10-22,-1
2023_07_GB_DEN,GB,DEN,61,2,6,8.176458845755505,27,32,659.0,19,3,2,2023,2023-10-22,-1
2023_07_JAX_NO,JAX,NO,53,4,7,-2.225955213524121,22,30,653.0,25,4,3,2023,2023-10-19,-1
2023_07_JAX_NO,NO,JAX,88,1,9,-11.173282992452517,33,57,493.0,17,5,2,2023,2023-10-19,-1
2023_07_LAC_KC,KC,LAC,62,7,10,15.898010369562906,32,43,1215.0,38,5,4,2023,2023-10-22,-1
2023_07_LAC_KC,LAC,KC,60,6,8,2.8224382296981254,22,35,1090.0,35,3,2,2023,2023-10-22,-1
2023_07_LV_CHI,CHI,LV,67,0,3,12.711157078359749,35,31,882.0,25,4,3,2023,2023-10-22,-1
2023_07_LV_CHI,LV,CHI,61,0,3,-14.570786388783624,23,47,405.0,12,2,1,2023,2023-10-22,-1
2023_07_MIA_PHI,MIA,PHI,48,3,9,-7.248403738822138,21,36,825.0,23,3,1,2023,2023-10-22,-1
2023_07_MIA_PHI,PHI,MIA,65,6,7,6.953988836221975,30,34,1400.0,41,6,4,2023,2023-10-22,-1
2023_07_PIT_LA,LA,PIT,63,7,9,-2.7232771034641967,26,32,1463.0,46,2,2,2023,2023-10-22,-1
2023_07_PIT_LA,PIT,LA,52,4,6,3.1316440657281,27,27,814.0,24,3,3,2023,2023-10-22,-1
2023_07_SF_MIN,MIN,SF,64,5,9,10.539695524223117,27,44,1029.0,31,4,2,2023,2023-10-23,-1
2023_07_SF_MIN,SF,MIN,51,3,7,3.9953940284802085,29,30,374.0,11,3,2,2023,2023-10-23,-1
2023_07_WAS_NYG,NYG,WAS,62,7,9,-3.17288319103132,28,33,846.0,30,3,2,2023,2023-10-22,-1
2023_07_WAS_NYG,WAS,NYG,67,2,6,-15.421456445754284,24,48,537.0,20,3,1,2023,2023-10-22,-1
2023_08_ATL_TEN,ATL,TEN,65,5,5,-3.2581146678686457,27,40,695.0,26,3,2,2023,2023-10-29,-1
2023_08_ATL_TEN,TEN,ATL,64,4,5,4.248213676502928,27,31,1056.0,31,4,4,2023,2023-10-29,-1
2023_08_BAL_ARI,ARI,BAL,72,3,4,-13.877039031998487,34,40,1247.0,36,3,3,2023,2023-10-29,-1
2023_08_BAL_ARI,BAL,ARI,59,2,3,1.952946443824887,27,31,1069.0,34,4,4,2023,2023-10-29,-1
2023_08_CHI_LAC,CHI,LAC,62,1,4,-9.51057496464625,27,39,153.0,5,2,2,2023,2023-10-29,-1
2023_08_CHI_LAC,LAC,CHI,65,3,5,-1.3661684854254297,25,40,577.0,17,3,3,2023,2023-10-29,-1
2023_08_CIN_SF,CIN,SF,61,6,8,13.909654906213829,34,35,1178.0,38,5,4,2023,2023-10-29,-1
2023_08_CIN_SF,SF,CIN,56,8,13,-1.7762409651313344,30,33,1150.0,31,4,2,2023,2023-10-29,-1
2023_08_CLE_SEA,CLE,SEA,74,6,7,-6.349158598628778,31,35,767.0,25,5,2,2023,2023-10-29,-1
2023_08_CLE_SEA,SEA,CLE,54,5,8,3.7345653819158793,25,38,805.0,30,5,3,2023,2023-10-29,-1
2023_08_HOU_CAR,CAR,HOU,61,3,4,-9.465169104892068,20,37,999.0,34,4,1,2023,2023-10-29,-1
2023_08_HOU_CAR,HOU,CAR,57,2,4,-1.9801279089441524,23,27,1283.0,39,2,2,2023,2023-10-29,-1
2023_08_JAX_PIT,JAX,PIT,66,5,6,-6.044274067333788,32,35,1167.0,37,5,1,2023,2023-10-29,-1
2023_08_JAX_PIT,PIT,JAX,63,1,2,-15.211115714772024,24,45,829.0,28,2,1,2023,2023-10-29,-1
2023_08_KC_DEN,DEN,KC,65,2,3,-4.425983668691236,26,25,955.0,33,5,3,2023,2023-10-29,-1
2023_08_KC_DEN,KC,DEN,57,2,6,-18.08664671366695,22,41,809.0,26,3,0,2023,2023-10-29,-1
2023_08_LA_DAL,DAL,LA,60,5,9,9.778984671093522,30,37,473.0,15,7,4,2023,2023-10-29,-1
2023_08_LA_DAL,LA,DAL,60,5,5,-9.406511291413425,25,36,220.0,8,3,2,2023,2023-10-29,-1
2023_08_LV_DET,DET,LV,79,5,7,-10.5767163973259,33,38,1440.0,48,6,2,2023,2023-10-30,-1
2023_08_LV_DET,LV,DET,45,0,4,-23.548666536749806,20,27,274.0,10,2,1,2023,2023-10-30,-1
2023_08_MIN_GB,GB,MIN,62,2,6,-15.013090416992782,23,45,140.0,5,4,1,2023,2023-10-29,-1
2023_08_MIN_GB,MIN,GB,67,6,8,12.478114207910238,28,38,1097.0,34,5,3,2023,2023-10-29,-1
2023_08_NE_MIA,MIA,NE,70,5,9,5.7724719789750285,30,47,1272.0,41,6,4,2023,2023-10-29,-1
2023_08_NE_MIA,NE,MIA,50,2,4,-9.431252306360907,20,32,616.0,18,3,2,2023,2023-10-29,-1
2023_08_NO_IND,IND,NO,67,3,6,3.2022076532777177,25,43,1232.0,41,4,3,2023,2023-10-29,-1
2023_08_NO_IND,NO,IND,65,6,11,21.64655115434207,34,30,836.0,28,6,5,2023,2023-10-29,-1
2023_08_NYJ_NYG,NYG,NYJ,70,1,2,-26.076525925501226,16,18,1155.0,38,3,1,2023,2023-10-29,-1
2023_08_NYJ_NYG,NYJ,NYG,61,3,6,-25.214507325086743,19,39,752.0,26,3,1,2023,2023-10-29,-1
2023_08_PHI_WAS,PHI,WAS,60,4,11,11.069259484227176,25,40,824.0,24,7,5,2023,2023-10-29,-1
2023_08_PHI_WAS,WAS,PHI,69,5,12,4.741378351289313,35,53,930.0,30,4,4,2023,2023-10-29,-1
2023_08_TB_BUF,BUF,TB,67,3,9,6.6620670078377415,36,42,1142.0,35,6,3,2023,2023-10-26,-1
2023_08_TB_BUF,TB,BUF,62,4,6,-4.600897862403473,23,45,505.0,19,2,2,2023,2023-10-26,-1
2023_09_ARI_CLE,ARI,CLE,48,0,0,-38.608736875117756,7,27,344.0,10,0,0,2023,2023-11-05,-1
2023_09_ARI_CLE,CLE,ARI,70,2,5,-5.457852498297993,21,30,785.0,22,4,3,2023,2023-11-05,-1
2023_09_BUF_CIN,BUF,CIN,56,3,5,2.355899732303272,31,40,357.0,12,3,2,2023,2023-11-05,-1
2023_09_BUF_CIN,CIN,BUF,64,4,9,11.962475732218934,30,45,961.0,29,4,3,2023,2023-11-05,-1
2023_09_CHI_NO,CHI,NO,64,3,8,-6.125977648993294,28,32,1391.0,42,4,2,2023,2023-11-05,-1
2023_09_CHI_NO,NO,CHI,61,2,3,-3.8548550798802084,28,35,1043.0,34,5,3,2023,2023-11-05,-1
2023_09_DAL_PHI,DAL,PHI,70,7,10,8.455883318070839,33,49,930.0,31,5,3,2023,2023-11-05,-1
2023_09_DAL_PHI,PHI,DAL,59,4,6,11.41900998057099,29,26,1471.0,43,4,4,2023,2023-11-05,-1
2023_09_IND_CAR,CAR,IND,71,2,2,-21.197984882696762,26,43,241.0,10,2,1,2023,2023-11-05,-1
2023_09_IND_CAR,IND,CAR,54,0,2,-5.609433556102621,20,27,880.0,31,4,1,2023,2023-11-05,-1
2023_09_LAC_NYJ,LAC,NYJ,55,2,4,-6.542801852240836,18,35,309.0,11,4,2,2023,2023-11-06,-1
2023_09_LAC_NYJ,NYJ,LAC,77,2,4,-28.595272907064253,26,57,322.0,12,2,0,2023,2023-11-06,-1
2023_09_LA_GB,GB,LA,65,5,7,-0.762840435800642,30,29,1120.0,34,5,2,2023,2023-11-05,-1
2023_09_LA_GB,LA,GB,55,1,3,-24.690074955907278,16,29,1079.0,35,0,0,2023,2023-11-05,-1
2023_09_MIA_KC,KC,MIA,53,3,6,0.9709938109153882,23,32,866.0,27,3,2,2023,2023-11-05,-1
2023_09_MIA_KC,MIA,KC,58,2,6,-7.584019744186662,24,37,303.0,11,2,2,2023,2023-11-05,-1
2023_09_MIN_ATL,ATL,MIN,66,4,6,-7.749804464239439,23,38,964.0,33,4,2,2023,2023-11-05,-1
2023_09_MIN_ATL,MIN,ATL,73,5,8,-2.6704220971930743,29,41,1352.0,43,6,3,2023,2023-11-05,-1
2023_09_NYG_LV,LV,NYG,59,2,6,0.12058270356972622,28,25,635.0,17,4,3,2023,2023-11-05,-1
2023_09_NYG_LV,NYG,LV,63,3,3,-24.579692907645832,24,38,616.0,21,1,1,2023,2023-11-05,-1
2023_09_SEA_BAL,BAL,SEA,72,4,8,13.693345701245015,35,33,949.0,27,7,4,2023,2023-11-05,-1
2023_09_SEA_BAL,SEA,BAL,46,2,3,-20.49693550560466,11,32,512.0,15,1,0,2023,2023-11-05,-1
2023_09_TB_HOU,HOU,TB,64,8,12,19.125338365488684,29,45,862.0,28,6,5,2023,2023-11-05,-1
2023_09_TB_HOU,TB,HOU,63,4,9,9.466147718304583,25,32,1105.0,35,5,4,2023,2023-11-05,-1
2023_09_TEN_PIT,PIT,TEN,59,3,5,7.476937121486557,29,30,1154.0,34,4,2,2023,2023-11-02,-1
2023_09_TEN_PIT,TEN,PIT,67,7,9,-0.16901916469298772,27,42,1206.0,39,5,1,2023,2023-11-02,-1
2023_09_WAS_NE,NE,WAS,62,2,4,-5.556458756737564,22,44,779.0,30,2,2,2023,2023-11-05,-1
2023_09_WAS_NE,WAS,NE,76,6,8,2.8389439053120444,32,48,1511.0,49,5,2,2023,2023-11-05,-1
2023_10_ATL_ARI,ARI,ATL,60,3,6,-0.20626500404051562,30,35,1122.0,37,4,2,2023,2023-11-12,-1
2023_10_ATL_ARI,ATL,ARI,65,0,4,-2.063908582128586,26,25,1107.0,34,4,3,2023,2023-11-12,-1
2023_10_CAR_CHI,CAR,CHI,57,1,1,-7.862651985979374,15,41,774.0,29,3,0,2023,2023-11-09,-1
2023_10_CAR_CHI,CHI,CAR,69,0,3,-4.070277624480601,30,33,1382.0,48,2,1,2023,2023-11-09,-1
2023_10_CLE_BAL,BAL,CLE,50,4,7,-8.486512311242222,21,26,401.0,13,5,3,2023,2023-11-12,-1
2023_10_CLE_BAL,CLE,BAL,75,4,8,6.520118032432828,34,39,142.0,10,6,2,2023,2023-11-12,-1
2023_10_DEN_BUF,BUF,DEN,53,5,6,-3.350456453466788,27,27,727.0,25,3,3,2023,2023-11-13,-1
2023_10_DEN_BUF,DEN,BUF,69,1,4,-0.19973018978185442,27,33,1264.0,38,3,2,2023,2023-11-13,-1
2023_10_DET_LAC,DET,LAC,61,8,10,27.217963356686706,34,33,1276.0,41,8,5,2023,2023-11-12,-1
2023_10_DET_LAC,LAC,DET,68,4,9,13.718380866697892,32,40,850.0,29,5,5,2023,2023-11-12,-1
2023_10_GB_PIT,GB,PIT,64,8,8,4.120687345160186,24,40,1028.0,31,6,2,2023,2023-11-12,-1
2023_10_GB_PIT,PIT,GB,60,3,5,2.543345118672594,29,24,1070.0,34,3,2,2023,2023-11-12,-1
2023_10_HOU_CIN,CIN,HOU,59,5,9,0.03364603797608634,22,44,765.0,23,5,3,2023,2023-11-12,-1
2023_10_HOU_CIN,HOU,CIN,74,9,14,7.501856771493071,33,40,1199.0,41,6,3,2023,2023-11-12,-1
2023_10_IND_NE,IND,NE,53,3,3,-0.9482407697510253,23,28,950.0,33,1,1,2023,2023-11-12,-1
2023_10_IND_NE,NE,IND,68,2,5,0.05405105755415951,36,32,1353.0,39,4,0,2023,2023-11-12,-1
2023_10_NO_MIN,MIN,NO,68,5,6,6.788380396922768,30,35,889.0,25,4,3,2023,2023-11-12,-1
2023_10_NO_MIN,NO,MIN,63,3,7,-3.089873748972379,23,46,434.0,15,2,2,2023,2023-11-12,-1
2023_10_NYG_DAL,DAL,NYG,76,10,15,23.549783613576437,40,44,781.0,24,8,7,2023,2023-11-12,-1
2023_10_NYG_DAL,NYG,DAL,54,2,3,-13.522220447644841,17,32,347.0,11,4,2,2023,2023-11-12,-1
2023_10_NYJ_LV,LV,NYJ,62,2,4,-11.444731270408507,27,30,1055.0,36,1,1,2023,2023-11-12,-1
2023_10_NYJ_LV,NYJ,LV,63,6,7,-8.28717377993679,25,42,993.0,33,2,0,2023,2023-11-12,-1
2023_10_SF_JAX,JAX,SF,54,2,6,-25.459978012231353,15,37,92.0,3,2,0,2023,2023-11-12,-1
2023_10_SF_JAX,SF,JAX,57,8,11,18.354998329367685,28,30,584.0,20,7,4,2023,2023-11-12,-1
2023_10_TEN_TB,TB,TEN,60,5,10,3.1950661404316123,21,32,1253.0,37,4,2,2023,2023-11-12,-1
2023_10_TEN_TB,TEN,TB,59,2,6,-15.90646207461971,20,43,870.0,25,2,0,2023,2023-11-12,-1
2023_10_WAS_SEA,SEA,WAS,73,4,10,7.141064894974582,34,47,1036.0,41,3,2,2023,2023-11-12,-1
2023_10_WAS_SEA,WAS,SEA,61,3,8,6.658523867891771,25,47,1089.0,34,3,3,2023,2023-11-12,-1
2023_11_ARI_HOU,ARI,HOU,59,3,4,-3.3589331786162537,25,33,643.0,19,2,2,2023,2023-11-19,-1
2023_11_ARI_HOU,HOU,ARI,66,7,12,-3.490050182001177,30,42,1111.0,39,6,3,2023,2023-11-19,-1
2023_11_CHI_DET,CHI,DET,70,3,3,1.3207808303392707,33,25,1573.0,43,3,2,2023,2023-11-19,-1
2023_11_CHI_DET,DET,CHI,59,2,3,4.375325644548982,33,38,794.0,32,5,4,2023,2023-11-19,-1
2023_11_CIN_BAL,BAL,CIN,60,7,8,10.242441791059335,29,29,1088.0,35,5,4,2023,2023-11-16,-1
2023_11_CIN_BAL,CIN,BAL,59,1,4,3.114153842367506,28,36,725.0,26,3,2,2023,2023-11-16,-1
2023_11_DAL_CAR,CAR,DAL,58,1,3,-17.142594274385964,21,36,375.0,13,2,1,2023,2023-11-19,-1
2023_11_DAL_CAR,DAL,CAR,65,4,6,11.817900123464256,29,41,761.0,34,6,3,2023,2023-11-19,-1
2023_11_LAC_GB,GB,LAC,70,7,11,5.97049802643612,31,43,1458.0,48,4,3,2023,2023-11-19,-1
2023_11_LAC_GB,LAC,GB,61,5,7,3.983805947396247,25,38,993.0,30,5,2,2023,2023-11-19,-1
2023_11_LV_MIA,LV,MIA,59,4,7,-14.981388065355539,21,43,768.0,20,2,1,2023,2023-11-19,-1
2023_11_LV_MIA,MIA,LV,67,5,8,-6.956669910448591,25,40,1518.0,45,3,2,2023,2023-11-19,-1
2023_11_MIN_DEN,DEN,MIN,52,1,7,-2.1799394926063798,21,37,897.0,27,5,1,2023,2023-11-19,-1
2023_11_MIN_DEN,MIN,DEN,70,4,9,-1.4172046177100044,34,34,1443.0,40,4,2,2023,2023-11-19,-1
2023_11_NYG_WAS,NYG,WAS,54,8,9,-1.2360897403753963,19,35,853.0,31,5,3,2023,2023-11-19,-1
2023_11_NYG_WAS,WAS,NYG,77,4,7,-13.15257261828719,35,49,1089.0,32,3,2,2023,2023-11-19,-1
2023_11_NYJ_BUF,BUF,NYJ,69,3,6,6.491185686075079,25,33,552.0,19,6,3,2023,2023-11-19,-1
2023_11_NYJ_BUF,NYJ,BUF,55,0,3,-20.768082710346672,14,37,231.0,7,1,1,2023,2023-11-19,-1
2023_11_PHI_KC,KC,PHI,73,1,5,-9.629766598460265,25,43,1137.0,37,4,2,2023,2023-11-20,-1
2023_11_PHI_KC,PHI,KC,51,4,5,-1.006419912329875,20,27,681.0,18,3,3,2023,2023-11-20,-1
2023_11_PIT_CLE,CLE,PIT,71,0,3,-9.833817298344417,26,42,1386.0,48,3,1,2023,2023-11-19,-1
2023_11_PIT_CLE,PIT,CLE,56,2,3,-6.0059809867662395,20,31,865.0,27,2,1,2023,2023-11-19,-1
2023_11_SEA_LA,LA,SEA,58,2,5,-9.471732969561401,23,32,282.0,8,4,2,2023,2023-11-19,-1
2023_11_SEA_LA,SEA,LA,61,3,3,-0.5102174238093036,22,41,1107.0,33,2,1,2023,2023-11-19,-1
2023_11_TB_SF,SF,TB,57,5,7,12.085393802011655,30,29,936.0,29,5,3,2023,2023-11-19,-1
2023_11_TB_SF,TB,SF,66,2,4,-7.614884699636605,31,49,378.0,12,4,2,2023,2023-11-19,-1
2023_11_TEN_JAX,JAX,TEN,69,5,7,13.382500707761773,28,33,783.0,21,6,4,2023,2023-11-19,-1
2023_11_TEN_JAX,TEN,JAX,36,3,4,1.3672972251661122,15,19,590.0,16,2,2,2023,2023-11-19,-1
2023_12_BAL_LAC,BAL,LAC,67,3,6,1.7855365189107912,33,34,1221.0,38,3,2,2023,2023-11-26,-1
2023_12_BAL_LAC,LAC,BAL,66,3,5,-19.91028747222008,24,47,639.0,20,3,1,2023,2023-11-26,-1
2023_12_BUF_PHI,BUF,PHI,91,5,10,15.048925130648858,41,52,1313.0,49,5,4,2023,2023-11-26,-1
2023_12_BUF_PHI,PHI,BUF,64,4,8,2.2704851657114093,29,33,537.0,19,5,5,2023,2023-11-26,-1
2023_12_CAR_TEN,CAR,TEN,67,3,7,-9.290372301892095,23,35,891.0,28,1,1,2023,2023-11-26,-1
2023_12_CAR_TEN,TEN,CAR,49,2,7,2.0135667683789507,23,28,865.0,22,2,2,2023,2023-11-26,-1
2023_12_CHI_MIN,CHI,MIN,65,4,5,-7.859972252658542,24,40,1393.0,39,2,0,2023,2023-11-27,-1
2023_12_CHI_MIN,MIN,CHI,51,3,6,-26.08712585943892,15,34,933.0,28,2,1,2023,2023-11-27,-1
2023_12_CLE_DEN,CLE,DEN,70,2,6,-19.75684504080224,25,47,717.0,23,3,1,2023,2023-11-26,-1
2023_12_CLE_DEN,DEN,CLE,58,3,8,-1.5860335314646674,24,23,1002.0,31,6,3,2023,2023-11-26,-1
2023_12_GB_DET,DET,GB,79,8,11,-10.983437627044506,33,48,261.0,7,4,3,2023,2023-11-23,-1
2023_12_GB_DET,GB,DET,54,3,8,7.857694488419536,25,33,476.0,13,5,3,2023,2023-11-23,-1
2023_12_JAX_HOU,HOU,JAX,58,5,10,3.3148856056731884,26,40,700.0,26,3,3,2023,2023-11-26,-1
2023_12_JAX_HOU,JAX,HOU,68,6,8,2.5431430920908227,30,39,1386.0,45,3,2,2023,2023-11-26,-1
2023_12_KC_LV,KC,LV,56,3,7,14.801036531738934,29,35,804.0,25,5,4,2023,2023-11-26,-1
2023_12_KC_LV,LV,KC,58,3,7,-1.5324421884156467,19,35,1211.0,34,5,2,2023,2023-11-26,-1
2023_12_LA_ARI,ARI,LA,66,3,7,-9.13804951936924,25,50,478.0,18,2,2,2023,2023-11-26,-1
2023_12_LA_ARI,LA,ARI,66,6,7,22.100754609718823,37,33,984.0,30,6,5,2023,2023-11-26,-1
2023_12_MIA_NYJ,MIA,NYJ,67,4,6,2.788655315154807,30,31,922.0,29,6,3,2023,2023-11-24,-1
2023_12_MIA_NYJ,NYJ,MIA,55,0,0,-21.15284779324429,19,45,264.0,8,3,1,2023,2023-11-24,-1
2023_12_NE_NYG,NE,NYG,68,0,4,-11.14649154678007,28,37,1406.0,42,2,1,2023,2023-11-26,-1
2023_12_NE_NYG,NYG,NE,49,3,4,-11.873965837348885,15,31,882.0,29,2,1,2023,2023-11-26,-1
2023_12_NO_ATL,ATL,NO,61,3,7,3.114027673025337,29,21,1032.0,37,4,2,2023,2023-11-26,-1
2023_12_NO_ATL,NO,ATL,66,6,9,-2.937434851592518,31,39,1370.0,43,5,0,2023,2023-11-26,-1
2023_12_PIT_CIN,CIN,PIT,40,4,5,-6.245565324514157,14,30,806.0,24,2,1,2023,2023-11-26,-1
2023_12_PIT_CIN,PIT,CIN,65,6,8,5.1651941778954065,30,35,1483.0,43,4,1,2023,2023-11-26,-1
2023_12_SF_SEA,SEA,SF,54,2,3,-14.305243720839389,24,33,112.0,4,2,0,2023,2023-11-23,-1
2023_12_SF_SEA,SF,SEA,63,6,8,6.901258338237689,30,32,774.0,22,5,4,2023,2023-11-23,-1
2023_12_TB_IND,IND,TB,69,2,7,5.585949799265439,34,43,968.0,37,5,3,2023,2023-11-26,-1
2023_12_TB_IND,TB,IND,56,4,7,-4.716988103779598,26,37,625.0,19,4,2,2023,2023-11-26,-1
2023_12_WAS_DAL,DAL,WAS,51,7,11,23.34004314490393,27,33,632.0,22,6,5,2023,2023-11-23,-1
2023_12_WAS_DAL,WAS,DAL,75,3,6,-17.014285713013408,35,48,612.0,19,2,1,2023,2023-11-23,-1
2023_13_ARI_PIT,ARI,PIT,60,2,7,2.2857439494685745,21,25,853.0,34,4,3,2023,2023-12-03,-1
2023_13_ARI_PIT,PIT,ARI,57,3,4,-5.256261840543391,27,27,977.0,28,3,1,2023,2023-12-03,-1
2023_13_ATL_NYJ,ATL,NYJ,63,1,2,-14.344018222994507,19,30,1215.0,39,2,1,2023,2023-12-03,-1
2023_13_ATL_NYJ,NYJ,ATL,67,3,4,-23.39941789029738,17,42,1033.0,35,2,0,2023,2023-12-03,-1
2023_13_CAR_TB,CAR,TB,70,3,5,-5.991272679163265,32,35,1236.0,43,3,2,2023,2023-12-03,-1
2023_13_CAR_TB,TB,CAR,56,4,5,-2.539565837563714,17,30,865.0,31,4,3,2023,2023-12-03,-1
2023_13_CIN_JAX,CIN,JAX,72,6,10,14.001995233298928,37,41,1221.0,35,4,4,2023,2023-12-04,-1
2023_13_CIN_JAX,JAX,CIN,68,6,9,12.650863321585906,33,43,1239.0,37,5,4,2023,2023-12-04,-1
2023_13_CLE_LA,CLE,LA,69,5,5,-6.621451350640948,29,46,1263.0,39,3,2,2023,2023-12-03,-1
2023_13_CLE_LA,LA,CLE,61,5,7,7.196313095117423,26,37,959.0,37,6,4,2023,2023-12-03,-1
2023_13_DEN_HOU,DEN,HOU,58,3,5,-12.542453974767744,25,29,94.0,4,4,2,2023,2023-12-03,-1
2023_13_DEN_HOU,HOU,DEN,63,6,7,-3.412804075158715,22,34,630.0,20,5,2,2023,2023-12-03,-1
2023_13_DET_NO,DET,NO,55,5,6,8.471409727968176,21,27,460.0,13,6,4,2023,2023-12-03,-1
2023_13_DET_NO,NO,DET,66,6,9,-2.39067090745084,30,31,0.0,0,4,4,2023,2023-12-03,-1
2023_13_IND_TEN,IND,TEN,68,4,4,-0.741771333079793,29,46,1021.0,38,7,2,2023,2023-12-03,-1
2023_13_IND_TEN,TEN,IND,80,5,9,2.464804798519296,33,39,1196.0,37,4,3,2023,2023-12-03,-1
2023_13_KC_GB,GB,KC,63,4,7,19.07624101556967,31,38,1074.0,32,5,3,2023,2023-12-03,-1
2023_13_KC_GB,KC,GB,61,4,5,10.587897794452292,30,36,626.0,19,4,2,2023,2023-12-03,-1
2023_13_LAC_NE,LAC,NE,59,3,5,-8.724077144187355,24,37,1041.0,36,3,0,2023,2023-12-03,-1
2023_13_LAC_NE,NE,LAC,62,4,4,-17.027053538768087,24,30,1230.0,40,0,0,2023,2023-12-03,-1
2023_13_MIA_WAS,MIA,WAS,59,4,8,24.14235700370463,30,25,284.0,8,6,5,2023,2023-12-03,-1
2023_13_MIA_WAS,WAS,MIA,55,4,5,-9.715138156133818,16,27,280.0,9,2,2,2023,2023-12-03,-1
2023_13_SEA_DAL,DAL,SEA,78,2,9,13.825535988130392,39,46,1626.0,54,8,4,2023,2023-11-30,-1
2023_13_SEA_DAL,SEA,DAL,63,4,6,8.315279639384244,28,41,796.0,28,6,5,2023,2023-11-30,-1
2023_13_SF_PHI,PHI,SF,70,3,8,4.227674098468393,24,52,866.0,28,4,2,2023,2023-12-03,-1
2023_13_SF_PHI,SF,PHI,56,5,9,29.664553403039463,34,29,1029.0,32,6,6,2023,2023-12-03,-1
2023_14_BUF_KC,BUF,KC,70,4,5,1.2645222133221048,29,44,1000.0,36,3,2,2023,2023-12-10,-1
2023_14_BUF_KC,KC,BUF,62,3,8,-3.542548769576619,31,44,416.0,17,3,2,2023,2023-12-10,-1
2023_14_CAR_NO,CAR,NO,79,3,5,-25.811246234339933,28,40,853.0,25,2,0,2023,2023-12-10,-1
2023_14_CAR_NO,NO,CAR,50,1,2,-9.546872349335107,22,27,809.0,23,5,3,2023,2023-12-10,-1
2023_14_DEN_LAC,DEN,LAC,63,3,4,-3.1082974501916505,26,35,713.0,27,5,3,2023,2023-12-10,-1
2023_14_DEN_LAC,LAC,DEN,67,3,4,-31.556367934914306,25,48,737.0,27,2,1,2023,2023-12-10,-1
2023_14_DET_CHI,CHI,DET,65,3,7,2.76106468157594,21,37,1142.0,36,6,3,2023,2023-12-10,-1
2023_14_DET_CHI,DET,CHI,63,2,3,-9.302342623879667,26,39,610.0,22,2,2,2023,2023-12-10,-1
2023_14_GB_NYG,GB,NYG,67,3,7,-2.629464008606118,27,41,1111.0,34,5,2,2023,2023-12-11,-1
2023_14_GB_NYG,NYG,GB,54,5,6,0.5365417838222091,29,21,1267.0,33,4,3,2023,2023-12-11,-1
2023_14_HOU_NYJ,HOU,NYJ,52,2,4,-27.418125438591233,13,33,804.0,24,1,1,2023,2023-12-10,-1
2023_14_HOU_NYJ,NYJ,HOU,65,5,10,-0.44440641529857094,25,40,1203.0,33,3,3,2023,2023-12-10,-1
2023_14_IND_CIN,CIN,IND,57,5,7,4.141001354539362,23,25,1110.0,33,6,4,2023,2023-12-10,-1
2023_14_IND_CIN,IND,CIN,60,1,3,-2.6623405492821632,28,43,617.0,18,4,1,2023,2023-12-10,-1
2023_14_JAX_CLE,CLE,JAX,71,5,8,-8.383676889503565,30,46,1002.0,35,4,4,2023,2023-12-10,-1
2023_14_JAX_CLE,JAX,CLE,74,1,6,-13.935054268324048,26,55,525.0,22,4,4,2023,2023-12-10,-1
2023_14_LA_BAL,BAL,LA,71,5,8,11.955337113491392,31,46,855.0,35,5,3,2023,2023-12-10,-1
2023_14_LA_BAL,LA,BAL,73,7,10,7.4945771795110065,31,44,1303.0,42,6,3,2023,2023-12-10,-1
2023_14_MIN_LV,LV,MIN,53,2,2,-24.610473740904126,12,36,1178.0,35,1,0,2023,2023-12-10,-1
2023_14_MIN_LV,MIN,LV,71,2,4,-14.420350422765384,28,41,1160.0,38,1,0,2023,2023-12-10,-1
2023_14_NE_PIT,NE,PIT,55,3,6,-3.263128142163623,18,30,399.0,14,3,3,2023,2023-12-07,-1
2023_14_NE_PIT,PIT,NE,66,3,4,-20.189971192924638,26,39,392.0,11,3,2,2023,2023-12-07,-1
2023_14_PHI_DAL,DAL,PHI,74,6,6,2.7896161431700257,34,42,875.0,30,3,3,2023,2023-12-10,-1
2023_14_PHI_DAL,PHI,DAL,52,4,6,-9.242980984464351,23,29,181.0,6,2,0,2023,2023-12-10,-1
2023_14_SEA_SF,SEA,SF,56,9,10,-6.858372863396537,19,36,1051.0,30,3,2,2023,2023-12-10,-1
2023_14_SEA_SF,SF,SEA,52,11,11,13.677009066566825,23,30,937.0,25,4,4,2023,2023-12-10,-1
2023_14_TB_ATL,ATL,TB,69,6,10,-1.0820530949522045,30,43,932.0,34,4,3,2023,2023-12-10,-1
2023_14_TB_ATL,TB,ATL,67,2,3,-2.1525564949922793,25,30,1131.0,34,5,3,2023,2023-12-10,-1
2023_14_TEN_MIA,MIA,TEN,69,3,9,-2.6495372146010125,34,38,1210.0,37,6,2,2023,2023-12-11,-1
2023_14_TEN_MIA,TEN,MIA,68,7,9,4.556173824912043,31,40,1197.0,41,6,3,2023,2023-12-11,-1
2023_15_ATL_CAR,ATL,CAR,50,2,2,-15.13651958561968,18,20,1006.0,31,2,1,2023,2023-12-17,-1
2023_15_ATL_CAR,CAR,ATL,60,3,8,-11.740677794409873,22,27,1147.0,33,3,0,2023,2023-12-17,-1
2023_15_BAL_JAX,BAL,JAX,69,4,10,1.8019198449587006,37,27,1034.0,34,5,2,2023,2023-12-17,-1
2023_15_BAL_JAX,JAX,BAL,61,3,3,-13.769994025075142,22,44,783.0,25,4,1,2023,2023-12-17,-1
2023_15_CHI_CLE,CHI,CLE,70,4,7,-21.781681312479886,19,43,732.0,32,2,1,2023,2023-12-17,-1
2023_15_CHI_CLE,CLE,CHI,67,5,6,-24.81372413842488,23,49,891.0,27,5,2,2023,2023-12-17,-1
2023_15_DAL_BUF,BUF,DAL,62,3,7,11.564427375869151,33,16,727.0,23,5,4,2023,2023-12-17,-1
2023_15_DAL_BUF,DAL,BUF,57,0,2,-5.3683333133428,25,37,207.0,9,2,1,2023,2023-12-17,-1
2023_15_DEN_DET,DEN,DET,61,3,6,-7.82207880273927,25,34,293.0,11,4,2,2023,2023-12-16,-1
2023_15_DEN_DET,DET,DEN,64,7,11,21.1238771348726,32,36,764.0,23,6,6,2023,2023-12-16,-1
2023_15_HOU_TEN,HOU,TEN,72,3,9,-7.944736002207977,32,40,372.0,12,3,1,2023,2023-12-17,-1
2023_15_HOU_TEN,TEN,HOU,63,5,6,-11.45935217762379,17,33,710.0,21,3,1,2023,2023-12-17,-1
2023_15_KC_NE,KC,NE,58,6,8,-1.1806570989632554,20,41,849.0,27,6,3,2023,2023-12-17,-1
2023_15_KC_NE,NE,KC,51,1,6,-16.180059835434623,18,35,850.0,22,4,2,2023,2023-12-17,-1
2023_15_LAC_LV,LAC,LV,63,2,3,-23.616258164751343,26,35,181.0,5,3,3,2023,2023-12-14,-1
2023_15_LAC_LV,LV,LAC,63,6,8,15.905291635659523,31,37,336.0,13,9,7,2023,2023-12-14,-1
2023_15_MIN_CIN,CIN,MIN,67,4,5,9.91552839846157,34,47,699.0,22,5,3,2023,2023-12-16,-1
2023_15_MIN_CIN,MIN,CIN,67,4,9,9.440375709126428,33,37,1175.0,37,6,3,2023,2023-12-16,-1
2023_15_NYG_NO,NO,NYG,55,1,8,4.822314329724998,24,30,1110.0,32,3,3,2023,2023-12-17,-1
2023_15_NYG_NO,NYG,NO,60,2,4,-18.065525294680537,15,44,799.0,31,0,0,2023,2023-12-17,-1
2023_15_NYJ_MIA,MIA,NYJ,55,2,4,5.938689452388441,20,29,589.0,13,6,3,2023,2023-12-17,-1
2023_15_NYJ_MIA,NYJ,MIA,55,1,2,-31.15086657050415,11,43,245.0,9,0,0,2023,2023-12-17,-1
2023_15_PHI_SEA,PHI,SEA,69,1,5,7.8884949001508815,35,31,1447.0,48,3,2,2023,2023-12-18,-1
2023_15_PHI_SEA,SEA,PHI,58,3,5,3.343613134629538,24,35,674.0,20,4,2,2023,2023-12-18,-1
2023_15_PIT_IND,IND,PIT,64,4,7,3.4303422942883928,27,31,848.0,29,6,3,2023,2023-12-16,-1
2023_15_PIT_IND,PIT,IND,54,1,7,-17.27766719533247,18,30,758.0,24,2,2,2023,2023-12-16,-1
2023_15_SF_ARI,ARI,SF,73,4,10,0.2764627797558692,29,43,910.0,27,4,3,2023,2023-12-17,-1
2023_15_SF_ARI,SF,ARI,51,5,10,21.740361591317374,27,27,728.0,25,6,5,2023,2023-12-17,-1
2023_15_TB_GB,GB,TB,57,6,9,1.8036269680312982,26,41,781.0,22,5,2,2023,2023-12-17,-1
2023_15_TB_GB,TB,GB,58,10,14,21.140646811042846,30,33,1179.0,39,6,4,2023,2023-12-17,-1
2023_15_WAS_LA,LA,WAS,74,5,7,-1.3215351911248447,32,36,1034.0,29,5,3,2023,2023-12-17,-1
2023_15_WAS_LA,WAS,LA,58,3,6,-8.377670573856449,22,37,483.0,15,4,3,2023,2023-12-17,-1
2023_16_ARI_CHI,ARI,CHI,60,4,7,-9.449411840775742,19,40,312.0,10,2,2,2023,2023-12-24,-1
2023_16_ARI_CHI,CHI,ARI,67,5,6,7.806396912173266,29,28,608.0,18,5,3,2023,2023-12-24,-1
2023_16_BAL_SF,BAL,SF,62,4,5,3.9088991649865203,28,37,922.0,34,7,3,2023,2023-12-25,-1
2023_16_BAL_SF,SF,BAL,68,7,11,-15.56749515143775,29,50,866.0,24,5,2,2023,2023-12-25,-1
2023_16_BUF_LAC,BUF,LAC,52,3,7,3.581388850711429,21,22,866.0,25,4,3,2023,2023-12-23,-1
2023_16_BUF_LAC,LAC,BUF,65,4,7,-6.168413204014843,23,38,1023.0,34,3,1,2023,2023-12-23,-1
2023_16_CIN_PIT,CIN,PIT,62,4,6,-12.959044911248004,26,46,492.0,14,4,1,2023,2023-12-23,-1
2023_16_CIN_PIT,PIT,CIN,58,3,4,12.787016225273,27,28,375.0,10,5,4,2023,2023-12-23,-1
2023_16_CLE_HOU,CLE,HOU,77,6,8,8.731790771315339,32,46,665.0,20,7,5,2023,2023-12-24,-1
2023_16_CLE_HOU,HOU,CLE,68,0,5,-18.211896975408308,21,52,475.0,14,3,3,2023,2023-12-24,-1
2023_16_DAL_MIA,DAL,MIA,60,5,5,3.606300910232421,28,36,735.0,23,4,2,2023,2023-12-24,-1
2023_16_DAL_MIA,MIA,DAL,62,3,9,2.2244450571940524,32,38,1351.0,43,4,1,2023,2023-12-24,-1
2023_16_DET_MIN,DET,MIN,75,1,6,13.564972715599032,38,41,1489.0,47,5,4,2023,2023-12-24,-1
2023_16_DET_MIN,MIN,DET,50,11,11,1.6104647779858374,20,39,693.0,20,4,3,2023,2023-12-24,-1
2023_16_GB_CAR,CAR,GB,63,5,12,11.52657773896362,30,37,518.0,14,4,4,2023,2023-12-24,-1
2023_16_GB_CAR,GB,CAR,63,6,7,16.460487647901942,31,29,1174.0,37,5,4,2023,2023-12-24,-1
2023_16_IND_ATL,ATL,IND,63,4,10,8.244785712335718,32,33,983.0,33,5,2,2023,2023-12-24,-1
2023_16_IND_ATL,IND,ATL,67,1,7,-16.077479514896865,23,43,796.0,29,2,1,2023,2023-12-24,-1
2023_16_JAX_TB,JAX,TB,63,3,6,-12.84272374296016,28,50,188.0,6,3,2,2023,2023-12-24,-1
2023_16_JAX_TB,TB,JAX,70,3,8,3.66930412189087,28,37,813.0,22,6,3,2023,2023-12-24,-1
2023_16_LV_KC,KC,LV,74,3,4,-18.54580327721938,30,49,557.0,17,4,2,2023,2023-12-25,-1
2023_16_LV_KC,LV,KC,50,2,4,-8.982057545258572,17,23,662.0,21,5,0,2023,2023-12-25,-1
2023_16_NE_DEN,DEN,NE,66,2,4,-6.118615972751053,31,43,901.0,27,4,3,2023,2023-12-24,-1
2023_16_NE_DEN,NE,DEN,55,5,6,-4.144568597907485,19,34,1083.0,31,4,2,2023,2023-12-24,-1
2023_16_NO_LA,LA,NO,66,5,10,13.734747537398935,32,35,658.0,23,6,3,2023,2023-12-21,-1
2023_16_NO_LA,NO,LA,58,5,8,-3.046813559500035,22,43,495.0,19,3,3,2023,2023-12-21,-1
2023_16_NYG_PHI,NYG,PHI,58,3,4,-3.7297623399292936,19,31,408.0,12,3,2,2023,2023-12-25,-1
2023_16_NYG_PHI,PHI,NYG,74,4,10,9.630653669961792,40,39,581.0,19,6,3,2023,2023-12-25,-1
2023_16_SEA_TEN,SEA,TEN,59,4,6,7.740255058173123,25,39,984.0,32,4,2,2023,2023-12-24,-1
2023_16_SEA_TEN,TEN,SEA,63,1,2,5.956678312696916,32,32,1139.0,35,3,2,2023,2023-12-24,-1
2023_16_WAS_NYJ,NYJ,WAS,85,1,6,-20.398540722193676,37,49,128.0,5,6,3,2023,2023-12-24,-1
2023_16_WAS_NYJ,WAS,NYJ,58,2,5,-10.59918685653247,21,36,49.0,3,4,4,2023,2023-12-24,-1
2023_17_ARI_PHI,ARI,PHI,72,4,6,18.418995024740042,42,32,960.0,27,7,4,2023,2023-12-31,-1
2023_17_ARI_PHI,PHI,ARI,47,2,6,10.692353513786239,24,24,606.0,23,5,3,2023,2023-12-31,-1
2023_17_ATL_CHI,ATL,CHI,59,5,5,-4.291212171980888,23,35,472.0,14,3,2,2023,2023-12-31,-1
2023_17_ATL_CHI,CHI,ATL,72,9,10,9.174649825360031,28,35,849.0,25,5,4,2023,2023-12-31,-1
2023_17_CAR_JAX,CAR,JAX,53,0,1,-24.12327728397213,18,38,515.0,16,0,0,2023,2023-12-31,-1
2023_17_CAR_JAX,JAX,CAR,58,3,4,6.150608806587884,21,27,905.0,29,6,2,2023,2023-12-31,-1
2023_17_CIN_KC,CIN,KC,71,2,5,-5.389389915979175,24,39,1672.0,49,4,2,2023,2023-12-31,-1
2023_17_CIN_KC,KC,CIN,51,6,8,2.4284111585228345,19,31,672.0,24,3,1,2023,2023-12-31,-1
2023_17_DET_DAL,DAL,DET,61,5,6,-2.4978123732620974,28,41,1091.0,34,3,2,2023,2023-12-30,-1
2023_17_DET_DAL,DET,DAL,65,6,9,-2.9252677032757157,29,34,1308.0,40,4,2,2023,2023-12-30,-1
2023_17_GB_MIN,GB,MIN,71,5,7,19.411534267777803,38,34,751.0,22,6,4,2023,2023-12-31,-1
2023_17_GB_MIN,MIN,GB,51,2,3,-17.286070017915872,19,36,111.0,3,3,1,2023,2023-12-31,-1
2023_17_LAC_DEN,DEN,LAC,65,2,4,-3.115171510303525,27,34,1102.0,37,3,1,2023,2023-12-31,-1
2023_17_LAC_DEN,LAC,DEN,62,2,7,-8.522436483876453,24,38,629.0,21,1,0,2023,2023-12-31,-1
2023_17_LA_NYG,LA,NYG,60,3,8,1.098572350165341,29,38,1293.0,36,4,4,2023,2023-12-31,-1
2023_17_LA_NYG,NYG,LA,67,4,8,-4.54974931614906,26,47,819.0,27,5,2,2023,2023-12-31,-1
2023_17_LV_IND,IND,LV,52,4,6,7.2126573153545905,21,24,808.0,28,4,2,2023,2023-12-31,-1
2023_17_LV_IND,LV,IND,74,2,6,5.6233838605357125,32,49,750.0,23,3,2,2023,2023-12-31,-1
2023_17_MIA_BAL,BAL,MIA,53,7,11,32.16391707974253,30,23,621.0,19,8,8,2023,2023-12-31,-1
2023_17_MIA_BAL,MIA,BAL,67,4,11,-10.169059301314851,26,42,812.0,27,4,2,2023,2023-12-31,-1
2023_17_NE_BUF,BUF,NE,66,1,5,-4.314965323799402,31,31,1085.0,35,6,2,2023,2023-12-31,-1
2023_17_NE_BUF,NE,BUF,52,2,8,-14.705004312103952,20,29,529.0,17,3,3,2023,2023-12-31,-1
2023_17_NO_TB,NO,TB,67,2,3,4.920149810449902,24,35,991.0,28,4,2,2023,2023-12-31,-1
2023_17_NO_TB,TB,NO,50,5,8,-8.343195691311731,18,36,308.0,9,2,2,2023,2023-12-31,-1
2023_17_NYJ_CLE,CLE,NYJ,58,7,10,-3.3195743201718573,26,30,494.0,15,7,4,2023,2023-12-28,-1
2023_17_NYJ_CLE,NYJ,CLE,68,6,8,-12.042661860177407,27,47,247.0,7,4,1,2023,2023-12-28,-1
2023_17_PIT_SEA,PIT,SEA,70,7,9,19.85821813287196,36,25,1404.0,41,7,3,2023,2023-12-31,-1
2023_17_PIT_SEA,SEA,PIT,49,6,9,6.008090329622501,23,34,850.0,27,3,2,2023,2023-12-31,-1
2023_17_SF_WAS,SF,WAS,66,2,8,15.05912417220177,42,29,1465.0,39,6,3,2023,2023-12-31,-1
2023_17_SF_WAS,WAS,SF,43,3,5,-7.8765243694309675,21,29,413.0,12,2,1,2023,2023-12-31,-1
2023_17_TEN_HOU,HOU,TEN,61,2,5,0.15434979412752825,29,33,846.0,23,5,1,2023,2023-12-31,-1
2023_17_TEN_HOU,TEN,HOU,53,2,5,-22.75372695831673,15,32,307.0,10,1,0,2023,2023-12-31,-1
2023_18_ATL_NO,ATL,NO,60,3,6,-18.002090242378024,25,35,608.0,23,4,2,2023,2024-01-07,-1
2023_18_ATL_NO,NO,ATL,66,6,9,13.561903482026322,30,31,1272.0,40,8,6,2023,2024-01-07,-1
2023_18_BUF_MIA,BUF,MIA,75,5,8,5.55640746827703,37,41,1447.0,48,6,2,2023,2024-01-07,-1
2023_18_BUF_MIA,MIA,BUF,48,3,7,1.8381184949539602,21,28,905.0,29,2,2,2023,2024-01-07,-1
2023_18_CHI_GB,CHI,GB,46,2,4,-4.396640683344982,19,21,1064.0,28,2,0,2023,2024-01-07,-1
2023_18_CHI_GB,GB,CHI,58,3,8,13.682270292469974,32,33,1313.0,39,4,2,2023,2024-01-07,-1
2023_18_CLE_CIN,CIN,CLE,61,4,8,0.6577485726803687,29,31,502.0,13,4,4,2023,2024-01-07,-1
2023_18_CLE_CIN,CLE,CIN,52,3,6,-13.223392687679734,19,29,226.0,6,2,2,2023,2024-01-07,-1
2023_18_DAL_WAS,DAL,WAS,69,3,9,25.09891498983331,43,40,784.0,30,7,5,2023,2024-01-07,-1
2023_18_DAL_WAS,WAS,DAL,48,0,3,-14.374750091296864,17,32,845.0,28,2,1,2023,2024-01-07,-1
2023_18_DEN_LV,DEN,LV,58,6,7,-2.5985429087886587,24,39,685.0,22,2,2,2023,2024-01-07,-1
2023_18_DEN_LV,LV,DEN,63,4,6,8.274190781608285,28,34,784.0,31,4,3,2023,2024-01-07,-1
2023_18_HOU_IND,HOU,IND,56,4,5,6.716904834314528,27,28,974.0,30,3,3,2023,2024-01-06,-1
2023_18_HOU_IND,IND,HOU,63,4,6,-0.6402918063010135,26,26,1124.0,35,5,1,2023,2024-01-06,-1
2023_18_JAX_TEN,JAX,TEN,66,1,3,-4.142880186791672,32,43,627.0,18,4,2,2023,2024-01-07,-1
2023_18_JAX_TEN,TEN,JAX,52,4,9,6.558484519890044,24,29,897.0,25,4,4,2023,2024-01-07,-1
2023_18_KC_LAC,KC,LAC,58,3,3,-8.333791430843185,20,31,1072.0,37,2,0,2023,2024-01-07,-1
2023_18_KC_LAC,LAC,KC,80,2,7,-18.658100115065903,36,50,1177.0,43,3,0,2023,2024-01-07,-1
2023_18_LA_SF,LA,SF,62,1,4,6.23407130919816,32,27,518.0,17,3,3,2023,2024-01-07,-1
2023_18_LA_SF,SF,LA,57,2,5,8.965477748096342,31,28,1376.0,42,4,3,2023,2024-01-07,-1
2023_18_MIN_DET,DET,MIN,56,5,6,7.888625211852849,24,33,635.0,20,6,4,2023,2024-01-07,-1
2023_18_MIN_DET,MIN,DET,70,9,10,-1.0242881458064215,27,48,491.0,14,3,2,2023,2024-01-07,-1
2023_18_NYJ_NE,NE,NYJ,58,1,3,-32.44967222353306,11,37,899.0,30,1,0,2023,2024-01-07,-1
2023_18_NYJ_NE,NYJ,NE,64,2,2,-14.771142644017374,21,21,1324.0,38,3,1,2023,2024-01-07,-1
2023_18_PHI_NYG,NYG,PHI,66,4,9,5.8303229728467425,33,36,649.0,20,6,3,2023,2024-01-07,-1
2023_18_PHI_NYG,PHI,NYG,65,2,5,-18.33886751264673,27,41,441.0,16,2,1,2023,2024-01-07,-1
2023_18_PIT_BAL,BAL,PIT,56,2,5,-16.060432545306192,21,32,829.0,26,2,1,2023,2024-01-06,-1
2023_18_PIT_BAL,PIT,BAL,61,2,3,-4.139715632911269,30,23,1469.0,40,3,2,2023,2024-01-06,-1
2023_18_SEA_ARI,ARI,SEA,69,9,12,16.04904816731959,30,31,1215.0,33,4,2,2023,2024-01-07,-1
2023_18_SEA_ARI,SEA,ARI,54,4,7,6.078157485866325,26,29,1142.0,39,4,2,2023,2024-01-07,-1
2023_18_TB_CAR,CAR,TB,50,2,3,-15.514699119286123,13,21,1137.0,34,0,0,2023,2024-01-07,-1
2023_18_TB_CAR,TB,CAR,61,2,2,-5.741241558853652,25,35,1039.0,36,3,0,2023,2024-01-07,-1
2023_19_CLE_HOU,CLE,HOU,70,2,6,-21.5032563196728,27,50,697.0,21,2,2,2023,2024-01-13,-1
2023_19_CLE_HOU,HOU,CLE,41,6,8,10.160653546403585,15,22,755.0,21,7,4,2023,2024-01-13,-1
2023_19_GB_DAL,DAL,GB,91,3,7,5.091516165400506,52,64,215.0,7,5,4,2023,2024-01-14,-1
2023_19_GB_DAL,GB,DAL,53,7,9,25.286813218612224,28,21,625.0,17,7,6,2023,2024-01-14,-1
2023_19_LA_DET,DET,LA,52,4,6,10.105868018537963,26,30,1320.0,38,3,3,2023,2024-01-14,-1
2023_19_LA_DET,LA,DET,55,7,11,15.89098749265402,25,38,735.0,21,5,2,2023,2024-01-14,-1
2023_19_MIA_KC,KC,MIA,75,7,7,3.8154131076280042,27,41,1006.0,35,6,2,2023,2024-01-13,-1
2023_19_MIA_KC,MIA,KC,59,1,4,-12.819315511267632,19,41,510.0,14,1,1,2023,2024-01-13,-1
2023_19_PHI_TB,PHI,TB,54,2,5,-9.023847760405673,16,38,530.0,19,2,1,2023,2024-01-15,-1
2023_19_PHI_TB,TB,PHI,69,6,10,11.860142244999937,33,40,678.0,25,4,3,2023,2024-01-15,-1
2023_19_PIT_BUF,BUF,PIT,65,4,5,12.591464936511834,31,32,380.0,11,5,4,2023,2024-01-15,-1
2023_19_PIT_BUF,PIT,BUF,62,1,6,-8.957409980760794,25,39,209.0,6,3,2,2023,2024-01-15,-1
2023_20_GB_SF,GB,SF,62,4,6,-2.0111098065001456,27,35,1419.0,44,5,2,2023,2024-01-20,-1
2023_20_GB_SF,SF,GB,62,4,7,10.459060295410298,29,39,998.0,34,3,3,2023,2024-01-20,-1
2023_20_HOU_BAL,BAL,HOU,67,2,8,14.751019562101742,31,25,1306.0,38,5,4,2023,2024-01-20,-1
2023_20_HOU_BAL,HOU,BAL,46,3,5,-10.18767846520327,14,33,843.0,29,1,0,2023,2024-01-20,-1
2023_20_KC_BUF,BUF,KC,78,0,5,11.168969854150639,45,39,1567.0,51,4,3,2023,2024-01-21,-1
2023_20_KC_BUF,KC,BUF,43,8,9,10.531213634000505,23,23,971.0,27,5,3,2023,2024-01-21,-1
2023_20_TB_DET,DET,TB,67,4,8,12.806548021770423,37,45,1049.0,40,5,4,2023,2024-01-21,-1
2023_20_TB_DET,TB,DET,61,6,10,4.105020199258825,29,46,1176.0,37,3,3,2023,2024-01-21,-1
2023_21_DET_SF,DET,SF,72,4,10,9.267056779036656,36,43,773.0,25,5,4,2023,2024-01-28,-1
2023_21_DET_SF,SF,DET,64,8,10,14.041988660332327,30,33,567.0,19,5,4,2023,2024-01-28,-1
2023_21_KC_BAL,BAL,KC,56,4,6,-9.92795673023916,23,41,501.0,16,2,1,2023,2024-01-28,-1
2023_21_KC_BAL,KC,BAL,70,2,4,1.9308565432256417,30,41,1204.0,38,3,2,2023,2024-01-28,-1
2023_22_SF_KC,KC,SF,79,5,8,-1.465480741992601,35,49,798.0,24,6,2,2023,2024-02-11,-1
2023_22_SF_KC,SF,KC,70,4,9,-0.24985986886317768,31,40,1023.0,34,3,2,2023,2024-02-11,-1
2024_01_ARI_BUF,ARI,BUF,60,4,4,3.8000999668915876,23,35,1403.0,39,5,3,2024,2024-09-08,-1
2024_01_ARI_BUF,BUF,ARI,57,3,6,12.658808090675048,33,25,672.0,18,7,4,2024,2024-09-08,-1
2024_01_BAL_KC,BAL,KC,74,2,8,5.968048274103536,40,42,812.0,27,5,2,2024,2024-09-05,-1
2024_01_BAL_KC,KC,BAL,49,6,9,10.21190489983416,22,30,678.0,20,5,3,2024,2024-09-05,-1
2024_01_CAR_NO,CAR,NO,55,2,3,-26.697909597183664,16,35,0.0,0,2,1,2024,2024-09-08,-1
2024_01_CAR_NO,NO,CAR,62,2,8,12.760839239990032,29,25,236.0,6,6,5,2024,2024-09-08,-1
2024_01_DAL_CLE,CLE,DAL,70,2,4,-19.030507287359796,18,51,256.0,10,2,2,2024,2024-09-08,-1
2024_01_DAL_CLE,DAL,CLE,59,2,4,-6.545754757930839,21,35,759.0,25,4,2,2024,2024-09-08,-1
2024_01_DEN_SEA,DEN,SEA,69,2,4,-21.464335067130634,19,44,1197.0,39,6,1,2024,2024-09-08,-1
2024_01_DEN_SEA,SEA,DEN,58,3,6,-4.633521315043341,25,28,1101.0,35,4,3,2024,2024-09-08,-1
2024_01_GB_PHI,GB,PHI,59,7,9,10.76438967986201,25,37,968.0,34,6,3,2024,2024-09-06,-1
2024_01_GB_PHI,PHI,GB,73,5,7,4.115990937979539,34,35,1221.0,42,7,4,2024,2024-09-06,-1
2024_01_HOU_IND,HOU,IND,75,2,5,10.555858777225787,36,36,1409.0,46,3,3,2024,2024-09-08,-1
2024_01_HOU_IND,IND,HOU,44,3,4,2.283054551095236,19,21,814.0,25,5,4,2024,2024-09-08,-1
2024_01_JAX_MIA,JAX,MIA,50,5,7,-7.398182453956745,20,24,724.0,22,3,2,2024,2024-09-08,-1
2024_01_JAX_MIA,MIA,JAX,65,5,6,1.5647658228128842,26,40,521.0,16,3,2,2024,2024-09-08,-1
2024_01_LA_DET,DET,LA,61,4,5,6.452360015730485,31,30,1017.0,29,5,3,2024,2024-09-08,-1
2024_01_LA_DET,LA,DET,74,4,6,3.247287117393915,35,51,864.0,34,5,2,2024,2024-09-08,-1
2024_01_LV_LAC,LAC,LV,52,3,4,-4.604417127876656,19,27,883.0,27,4,2,2024,2024-09-08,-1
2024_01_LV_LAC,LV,LAC,59,4,6,-19.755463456772954,19,37,1100.0,33,2,1,2024,2024-09-08,-1
2024_01_MIN_NYG,MIN,NYG,50,3,6,7.7777367369271815,24,25,664.0,16,4,3,2024,2024-09-08,-1
2024_01_MIN_NYG,NYG,MIN,68,2,4,-24.292470483223557,21,47,535.0,15,3,0,2024,2024-09-08,-1
2024_01_NE_CIN,CIN,NE,48,1,2,-8.589582452536447,20,32,600.0,17,2,1,2024,2024-09-08,-1
2024_01_NE_CIN,NE,CIN,61,0,6,-0.4208560782647619,27,25,950.0,30,4,1,2024,2024-09-08,-1
2024_01_NYJ_SF,NYJ,SF,50,2,4,-2.468170907959342,22,31,630.0,17,3,3,2024,2024-09-09,-1
2024_01_NYJ_SF,SF,NYJ,69,5,7,6.9413415834204955,31,32,999.0,32,5,2,2024,2024-09-09,-1
2024_01_PIT_ATL,ATL,PIT,49,1,3,-17.217866569651186,21,27,983.0,32,2,1,2024,2024-09-08,-1
2024_01_PIT_ATL,PIT,ATL,66,3,3,-6.586437835322001,26,25,1157.0,36,2,0,2024,2024-09-08,-1
2024_01_TEN_CHI,CHI,TEN,52,1,1,-12.942634671405699,20,32,550.0,19,3,0,2024,2024-09-08,-1
2024_01_TEN_CHI,TEN,CHI,61,3,5,-16.112823552424537,23,35,570.0,16,3,2,2024,2024-09-08,-1
2024_01_WAS_TB,TB,WAS,59,5,9,15.715355853534017,31,31,1077.0,30,6,4,2024,2024-09-08,-1
2024_01_WAS_TB,WAS,TB,56,2,5,6.755298008016237,27,27,361.0,10,3,3,2024,2024-09-08,-1
2024_02_ATL_PHI,ATL,PHI,57,3,8,8.647228052165264,27,31,1176.0,41,4,2,2024,2024-09-16,-1
2024_02_ATL_PHI,PHI,ATL,68,1,6,8.113727795763895,32,31,1270.0,34,5,2,2024,2024-09-16,-1
2024_02_BUF_MIA,BUF,MIA,42,3,4,9.690081024859483,18,19,645.0,19,4,3,2024,2024-09-12,-1
2024_02_BUF_MIA,MIA,BUF,75,1,8,-20.004718818820198,33,41,704.0,18,4,1,2024,2024-09-12,-1
2024_02_CHI_HOU,CHI,HOU,66,2,4,-20.70017838832519,21,44,844.0,24,1,1,2024,2024-09-15,-1
2024_02_CHI_HOU,HOU,CHI,60,3,11,-8.980791762202092,21,39,894.0,33,2,1,2024,2024-09-15,-1
2024_02_CIN_KC,CIN,KC,61,2,3,2.7980500954112397,32,39,1146.0,37,4,2,2024,2024-09-15,-1
2024_02_CIN_KC,KC,CIN,60,1,2,-5.0770331484783195,28,28,1251.0,40,4,2,2024,2024-09-15,-1
2024_02_CLE_JAX,CLE,JAX,65,4,4,1.4520252778972815,26,36,1105.0,31,3,1,2024,2024-09-15,-1
2024_02_CLE_JAX,JAX,CLE,54,7,7,-1.8356145371866477,22,33,217.0,6,4,1,2024,2024-09-15,-1
2024_02_IND_GB,GB,IND,67,3,9,-0.13950143123191383,24,14,591.0,16,3,1,2024,2024-09-15,-1
2024_02_IND_GB,IND,GB,52,4,10,-4.976085545033671,22,34,37.0,2,2,1,2024,2024-09-15,-1
2024_02_LAC_CAR,CAR,LAC,46,1,1,-22.56840755162023,11,28,267.0,7,1,0,2024,2024-09-15,-1
2024_02_LAC_CAR,LAC,CAR,62,2,5,6.903749682897969,33,21,857.0,23,4,3,2024,2024-09-15,-1
2024_02_LA_ARI,ARI,LA,62,8,12,21.503444251158044,34,22,141.0,5,6,5,2024,2024-09-15,-1
2024_02_LA_ARI,LA,ARI,52,4,5,-13.678188088281264,23,32,155.0,5,3,1,2024,2024-09-15,-1
2024_02_LV_BAL,BAL,LV,61,2,9,-0.6614633788656032,27,34,1017.0,33,3,2,2024,2024-09-15,-1
2024_02_LV_BAL,LV,BAL,59,5,6,-9.748741219812395,24,43,660.0,19,4,2,2024,2024-09-15,-1
2024_02_NO_DAL,DAL,NO,65,2,5,-11.17071453279761,25,44,343.0,11,4,1,2024,2024-09-15,-1
2024_02_NO_DAL,NO,DAL,53,3,6,24.446380556355727,31,17,653.0,19,7,6,2024,2024-09-15,-1
2024_02_NYG_WAS,NYG,WAS,53,4,6,5.238832593983039,23,31,753.0,30,3,3,2024,2024-09-15,-1
2024_02_NYG_WAS,WAS,NYG,67,6,9,10.484702621481208,30,34,1648.0,47,7,0,2024,2024-09-15,-1
2024_02_NYJ_TEN,NYJ,TEN,55,4,6,1.960697474749054,23,32,966.0,33,4,3,2024,2024-09-15,-1
2024_02_NYJ_TEN,TEN,NYJ,60,3,7,-5.37248549814994,22,32,965.0,30,5,2,2024,2024-09-15,-1
2024_02_PIT_DEN,DEN,PIT,56,4,6,-13.614556924358165,19,37,520.0,15,3,0,2024,2024-09-15,-1
2024_02_PIT_DEN,PIT,DEN,58,0,2,-6.99639081468877,17,22,968.0,28,2,1,2024,2024-09-15,-1
2024_02_SEA_NE,NE,SEA,66,2,5,3.724737983883555,29,30,1268.0,40,4,2,2024,2024-09-15,-1
2024_02_SEA_NE,SEA,NE,64,2,6,1.4227055531765362,30,46,938.0,35,4,2,2024,2024-09-15,-1
2024_02_SF_MIN,MIN,SF,51,3,9,-2.15289213751057,25,29,623.0,22,5,2,2024,2024-09-15,-1
2024_02_SF_MIN,SF,MIN,67,6,8,-4.990429638810595,33,42,877.0,23,4,2,2024,2024-09-15,-1
2024_02_TB_DET,DET,TB,82,4,12,-5.696779462482474,35,55,1277.0,47,7,1,2024,2024-09-15,-1
2024_02_TB_DET,TB,DET,46,2,7,-4.598892464447363,17,24,992.0,28,3,2,2024,2024-09-15,-1
2024_03_BAL_DAL,BAL,DAL,58,5,7,21.660420632748135,29,15,369.0,10,4,4,2024,2024-09-22,-1
2024_03_BAL_DAL,DAL,BAL,72,6,14,0.4449975050454009,26,56,291.0,11,4,3,2024,2024-09-22,-1
2024_03_CAR_LV,CAR,LV,69,6,9,13.928446813121374,35,40,996.0,31,6,4,2024,2024-09-22,-1
2024_03_CAR_LV,LV,CAR,60,3,6,-4.983656691647094,28,44,627.0,19,3,3,2024,2024-09-22,-1
2024_03_CHI_IND,CHI,IND,84,3,7,-16.932268998057957,30,56,1306.0,48,3,2,2024,2024-09-22,-1
2024_03_CHI_IND,IND,CHI,51,5,6,-10.867424057621974,18,21,1033.0,32,4,3,2024,2024-09-22,-1
2024_03_DEN_TB,DEN,TB,63,4,6,5.325847452020199,33,36,351.0,9,5,2,2024,2024-09-22,-1
2024_03_DEN_TB,TB,DEN,56,1,1,-21.069854849920375,25,40,191.0,6,2,1,2024,2024-09-22,-1
2024_03_DET_ARI,ARI,DET,53,2,4,-12.635484090792357,22,35,424.0,11,1,1,2024,2024-09-22,-1
2024_03_DET_ARI,DET,ARI,66,3,7,2.9554516502539627,37,25,1047.0,29,3,3,2024,2024-09-22,-1
2024_03_GB_TEN,GB,TEN,59,7,9,6.848581196818472,23,22,515.0,14,5,2,2024,2024-09-22,-1
2024_03_GB_TEN,TEN,GB,53,4,7,-19.46254349296214,23,42,307.0,9,2,2,2024,2024-09-22,-1
2024_03_HOU_MIN,HOU,MIN,62,2,9,-13.563009933367972,19,48,373.0,10,2,1,2024,2024-09-22,-1
2024_03_HOU_MIN,MIN,HOU,59,4,5,6.420213160452155,28,32,332.0,10,5,4,2024,2024-09-22,-1
2024_03_JAX_BUF,BUF,JAX,59,3,8,26.345245508782877,29,31,551.0,18,7,6,2024,2024-09-23,-1
2024_03_JAX_BUF,JAX,BUF,68,2,4,-16.552145299330515,25,51,33.0,2,4,1,2024,2024-09-23,-1
2024_03_KC_ATL,ATL,KC,55,3,6,-5.47307807337217,22,31,704.0,21,4,2,2024,2024-09-22,-1
2024_03_KC_ATL,KC,ATL,69,1,4,6.864621803087319,41,39,1747.0,56,4,2,2024,2024-09-22,-1
2024_03_LAC_PIT,LAC,PIT,45,1,4,-7.410723155930017,15,25,885.0,27,2,1,2024,2024-09-22,-1
2024_03_LAC_PIT,PIT,LAC,63,5,6,8.291241797772603,29,34,1311.0,39,5,2,2024,2024-09-22,-1
2024_03_MIA_SEA,MIA,SEA,56,2,4,-24.11246703026806,19,38,87.0,3,2,0,2024,2024-09-22,-1
2024_03_MIA_SEA,SEA,MIA,58,2,8,-0.26917268051147447,26,37,306.0,9,3,3,2024,2024-09-22,-1
2024_03_NE_NYJ,NE,NYJ,48,1,3,-19.18396169129793,16,33,231.0,7,1,0,2024,2024-09-19,-1
2024_03_NE_NYJ,NYJ,NE,70,4,6,17.951893447644196,40,37,888.0,24,4,3,2024,2024-09-19,-1
2024_03_NYG_CLE,CLE,NYG,63,3,3,-23.77503791260454,23,46,488.0,16,2,2,2024,2024-09-22,-1
2024_03_NYG_CLE,NYG,CLE,66,4,5,2.927586030627149,29,37,1038.0,32,4,3,2024,2024-09-22,-1
2024_03_PHI_NO,NO,PHI,55,2,4,-11.135703123412782,16,27,986.0,29,4,1,2024,2024-09-22,-1
2024_03_PHI_NO,PHI,NO,65,8,9,2.106559463275457,28,42,1242.0,40,4,2,2024,2024-09-22,-1
2024_03_SF_LA,LA,SF,55,3,5,6.5763587507883114,24,29,165.0,7,5,3,2024,2024-09-22,-1
2024_03_SF_LA,SF,LA,65,4,7,13.020351471133901,31,31,1234.0,37,4,3,2024,2024-09-22,-1
2024_03_WAS_CIN,CIN,WAS,61,3,9,22.499544858926644,34,41,865.0,23,6,4,2024,2024-09-23,-1
2024_03_WAS_CIN,WAS,CIN,55,4,5,28.34371539679947,33,25,1056.0,30,5,5,2024,2024-09-23,-1
2024_04_BUF_BAL,BAL,BUF,54,5,9,15.858140129974345,27,20,274.0,8,5,5,2024,2024-09-29,-1
2024_04_BUF_BAL,BUF,BAL,57,4,4,-7.730313275405908,20,34,494.0,14,2,1,2024,2024-09-29,-1
2024_04_CIN_CAR,CAR,CIN,69,3,6,0.25438662738211293,33,41,1090.0,35,4,3,2024,2024-09-29,-1
2024_04_CIN_CAR,CIN,CAR,62,4,4,10.3635472129586,27,31,809.0,28,4,4,2024,2024-09-29,-1
2024_04_CLE_LV,CLE,LV,57,1,3,-6.722891984466265,21,35,947.0,30,3,1,2024,2024-09-29,-1
2024_04_CLE_LV,LV,CLE,53,1,6,-8.445430038809434,21,26,684.0,21,3,2,2024,2024-09-29,-1
2024_04_DAL_NYG,DAL,NYG,50,1,4,10.395751244950498,27,28,913.0,29,1,1,2024,2024-09-26,-1
2024_04_DAL_NYG,NYG,DAL,64,2,6,-2.876192745829102,23,41,1427.0,39,3,0,2024,2024-09-26,-1
2024_04_DEN_NYJ,DEN,NYJ,54,2,3,-15.385771922841997,17,25,1076.0,32,1,1,2024,2024-09-29,-1
2024_04_DEN_NYJ,NYJ,DEN,70,5,5,-19.9419709591808,21,47,1117.0,39,2,0,2024,2024-09-29,-1
2024_04_JAX_HOU,HOU,JAX,68,7,11,10.672615306365815,32,42,1203.0,37,4,3,2024,2024-09-29,-1
2024_04_JAX_HOU,JAX,HOU,57,4,6,-0.7668057526300087,25,34,1191.0,37,3,2,2024,2024-09-29,-1
2024_04_KC_LAC,KC,LAC,55,3,6,-4.839372262173731,26,32,555.0,19,3,2,2024,2024-09-29,-1
2024_04_KC_LAC,LAC,KC,53,3,4,-11.34336938389785,15,29,912.0,25,3,1,2024,2024-09-29,-1
2024_04_LA_CHI,CHI,LA,52,3,3,4.3294815744539115,26,26,831.0,29,5,3,2024,2024-09-29,-1
2024_04_LA_CHI,LA,CHI,58,2,7,2.2078063916866943,30,33,1398.0,40,4,1,2024,2024-09-29,-1
2024_04_MIN_GB,GB,MIN,75,7,10,-9.305819762605815,30,56,297.0,8,5,4,2024,2024-09-29,-1
2024_04_MIN_GB,MIN,GB,61,4,8,2.0402873923288793,31,30,481.0,12,7,4,2024,2024-09-29,-1
2024_04_NE_SF,NE,SF,62,2,2,-29.518823003222366,20,38,327.0,10,3,1,2024,2024-09-29,-1
2024_04_NE_SF,SF,NE,59,7,9,7.879376908098043,24,28,574.0,16,5,2,2024,2024-09-29,-1
2024_04_NO_ATL,ATL,NO,51,3,6,1.004543723286782,21,36,822.0,30,3,1,2024,2024-09-29,-1
2024_04_NO_ATL,NO,ATL,70,1,5,4.210411410511087,35,37,1334.0,41,4,3,2024,2024-09-29,-1
2024_04_PHI_TB,PHI,TB,55,3,4,-3.621269555471372,24,36,52.0,2,3,2,2024,2024-09-29,-1
2024_04_PHI_TB,TB,PHI,73,4,12,15.239048761219331,37,49,471.0,13,6,4,2024,2024-09-29,-1
2024_04_PIT_IND,IND,PIT,63,5,7,7.159371505478269,26,32,616.0,21,5,3,2024,2024-09-29,-1
2024_04_PIT_IND,PIT,IND,67,5,6,-3.953830994258169,31,37,160.0,6,4,3,2024,2024-09-29,-1
2024_04_SEA_DET,DET,SEA,48,6,7,21.970049378927797,27,22,1020.0,27,5,5,2024,2024-09-30,-1
2024_04_SEA_DET,SEA,DET,79,7,11,6.8042809420241035,40,60,207.0,8,6,4,2024,2024-09-30,-1
2024_04_TEN_MIA,MIA,TEN,55,2,5,-24.41023343861007,15,25,647.0,25,1,1,2024,2024-09-30,-1
2024_04_TEN_MIA,TEN,MIA,61,2,5,-7.505130149490524,21,21,1093.0,31,3,2,2024,2024-09-30,-1
2024_04_WAS_ARI,ARI,WAS,58,2,5,-5.000209549558349,27,26,730.0,25,2,2,2024,2024-09-29,-1
2024_04_WAS_ARI,WAS,ARI,68,2,8,28.26680238627415,40,31,927.0,29,6,5,2024,2024-09-29,-1
2024_05_ARI_SF,ARI,SF,56,5,6,6.920111326614334,25,31,424.0,14,5,2,2024,2024-10-06,-1
2024_05_ARI_SF,SF,ARI,63,4,7,-2.6315000019507595,27,37,856.0,26,7,1,2024,2024-10-06,-1
2024_05_BAL_CIN,BAL,CIN,76,5,12,22.074093699098732,42,43,950.0,30,6,5,2024,2024-10-06,-1
2024_05_BAL_CIN,CIN,BAL,66,3,9,17.57109936081418,30,42,1292.0,42,6,5,2024,2024-10-06,-1
2024_05_BUF_HOU,BUF,HOU,59,4,7,-0.8884289556142471,18,31,380.0,12,4,2,2024,2024-10-06,-1
2024_05_BUF_HOU,HOU,BUF,67,2,9,-3.883941203595694,26,39,355.0,9,3,2,2024,2024-10-06,-1
2024_05_CAR_CHI,CAR,CHI,58,5,7,-15.078375238626071,20,39,561.0,14,3,1,2024,2024-10-06,-1
2024_05_CAR_CHI,CHI,CAR,67,6,10,14.362323233753756,30,31,875.0,30,6,5,2024,2024-10-06,-1
2024_05_CLE_WAS,CLE,WAS,59,1,6,-18.035602615529974,18,36,419.0,16,2,1,2024,2024-10-06,-1
2024_05_CLE_WAS,WAS,CLE,65,8,9,5.492272191397012,23,31,762.0,26,7,4,2024,2024-10-06,-1
2024_05_DAL_PIT,DAL,PIT,75,5,7,8.4881522160975,36,44,1232.0,43,6,2,2024,2024-10-06,-1
2024_05_DAL_PIT,PIT,DAL,57,2,5,2.589180912253587,28,31,966.0,32,2,2,2024,2024-10-06,-1
2024_05_GB_LA,GB,LA,56,3,4,1.0525315622318328,24,28,886.0,30,4,3,2024,2024-10-06,-1
2024_05_GB_LA,LA,GB,77,3,6,-7.479843054912519,41,48,1309.0,40,4,2,2024,2024-10-06,-1
2024_05_IND_JAX,IND,JAX,68,7,12,17.467375489098146,30,49,871.0,30,6,4,2024,2024-10-06,-1
2024_05_IND_JAX,JAX,IND,57,5,6,15.88043820073422,24,34,1027.0,31,6,4,2024,2024-10-06,-1
2024_05_LV_DEN,DEN,LV,54,5,8,3.729932688033228,26,29,596.0,22,5,3,2024,2024-10-06,-1
2024_05_LV_DEN,LV,DEN,66,3,5,-13.12152887564043,25,40,1000.0,29,3,2,2024,2024-10-06,-1
2024_05_MIA_NE,MIA,NE,76,2,9,-5.605316783630068,28,35,1361.0,48,3,1,2024,2024-10-06,-1
2024_05_MIA_NE,NE,MIA,54,4,7,-4.402876944131664,23,35,807.0,25,4,1,2024,2024-10-06,-1
2024_05_NO_KC,KC,NO,77,4,8,11.341571781389272,45,41,1035.0,38,7,2,2024,2024-10-07,-1
2024_05_NO_KC,NO,KC,51,2,3,-5.084883058036212,18,36,281.0,11,2,2,2024,2024-10-07,-1
2024_05_NYG_SEA,NYG,SEA,70,5,8,0.9104873525686897,34,37,1730.0,48,7,2,2024,2024-10-06,-1
2024_05_NYG_SEA,SEA,NYG,58,5,7,-5.534543158018002,28,47,575.0,20,2,1,2024,2024-10-06,-1
2024_05_NYJ_MIN,MIN,NYJ,64,6,6,-17.69456287835129,23,36,523.0,15,2,1,2024,2024-10-06,-1
2024_05_NYJ_MIN,NYJ,MIN,71,1,4,-23.82750535847584,25,57,155.0,6,3,2,2024,2024-10-06,-1
2024_05_TB_ATL,ATL,TB,79,8,15,18.34426866467151,37,61,1253.0,46,5,3,2024,2024-10-03,-1
2024_05_TB_ATL,TB,ATL,50,4,9,8.663004694358456,25,25,998.0,28,4,3,2024,2024-10-03,-1
2024_06_ARI_GB,ARI,GB,55,2,5,-6.848719920267314,25,32,191.0,6,3,1,2024,2024-10-13,-1
2024_06_ARI_GB,GB,ARI,68,3,7,19.46521791828259,36,32,591.0,17,6,4,2024,2024-10-13,-1
2024_06_ATL_CAR,ATL,CAR,65,3,9,18.1838597736359,34,30,1243.0,44,8,4,2024,2024-10-13,-1
2024_06_ATL_CAR,CAR,ATL,62,1,7,-6.109555505822419,25,38,1110.0,33,4,2,2024,2024-10-13,-1
2024_06_BUF_NYJ,BUF,NYJ,57,2,4,16.078762580097195,31,27,1080.0,36,4,3,2024,2024-10-14,-1
2024_06_BUF_NYJ,NYJ,BUF,59,8,10,11.133818751111313,22,38,1258.0,35,5,2,2024,2024-10-14,-1
2024_06_CIN_NYG,CIN,NYG,50,5,5,1.670698903040778,22,32,1085.0,32,3,2,2024,2024-10-13,-1
2024_06_CIN_NYG,NYG,CIN,71,0,4,-9.757935140148646,33,41,1136.0,39,2,1,2024,2024-10-13,-1
2024_06_CLE_PHI,CLE,PHI,53,2,2,-1.0852223097955846,19,28,778.0,22,3,0,2024,2024-10-13,-1
2024_06_CLE_PHI,PHI,CLE,58,5,8,9.933992298203043,29,26,1096.0,38,3,2,2024,2024-10-13,-1
2024_06_DET_DAL,DAL,DET,65,2,6,-35.48137055304751,19,48,521.0,17,3,0,2024,2024-10-13,-1
2024_06_DET_DAL,DET,DAL,64,6,14,23.93059679328078,30,30,489.0,16,7,5,2024,2024-10-13,-1
2024_06_HOU_NE,HOU,NE,61,6,6,7.050235456450116,24,34,637.0,18,5,5,2024,2024-10-13,-1
2024_06_HOU_NE,NE,HOU,63,4,6,-19.285428461036645,24,37,116.0,3,4,3,2024,2024-10-13,-1
2024_06_IND_TEN,IND,TEN,66,4,5,-6.26428083682937,22,38,1012.0,38,4,2,2024,2024-10-13,-1
2024_06_IND_TEN,TEN,IND,55,2,2,-1.426398612292092,21,27,1172.0,31,2,2,2024,2024-10-13,-1
2024_06_JAX_CHI,CHI,JAX,58,4,9,16.979368285250263,29,32,781.0,26,5,5,2024,2024-10-13,-1
2024_06_JAX_CHI,JAX,CHI,60,2,4,-0.39287878457663883,24,41,634.0,18,3,2,2024,2024-10-13,-1
2024_06_LAC_DEN,DEN,LAC,54,6,8,-3.305200740389732,23,36,141.0,4,2,2,2024,2024-10-13,-1
2024_06_LAC_DEN,LAC,DEN,72,5,6,6.159087236584886,31,37,394.0,12,4,2,2024,2024-10-13,-1
2024_06_PIT_LV,LV,PIT,61,1,4,-14.88225375315221,27,42,846.0,26,3,2,2024,2024-10-13,-1
2024_06_PIT_LV,PIT,LV,61,4,8,5.921565917607455,25,28,1127.0,36,5,3,2024,2024-10-13,-1
2024_06_SF_SEA,SEA,SF,72,2,5,0.9819437614632527,29,52,363.0,12,4,3,2024,2024-10-10,-1
2024_06_SF_SEA,SF,SEA,61,5,7,20.770327439927044,32,28,571.0,15,6,4,2024,2024-10-10,-1
2024_06_TB_NO,NO,TB,66,3,6,-27.120002308232387,24,45,710.0,26,5,2,2024,2024-10-13,-1
2024_06_TB_NO,TB,NO,73,8,13,16.08627966249962,40,38,912.0,31,8,6,2024,2024-10-13,-1
2024_06_WAS_BAL,BAL,WAS,63,7,13,10.65858785562359,32,28,1418.0,42,5,3,2024,2024-10-13,-1
2024_06_WAS_BAL,WAS,BAL,56,5,6,5.729727631230874,25,38,807.0,30,3,2,2024,2024-10-13,-1
2024_07_BAL_TB,BAL,TB,54,6,10,25.495039396500673,28,24,574.0,19,6,5,2024,2024-10-21,-1
2024_07_BAL_TB,TB,BAL,79,6,12,9.710179316585501,39,50,1032.0,29,6,4,2024,2024-10-21,-1
2024_07_CAR_WAS,CAR,WAS,42,2,4,-19.907792863436043,18,20,287.0,9,1,1,2024,2024-10-20,-1
2024_07_CAR_WAS,WAS,CAR,61,3,9,16.422790162288877,34,26,336.0,9,7,3,2024,2024-10-20,-1
2024_07_CIN_CLE,CIN,CLE,50,3,8,-9.730750073633093,15,28,844.0,27,3,3,2024,2024-10-20,-1
2024_07_CIN_CLE,CLE,CIN,77,3,6,-11.909777578573138,29,57,1219.0,40,2,2,2024,2024-10-20,-1
2024_07_DEN_NO,DEN,NO,59,6,6,7.355853693737315,33,26,978.0,27,5,2,2024,2024-10-17,-1
2024_07_DEN_NO,NO,DEN,65,2,4,-23.178870715964088,25,45,207.0,8,2,1,2024,2024-10-17,-1
2024_07_DET_MIN,DET,MIN,54,5,10,7.070427159953397,23,29,900.0,24,4,4,2024,2024-10-20,-1
2024_07_DET_MIN,MIN,DET,53,5,11,2.8261693724776507,19,32,559.0,15,3,2,2024,2024-10-20,-1
2024_07_HOU_GB,GB,HOU,56,3,3,-4.380014371341391,21,36,1243.0,35,3,3,2024,2024-10-20,-1
2024_07_HOU_GB,HOU,GB,58,2,5,-10.187382146311121,21,25,966.0,31,4,2,2024,2024-10-20,-1
2024_07_KC_SF,KC,SF,66,5,7,1.435933482949622,33,29,1276.0,37,5,4,2024,2024-10-20,-1
2024_07_KC_SF,SF,KC,57,4,6,-10.258996799149513,24,33,607.0,19,4,2,2024,2024-10-20,-1
2024_07_LAC_ARI,ARI,LAC,53,2,5,1.9033342768088914,26,26,1065.0,32,3,2,2024,2024-10-21,-1
2024_07_LAC_ARI,LAC,ARI,63,5,8,3.11648762784331,27,41,1080.0,35,1,0,2024,2024-10-21,-1
2024_07_LV_LA,LA,LV,50,3,3,-14.386084886574402,21,24,873.0,26,4,2,2024,2024-10-20,-1
2024_07_LV_LA,LV,LA,75,1,3,-25.538000814953403,25,46,926.0,30,4,0,2024,2024-10-20,-1
2024_07_MIA_IND,IND,MIA,60,3,5,-11.67596753674634,21,24,845.0,28,4,1,2024,2024-10-20,-1
2024_07_MIA_IND,MIA,IND,67,1,6,-17.234598062012545,29,27,1369.0,44,3,1,2024,2024-10-20,-1
2024_07_NE_JAX,JAX,NE,60,3,3,14.4564359248303,32,21,373.0,9,6,3,2024,2024-10-20,-1
2024_07_NE_JAX,NE,JAX,55,3,6,4.063466708974785,18,40,803.0,22,2,2,2024,2024-10-20,-1
2024_07_NYJ_PIT,NYJ,PIT,56,3,8,-1.3041158520690823,25,41,952.0,32,3,2,2024,2024-10-20,-1
2024_07_NYJ_PIT,PIT,NYJ,66,6,9,10.338388131222477,25,30,1034.0,31,6,4,2024,2024-10-20,-1
2024_07_PHI_NYG,NYG,PHI,54,0,0,-23.0371628679859,16,36,455.0,15,1,0,2024,2024-10-20,-1
2024_07_PHI_NYG,PHI,NYG,64,4,6,9.37854534049984,26,20,686.0,21,4,4,2024,2024-10-20,-1
2024_07_SEA_ATL,ATL,SEA,70,4,5,-6.913952892003593,37,39,425.0,16,2,2,2024,2024-10-20,-1
2024_07_SEA_ATL,SEA,ATL,56,6,9,6.335381483332389,22,30,1141.0,36,5,3,2024,2024-10-20,-1
2024_07_TEN_BUF,BUF,TEN,54,6,10,11.85991958857302,24,34,904.0,28,6,4,2024,2024-10-20,-1
2024_07_TEN_BUF,TEN,BUF,66,2,2,-14.765830671913193,24,42,1189.0,37,3,1,2024,2024-10-20,-1
2024_08_ARI_MIA,ARI,MIA,62,4,10,17.27558842034249,33,36,689.0,24,4,3,2024,2024-10-27,-1
2024_08_ARI_MIA,MIA,ARI,64,3,6,12.343975017361917,32,39,1273.0,42,4,3,2024,2024-10-27,-1
2024_08_ATL_TB,ATL,TB,60,5,6,15.599011592444171,32,31,1079.0,38,4,4,2024,2024-10-27,-1
2024_08_ATL_TB,TB,ATL,70,3,8,6.146137073910687,36,49,1295.0,39,3,3,2024,2024-10-27,-1
2024_08_BAL_CLE,BAL,CLE,60,8,8,5.831086943612618,30,39,1081.0,29,5,3,2024,2024-10-27,-1
2024_08_BAL_CLE,CLE,BAL,67,5,11,8.824570110737517,32,44,1171.0,37,5,3,2024,2024-10-27,-1
2024_08_BUF_SEA,BUF,SEA,66,5,8,20.713145753692977,36,35,735.0,27,6,4,2024,2024-10-27,-1
2024_08_BUF_SEA,SEA,BUF,46,1,4,-9.729001633152226,21,30,613.0,18,3,1,2024,2024-10-27,-1
2024_08_CAR_DEN,CAR,DEN,60,3,5,-8.73943314817734,24,40,694.0,18,3,2,2024,2024-10-27,-1
2024_08_CAR_DEN,DEN,CAR,71,4,9,2.5112531948834658,31,41,882.0,31,5,4,2024,2024-10-27,-1
2024_08_CHI_WAS,CHI,WAS,61,4,7,-7.894266835486516,26,28,387.0,12,3,2,2024,2024-10-27,-1
2024_08_CHI_WAS,WAS,CHI,72,6,8,5.3966929793376615,32,40,827.0,26,3,0,2024,2024-10-27,-1
2024_08_DAL_SF,DAL,SF,58,4,7,-1.042468261674525,24,40,940.0,28,4,3,2024,2024-10-27,-1
2024_08_DAL_SF,SF,DAL,63,5,10,15.843210651504519,33,28,1045.0,33,4,3,2024,2024-10-27,-1
2024_08_GB_JAX,GB,JAX,64,6,7,7.015273765402275,29,28,1288.0,39,7,3,2024,2024-10-27,-1
2024_08_GB_JAX,JAX,GB,56,8,11,3.4296780888069316,27,33,663.0,21,3,3,2024,2024-10-27,-1
2024_08_IND_HOU,HOU,IND,68,3,8,-4.72066481754575,28,39,1369.0,42,6,2,2024,2024-10-27,-1
2024_08_IND_HOU,IND,HOU,61,4,7,-5.6550320841114905,18,36,570.0,24,3,2,2024,2024-10-27,-1
2024_08_KC_LV,KC,LV,64,2,6,11.207527803825313,35,38,1062.0,36,4,3,2024,2024-10-27,-1
2024_08_KC_LV,LV,KC,53,1,3,-3.06616581566485,26,33,1225.0,32,4,2,2024,2024-10-27,-1
2024_08_MIN_LA,LA,MIN,63,3,9,11.74923541257158,30,34,1172.0,39,5,4,2024,2024-10-24,-1
2024_08_MIN_LA,MIN,LA,49,3,6,5.291415996751197,22,28,1110.0,31,4,2,2024,2024-10-24,-1
2024_08_NO_LAC,LAC,NO,63,5,9,-0.13208405882623842,20,35,1058.0,34,4,3,2024,2024-10-27,-1
2024_08_NO_LAC,NO,LAC,68,7,10,-13.552756358816701,22,47,684.0,27,2,0,2024,2024-10-27,-1
2024_08_NYG_PIT,NYG,PIT,68,5,9,2.9576337176997756,28,43,950.0,32,4,1,2024,2024-10-28,-1
2024_08_NYG_PIT,PIT,NYG,61,5,7,5.126973502562597,28,31,1075.0,37,6,1,2024,2024-10-28,-1
2024_08_NYJ_NE,NE,NYJ,64,1,3,2.361744097269591,26,33,1014.0,28,4,3,2024,2024-10-27,-1
2024_08_NYJ_NE,NYJ,NE,58,5,9,5.812317233205841,28,30,1173.0,32,5,3,2024,2024-10-27,-1
2024_08_PHI_CIN,CIN,PHI,57,3,3,-0.05313849355991174,23,38,1436.0,44,3,2,2024,2024-10-27,-1
2024_08_PHI_CIN,PHI,CIN,59,4,9,19.93834436563817,29,20,1120.0,34,6,4,2024,2024-10-27,-1
2024_08_TEN_DET,DET,TEN,47,2,2,1.1839377248739995,21,23,286.0,11,7,6,2024,2024-10-27,-1
2024_08_TEN_DET,TEN,DET,71,4,8,-20.618962801556336,30,39,560.0,14,4,2,2024,2024-10-27,-1
2024_09_CHI_ARI,ARI,CHI,57,3,10,-3.9611601116827924,24,23,752.0,24,5,3,2024,2024-11-03,-1
2024_09_CHI_ARI,CHI,ARI,69,1,5,-15.737164926474682,20,47,861.0,32,1,0,2024,2024-11-03,-1
2024_09_DAL_ATL,ATL,DAL,54,3,6,5.885663426874205,26,27,1041.0,28,4,4,2024,2024-11-03,-1
2024_09_DAL_ATL,DAL,ATL,74,3,7,-0.4722316683203571,32,53,576.0,19,3,2,2024,2024-11-03,-1
2024_09_DEN_BAL,BAL,DEN,53,7,10,22.025528808412496,28,20,665.0,18,7,5,2024,2024-11-03,-1
2024_09_DEN_BAL,DEN,BAL,67,5,8,-10.77505054073173,21,38,509.0,17,4,1,2024,2024-11-03,-1
2024_09_DET_GB,DET,GB,52,1,4,6.585005172943757,23,23,796.0,23,5,2,2024,2024-11-03,-1
2024_09_DET_GB,GB,DET,63,4,7,-0.9897410586752224,29,40,790.0,22,4,1,2024,2024-11-03,-1
2024_09_HOU_NYJ,HOU,NYJ,74,5,6,-5.573530301477147,25,39,1297.0,41,4,1,2024,2024-10-31,-1
2024_09_HOU_NYJ,NYJ,HOU,54,3,6,2.5686507851351053,21,34,982.0,34,4,3,2024,2024-10-31,-1
2024_09_IND_MIN,IND,MIN,48,2,5,-15.658446856908899,17,30,727.0,22,1,0,2024,2024-11-03,-1
2024_09_IND_MIN,MIN,IND,70,7,8,-2.946207517869234,35,39,1576.0,47,5,3,2024,2024-11-03,-1
2024_09_JAX_PHI,JAX,PHI,52,2,6,-9.287784187268466,18,35,258.0,8,4,2,2024,2024-11-03,-1
2024_09_JAX_PHI,PHI,JAX,73,7,11,1.3809787877158661,32,28,943.0,28,5,4,2024,2024-11-03,-1
2024_09_LAC_CLE,CLE,LAC,76,1,3,-20.579969994094164,29,52,595.0,17,3,1,2024,2024-11-03,-1
2024_09_LAC_CLE,LAC,CLE,54,7,10,1.7006036481621511,16,33,458.0,13,4,4,2024,2024-11-03,-1
2024_09_LA_SEA,LA,SEA,68,5,8,-1.8851408096696973,28,44,825.0,31,4,1,2024,2024-11-03,-1
2024_09_LA_SEA,SEA,LA,73,9,11,-18.143065439595375,29,41,881.0,30,6,3,2024,2024-11-03,-1
2024_09_LV_CIN,CIN,LV,69,3,5,6.113311528405076,37,40,1191.0,34,6,5,2024,2024-11-03,-1
2024_09_LV_CIN,LV,CIN,59,4,6,-16.788452911666116,20,38,724.0,23,3,2,2024,2024-11-03,-1
2024_09_MIA_BUF,BUF,MIA,59,2,4,9.813041972705484,31,40,1166.0,36,6,3,2024,2024-11-03,-1
2024_09_MIA_BUF,MIA,BUF,59,2,8,18.02852231742443,34,29,1310.0,35,5,3,2024,2024-11-03,-1
2024_09_NE_TEN,NE,TEN,64,3,3,-5.676180822077684,28,44,1006.0,30,2,2,2024,2024-11-03,-1
2024_09_NE_TEN,TEN,NE,73,4,5,0.813663850646789,31,34,1218.0,39,5,2,2024,2024-11-03,-1
2024_09_NO_CAR,CAR,NO,49,3,7,-0.3848588214052898,19,28,990.0,30,3,3,2024,2024-11-03,-1
2024_09_NO_CAR,NO,CAR,75,4,10,9.619046284208629,34,34,1435.0,45,4,2,2024,2024-11-03,-1
2024_09_TB_KC,KC,TB,83,2,7,11.649291104669995,40,48,1290.0,43,5,4,2024,2024-11-04,-1
2024_09_TB_KC,TB,KC,52,0,5,9.856265086886332,22,33,927.0,28,3,3,2024,2024-11-04,-1
2024_09_WAS_NYG,NYG,WAS,61,3,7,6.405521556124091,28,30,876.0,24,4,3,2024,2024-11-03,-1
2024_09_WAS_NYG,WAS,NYG,57,5,9,17.760063196175295,31,22,794.0,25,6,3,2024,2024-11-03,-1
2024_10_ATL_NO,ATL,NO,73,7,12,5.382907670703939,38,41,310.0,11,4,2,2024,2024-11-10,-1
2024_10_ATL_NO,NO,ATL,51,5,6,0.19647551470745617,19,25,963.0,31,5,2,2024,2024-11-10,-1
2024_10_BUF_IND,BUF,IND,69,5,10,1.3793052000100072,32,39,1153.0,40,5,2,2024,2024-11-10,-1
2024_10_BUF_IND,IND,BUF,61,5,8,-15.327015155947377,25,39,1103.0,34,5,2,2024,2024-11-10,-1
2024_10_CIN_BAL,BAL,CIN,58,2,6,18.678918822421227,29,33,568.0,19,5,5,2024,2024-11-07,-1
2024_10_CIN_BAL,CIN,BAL,76,4,9,7.554800177880796,34,60,1196.0,42,5,5,2024,2024-11-07,-1
2024_10_DEN_KC,DEN,KC,55,3,3,4.005955973908372,23,32,970.0,33,3,2,2024,2024-11-10,-1
2024_10_DEN_KC,KC,DEN,65,4,5,0.20970460381388945,23,46,1073.0,34,4,1,2024,2024-11-10,-1
2024_10_DET_HOU,DET,HOU,63,6,9,-7.454698706293286,25,30,200.0,7,4,3,2024,2024-11-10,-1
2024_10_DET_HOU,HOU,DET,65,3,7,-14.727878563131041,21,37,808.0,22,4,2,2024,2024-11-10,-1
2024_10_MIA_LA,LA,MIA,67,2,7,-16.332092877852777,30,49,623.0,22,3,0,2024,2024-11-11,-1
2024_10_MIA_LA,MIA,LA,52,3,7,-6.276340734564863,20,31,889.0,23,3,2,2024,2024-11-11,-1
2024_10_MIN_JAX,JAX,MIN,43,1,5,-14.579722304479219,13,25,765.0,27,1,1,2024,2024-11-10,-1
2024_10_MIN_JAX,MIN,JAX,80,3,4,-0.28436088943915516,38,39,1547.0,47,5,0,2024,2024-11-10,-1
2024_10_NE_CHI,CHI,NE,59,0,1,-23.70997977546506,19,39,701.0,24,1,0,2024,2024-11-10,-1
2024_10_NE_CHI,NE,CHI,60,3,6,0.29891116388604955,26,26,843.0,27,5,1,2024,2024-11-10,-1
2024_10_NYG_CAR,CAR,NYG,58,6,7,-0.997120752395483,25,26,894.0,25,3,2,2024,2024-11-10,-1
2024_10_NYG_CAR,NYG,CAR,71,2,5,-8.802669362316445,36,38,164.0,6,4,2,2024,2024-11-10,-1
2024_10_NYJ_ARI,ARI,NYJ,56,2,7,21.001429895191478,33,25,756.0,22,5,4,2024,2024-11-10,-1
2024_10_NYJ_ARI,NYJ,ARI,55,0,1,-8.648513583482769,25,38,301.0,9,3,0,2024,2024-11-10,-1
2024_10_PHI_DAL,DAL,PHI,56,0,1,-39.68146462416979,17,32,816.0,29,2,0,2024,2024-11-10,-1
2024_10_PHI_DAL,PHI,DAL,64,4,5,-3.2074661216600657,30,27,940.0,31,7,4,2024,2024-11-10,-1
2024_10_PIT_WAS,PIT,WAS,72,4,5,-1.6308264322578907,26,32,977.0,31,5,4,2024,2024-11-10,-1
2024_10_PIT_WAS,WAS,PIT,59,3,4,-8.051095704445423,25,37,1040.0,39,3,3,2024,2024-11-10,-1
2024_10_SF_TB,SF,TB,59,5,6,14.166625905908061,31,38,1319.0,36,4,2,2024,2024-11-10,-1
2024_10_SF_TB,TB,SF,58,0,1,-3.232152664458234,23,31,686.0,22,4,2,2024,2024-11-10,-1
2024_10_TEN_LAC,LAC,TEN,55,2,5,11.115648906497901,27,18,1182.0,35,5,3,2024,2024-11-10,-1
2024_10_TEN_LAC,TEN,LAC,51,1,7,5.9615436857714075,23,30,848.0,23,4,2,2024,2024-11-10,-1
2024_11_ATL_DEN,ATL,DEN,55,2,7,-15.064983044866857,20,34,508.0,15,1,0,2024,2024-11-17,-1
2024_11_ATL_DEN,DEN,ATL,60,4,6,22.63172435580583,32,34,741.0,26,5,5,2024,2024-11-17,-1
2024_11_BAL_PIT,BAL,PIT,54,5,9,-5.72424018380795,22,36,941.0,30,2,2,2024,2024-11-17,-1
2024_11_BAL_PIT,PIT,BAL,72,3,5,-18.05222203309502,23,40,1252.0,40,4,0,2024,2024-11-17,-1
2024_11_CIN_LAC,CIN,LAC,78,8,9,8.04997406726579,29,53,686.0,22,5,3,2024,2024-11-17,-1
2024_11_CIN_LAC,LAC,CIN,62,11,14,2.9146035939185113,26,37,769.0,21,5,4,2024,2024-11-17,-1
2024_11_CLE_NO,CLE,NO,71,5,8,2.1453775294163653,27,51,1066.0,43,3,2,2024,2024-11-17,-1
2024_11_CLE_NO,NO,CLE,56,5,10,17.433152007171884,28,30,1218.0,35,6,5,2024,2024-11-17,-1
2024_11_GB_CHI,CHI,GB,69,3,7,13.828458543542066,35,35,1433.0,45,3,2,2024,2024-11-17,-1
2024_11_GB_CHI,GB,CHI,43,5,8,11.459072300742381,22,18,944.0,26,5,3,2024,2024-11-17,-1
2024_11_HOU_DAL,DAL,HOU,79,3,7,-24.122402801797165,28,61,538.0,26,2,1,2024,2024-11-18,-1
2024_11_HOU_DAL,HOU,DAL,60,5,7,11.63024580660903,26,35,1184.0,36,6,3,2024,2024-11-18,-1
2024_11_IND_NYJ,IND,NYJ,69,4,9,1.2654590434585424,27,33,1121.0,33,4,3,2024,2024-11-17,-1
2024_11_IND_NYJ,NYJ,IND,52,3,7,-5.252601728543546,18,32,408.0,12,4,3,2024,2024-11-17,-1
2024_11_JAX_DET,DET,JAX,74,11,14,42.107597144707476,50,33,595.0,20,8,7,2024,2024-11-17,-1
2024_11_JAX_DET,JAX,DET,47,3,3,-17.469514278748697,14,30,351.0,9,1,0,2024,2024-11-17,-1
2024_11_KC_BUF,BUF,KC,69,6,9,7.233530971845758,30,40,1394.0,45,5,4,2024,2024-11-17,-1
2024_11_KC_BUF,KC,BUF,52,1,3,6.134970311744837,27,35,877.0,29,3,3,2024,2024-11-17,-1
2024_11_LA_NE,LA,NE,48,5,8,19.37473314073631,25,27,926.0,31,5,4,2024,2024-11-17,-1
2024_11_LA_NE,NE,LA,72,2,7,7.348566079590055,37,42,896.0,27,5,2,2024,2024-11-17,-1
2024_11_LV_MIA,LV,MIA,63,4,4,4.995834776806556,27,46,835.0,29,4,2,2024,2024-11-17,-1
2024_11_LV_MIA,MIA,LV,63,3,8,19.812977014587883,32,37,1403.0,43,5,4,2024,2024-11-17,-1
2024_11_MIN_TEN,MIN,TEN,66,4,6,-3.5352108708477687,25,34,821.0,25,4,3,2024,2024-11-17,-1
2024_11_MIN_TEN,TEN,MIN,55,4,7,-7.843409263406249,15,36,591.0,18,2,1,2024,2024-11-17,-1
2024_11_SEA_SF,SEA,SF,59,2,6,0.2041100034107819,28,36,934.0,32,2,2,2024,2024-11-17,-1
2024_11_SEA_SF,SF,SEA,57,1,1,5.8686571418916555,27,30,1160.0,32,3,2,2024,2024-11-17,-1
2024_11_WAS_PHI,PHI,WAS,69,6,8,13.868486052761764,32,30,1300.0,47,5,3,2024,2024-11-14,-1
2024_11_WAS_PHI,WAS,PHI,64,2,5,-7.5165631096023136,28,36,939.0,30,3,2,2024,2024-11-14,-1
2024_12_ARI_SEA,ARI,SEA,56,4,6,-10.34359481795504,20,42,836.0,27,2,0,2024,2024-11-24,-1
2024_12_ARI_SEA,SEA,ARI,59,3,6,-3.8622183278003366,23,36,957.0,29,2,1,2024,2024-11-24,-1
2024_12_BAL_LAC,BAL,LAC,59,5,8,19.184507357790267,27,24,881.0,27,4,4,2024,2024-11-25,-1
2024_12_BAL_LAC,LAC,BAL,60,0,7,0.4534840278224932,25,40,1153.0,34,2,2,2024,2024-11-25,-1
2024_12_DAL_WAS,DAL,WAS,61,3,5,-3.3690696092987675,28,33,1224.0,32,5,4,2024,2024-11-24,-1
2024_12_DAL_WAS,WAS,DAL,67,3,6,-1.9563059179030642,27,41,1060.0,37,3,3,2024,2024-11-24,-1
2024_12_DEN_LV,DEN,LV,65,4,9,2.536265885371717,26,43,1152.0,37,4,2,2024,2024-11-24,-1
2024_12_DEN_LV,LV,DEN,73,3,8,-15.482010975427281,29,57,1128.0,35,5,1,2024,2024-11-24,-1
2024_12_DET_IND,DET,IND,71,2,10,10.903865174704794,37,39,1425.0,45,4,3,2024,2024-11-24,-1
2024_12_DET_IND,IND,DET,48,4,6,-6.840003114742126,16,28,864.0,27,2,0,2024,2024-11-24,-1
2024_12_KC_CAR,CAR,KC,59,4,6,11.391508931113215,28,37,423.0,13,6,2,2024,2024-11-24,-1
2024_12_KC_CAR,KC,CAR,68,3,6,19.187458157090788,38,42,1286.0,45,6,3,2024,2024-11-24,-1
2024_12_MIN_CHI,CHI,MIN,74,6,6,4.460737014451378,32,52,1297.0,39,3,3,2024,2024-11-24,-1
2024_12_MIN_CHI,MIN,CHI,65,7,8,4.655838567110502,30,38,1032.0,32,7,3,2024,2024-11-24,-1
2024_12_NE_MIA,MIA,NE,63,4,7,0.13668481944500366,29,42,609.0,18,5,4,2024,2024-11-24,-1
2024_12_NE_MIA,NE,MIA,63,3,5,-12.39407909576094,25,43,479.0,13,3,1,2024,2024-11-24,-1
2024_12_PHI_LA,LA,PHI,60,3,6,-1.0819167559996452,28,42,562.0,18,5,3,2024,2024-11-24,-1
2024_12_PHI_LA,PHI,LA,66,5,7,22.443317672337383,33,23,1122.0,40,7,4,2024,2024-11-24,-1
2024_12_PIT_CLE,CLE,PIT,57,3,7,0.29785606230609896,28,30,889.0,26,4,3,2024,2024-11-21,-1
2024_12_PIT_CLE,PIT,CLE,68,6,8,-2.4965299493129667,25,34,1428.0,40,3,2,2024,2024-11-21,-1
2024_12_SF_GB,GB,SF,67,2,7,8.388537023905336,32,25,640.0,18,5,5,2024,2024-11-24,-1
2024_12_SF_GB,SF,GB,46,5,6,-19.350599154194743,14,31,95.0,2,1,1,2024,2024-11-24,-1
2024_12_TB_NYG,NYG,TB,55,2,5,-13.894477577065118,21,36,208.0,6,3,1,2024,2024-11-24,-1
2024_12_TB_NYG,TB,NYG,62,6,8,16.271092561615134,31,30,738.0,20,5,4,2024,2024-11-24,-1
2024_12_TEN_HOU,HOU,TEN,54,3,8,-12.257641802137552,18,37,441.0,15,5,2,2024,2024-11-24,-1
2024_12_TEN_HOU,TEN,HOU,64,4,7,-6.167667268108806,24,33,1428.0,42,5,3,2024,2024-11-24,-1
2024_13_ARI_MIN,ARI,MIN,76,1,6,2.776876644282523,36,45,1309.0,46,6,1,2024,2024-12-01,-1
2024_13_ARI_MIN,MIN,ARI,50,3,8,-3.29131998659269,26,36,691.0,22,4,2,2024,2024-12-01,-1
2024_13_CHI_DET,CHI,DET,59,4,6,-0.5457707359308843,23,44,84.0,2,3,3,2024,2024-11-28,-1
2024_13_CHI_DET,DET,CHI,69,3,8,5.102761305288279,32,36,794.0,22,5,2,2024,2024-11-28,-1
2024_13_CLE_DEN,CLE,DEN,85,6,12,-5.199344989889521,34,62,1189.0,40,5,4,2024,2024-12-02,-1
2024_13_CLE_DEN,DEN,CLE,59,3,10,4.0663427213641565,25,35,1065.0,38,7,3,2024,2024-12-02,-1
2024_13_HOU_JAX,HOU,JAX,58,5,7,4.254042664376461,23,36,1162.0,36,4,2,2024,2024-12-01,-1
2024_13_HOU_JAX,JAX,HOU,69,4,8,5.797373695025167,28,44,823.0,31,4,2,2024,2024-12-01,-1
2024_13_IND_NE,IND,NE,58,1,1,5.245052097670663,31,24,1060.0,29,4,3,2024,2024-12-01,-1
2024_13_IND_NE,NE,IND,66,3,7,12.199986683102571,35,35,1395.0,44,6,2,2024,2024-12-01,-1
2024_13_LAC_ATL,ATL,LAC,77,2,4,-18.308341617018094,32,40,1343.0,44,4,1,2024,2024-12-01,-1
2024_13_LAC_ATL,LAC,ATL,44,2,3,-12.594822718764645,14,30,988.0,28,3,0,2024,2024-12-01,-1
2024_13_LA_NO,LA,NO,53,2,6,6.719483423570637,26,26,1289.0,37,3,3,2024,2024-12-01,-1
2024_13_LA_NO,NO,LA,69,3,5,-3.914835509802795,27,38,1211.0,42,3,1,2024,2024-12-01,-1
2024_13_LV_KC,KC,LV,65,6,9,-2.801901004270946,22,50,1055.0,36,5,1,2024,2024-11-29,-1
2024_13_LV_KC,LV,KC,62,7,8,4.862511215846237,27,37,773.0,26,3,2,2024,2024-11-29,-1
2024_13_MIA_GB,GB,MIA,53,4,10,11.183217926585288,25,28,506.0,14,5,3,2024,2024-11-28,-1
2024_13_MIA_GB,MIA,GB,67,2,6,5.693666397923991,34,53,119.0,3,4,2,2024,2024-11-28,-1
2024_13_NYG_DAL,DAL,NYG,66,4,8,-9.335765082508283,23,36,954.0,35,5,2,2024,2024-11-28,-1
2024_13_NYG_DAL,NYG,DAL,59,2,7,-13.479430215842836,23,38,756.0,28,2,2,2024,2024-11-28,-1
2024_13_PHI_BAL,BAL,PHI,71,4,7,-0.12524794915359383,28,39,1255.0,39,5,2,2024,2024-12-01,-1
2024_13_PHI_BAL,PHI,BAL,52,1,4,2.3431708301068284,23,21,521.0,17,4,3,2024,2024-12-01,-1
2024_13_PIT_CIN,CIN,PIT,57,5,9,-0.028097903434151306,30,42,1147.0,31,6,4,2024,2024-12-01,-1
2024_13_PIT_CIN,PIT,CIN,64,10,13,17.672510357108777,37,40,1268.0,40,7,4,2024,2024-12-01,-1
2024_13_SEA_NYJ,NYJ,SEA,62,2,4,-16.749939315792172,23,41,1031.0,31,4,3,2024,2024-12-01,-1
2024_13_SEA_NYJ,SEA,NYJ,56,5,5,-0.8940058454016429,19,34,807.0,27,5,2,2024,2024-12-01,-1
2024_13_SF_BUF,BUF,SF,53,2,5,18.327595990969495,28,18,545.0,14,5,5,2024,2024-12-01,-1
2024_13_SF_BUF,SF,BUF,46,2,6,-11.367066579528473,15,19,533.0,13,3,1,2024,2024-12-01,-1
2024_13_TB_CAR,CAR,TB,68,3,7,0.14214953334085045,33,47,1129.0,42,5,2,2024,2024-12-01,-1
2024_13_TB_CAR,TB,CAR,76,6,9,-2.348528631843056,34,38,1202.0,35,6,2,2024,2024-12-01,-1
2024_13_TEN_WAS,TEN,WAS,51,3,7,-5.17904544380706,15,40,205.0,6,4,2,2024,2024-12-01,-1
2024_13_TEN_WAS,WAS,TEN,76,3,7,22.2158984864687,45,32,393.0,11,8,6,2024,2024-12-01,-1
2024_14_ATL_MIN,ATL,MIN,71,6,10,7.093034174206648,39,38,1423.0,47,5,2,2024,2024-12-08,-1
2024_14_ATL_MIN,MIN,ATL,53,7,11,24.25427478969879,27,32,870.0,27,6,6,2024,2024-12-08,-1
2024_14_BUF_LA,BUF,LA,54,8,12,24.16734114548308,27,37,353.0,11,6,6,2024,2024-12-08,-1
2024_14_BUF_LA,LA,BUF,72,4,10,20.565713515990115,37,30,1122.0,30,7,5,2024,2024-12-08,-1
2024_14_CAR_PHI,CAR,PHI,68,2,5,1.2949203892658852,26,35,1235.0,37,3,2,2024,2024-12-08,-1
2024_14_CAR_PHI,PHI,CAR,56,3,7,7.973286308235494,27,25,978.0,35,3,3,2024,2024-12-08,-1
2024_14_CHI_SF,CHI,SF,53,0,1,-8.19965237072017,21,32,163.0,6,2,2,2024,2024-12-08,-1
2024_14_CHI_SF,SF,CHI,60,9,11,24.42044223810949,30,27,507.0,13,6,5,2024,2024-12-08,-1
2024_14_CIN_DAL,CIN,DAL,63,3,8,9.865826771573767,33,46,1062.0,33,5,3,2024,2024-12-09,-1
2024_14_CIN_DAL,DAL,CIN,59,3,6,-0.9725244221609426,26,34,1329.0,40,4,2,2024,2024-12-09,-1
2024_14_CLE_PIT,CLE,PIT,69,2,4,-11.192394121019237,27,44,803.0,29,5,2,2024,2024-12-08,-1
2024_14_CLE_PIT,PIT,CLE,60,5,5,-6.325614261933545,22,27,968.0,31,5,3,2024,2024-12-08,-1
2024_14_GB_DET,DET,GB,76,3,6,4.658356738896657,37,42,1420.0,47,5,4,2024,2024-12-05,-1
2024_14_GB_DET,GB,DET,44,5,6,5.802645796069793,20,21,395.0,12,5,4,2024,2024-12-05,-1
2024_14_JAX_TEN,JAX,TEN,57,4,5,1.7558839967777606,24,32,1034.0,35,2,1,2024,2024-12-08,-1
2024_14_JAX_TEN,TEN,JAX,62,3,5,-9.834700005430967,23,34,1237.0,36,2,0,2024,2024-12-08,-1
2024_14_LAC_KC,KC,LAC,63,1,2,1.039807954850728,33,40,1147.0,40,4,1,2024,2024-12-08,-1
2024_14_LAC_KC,LAC,KC,57,5,7,4.946085676479562,23,33,636.0,20,3,2,2024,2024-12-08,-1
2024_14_LV_TB,LV,TB,63,4,4,-9.339082689250976,26,39,784.0,23,4,1,2024,2024-12-08,-1
2024_14_LV_TB,TB,LV,59,6,11,7.320704264915548,30,33,971.0,28,5,4,2024,2024-12-08,-1
2024_14_NO_NYG,NO,NYG,65,3,6,-5.328213692067074,27,33,1436.0,43,2,2,2024,2024-12-08,-1
2024_14_NO_NYG,NYG,NO,74,4,7,-9.850208249938179,26,51,638.0,27,3,1,2024,2024-12-08,-1
2024_14_NYJ_MIA,MIA,NYJ,66,3,6,15.319648280882173,38,47,1093.0,32,4,3,2024,2024-12-08,-1
2024_14_NYJ_MIA,NYJ,MIA,63,3,9,14.64464492431394,33,42,1269.0,40,5,2,2024,2024-12-08,-1
2024_14_SEA_ARI,ARI,SEA,63,2,6,-4.237134943752736,29,40,330.0,9,4,2,2024,2024-12-08,-1
2024_14_SEA_ARI,SEA,ARI,61,4,10,9.470823765932536,30,30,758.0,21,6,3,2024,2024-12-08,-1
2024_15_ATL_LV,ATL,LV,57,2,4,-11.96092370172713,19,20,1015.0,26,2,1,2024,2024-12-16,-1
2024_15_ATL_LV,LV,ATL,64,3,4,-16.94403008241088,26,42,744.0,25,1,1,2024,2024-12-16,-1
2024_15_BAL_NYG,BAL,NYG,58,6,10,25.70929710479686,35,28,705.0,23,6,5,2024,2024-12-15,-1
2024_15_BAL_NYG,NYG,BAL,59,2,5,-13.463584204931976,19,40,410.0,12,3,2,2024,2024-12-15,-1
2024_15_BUF_DET,BUF,DET,67,9,12,32.1542526554775,38,34,1012.0,32,8,6,2024,2024-12-15,-1
2024_15_BUF_DET,DET,BUF,75,6,10,19.328794153022173,37,60,238.0,11,6,6,2024,2024-12-15,-1
2024_15_CHI_MIN,CHI,MIN,63,3,5,-13.24137296392877,24,35,376.0,10,3,1,2024,2024-12-16,-1
2024_15_CHI_MIN,MIN,CHI,71,1,5,2.2834240210208363,36,42,186.0,6,4,3,2024,2024-12-16,-1
2024_15_CIN_TEN,CIN,TEN,63,3,6,12.278955568377398,30,37,831.0,31,7,4,2024,2024-12-15,-1
2024_15_CIN_TEN,TEN,CIN,64,3,7,-7.381997374119237,34,38,699.0,19,4,4,2024,2024-12-15,-1
2024_15_DAL_CAR,CAR,DAL,50,1,5,-16.445124134072103,18,34,735.0,18,3,2,2024,2024-12-15,-1
2024_15_DAL_CAR,DAL,CAR,68,2,7,13.858287091119772,38,29,811.0,25,5,3,2024,2024-12-15,-1
2024_15_GB_SEA,GB,SEA,61,4,5,4.11328995190266,30,27,615.0,16,6,3,2024,2024-12-15,-1
2024_15_GB_SEA,SEA,GB,56,3,6,-19.006780236700997,18,40,102.0,3,2,1,2024,2024-12-15,-1
2024_15_IND_DEN,DEN,IND,58,1,3,-18.233744174229834,19,34,767.0,24,3,3,2024,2024-12-15,-1
2024_15_IND_DEN,IND,DEN,72,4,9,-32.54688430782049,21,40,1092.0,37,3,1,2024,2024-12-15,-1
2024_15_KC_CLE,CLE,KC,59,3,4,-30.812083011551294,22,39,524.0,16,1,1,2024,2024-12-15,-1
2024_15_KC_CLE,KC,CLE,73,2,4,-5.652057848733643,30,40,732.0,24,5,3,2024,2024-12-15,-1
2024_15_LA_SF,LA,SF,65,1,1,-6.213298132189621,26,27,1255.0,36,3,0,2024,2024-12-12,-1
2024_15_LA_SF,SF,LA,53,1,4,-15.101805208592056,16,34,949.0,32,0,0,2024,2024-12-12,-1
2024_15_MIA_HOU,HOU,MIA,47,1,4,-9.193765121132467,19,30,840.0,26,3,2,2024,2024-12-15,-1
2024_15_MIA_HOU,MIA,HOU,62,2,3,-13.434994635892625,27,43,939.0,30,3,1,2024,2024-12-15,-1
2024_15_NE_ARI,ARI,NE,63,5,6,11.566881747094284,27,32,465.0,17,4,3,2024,2024-12-15,-1
2024_15_NE_ARI,NE,ARI,49,4,8,2.1865091168166826,27,25,210.0,6,3,2,2024,2024-12-15,-1
2024_15_NYJ_JAX,JAX,NYJ,78,3,5,9.323349051642657,42,49,1242.0,45,4,2,2024,2024-12-15,-1
2024_15_NYJ_JAX,NYJ,JAX,54,6,10,21.464912789483822,22,32,974.0,28,5,4,2024,2024-12-15,-1
2024_15_PIT_PHI,PHI,PIT,74,8,12,14.703584926274337,35,35,1520.0,46,6,3,2024,2024-12-15,-1
2024_15_PIT_PHI,PIT,PHI,41,1,3,-11.390500113179396,15,24,357.0,15,2,1,2024,2024-12-15,-1
2024_15_TB_LAC,LAC,TB,48,2,2,-17.835408035383182,18,37,832.0,26,3,2,2024,2024-12-15,-1
2024_15_TB_LAC,TB,LAC,67,7,10,15.035658550295617,35,28,1226.0,36,7,4,2024,2024-12-15,-1
2024_15_WAS_NO,NO,WAS,51,4,6,-4.462028728697143,18,35,229.0,7,3,2,2024,2024-12-15,-1
2024_15_WAS_NO,WAS,NO,74,3,6,5.300813437180905,37,39,958.0,27,3,2,2024,2024-12-15,-1
2024_16_ARI_CAR,ARI,CAR,64,4,7,10.453673449817476,33,35,611.0,16,4,3,2024,2024-12-22,-1
2024_16_ARI_CAR,CAR,ARI,64,7,9,15.771678111821908,29,29,1156.0,33,5,4,2024,2024-12-22,-1
2024_16_CLE_CIN,CIN,CLE,55,5,9,6.272806717619716,30,34,860.0,23,4,3,2024,2024-12-22,-1
2024_16_CLE_CIN,CLE,CIN,63,2,4,-17.66267700266326,22,39,360.0,10,3,1,2024,2024-12-22,-1
2024_16_DEN_LAC,DEN,LAC,63,1,6,12.190230892314212,28,42,1207.0,35,3,3,2024,2024-12-19,-1
2024_16_DEN_LAC,LAC,DEN,60,5,11,13.130137800532054,31,34,530.0,17,5,4,2024,2024-12-19,-1
2024_16_DET_CHI,CHI,DET,59,5,9,0.8363688326225689,25,42,82.0,3,4,2,2024,2024-12-22,-1
2024_16_DET_CHI,DET,CHI,64,5,8,20.689370254153896,36,33,415.0,13,7,4,2024,2024-12-22,-1
2024_16_HOU_KC,HOU,KC,58,5,8,5.358512411774701,22,41,1224.0,41,4,2,2024,2024-12-21,-1
2024_16_HOU_KC,KC,HOU,68,3,8,10.152206113575607,32,42,1261.0,42,5,3,2024,2024-12-21,-1
2024_16_JAX_LV,JAX,LV,61,2,4,-12.911211990111042,18,40,1032.0,40,2,2,2024,2024-12-22,-1
2024_16_JAX_LV,LV,JAX,65,3,5,-4.711130444258771,26,41,1059.0,35,3,2,2024,2024-12-22,-1
2024_16_LA_NYJ,LA,NYJ,47,1,2,5.047418489064772,24,19,996.0,27,5,2,2024,2024-12-22,-1
2024_16_LA_NYJ,NYJ,LA,63,1,4,-2.056798248052927,29,43,1290.0,39,3,1,2024,2024-12-22,-1
2024_16_MIN_SEA,MIN,SEA,59,2,5,5.608107315110773,27,38,1238.0,37,3,3,2024,2024-12-22,-1
2024_16_MIN_SEA,SEA,MIN,60,3,11,2.2914552883053565,30,45,737.0,22,3,3,2024,2024-12-22,-1
2024_16_NE_BUF,BUF,NE,58,2,5,1.9830731447387084,27,30,909.0,31,3,2,2024,2024-12-22,-1
2024_16_NE_BUF,NE,BUF,68,4,4,-1.71333101959317,31,38,1322.0,40,4,3,2024,2024-12-22,-1
2024_16_NO_GB,GB,NO,67,5,7,17.683701491417974,34,30,901.0,25,4,4,2024,2024-12-23,-1
2024_16_NO_GB,NO,GB,53,2,4,-18.52169026393676,17,33,169.0,5,0,0,2024,2024-12-23,-1
2024_16_NYG_ATL,ATL,NYG,63,1,6,5.030739449263452,32,27,744.0,24,6,2,2024,2024-12-22,-1
2024_16_NYG_ATL,NYG,ATL,55,2,5,-23.602621203579474,25,42,778.0,22,2,1,2024,2024-12-22,-1
2024_16_PHI_WAS,PHI,WAS,71,3,5,1.8633280335276392,26,32,780.0,26,5,3,2024,2024-12-22,-1
2024_16_PHI_WAS,WAS,PHI,64,4,4,-4.2486017418704,26,39,99.0,5,6,5,2024,2024-12-22,-1
2024_16_PIT_BAL,BAL,PIT,59,3,6,10.508006002194264,31,24,1317.0,40,6,3,2024,2024-12-21,-1
2024_16_PIT_BAL,PIT,BAL,59,2,5,-10.558683990850113,22,35,947.0,29,2,2,2024,2024-12-21,-1
2024_16_SF_MIA,MIA,SF,63,5,6,10.391389091558704,32,34,1416.0,42,4,2,2024,2024-12-22,-1
2024_16_SF_MIA,SF,MIA,59,5,10,3.541227955135902,29,41,706.0,28,5,2,2024,2024-12-22,-1
2024_16_TB_DAL,DAL,TB,53,5,5,0.710047879082186,20,36,740.0,27,2,2,2024,2024-12-22,-1
2024_16_TB_DAL,TB,DAL,70,3,9,5.835276427437869,38,47,414.0,12,3,3,2024,2024-12-22,-1
2024_16_TEN_IND,IND,TEN,62,6,7,13.529583835219793,31,12,818.0,24,6,5,2024,2024-12-22,-1
2024_16_TEN_IND,TEN,IND,58,3,7,4.188359448095291,28,36,632.0,18,4,4,2024,2024-12-22,-1
2024_17_ARI_LA,ARI,LA,74,4,7,-0.6761126067909773,39,52,1161.0,35,4,1,2024,2024-12-28,-1
2024_17_ARI_LA,LA,ARI,53,3,7,-1.6382753761914992,24,32,673.0,29,2,1,2024,2024-12-28,-1
2024_17_ATL_WAS,ATL,WAS,60,3,4,3.9525092779297246,31,37,992.0,32,3,3,2024,2024-12-29,-1
2024_17_ATL_WAS,WAS,ATL,76,2,5,16.834264301923373,40,41,876.0,27,6,4,2024,2024-12-29,-1
2024_17_BAL_HOU,BAL,HOU,61,6,8,18.976318538112807,36,18,627.0,16,4,4,2024,2024-12-25,-1
2024_17_BAL_HOU,HOU,BAL,54,1,5,-22.399418076092843,17,37,443.0,13,2,0,2024,2024-12-25,-1
2024_17_CAR_TB,CAR,TB,46,3,7,-4.729939652270991,16,33,254.0,9,2,2,2024,2024-12-29,-1
2024_17_CAR_TB,TB,CAR,71,7,14,32.261661751615165,43,34,932.0,26,9,5,2024,2024-12-29,-1
2024_17_DAL_PHI,DAL,PHI,60,1,6,-18.242629639712902,24,30,763.0,24,2,1,2024,2024-12-29,-1
2024_17_DAL_PHI,PHI,DAL,59,7,8,16.014096364720775,28,19,639.0,21,7,4,2024,2024-12-29,-1
2024_17_DEN_CIN,CIN,DEN,83,3,9,11.784436827858322,45,56,1390.0,43,7,4,2024,2024-12-28,-1
2024_17_DEN_CIN,DEN,CIN,60,2,4,10.300521959973526,27,33,903.0,30,4,3,2024,2024-12-28,-1
2024_17_DET_SF,DET,SF,67,6,9,25.84218805664425,38,37,1511.0,47,6,5,2024,2024-12-30,-1
2024_17_DET_SF,SF,DET,59,5,9,20.300453627654157,36,41,993.0,31,5,5,2024,2024-12-30,-1
2024_17_GB_MIN,GB,MIN,58,1,4,-1.7118804959268528,28,34,685.0,21,4,3,2024,2024-12-29,-1
2024_17_GB_MIN,MIN,GB,67,5,9,6.196525559254233,35,44,937.0,29,5,3,2024,2024-12-29,-1
2024_17_IND_NYG,IND,NYG,74,5,7,3.2144990741034967,35,41,845.0,25,6,4,2024,2024-12-29,-1
2024_17_IND_NYG,NYG,IND,49,6,9,18.463374107279712,20,23,879.0,24,7,6,2024,2024-12-29,-1
2024_17_KC_PIT,KC,PIT,59,3,6,18.586810532810087,30,39,988.0,35,5,4,2024,2024-12-25,-1
2024_17_KC_PIT,PIT,KC,73,4,7,-8.098165641422383,32,42,513.0,16,4,1,2024,2024-12-25,-1
2024_17_LAC_NE,LAC,NE,77,2,6,22.41489281882387,40,40,906.0,25,7,4,2024,2024-12-28,-1
2024_17_LAC_NE,NE,LAC,48,2,3,-26.488807853951585,16,28,139.0,4,1,1,2024,2024-12-28,-1
2024_17_LV_NO,LV,NO,72,2,7,7.371991161068439,31,36,1513.0,48,4,2,2024,2024-12-29,-1
2024_17_LV_NO,NO,LV,53,4,7,-14.853222865943346,21,40,562.0,23,3,1,2024,2024-12-29,-1
2024_17_MIA_CLE,CLE,MIA,76,0,6,-27.73766444356501,26,48,758.0,28,3,0,2024,2024-12-29,-1
2024_17_MIA_CLE,MIA,CLE,55,1,4,-5.390050918765066,20,29,789.0,24,2,2,2024,2024-12-29,-1
2024_17_NYJ_BUF,BUF,NYJ,60,3,4,9.995991132595403,28,28,844.0,24,6,5,2024,2024-12-29,-1
2024_17_NYJ_BUF,NYJ,BUF,59,3,4,-12.338626905955374,28,38,576.0,15,3,2,2024,2024-12-29,-1
2024_17_SEA_CHI,CHI,SEA,58,1,5,-12.093521408196532,20,35,994.0,29,1,0,2024,2024-12-26,-1
2024_17_SEA_CHI,SEA,CHI,50,2,6,-8.54081057272895,21,26,1238.0,35,1,0,2024,2024-12-26,-1
2024_17_TEN_JAX,JAX,TEN,56,3,6,8.587086517918769,27,24,776.0,23,2,2,2024,2024-12-29,-1
2024_17_TEN_JAX,TEN,JAX,64,3,7,2.3864400532677537,32,34,555.0,15,2,1,2024,2024-12-29,-1
2024_18_BUF_NE,BUF,NE,65,2,2,-4.3645432054966,27,32,1199.0,42,2,2,2024,2025-01-05,-1
2024_18_BUF_NE,NE,BUF,58,2,5,1.9409934071511352,25,31,1069.0,32,4,2,2024,2025-01-05,-1
2024_18_CAR_ATL,ATL,CAR,77,8,11,22.507749134878658,48,39,1313.0,48,6,5,2024,2025-01-05,-1
2024_18_CAR_ATL,CAR,ATL,64,4,8,26.388112255026353,32,35,1201.0,35,7,6,2024,2025-01-05,-1
2024_18_CHI_GB,CHI,GB,56,1,4,-9.53958925261395,21,30,796.0,27,3,2,2024,2025-01-05,-1
2024_18_CHI_GB,GB,CHI,62,5,9,-6.564194823456042,27,29,1169.0,34,4,2,2024,2025-01-05,-1
2024_18_CIN_PIT,CIN,PIT,70,0,5,-2.021046861832965,34,50,1352.0,41,4,1,2024,2025-01-04,-1
2024_18_CIN_PIT,PIT,CIN,58,1,3,-10.136179369926795,20,35,229.0,10,2,2,2024,2025-01-04,-1
2024_18_CLE_BAL,BAL,CLE,66,6,11,10.402574400795856,29,31,557.0,16,6,4,2024,2025-01-04,-1
2024_18_CLE_BAL,CLE,BAL,54,3,6,-24.47769142064462,14,36,462.0,12,3,1,2024,2025-01-04,-1
2024_18_HOU_TEN,HOU,TEN,57,3,5,3.5701225562876067,28,29,543.0,14,5,2,2024,2025-01-05,-1
2024_18_HOU_TEN,TEN,HOU,61,3,7,-11.263117498464105,22,29,214.0,6,3,1,2024,2025-01-05,-1
2024_18_JAX_IND,IND,JAX,77,3,7,0.8863414452142424,37,43,1415.0,45,4,2,2024,2025-01-05,-1
2024_18_JAX_IND,JAX,IND,66,4,5,2.00255810253958,28,34,966.0,34,3,2,2024,2025-01-05,-1
2024_18_KC_DEN,DEN,KC,71,6,7,29.15250941894911,41,29,505.0,14,6,5,2024,2025-01-05,-1
2024_18_KC_DEN,KC,DEN,33,2,3,-14.814179900406398,4,22,77.0,2,0,0,2024,2025-01-05,-1
2024_18_LAC_LV,LAC,LV,71,5,9,20.391621820828263,39,37,1487.0,47,6,3,2024,2025-01-05,-1
2024_18_LAC_LV,LV,LAC,47,5,6,-4.814265833227748,20,36,464.0,16,3,2,2024,2025-01-05,-1
2024_18_MIA_NYJ,MIA,NYJ,68,4,8,-8.710869075597701,29,45,580.0,19,5,2,2024,2025-01-05,-1
2024_18_MIA_NYJ,NYJ,MIA,63,5,8,3.7888243498512253,27,40,755.0,26,5,4,2024,2025-01-05,-1
2024_18_MIN_DET,DET,MIN,66,3,6,0.97772116144538,32,35,1301.0,38,4,4,2024,2025-01-05,-1
2024_18_MIN_DET,MIN,DET,61,3,5,-20.629494067440376,18,43,1090.0,41,4,0,2024,2025-01-05,-1
2024_18_NO_TB,NO,TB,63,2,4,0.1319445727623938,26,44,1222.0,43,2,1,2024,2025-01-05,-1
2024_18_NO_TB,TB,NO,63,5,6,14.14788634299018,30,33,471.0,14,4,3,2024,2025-01-05,-1
2024_18_NYG_PHI,NYG,PHI,54,1,3,-6.412182054524518,21,29,911.0,24,2,1,2024,2025-01-05,-1
2024_18_NYG_PHI,PHI,NYG,67,0,5,-2.7074142723428714,27,43,1004.0,33,4,2,2024,2025-01-05,-1
2024_18_SEA_LA,LA,SEA,66,6,8,1.590328014316973,29,45,932.0,28,5,2,2024,2025-01-05,-1
2024_18_SEA_LA,SEA,LA,53,4,7,12.722818016166642,28,30,1119.0,33,4,4,2024,2025-01-05,-1
2024_18_SF_ARI,ARI,SF,63,6,6,15.661351565766823,32,35,1209.0,41,6,6,2024,2025-01-05,-1
2024_18_SF_ARI,SF,ARI,71,6,7,0.6555077608654525,34,44,997.0,35,4,3,2024,2025-01-05,-1
2024_18_WAS_DAL,DAL,WAS,75,4,5,-3.2814740523217742,31,36,1429.0,50,6,1,2024,2025-01-05,-1
2024_18_WAS_DAL,WAS,DAL,54,3,4,4.702886737330977,26,37,736.0,26,3,3,2024,2025-01-05,-1
2024_19_DEN_BUF,BUF,DEN,70,4,9,22.94698215791097,40,29,1638.0,45,7,3,2024,2025-01-12,-1
2024_19_DEN_BUF,DEN,BUF,42,2,5,-5.268042195314357,18,25,616.0,22,2,1,2024,2025-01-12,-1
2024_19_GB_PHI,GB,PHI,59,4,6,-4.3966036083904445,27,35,229.0,7,3,1,2024,2025-01-12,-1
2024_19_GB_PHI,PHI,GB,56,2,6,2.531834133542633,20,23,633.0,19,5,2,2024,2025-01-12,-1
2024_19_LAC_HOU,HOU,LAC,68,4,6,-7.258919454261591,27,36,1145.0,39,5,2,2024,2025-01-11,-1
2024_19_LAC_HOU,LAC,HOU,54,1,6,-27.90973208973215,18,36,1039.0,32,2,1,2024,2025-01-11,-1
2024_19_MIN_LA,LA,MIN,49,4,5,1.9642031880233368,22,29,517.0,16,6,2,2024,2025-01-13,-1
2024_19_MIN_LA,MIN,LA,71,4,8,-27.69407382133992,28,50,517.0,14,2,1,2024,2025-01-13,-1
2024_19_PIT_BAL,BAL,PIT,70,7,11,20.96403974178247,36,21,1054.0,29,5,4,2024,2025-01-11,-1
2024_19_PIT_BAL,PIT,BAL,44,6,6,5.1243273130385205,17,34,292.0,9,2,2,2024,2025-01-11,-1
2024_19_WAS_TB,TB,WAS,44,4,8,4.690786876793329,23,19,906.0,28,3,2,2024,2025-01-12,-1
2024_19_WAS_TB,WAS,TB,67,4,7,7.5904698632436345,29,36,1467.0,44,6,2,2024,2025-01-12,-1
2024_20_BAL_BUF,BAL,BUF,58,5,12,8.115680210364324,30,29,1070.0,30,4,3,2024,2025-01-19,-1
2024_20_BAL_BUF,BUF,BAL,57,1,3,4.428309588798918,28,23,1057.0,30,4,3,2024,2025-01-19,-1
2024_20_HOU_KC,HOU,KC,64,4,7,6.602471941954073,32,36,1167.0,32,5,1,2024,2025-01-18,-1
2024_20_HOU_KC,KC,HOU,47,3,5,1.911377998416059,18,28,798.0,24,5,2,2024,2025-01-18,-1
2024_20_LA_PHI,LA,PHI,70,7,10,-4.728218802038693,30,49,987.0,32,6,2,2024,2025-01-19,-1
2024_20_LA_PHI,PHI,LA,60,4,5,4.963460612804207,25,27,1201.0,38,5,3,2024,2025-01-19,-1
2024_20_WAS_DET,DET,WAS,65,7,11,4.899524443946754,37,42,617.0,18,7,4,2024,2025-01-18,-1
2024_20_WAS_DET,WAS,DET,71,6,8,20.428344254904154,36,31,1290.0,44,6,5,2024,2025-01-18,-1
2024_21_BUF_KC,BUF,KC,70,5,6,10.987132694905883,31,37,1134.0,37,4,4,2024,2025-01-26,-1
2024_21_BUF_KC,KC,BUF,61,4,6,16.41312670720342,33,29,1198.0,37,6,4,2024,2025-01-26,-1
2024_21_WAS_PHI,PHI,WAS,65,6,11,25.907188564823166,38,30,781.0,33,8,8,2024,2025-01-26,-1
2024_21_WAS_PHI,WAS,PHI,79,4,6,-7.018200523692599,31,54,591.0,24,3,2,2024,2025-01-26,-1
2024_22_KC_PHI,KC,PHI,51,3,3,-17.414008716208393,21,40,239.0,7,3,3,2024,2025-02-09,-1
2024_22_KC_PHI,PHI,KC,67,5,8,1.2463996559528416,24,25,790.0,24,5,3,2024,2025-02-09,-1
2025_01_ARI_NO,ARI,NO,61,3,3,2.6833391286552066,25,34,1138.0,32,3,2,2025,2025-09-07,-1
2025_01_ARI_NO,NO,ARI,67,1,3,-2.790817127469226,29,45,610.0,21,5,1,2025,2025-09-07,-1
2025_01_BAL_BUF,BAL,BUF,50,8,12,19.28493492740669,25,21,993.0,30,7,5,2025,2025-09-07,-1
2025_01_BAL_BUF,BUF,BAL,77,7,12,18.09396638144389,38,49,443.0,15,7,5,2025,2025-09-07,-1
2025_01_CAR_JAX,CAR,JAX,60,3,5,-15.382782505267075,21,36,747.0,20,2,1,2025,2025-09-07,-1
2025_01_CAR_JAX,JAX,CAR,60,3,6,9.147479791392641,29,30,723.0,22,5,2,2025,2025-09-07,-1
2025_01_CIN_CLE,CIN,CLE,49,1,1,-5.3345392377494925,20,26,966.0,30,3,2,2025,2025-09-07,-1
2025_01_CIN_CLE,CLE,CIN,71,3,6,-3.6353516920981597,28,47,1323.0,40,3,2,2025,2025-09-07,-1
2025_01_DAL_PHI,DAL,PHI,55,3,6,1.9402964828081464,25,33,1090.0,36,3,2,2025,2025-09-04,-1
2025_01_DAL_PHI,PHI,DAL,59,2,4,9.466558611658243,30,24,1306.0,37,3,3,2025,2025-09-04,-1
2025_01_DET_GB,DET,GB,64,1,3,-3.9857783335017984,27,43,90.0,2,4,1,2025,2025-09-07,-1
2025_01_DET_GB,GB,DET,46,3,7,9.182882161431237,20,22,538.0,17,5,3,2025,2025-09-07,-1
2025_01_HOU_LA,HOU,LA,57,2,4,-7.546338502626041,21,30,1156.0,35,1,0,2025,2025-09-07,-1
2025_01_HOU_LA,LA,HOU,55,5,7,-2.111535116971936,23,32,941.0,31,3,2,2025,2025-09-07,-1
2025_01_KC_LAC,KC,LAC,58,3,5,12.483821836074187,27,41,581.0,18,4,2,2025,2025-09-05,-1
2025_01_KC_LAC,LAC,KC,59,4,9,18.88425296047844,34,37,1173.0,37,5,3,2025,2025-09-05,-1
2025_01_LV_NE,LV,NE,60,9,10,6.880008877268161,26,37,928.0,33,2,2,2025,2025-09-07,-1
2025_01_LV_NE,NE,LV,68,3,6,-4.493152112544513,28,50,1268.0,42,3,1,2025,2025-09-07,-1
2025_01_MIA_IND,IND,MIA,70,4,10,18.519777918237615,37,30,701.0,20,6,3,2025,2025-09-07,-1
2025_01_MIA_IND,MIA,IND,47,2,4,-12.07073119284166,20,35,129.0,4,1,1,2025,2025-09-07,-1
2025_01_MIN_CHI,CHI,MIN,63,3,6,-4.497646420337657,24,37,803.0,25,3,2,2025,2025-09-08,-1
2025_01_MIN_CHI,MIN,CHI,51,2,5,-9.021202071791938,21,25,491.0,15,4,3,2025,2025-09-08,-1
2025_01_NYG_WAS,NYG,WAS,62,3,5,-14.949700720810757,21,39,592.0,18,2,0,2025,2025-09-07,-1
2025_01_NYG_WAS,WAS,NYG,62,3,8,11.510640204010997,33,33,697.0,22,4,3,2025,2025-09-07,-1
2025_01_PIT_NYJ,NYJ,PIT,64,5,10,13.5664072239276,32,24,1243.0,36,5,4,2025,2025-09-07,-1
2025_01_PIT_NYJ,PIT,NYJ,53,5,8,9.02778810282699,22,34,679.0,20,4,4,2025,2025-09-07,-1
2025_01_SF_SEA,SEA,SF,49,3,5,-13.004168118627756,23,23,749.0,26,3,1,2025,2025-09-07,-1
2025_01_SF_SEA,SF,SEA,70,5,5,7.871043490007998,35,36,1662.0,45,5,2,2025,2025-09-07,-1
2025_01_TB_ATL,ATL,TB,70,3,4,3.857600752959275,31,43,1142.0,35,3,2,2025,2025-09-07,-1
2025_01_TB_ATL,TB,ATL,55,3,4,6.272233953643996,20,33,991.0,34,3,3,2025,2025-09-07,-1
2025_01_TEN_DEN,DEN,TEN,69,2,5,-10.205420061431282,27,41,1329.0,42,4,2,2025,2025-09-07,-1
2025_01_TEN_DEN,TEN,DEN,55,1,2,-22.566204679327726,13,34,962.0,29,2,0,2025,2025-09-07,-1
2025_02_ATL_MIN,ATL,MIN,62,2,7,-1.773914776241537,27,24,1075.0,33,5,1,2025,2025-09-14,-1
2025_02_ATL_MIN,MIN,ATL,46,2,5,-20.710335602561948,19,27,943.0,29,1,0,2025,2025-09-14,-1
2025_02_BUF_NYJ,BUF,NYJ,67,4,6,13.251417932234931,31,28,480.0,15,5,3,2025,2025-09-14,-1
2025_02_BUF_NYJ,NYJ,BUF,47,1,3,-13.880292441465436,16,26,73.0,2,1,1,2025,2025-09-14,-1
2025_02_CAR_ARI,ARI,CAR,47,3,6,5.969532025879975,21,26,540.0,16,5,2,2025,2025-09-14,-1
2025_02_CAR_ARI,CAR,ARI,78,4,7,-1.4243745088225555,36,58,493.0,13,4,3,2025,2025-09-14,-1
2025_02_CHI_DET,CHI,DET,64,5,8,-10.621624725987203,23,37,583.0,20,3,3,2025,2025-09-14,-1
2025_02_CHI_DET,DET,CHI,58,7,9,23.750433798589405,32,28,820.0,27,8,7,2025,2025-09-14,-1
2025_02_CLE_BAL,BAL,CLE,50,3,6,6.245442755987011,20,32,634.0,20,6,4,2025,2025-09-14,-1
2025_02_CLE_BAL,CLE,BAL,72,4,5,-18.932186976471147,27,50,403.0,13,3,2,2025,2025-09-14,-1
2025_02_DEN_IND,DEN,IND,54,3,9,10.35833331764127,25,30,1178.0,35,4,4,2025,2025-09-14,-1
2025_02_DEN_IND,IND,DEN,67,4,6,10.058355335546645,33,35,1211.0,39,6,2,2025,2025-09-14,-1
2025_02_JAX_CIN,CIN,JAX,65,4,5,-0.46578951377471967,28,48,1097.0,36,5,4,2025,2025-09-14,-1
2025_02_JAX_CIN,JAX,CIN,70,4,8,6.50566543098547,35,43,1281.0,39,6,3,2025,2025-09-14,-1
2025_02_LAC_LV,LAC,LV,53,3,5,-1.0735624078037325,23,29,542.0,16,5,2,2025,2025-09-15,-1
2025_02_LAC_LV,LV,LAC,65,3,4,-25.472412012645357,20,46,758.0,24,3,0,2025,2025-09-15,-1
2025_02_LA_TEN,LA,TEN,57,7,12,19.573891260437584,28,34,1127.0,32,7,4,2025,2025-09-14,-1
2025_02_LA_TEN,TEN,LA,64,3,4,-7.917493000306068,25,38,1104.0,38,3,1,2025,2025-09-14,-1
2025_02_NE_MIA,MIA,NE,52,4,8,8.833901356840594,25,37,519.0,17,4,2,2025,2025-09-14,-1
2025_02_NE_MIA,NE,MIA,53,3,7,18.22792537711453,27,26,1402.0,37,5,4,2025,2025-09-14,-1
2025_02_NYG_DAL,DAL,NYG,83,4,10,11.09680308938847,38,55,878.0,31,4,4,2025,2025-09-14,-1
2025_02_NYG_DAL,NYG,DAL,65,8,10,14.409377886973875,30,44,1235.0,37,8,4,2025,2025-09-14,-1
2025_02_PHI_KC,KC,PHI,57,4,6,-7.711758646169274,23,31,1234.0,37,3,2,2025,2025-09-14,-1
2025_02_PHI_KC,PHI,KC,56,1,1,-0.2318380011605723,24,24,745.0,25,2,2,2025,2025-09-14,-1
2025_02_SEA_PIT,PIT,SEA,60,3,3,-11.927315146111436,20,39,1035.0,32,2,1,2025,2025-09-14,-1
2025_02_SEA_PIT,SEA,PIT,64,4,12,4.752402202543499,28,35,1318.0,40,5,3,2025,2025-09-14,-1
2025_02_SF_NO,NO,SF,67,2,5,-5.2176187789641695,29,37,327.0,13,3,3,2025,2025-09-14,-1
2025_02_SF_NO,SF,NO,64,2,3,3.0592640214227185,31,41,1053.0,36,3,3,2025,2025-09-14,-1
2025_02_TB_HOU,HOU,TB,46,6,9,-3.0080176770154443,18,28,790.0,24,4,2,2025,2025-09-15,-1
2025_02_TB_HOU,TB,HOU,73,3,8,9.82841064287088,38,43,1315.0,41,4,3,2025,2025-09-15,-1
2025_02_WAS_GB,GB,WAS,61,3,9,9.822464434610755,31,33,844.0,25,4,3,2025,2025-09-11,-1
2025_02_WAS_GB,WAS,GB,64,1,2,-11.602741485225748,23,45,250.0,8,2,2,2025,2025-09-11,-1
2025_03_ARI_SF,ARI,SF,64,2,4,-0.7065771850598193,25,36,1394.0,41,4,1,2025,2025-09-21,-1
2025_03_ARI_SF,SF,ARI,60,3,8,-3.3168133367808323,31,41,901.0,34,4,1,2025,2025-09-21,-1
2025_03_ATL_CAR,ATL,CAR,66,2,6,-22.380612513318866,24,43,654.0,19,0,0,2025,2025-09-21,-1
2025_03_ATL_CAR,CAR,ATL,54,2,2,-0.48365355661901344,26,25,610.0,18,3,2,2025,2025-09-21,-1
2025_03_CIN_MIN,CIN,MIN,52,1,4,-40.946751253228626,15,31,225.0,6,1,1,2025,2025-09-21,-1
2025_03_CIN_MIN,MIN,CIN,58,4,6,7.021411269623478,30,27,205.0,7,7,4,2025,2025-09-21,-1
2025_03_DAL_CHI,CHI,DAL,55,5,5,16.594530767976558,27,28,535.0,20,5,4,2025,2025-09-21,-1
2025_03_DAL_CHI,DAL,CHI,68,5,6,-2.6875062850289417,33,48,596.0,18,4,1,2025,2025-09-21,-1
2025_03_DEN_LAC,DEN,LAC,47,3,5,-2.1711469284987293,13,27,715.0,21,3,2,2025,2025-09-21,-1
2025_03_DEN_LAC,LAC,DEN,80,4,5,-3.0915903333988624,32,52,1409.0,48,4,2,2025,2025-09-21,-1
2025_03_DET_BAL,BAL,DET,55,5,9,3.7525117607808864,26,36,1014.0,29,6,4,2025,2025-09-22,-1
2025_03_DET_BAL,DET,BAL,65,4,7,25.466984194058085,38,28,1471.0,44,6,5,2025,2025-09-22,-1
2025_03_GB_CLE,CLE,GB,56,1,3,-8.490759592908974,16,37,650.0,24,2,1,2025,2025-09-21,-1
2025_03_GB_CLE,GB,CLE,60,2,5,-4.742159019500537,22,30,1389.0,37,2,1,2025,2025-09-21,-1
2025_03_HOU_JAX,HOU,JAX,57,1,3,-11.792583359624997,18,39,900.0,28,2,1,2025,2025-09-21,-1
2025_03_HOU_JAX,JAX,HOU,65,2,6,-10.612169180998702,24,42,1040.0,35,3,2,2025,2025-09-21,-1
2025_03_IND_TEN,IND,TEN,50,3,11,19.682657667460315,28,25,442.0,14,7,4,2025,2025-09-21,-1
2025_03_IND_TEN,TEN,IND,65,3,5,-11.209614853262728,29,42,203.0,7,2,2,2025,2025-09-21,-1
2025_03_KC_NYG,KC,NYG,64,3,5,9.68656421959457,32,39,1091.0,38,4,2,2025,2025-09-21,-1
2025_03_KC_NYG,NYG,KC,61,2,3,-15.241029955289301,23,34,762.0,24,3,1,2025,2025-09-21,-1
2025_03_LA_PHI,LA,PHI,65,2,3,-2.2641195881247627,32,34,1033.0,32,5,2,2025,2025-09-21,-1
2025_03_LA_PHI,PHI,LA,63,4,6,1.0482640237752348,26,37,474.0,14,4,4,2025,2025-09-21,-1
2025_03_LV_WAS,LV,WAS,64,3,10,2.8796242212122305,23,35,744.0,21,4,3,2025,2025-09-21,-1
2025_03_LV_WAS,WAS,LV,53,4,5,14.852025518084252,26,21,751.0,22,6,4,2025,2025-09-21,-1
2025_03_MIA_BUF,BUF,MIA,57,3,9,15.804818427035825,31,30,1287.0,36,5,4,2025,2025-09-18,-1
2025_03_MIA_BUF,MIA,BUF,59,0,4,3.158984796900768,24,34,957.0,33,3,3,2025,2025-09-18,-1
2025_03_NO_SEA,NO,SEA,70,1,3,-8.340523427347948,30,43,206.0,7,3,1,2025,2025-09-21,-1
2025_03_NO_SEA,SEA,NO,53,4,4,7.482680883276288,24,21,146.0,5,6,4,2025,2025-09-21,-1
2025_03_NYJ_TB,NYJ,TB,61,1,3,-11.291705097525398,27,39,793.0,23,4,2,2025,2025-09-21,-1
2025_03_NYJ_TB,TB,NYJ,63,7,9,1.110351106036092,21,30,525.0,20,7,1,2025,2025-09-21,-1
2025_03_PIT_NE,NE,PIT,71,2,8,-11.179909954691539,33,42,1225.0,39,4,2,2025,2025-09-21,-1
2025_03_PIT_NE,PIT,NE,46,1,4,-2.396336583798984,23,23,812.0,25,3,3,2025,2025-09-21,-1
2025_04_BAL_KC,BAL,KC,53,3,6,-3.3136250119929116,24,36,529.0,16,3,2,2025,2025-09-28,-1
2025_04_BAL_KC,KC,BAL,68,3,7,15.68108836035139,30,38,840.0,28,7,4,2025,2025-09-28,-1
2025_04_CAR_NE,CAR,NE,65,3,7,-1.5821068274502026,32,37,757.0,22,2,2,2025,2025-09-28,-1
2025_04_CAR_NE,NE,CAR,45,7,8,17.642194853397086,19,19,496.0,14,6,5,2025,2025-09-28,-1
2025_04_CHI_LV,CHI,LV,64,2,5,-7.7165653239891885,27,39,1185.0,38,5,2,2025,2025-09-28,-1
2025_04_CHI_LV,LV,CHI,51,3,4,-9.983796860637108,27,20,1026.0,28,4,3,2025,2025-09-28,-1
2025_04_CIN_DEN,CIN,DEN,42,1,2,-10.76732427080118,15,28,524.0,16,1,0,2025,2025-09-29,-1
2025_04_CIN_DEN,DEN,CIN,77,5,9,17.228643076494336,39,42,509.0,17,5,4,2025,2025-09-29,-1
2025_04_CLE_DET,CLE,DET,64,2,4,-23.23473362750311,18,38,674.0,20,2,1,2025,2025-09-28,-1
2025_04_CLE_DET,DET,CLE,54,5,5,-6.901263370051032,21,27,521.0,16,4,3,2025,2025-09-28,-1
2025_04_GB_DAL,DAL,GB,67,4,7,23.99039569814523,37,41,706.0,21,6,5,2025,2025-09-28,-1
2025_04_GB_DAL,GB,DAL,78,5,13,26.623713879376844,43,44,1066.0,31,6,5,2025,2025-09-28,-1
2025_04_IND_LA,IND,LA,55,3,5,-5.102223163425643,25,35,1029.0,29,3,2,2025,2025-09-28,-1
2025_04_IND_LA,LA,IND,67,4,8,5.464803175158949,36,43,1253.0,43,4,3,2025,2025-09-28,-1
2025_04_JAX_SF,JAX,SF,60,2,3,4.6736905923173655,28,31,881.0,30,4,2,2025,2025-09-28,-1
2025_04_JAX_SF,SF,JAX,64,6,8,-4.447559999597896,28,40,642.0,20,4,2,2025,2025-09-28,-1
2025_04_LAC_NYG,LAC,NYG,57,5,7,-9.519933530359435,23,43,479.0,18,3,2,2025,2025-09-28,-1
2025_04_LAC_NYG,NYG,LAC,70,0,4,-10.171458033476492,29,27,1224.0,40,5,2,2025,2025-09-28,-1
2025_04_MIN_PIT,MIN,PIT,72,4,7,3.1929490757449814,32,52,778.0,23,4,2,2025,2025-09-28,-1
2025_04_MIN_PIT,PIT,MIN,51,1,4,10.134740020621336,30,24,658.0,16,6,3,2025,2025-09-28,-1
2025_04_NO_BUF,BUF,NO,54,4,9,10.604019046326584,26,25,1040.0,28,5,4,2025,2025-09-28,-1
2025_04_NO_BUF,NO,BUF,66,0,5,-6.177873014472485,28,31,817.0,31,4,2,2025,2025-09-28,-1
2025_04_NYJ_MIA,MIA,NYJ,56,3,5,7.2624637244466665,22,25,1171.0,33,4,3,2025,2025-09-29,-1
2025_04_NYJ_MIA,NYJ,MIA,58,4,8,9.212642073002437,36,29,384.0,10,4,2,2025,2025-09-29,-1
2025_04_PHI_TB,PHI,TB,58,3,5,-4.28542348347602,24,26,250.0,7,5,3,2025,2025-09-28,-1
2025_04_PHI_TB,TB,PHI,67,2,5,-9.789523452655157,25,41,159.0,6,4,2,2025,2025-09-28,-1
2025_04_SEA_ARI,ARI,SEA,64,1,6,-5.20343746179153,24,47,602.0,21,3,2,2025,2025-09-25,-1
2025_04_SEA_ARI,SEA,ARI,64,7,10,3.5377121238077063,27,29,758.0,25,3,2,2025,2025-09-25,-1
2025_04_TEN_HOU,HOU,TEN,66,4,7,9.89804885561917,27,31,1465.0,43,3,3,2025,2025-09-28,-1
2025_04_TEN_HOU,TEN,HOU,45,3,3,-15.292863583303815,15,27,667.0,25,0,0,2025,2025-09-28,-1
2025_04_WAS_ATL,ATL,WAS,61,4,10,16.306827543696503,31,27,1358.0,38,6,4,2025,2025-09-28,-1
2025_04_WAS_ATL,WAS,ATL,51,3,6,6.696947316547942,25,29,286.0,11,2,2,2025,2025-09-28,-1
2025_05_DAL_NYJ,DAL,NYJ,56,5,5,20.154987578824247,27,30,624.0,25,6,5,2025,2025-10-05,-1
2025_05_DAL_NYJ,NYJ,DAL,73,3,8,0.8701148390758062,36,52,751.0,22,3,2,2025,2025-10-05,-1
2025_05_DEN_PHI,DEN,PHI,71,2,7,5.0784032809641175,35,42,638.0,24,3,2,2025,2025-10-05,-1
2025_05_DEN_PHI,PHI,DEN,54,4,5,0.17070600991258678,21,44,841.0,27,3,2,2025,2025-10-05,-1
2025_05_DET_CIN,CIN,DET,58,3,6,-6.964062862871962,24,42,119.0,6,3,3,2025,2025-10-05,-1
2025_05_DET_CIN,DET,CIN,59,4,7,13.381655434612185,31,28,761.0,21,6,5,2025,2025-10-05,-1
2025_05_HOU_BAL,BAL,HOU,40,2,3,-13.429712154355778,15,21,374.0,11,2,1,2025,2025-10-05,-1
2025_05_HOU_BAL,HOU,BAL,64,5,6,25.05102808523646,39,33,771.0,21,7,5,2025,2025-10-05,-1
2025_05_KC_JAX,JAX,KC,54,4,5,1.527883287278434,26,28,642.0,19,5,3,2025,2025-10-06,-1
2025_05_KC_JAX,KC,JAX,63,5,10,11.906714202545118,41,41,1269.0,35,5,4,2025,2025-10-06,-1
2025_05_LV_IND,IND,LV,61,2,5,16.88683219510177,31,35,488.0,16,6,6,2025,2025-10-05,-1
2025_05_LV_IND,LV,IND,65,2,4,-13.832584425608008,32,40,579.0,16,4,0,2025,2025-10-05,-1
2025_05_MIA_CAR,CAR,MIA,62,6,8,9.874592683686643,29,32,475.0,14,5,3,2025,2025-10-05,-1
2025_05_MIA_CAR,MIA,CAR,53,3,5,5.049491874152817,19,39,865.0,27,4,3,2025,2025-10-05,-1
2025_05_MIN_CLE,CLE,MIN,66,3,6,-0.7533219276230705,26,34,1278.0,44,3,2,2025,2025-10-05,-1
2025_05_MIN_CLE,MIN,CLE,60,5,8,2.188773043319297,29,38,984.0,30,3,3,2025,2025-10-05,-1
2025_05_NE_BUF,BUF,NE,61,5,9,2.3745747159994863,31,32,1263.0,34,4,2,2025,2025-10-05,-1
2025_05_NE_BUF,NE,BUF,56,4,8,3.4648810184759133,26,34,1000.0,34,4,2,2025,2025-10-05,-1
2025_05_NYG_NO,NO,NYG,61,1,4,2.952869426670502,28,32,809.0,32,5,1,2025,2025-10-05,-1
2025_05_NYG_NO,NYG,NO,69,1,6,-20.05993185203988,32,40,1292.0,40,4,2,2025,2025-10-05,-1
2025_05_SF_LA,LA,SF,63,8,10,4.721448430435524,35,47,141.0,5,5,3,2025,2025-10-02,-1
2025_05_SF_LA,SF,LA,82,1,9,10.24914043988702,42,49,1086.0,37,5,2,2025,2025-10-02,-1
2025_05_TB_SEA,SEA,TB,54,7,7,21.90470024121799,33,34,668.0,18,5,5,2025,2025-10-05,-1
2025_05_TB_SEA,TB,SEA,58,7,10,23.00764473821905,30,35,1456.0,38,7,4,2025,2025-10-05,-1
2025_05_TEN_ARI,ARI,TEN,64,3,5,-4.752982648380566,24,35,491.0,13,4,3,2025,2025-10-05,-1
2025_05_TEN_ARI,TEN,ARI,61,3,6,-2.451247728366212,27,41,342.0,10,3,2,2025,2025-10-05,-1
2025_05_WAS_LAC,LAC,WAS,63,3,5,-8.848014624640925,25,37,601.0,19,2,1,2025,2025-10-05,-1
2025_05_WAS_LAC,WAS,LAC,54,5,9,13.769460993965247,31,26,521.0,19,5,3,2025,2025-10-05,-1
2025_06_ARI_IND,ARI,IND,70,7,9,6.291115329478607,33,46,1412.0,44,6,3,2025,2025-10-12,-1
2025_06_ARI_IND,IND,ARI,56,4,7,8.36211823410573,30,31,1021.0,33,4,4,2025,2025-10-12,-1
2025_06_BUF_ATL,ATL,BUF,65,9,9,4.341736276747095,31,34,692.0,19,5,3,2025,2025-10-13,-1
2025_06_BUF_ATL,BUF,ATL,54,2,6,-6.419765881990315,25,30,684.0,19,3,2,2025,2025-10-13,-1
2025_06_CHI_WAS,CHI,WAS,59,4,7,9.766108379796425,31,33,1131.0,37,4,2,2025,2025-10-13,-1
2025_06_CHI_WAS,WAS,CHI,59,3,6,-3.758117318987252,26,29,974.0,29,3,3,2025,2025-10-13,-1
2025_06_CIN_GB,CIN,GB,61,0,4,5.667216179986376,30,45,245.0,8,2,2,2025,2025-10-12,-1
2025_06_CIN_GB,GB,CIN,59,6,9,12.273763904159074,34,27,1373.0,36,4,3,2025,2025-10-12,-1
2025_06_CLE_PIT,CLE,PIT,75,1,3,-13.902152580642792,27,58,472.0,14,3,0,2025,2025-10-12,-1
2025_06_CLE_PIT,PIT,CLE,55,5,5,7.158476152896494,23,30,1274.0,37,2,2,2025,2025-10-12,-1
2025_06_DAL_CAR,CAR,DAL,62,3,7,9.881858280861252,36,26,1115.0,34,5,3,2025,2025-10-12,-1
2025_06_DAL_CAR,DAL,CAR,52,3,4,9.339813822902187,21,34,1160.0,33,5,3,2025,2025-10-12,-1
2025_06_DEN_NYJ,DEN,NYJ,55,1,4,-4.710808206772313,19,31,950.0,29,2,1,2025,2025-10-12,-1
2025_06_DEN_NYJ,NYJ,DEN,57,0,0,-23.97770366444721,14,26,1049.0,34,2,0,2025,2025-10-12,-1
2025_06_DET_KC,DET,KC,53,3,6,5.953233490639832,28,30,969.0,27,3,2,2025,2025-10-12,-1
2025_06_DET_KC,KC,DET,58,2,7,15.516546078970212,32,33,917.0,30,6,4,2025,2025-10-12,-1
2025_06_LAC_MIA,LAC,MIA,64,5,7,6.655426383917237,29,39,1452.0,39,7,2,2025,2025-10-12,-1
2025_06_LAC_MIA,MIA,LAC,56,3,6,5.096480668656306,25,35,628.0,23,4,3,2025,2025-10-12,-1
2025_06_LA_BAL,BAL,LA,74,0,2,-24.57342219424843,29,37,916.0,29,3,0,2025,2025-10-12,-1
2025_06_LA_BAL,LA,BAL,49,4,4,-1.626152186531172,23,28,818.0,30,5,2,2025,2025-10-12,-1
2025_06_NE_NO,NE,NO,56,5,6,8.828352128269817,28,27,859.0,28,4,3,2025,2025-10-12,-1
2025_06_NE_NO,NO,NE,51,3,5,-2.098519155694743,23,28,907.0,26,3,1,2025,2025-10-12,-1
2025_06_PHI_NYG,NYG,PHI,64,5,7,16.150167255138513,31,28,937.0,34,5,5,2025,2025-10-09,-1
2025_06_PHI_NYG,PHI,NYG,56,3,9,-5.413706951633916,25,36,756.0,24,3,2,2025,2025-10-09,-1
2025_06_SEA_JAX,JAX,SEA,68,3,5,-1.485572471747135,26,49,842.0,29,2,2,2025,2025-10-12,-1
2025_06_SEA_JAX,SEA,JAX,51,5,6,2.632983897209776,20,28,786.0,25,4,2,2025,2025-10-12,-1
2025_06_SF_TB,SF,TB,67,4,7,-5.716477580536601,30,45,1363.0,43,2,1,2025,2025-10-12,-1
2025_06_SF_TB,TB,SF,50,4,9,14.718221492476095,27,24,916.0,29,4,4,2025,2025-10-12,-1
2025_06_TEN_LV,LV,TEN,54,2,3,-9.71143891011497,22,25,635.0,17,4,2,2025,2025-10-12,-1
2025_06_TEN_LV,TEN,LV,58,4,6,-17.844781974853568,22,43,490.0,13,2,1,2025,2025-10-12,-1
2025_07_ATL_SF,ATL,SF,60,1,7,-6.848560333116067,26,40,882.0,32,2,1,2025,2025-10-19,-1
2025_07_ATL_SF,SF,ATL,64,0,4,2.2056742056315652,32,27,1237.0,40,2,2,2025,2025-10-19,-1
2025_07_CAR_NYJ,CAR,NYJ,68,2,4,-4.135856966262089,27,34,1071.0,36,3,1,2025,2025-10-19,-1
2025_07_CAR_NYJ,NYJ,CAR,60,2,2,-15.345962109687568,18,40,614.0,24,1,0,2025,2025-10-19,-1
2025_07_GB_ARI,ARI,GB,70,4,6,-3.6547792568008752,29,42,1283.0,40,4,2,2025,2025-10-19,-1
2025_07_GB_ARI,GB,ARI,52,2,6,6.116519051469728,26,30,1091.0,31,4,3,2025,2025-10-19,-1
2025_07_HOU_SEA,HOU,SEA,70,4,6,-21.70344788468888,25,53,360.0,10,4,1,2025,2025-10-20,-1
2025_07_HOU_SEA,SEA,HOU,65,3,9,-16.14071715215267,23,34,844.0,27,4,3,2025,2025-10-20,-1
2025_07_IND_LAC,IND,LAC,55,5,9,23.912834096510895,29,35,581.0,20,6,5,2025,2025-10-19,-1
2025_07_IND_LAC,LAC,IND,74,6,10,6.471471044489693,35,58,282.0,7,5,3,2025,2025-10-19,-1
2025_07_LA_JAX,JAX,LA,74,6,7,-11.852970948107766,30,55,117.0,4,3,1,2025,2025-10-19,-1
2025_07_LA_JAX,LA,JAX,58,2,5,7.013139012968168,26,33,588.0,17,5,5,2025,2025-10-19,-1
2025_07_LV_KC,KC,LV,74,3,6,16.630933961884704,38,36,735.0,22,6,4,2025,2025-10-19,-1
2025_07_LV_KC,LV,KC,30,0,0,-20.061090205650544,4,19,268.0,8,0,0,2025,2025-10-19,-1
2025_07_MIA_CLE,CLE,MIA,52,2,6,-4.110276669017304,14,20,876.0,23,5,3,2025,2025-10-19,-1
2025_07_MIA_CLE,MIA,CLE,57,4,6,-31.824676372022527,13,35,344.0,9,2,0,2025,2025-10-19,-1
2025_07_NE_TEN,NE,TEN,62,4,8,16.583575384097788,30,28,1333.0,35,5,3,2025,2025-10-19,-1
2025_07_NE_TEN,TEN,NE,51,2,4,-14.493521810849037,21,39,746.0,22,1,1,2025,2025-10-19,-1
2025_07_NO_CHI,CHI,NO,65,5,8,6.09694314376464,29,27,747.0,23,6,2,2025,2025-10-19,-1
2025_07_NO_CHI,NO,CHI,53,4,4,-15.731322050366323,21,36,282.0,10,2,2,2025,2025-10-19,-1
2025_07_NYG_DEN,DEN,NYG,77,7,10,6.431424083159305,31,53,458.0,15,5,4,2025,2025-10-19,-1
2025_07_NYG_DEN,NYG,DEN,70,5,10,8.591285381044262,24,38,598.0,20,5,5,2025,2025-10-19,-1
2025_07_PHI_MIN,MIN,PHI,67,5,7,-5.957851572428432,34,44,844.0,25,6,1,2025,2025-10-19,-1
2025_07_PHI_MIN,PHI,MIN,48,6,8,13.577898988050537,19,26,875.0,25,5,3,2025,2025-10-19,-1
2025_07_PIT_CIN,CIN,PIT,69,6,11,22.73168877679968,35,49,1063.0,35,6,3,2025,2025-10-16,-1
2025_07_PIT_CIN,PIT,CIN,54,4,7,19.70388800872024,27,34,755.0,25,5,4,2025,2025-10-16,-1
2025_07_TB_DET,DET,TB,65,6,9,-7.820272349829276,23,33,1072.0,29,4,3,2025,2025-10-20,-1
2025_07_TB_DET,TB,DET,66,3,4,-27.68563526458784,21,55,416.0,13,2,1,2025,2025-10-20,-1
2025_07_WAS_DAL,DAL,WAS,60,4,8,5.890255503745209,24,31,205.0,10,6,4,2025,2025-10-19,-1
2025_07_WAS_DAL,WAS,DAL,64,4,7,-14.16393770296406,28,36,332.0,11,3,3,2025,2025-10-19,-1
2025_08_BUF_CAR,BUF,CAR,60,5,6,20.630132929232573,29,25,634.0,21,6,5,2025,2025-10-26,-1
2025_08_BUF_CAR,CAR,BUF,59,2,6,-20.343956571335095,22,31,506.0,15,3,1,2025,2025-10-26,-1
2025_08_CHI_BAL,BAL,CHI,59,5,6,12.686022683194711,29,24,1300.0,37,6,3,2025,2025-10-26,-1
2025_08_CHI_BAL,CHI,BAL,62,6,10,1.512800664157536,27,39,893.0,28,3,1,2025,2025-10-26,-1
2025_08_CLE_NE,CLE,NE,53,3,5,-18.49548697108259,15,37,665.0,17,3,2,2025,2025-10-26,-1
2025_08_CLE_NE,NE,CLE,62,7,13,4.544583764502878,30,30,1161.0,35,8,3,2025,2025-10-26,-1
2025_08_DAL_DEN,DAL,DEN,68,2,5,3.854970534162458,34,37,268.0,8,5,3,2025,2025-10-26,-1
2025_08_DAL_DEN,DEN,DAL,56,7,10,20.508983949016347,31,30,428.0,12,7,6,2025,2025-10-26,-1
2025_08_GB_PIT,GB,PIT,63,6,9,20.758181607484698,31,38,933.0,24,6,4,2025,2025-10-26,-1
2025_08_GB_PIT,PIT,GB,58,3,4,-9.105812418552677,23,40,1026.0,30,2,2,2025,2025-10-26,-1
2025_08_MIA_ATL,ATL,MIA,48,2,4,-16.3700033619434,19,32,452.0,13,2,1,2025,2025-10-26,-1
2025_08_MIA_ATL,MIA,ATL,65,3,6,9.272589225921068,31,28,997.0,28,6,4,2025,2025-10-26,-1
2025_08_MIN_LAC,LAC,MIN,70,3,10,14.257796908295315,36,27,688.0,20,5,4,2025,2025-10-23,-1
2025_08_MIN_LAC,MIN,LAC,47,0,4,-19.939164510737413,13,36,230.0,7,1,1,2025,2025-10-23,-1
2025_08_NYG_PHI,NYG,PHI,49,3,6,4.416985289666229,20,29,683.0,18,3,2,2025,2025-10-26,-1
2025_08_NYG_PHI,PHI,NYG,54,5,9,24.637847274350634,32,24,788.0,24,5,5,2025,2025-10-26,-1
2025_08_NYJ_CIN,CIN,NYJ,58,4,8,15.341767798166586,34,35,882.0,30,6,5,2025,2025-10-26,-1
2025_08_NYJ_CIN,NYJ,CIN,70,8,12,23.88705463640676,42,33,108.0,3,6,4,2025,2025-10-26,-1
2025_08_SF_HOU,HOU,SF,74,4,7,17.391900099512807,36,39,1019.0,29,6,2,2025,2025-10-26,-1
2025_08_SF_HOU,SF,HOU,45,2,6,-1.8024568377439865,17,35,97.0,5,2,2,2025,2025-10-26,-1
2025_08_TB_NO,NO,TB,70,1,4,-33.08698559128872,27,55,663.0,21,1,0,2025,2025-10-26,-1
2025_08_TB_NO,TB,NO,56,2,5,-8.285197725733518,19,27,1138.0,32,3,1,2025,2025-10-26,-1
2025_08_TEN_IND,IND,TEN,52,4,12,19.840450712386183,23,34,756.0,20,6,5,2025,2025-10-26,-1
2025_08_TEN_IND,TEN,IND,66,5,9,-5.772853609989397,27,41,220.0,6,3,2,2025,2025-10-26,-1
2025_08_WAS_KC,KC,WAS,66,5,9,16.55093004059745,34,37,1285.0,39,4,4,2025,2025-10-27,-1
2025_08_WAS_KC,WAS,KC,52,4,7,-9.414850910310633,21,32,1108.0,32,2,1,2025,2025-10-27,-1
2025_09_ARI_DAL,ARI,DAL,63,2,11,7.13924245522525,30,36,866.0,30,4,3,2025,2025-11-03,-1
2025_09_ARI_DAL,DAL,ARI,64,2,8,-7.112531692986002,28,43,331.0,11,4,1,2025,2025-11-03,-1
2025_09_ATL_NE,ATL,NE,54,3,7,3.7649562623554758,22,38,418.0,12,4,3,2025,2025-11-02,-1
2025_09_ATL_NE,NE,ATL,65,3,7,0.8722606769696188,29,35,1400.0,39,4,3,2025,2025-11-02,-1
2025_09_BAL_MIA,BAL,MIA,54,5,7,11.466902502870653,27,25,845.0,25,4,4,2025,2025-10-30,-1
2025_09_BAL_MIA,MIA,BAL,61,4,8,-12.202936228122056,24,41,743.0,25,3,0,2025,2025-10-30,-1
2025_09_CAR_GB,CAR,GB,54,2,5,5.110309072213934,27,21,1264.0,36,3,2,2025,2025-11-02,-1
2025_09_CAR_GB,GB,CAR,63,4,7,2.6790452705042203,32,38,1076.0,36,5,1,2025,2025-11-02,-1
2025_09_CHI_CIN,CHI,CIN,77,6,11,34.89170178800067,43,40,1555.0,55,8,6,2025,2025-11-02,-1
2025_09_CHI_CIN,CIN,CHI,65,10,13,15.00649755710629,32,51,711.0,23,7,5,2025,2025-11-02,-1
2025_09_DEN_HOU,DEN,HOU,62,4,5,-5.580070881120747,20,39,724.0,27,3,2,2025,2025-11-02,-1
2025_09_DEN_HOU,HOU,DEN,72,2,4,-10.764067981647038,21,44,1401.0,47,5,0,2025,2025-11-02,-1
2025_09_IND_PIT,IND,PIT,73,3,10,-8.965795657111952,37,54,844.0,28,2,2,2025,2025-11-02,-1
2025_09_IND_PIT,PIT,IND,60,0,2,-6.8087817650715845,24,38,746.0,29,6,3,2025,2025-11-02,-1
2025_09_JAX_LV,JAX,LV,76,3,8,11.937186846538431,39,34,1488.0,40,5,3,2025,2025-11-02,-1
2025_09_JAX_LV,LV,JAX,61,3,4,8.472945204717748,32,42,898.0,32,5,4,2025,2025-11-02,-1
2025_09_KC_BUF,BUF,KC,63,5,8,14.576553823266517,35,29,1358.0,40,4,4,2025,2025-11-02,-1
2025_09_KC_BUF,KC,BUF,58,7,8,2.0520150665059154,24,38,737.0,24,3,2,2025,2025-11-02,-1
2025_09_LAC_TEN,LAC,TEN,64,5,8,5.395219090821957,37,35,1337.0,39,4,3,2025,2025-11-02,-1
2025_09_LAC_TEN,TEN,LAC,44,3,5,-7.798526637263626,16,25,790.0,25,4,0,2025,2025-11-02,-1
2025_09_MIN_DET,DET,MIN,62,2,8,-0.4388023112371293,22,42,752.0,27,5,3,2025,2025-11-02,-1
2025_09_MIN_DET,MIN,DET,55,3,6,-1.1839812076584826,23,30,1129.0,34,5,3,2025,2025-11-02,-1
2025_09_NO_LA,LA,NO,73,5,9,19.403962495552687,41,34,793.0,23,6,5,2025,2025-11-02,-1
2025_09_NO_LA,NO,LA,39,4,5,-12.50991959637031,12,25,188.0,6,3,1,2025,2025-11-02,-1
2025_09_SEA_WAS,SEA,WAS,48,7,8,21.523951081026283,29,24,587.0,15,5,5,2025,2025-11-02,-1
2025_09_SEA_WAS,WAS,SEA,62,1,3,-1.2192981508560479,31,26,362.0,11,2,2,2025,2025-11-02,-1
2025_09_SF_NYG,NYG,SF,56,2,5,9.52827134162104,28,35,484.0,16,4,3,2025,2025-11-02,-1
2025_09_SF_NYG,SF,NYG,63,4,8,20.787558824883025,33,26,874.0,25,5,4,2025,2025-11-02,-1
2025_10_ARI_SEA,ARI,SEA,74,4,9,-15.606806638490408,31,51,77.0,2,6,3,2025,2025-11-09,-1
2025_10_ARI_SEA,SEA,ARI,54,4,5,3.980023092795235,29,13,234.0,6,7,3,2025,2025-11-09,-1
2025_10_ATL_IND,ATL,IND,60,2,7,-4.005186237442877,27,32,790.0,27,3,3,2025,2025-11-09,-1
2025_10_ATL_IND,IND,ATL,75,8,10,11.324200566945658,41,34,1474.0,40,7,4,2025,2025-11-09,-1
2025_10_BAL_MIN,BAL,MIN,66,4,5,-0.2642404640824463,31,31,1154.0,36,5,2,2025,2025-11-09,-1
2025_10_BAL_MIN,MIN,BAL,62,4,6,-9.95580908000267,23,44,692.0,21,4,2,2025,2025-11-09,-1
2025_10_BUF_MIA,BUF,MIA,66,7,10,-4.860081348233391,28,44,231.0,7,3,2,2025,2025-11-09,-1
2025_10_BUF_MIA,MIA,BUF,51,5,8,15.928132687966617,22,21,598.0,15,4,4,2025,2025-11-09,-1
2025_10_CLE_NYJ,CLE,NYJ,70,2,8,-5.767562535502634,24,38,1182.0,42,3,2,2025,2025-11-09,-1
2025_10_CLE_NYJ,NYJ,CLE,45,3,3,-13.255065751138535,10,14,806.0,24,5,2,2025,2025-11-09,-1
2025_10_DET_WAS,DET,WAS,67,4,9,32.304594751341966,39,35,524.0,17,7,5,2025,2025-11-09,-1
2025_10_DET_WAS,WAS,DET,52,3,5,9.005023879997513,24,25,181.0,7,3,3,2025,2025-11-09,-1
2025_10_JAX_HOU,HOU,JAX,72,5,8,5.299699959228806,36,49,45.0,2,5,4,2025,2025-11-09,-1
2025_10_JAX_HOU,JAX,HOU,56,3,7,-13.191838024517947,21,29,224.0,8,5,2,2025,2025-11-09,-1
2025_10_LA_SF,LA,SF,64,3,8,26.2957292755018,40,37,844.0,26,7,6,2025,2025-11-09,-1
2025_10_LA_SF,SF,LA,61,2,5,7.724647820738144,35,40,67.0,2,5,4,2025,2025-11-09,-1
2025_10_LV_DEN,DEN,LV,55,1,2,-13.875227698372868,22,30,991.0,30,3,1,2025,2025-11-06,-1
2025_10_LV_DEN,LV,DEN,58,2,3,-22.62319315691436,19,33,927.0,33,1,1,2025,2025-11-06,-1
2025_10_NE_TB,NE,TB,58,5,8,10.31789460638538,21,32,1018.0,35,5,4,2025,2025-11-09,-1
2025_10_NE_TB,TB,NE,67,4,6,2.9706238455712732,33,45,739.0,22,4,3,2025,2025-11-09,-1
2025_10_NO_CAR,CAR,NO,50,1,1,-20.971170461207333,18,27,1215.0,34,2,1,2025,2025-11-09,-1
2025_10_NO_CAR,NO,CAR,64,4,7,10.352876018861739,26,30,1179.0,37,4,2,2025,2025-11-09,-1
2025_10_NYG_CHI,CHI,NYG,62,6,11,1.630764439292931,29,36,814.0,26,4,3,2025,2025-11-09,-1
2025_10_NYG_CHI,NYG,CHI,70,6,10,0.33544822726193235,27,40,871.0,32,5,2,2025,2025-11-09,-1
2025_10_PHI_GB,GB,PHI,65,3,4,-11.255528326027429,25,38,1001.0,33,1,1,2025,2025-11-10,-1
2025_10_PHI_GB,PHI,GB,60,3,5,-4.692756654431036,20,26,1136.0,34,2,1,2025,2025-11-10,-1
2025_10_PIT_LAC,LAC,PIT,68,1,6,-5.6115740952045385,27,38,937.0,30,4,2,2025,2025-11-09,-1
2025_10_PIT_LAC,PIT,LAC,50,1,5,-18.830265671065558,19,34,581.0,15,3,1,2025,2025-11-09,-1
2025_11_BAL_CLE,BAL,CLE,58,3,7,-5.123114414270967,25,30,926.0,28,5,2,2025,2025-11-16,-1
2025_11_BAL_CLE,CLE,BAL,54,3,5,-22.091921293180775,16,29,899.0,28,3,0,2025,2025-11-16,-1
2025_11_CAR_ATL,ATL,CAR,58,4,6,7.355426501590699,30,30,864.0,26,3,3,2025,2025-11-16,-1
2025_11_CAR_ATL,CAR,ATL,76,9,12,9.689201387193915,31,52,954.0,28,7,3,2025,2025-11-16,-1
2025_11_CHI_MIN,CHI,MIN,73,2,6,-3.4736623132112134,33,34,1050.0,34,3,1,2025,2025-11-16,-1
2025_11_CHI_MIN,MIN,CHI,54,2,6,-10.396654456543843,23,32,803.0,24,3,2,2025,2025-11-16,-1
2025_11_CIN_PIT,CIN,PIT,63,3,7,-14.912944685108126,21,41,990.0,34,3,1,2025,2025-11-16,-1
2025_11_CIN_PIT,PIT,CIN,59,4,9,11.757206188261137,26,32,1287.0,41,6,2,2025,2025-11-16,-1
2025_11_DAL_LV,DAL,LV,61,3,9,8.154267386045623,34,34,772.0,25,5,3,2025,2025-11-17,-1
2025_11_DAL_LV,LV,DAL,57,2,7,-12.398980432122794,24,46,504.0,16,4,1,2025,2025-11-17,-1
2025_11_DET_PHI,DET,PHI,59,5,7,-23.64510703133627,20,39,1114.0,37,1,0,2025,2025-11-16,-1
2025_11_DET_PHI,PHI,DET,68,1,3,-15.602379083533124,25,29,1184.0,37,3,1,2025,2025-11-16,-1
2025_11_GB_NYG,GB,NYG,52,3,8,18.179900941482746,25,29,1137.0,35,4,4,2025,2025-11-16,-1
2025_11_GB_NYG,NYG,GB,68,4,5,10.325389459118014,32,31,1342.0,37,5,3,2025,2025-11-16,-1
2025_11_HOU_TEN,HOU,TEN,68,2,4,-4.518789240416235,28,45,1308.0,44,3,1,2025,2025-11-16,-1
2025_11_HOU_TEN,TEN,HOU,57,2,4,-6.8269143313120795,21,40,891.0,27,1,1,2025,2025-11-16,-1
2025_11_KC_DEN,DEN,KC,60,5,6,1.964760344078495,27,40,1016.0,32,5,1,2025,2025-11-16,-1
2025_11_KC_DEN,KC,DEN,62,2,4,2.8120980996889333,27,48,1241.0,41,5,2,2025,2025-11-16,-1
2025_11_LAC_JAX,JAX,LAC,69,1,4,5.491886695526773,36,22,1209.0,33,6,5,2025,2025-11-16,-1
2025_11_LAC_JAX,LAC,JAX,45,2,2,-23.01063663572317,14,29,735.0,22,1,0,2025,2025-11-16,-1
2025_11_NYJ_NE,NE,NYJ,60,5,8,10.011498107635628,29,35,1363.0,39,5,3,2025,2025-11-13,-1
2025_11_NYJ_NE,NYJ,NE,57,1,2,-4.850551057723351,27,29,835.0,24,3,2,2025,2025-11-13,-1
2025_11_SEA_LA,LA,SEA,50,3,5,-8.69409790408099,19,28,903.0,30,4,3,2025,2025-11-16,-1
2025_11_SEA_LA,SEA,LA,79,4,5,-15.772758018978953,36,44,1076.0,31,4,1,2025,2025-11-16,-1
2025_11_SF_ARI,ARI,SF,73,4,11,4.486781130144581,37,58,146.0,5,5,3,2025,2025-11-16,-1
2025_11_SF_ARI,SF,ARI,50,4,5,9.559457808176777,27,28,333.0,10,6,5,2025,2025-11-16,-1
2025_11_TB_BUF,BUF,TB,54,8,9,13.14573247900255,25,31,745.0,26,7,6,2025,2025-11-16,-1
2025_11_TB_BUF,TB,BUF,69,3,5,3.7193583661808933,30,31,1660.0,47,6,4,2025,2025-11-16,-1
2025_11_WAS_MIA,MIA,WAS,54,4,7,-1.0719009821361758,28,23,1048.0,27,5,1,2025,2025-11-16,-1
2025_11_WAS_MIA,WAS,MIA,64,4,8,4.520158700937336,33,31,1280.0,40,4,1,2025,2025-11-16,-1
2025_12_ATL_NO,ATL,NO,54,4,6,-6.059492589183829,24,25,760.0,27,3,2,2025,2025-11-23,-1
2025_12_ATL_NO,NO,ATL,78,0,4,-21.436239705127154,32,50,384.0,16,4,0,2025,2025-11-23,-1
2025_12_BUF_HOU,BUF,HOU,65,6,7,-10.673887411741449,24,42,1058.0,30,5,2,2025,2025-11-20,-1
2025_12_BUF_HOU,HOU,BUF,55,2,5,-3.534493601408854,23,30,1168.0,39,4,2,2025,2025-11-20,-1
2025_12_CAR_SF,CAR,SF,44,1,3,-8.828610485392804,18,31,537.0,16,3,1,2025,2025-11-24,-1
2025_12_CAR_SF,SF,CAR,68,1,4,-0.0916555015179743,31,32,1550.0,45,3,2,2025,2025-11-24,-1
2025_12_CLE_LV,CLE,LV,47,4,6,-10.259118425207252,12,21,349.0,9,4,3,2025,2025-11-23,-1
2025_12_CLE_LV,LV,CLE,75,2,5,-28.588326969558793,23,54,305.0,10,1,1,2025,2025-11-23,-1
2025_12_IND_KC,IND,KC,49,3,4,-0.20836116301569163,19,31,1008.0,30,4,2,2025,2025-11-23,-1
2025_12_IND_KC,KC,IND,92,4,9,1.2845653850014687,41,51,793.0,30,6,1,2025,2025-11-23,-1
2025_12_JAX_ARI,ARI,JAX,76,2,5,-11.16837668553406,31,56,1328.0,42,5,2,2025,2025-11-23,-1
2025_12_JAX_ARI,JAX,ARI,60,5,10,-11.28518327767381,25,33,919.0,28,5,3,2025,2025-11-23,-1
2025_12_MIN_GB,GB,MIN,63,0,2,1.543190529035507,30,23,1086.0,32,4,2,2025,2025-11-23,-1
2025_12_MIN_GB,MIN,GB,44,1,3,-18.892723358669166,17,24,763.0,25,1,0,2025,2025-11-23,-1
2025_12_NE_CIN,CIN,NE,61,1,6,-11.795831173923368,28,38,1060.0,32,2,1,2025,2025-11-23,-1
2025_12_NE_CIN,NE,CIN,66,5,7,0.23544238741778112,31,36,978.0,31,4,1,2025,2025-11-23,-1
2025_12_NYG_DET,DET,NYG,63,8,10,9.348507846345626,32,43,706.0,24,6,4,2025,2025-11-23,-1
2025_12_NYG_DET,NYG,DET,76,10,11,8.867099944070219,28,38,1085.0,33,5,3,2025,2025-11-23,-1
2025_12_NYJ_BAL,BAL,NYJ,56,2,5,-2.774174131248855,18,24,1111.0,33,5,2,2025,2025-11-23,-1
2025_12_NYJ_BAL,NYJ,BAL,57,2,5,-9.698865035295213,20,31,1043.0,31,2,1,2025,2025-11-23,-1
2025_12_PHI_DAL,DAL,PHI,65,7,10,-1.4011780200844175,28,36,248.0,7,5,3,2025,2025-11-23,-1
2025_12_PHI_DAL,PHI,DAL,58,2,6,3.593237533230022,24,40,624.0,19,3,3,2025,2025-11-23,-1
2025_12_PIT_CHI,CHI,PIT,59,3,8,0.8133186491275453,25,35,1184.0,42,4,4,2025,2025-11-23,-1
2025_12_PIT_CHI,PIT,CHI,69,2,3,0.07250944222323596,36,33,1104.0,31,4,3,2025,2025-11-23,-1
2025_12_SEA_TEN,SEA,TEN,46,3,5,13.360204310569129,23,27,532.0,14,5,3,2025,2025-11-23,-1
2025_12_SEA_TEN,TEN,SEA,68,3,5,-0.35950936995817484,24,46,702.0,19,4,2,2025,2025-11-23,-1
2025_12_TB_LA,LA,TB,55,3,6,5.258614123082603,30,36,335.0,9,4,3,2025,2025-11-23,-1
2025_12_TB_LA,TB,LA,67,1,2,-28.804488624213263,21,38,427.0,12,3,1,2025,2025-11-23,-1
2025_13_ARI_TB,ARI,TB,60,2,9,-1.578267737633058,36,41,842.0,23,3,2,2025,2025-11-30,-1
2025_13_ARI_TB,TB,ARI,54,6,6,3.349749489941598,24,30,1085.0,32,4,2,2025,2025-11-30,-1
2025_13_ATL_NYJ,ATL,NYJ,67,4,7,11.673178470425405,35,35,1408.0,45,3,3,2025,2025-11-30,-1
2025_13_ATL_NYJ,NYJ,ATL,62,1,2,0.5734406700152768,28,35,880.0,27,4,3,2025,2025-11-30,-1
2025_13_BUF_PIT,BUF,PIT,74,1,5,7.4048056456839735,34,23,1412.0,40,5,2,2025,2025-11-30,-1
2025_13_BUF_PIT,PIT,BUF,43,1,3,-18.242713633808307,14,25,590.0,20,2,1,2025,2025-11-30,-1
2025_13_CHI_PHI,CHI,PHI,84,3,6,3.5233988802333327,37,38,1601.0,55,4,3,2025,2025-11-28,-1
2025_13_CHI_PHI,PHI,CHI,50,4,9,-1.8249362763649728,22,33,727.0,22,3,2,2025,2025-11-28,-1
2025_13_CIN_BAL,BAL,CIN,56,4,8,-19.045806775277015,22,35,578.0,22,3,2,2025,2025-11-27,-1
2025_13_CIN_BAL,CIN,BAL,80,2,4,-0.18772854187069266,31,47,1509.0,53,7,2,2025,2025-11-27,-1
2025_13_DEN_WAS,DEN,WAS,69,4,6,12.617802645563103,31,46,1179.0,42,5,3,2025,2025-11-30,-1
2025_13_DEN_WAS,WAS,DEN,85,3,8,6.18140784454586,35,53,1318.0,40,6,3,2025,2025-11-30,-1
2025_13_GB_DET,DET,GB,60,6,10,2.32440233897458,25,30,328.0,11,4,3,2025,2025-11-27,-1
2025_13_GB_DET,GB,DET,57,5,8,16.4601915019606,28,30,1311.0,40,4,4,2025,2025-11-27,-1
2025_13_HOU_IND,HOU,IND,71,4,8,0.7876639785745887,30,37,1357.0,45,5,2,2025,2025-11-30,-1
2025_13_HOU_IND,IND,HOU,51,3,6,-5.9327843334968975,19,28,913.0,29,4,2,2025,2025-11-30,-1
2025_13_JAX_TEN,JAX,TEN,54,3,4,-0.33847684954525903,21,30,449.0,12,3,3,2025,2025-11-30,-1
2025_13_JAX_TEN,TEN,JAX,55,0,3,-23.32989116902678,14,41,311.0,9,1,0,2025,2025-11-30,-1
2025_13_KC_DAL,DAL,KC,62,4,8,13.537229582039117,28,39,1001.0,34,5,3,2025,2025-11-27,-1
2025_13_KC_DAL,KC,DAL,60,5,7,14.997221780766267,27,37,1288.0,40,4,4,2025,2025-11-27,-1
2025_13_LA_CAR,CAR,LA,59,4,7,14.01830783070438,24,22,1467.0,41,5,3,2025,2025-11-30,-1
2025_13_LA_CAR,LA,CAR,50,5,6,6.9910087222233415,30,30,931.0,28,6,4,2025,2025-11-30,-1
2025_13_LV_LAC,LAC,LV,65,3,5,8.98260420783064,27,24,1467.0,41,6,4,2025,2025-11-30,-1
2025_13_LV_LAC,LV,LAC,45,2,3,-14.92147169308737,19,28,618.0,18,2,2,2025,2025-11-30,-1
2025_13_MIN_SEA,MIN,SEA,49,2,2,-34.432136615680065,11,34,516.0,15,1,0,2025,2025-11-30,-1
2025_13_MIN_SEA,SEA,MIN,62,2,4,-11.028875584147817,23,30,745.0,22,3,1,2025,2025-11-30,-1
2025_13_NO_MIA,MIA,NO,56,4,7,-7.554639741910586,23,26,841.0,23,3,1,2025,2025-11-30,-1
2025_13_NO_MIA,NO,MIA,71,0,3,-11.697897478000813,32,43,433.0,13,2,2,2025,2025-11-30,-1
2025_13_NYG_NE,NE,NYG,61,5,6,10.309732504102477,29,34,330.0,10,7,2,2025,2025-12-01,-1
2025_13_NYG_NE,NYG,NE,54,2,4,-5.841490388222039,23,27,176.0,4,2,2,2025,2025-12-01,-1
2025_13_SF_CLE,CLE,SF,61,1,3,-11.919274799889418,26,29,1255.0,36,2,1,2025,2025-11-30,-1
2025_13_SF_CLE,SF,CLE,64,2,2,0.5709708066918977,22,32,1047.0,35,5,3,2025,2025-11-30,-1
2025_14_CHI_GB,CHI,GB,69,3,5,7.457534629765939,36,36,740.0,23,4,2,2025,2025-12-07,-1
2025_14_CHI_GB,GB,CHI,51,5,8,12.23201024834998,27,26,1120.0,34,4,4,2025,2025-12-07,-1
2025_14_CIN_BUF,BUF,CIN,58,6,11,14.784459094121235,33,32,682.0,18,7,4,2025,2025-12-07,-1
2025_14_CIN_BUF,CIN,BUF,57,3,6,6.776670338047668,28,38,955.0,27,5,5,2025,2025-12-07,-1
2025_14_DAL_DET,DAL,DET,77,6,10,-1.0365778315745295,33,53,760.0,25,4,2,2025,2025-12-04,-1
2025_14_DAL_DET,DET,DAL,55,6,9,18.328537379898453,27,35,709.0,25,6,5,2025,2025-12-04,-1
2025_14_DEN_LV,DEN,LV,72,0,3,11.179814117821593,41,41,1476.0,41,4,2,2025,2025-12-07,-1
2025_14_DEN_LV,LV,DEN,47,2,6,-2.5308632354616396,17,35,617.0,19,3,2,2025,2025-12-07,-1
2025_14_HOU_KC,HOU,KC,65,2,4,-4.901095967387279,21,34,676.0,22,4,2,2025,2025-12-07,-1
2025_14_HOU_KC,KC,HOU,63,3,5,-18.452408276212942,23,34,736.0,23,2,1,2025,2025-12-07,-1
2025_14_IND_JAX,IND,JAX,63,2,5,-11.876812211410867,23,38,426.0,12,4,2,2025,2025-12-07,-1
2025_14_IND_JAX,JAX,IND,60,5,7,5.484648074657353,25,31,356.0,12,7,4,2025,2025-12-07,-1
2025_14_LA_ARI,ARI,LA,61,4,7,-3.7736158064085163,23,47,719.0,20,4,2,2025,2025-12-07,-1
2025_14_LA_ARI,LA,ARI,64,6,10,28.067682503948877,41,31,877.0,28,7,6,2025,2025-12-07,-1
2025_14_MIA_NYJ,MIA,NYJ,61,5,5,12.612068692506098,33,22,296.0,7,4,4,2025,2025-12-07,-1
2025_14_MIA_NYJ,NYJ,MIA,57,1,6,-25.811847357146362,19,40,40.0,2,4,0,2025,2025-12-07,-1
2025_14_NO_TB,NO,TB,53,2,4,0.9641798001309532,21,23,886.0,27,4,3,2025,2025-12-07,-1
2025_14_NO_TB,TB,NO,69,3,4,-12.306031600250655,27,30,1396.0,43,3,2,2025,2025-12-07,-1
2025_14_PHI_LAC,LAC,PHI,71,1,5,-19.33256815321458,22,33,1184.0,33,3,1,2025,2025-12-08,-1
2025_14_PHI_LAC,PHI,LAC,65,4,10,-17.094466716899703,23,41,1054.0,34,3,1,2025,2025-12-08,-1
2025_14_PIT_BAL,BAL,PIT,75,4,7,0.9801698843861848,33,35,523.0,16,6,2,2025,2025-12-07,-1
2025_14_PIT_BAL,PIT,BAL,50,5,5,13.441709167296302,21,34,1143.0,34,5,3,2025,2025-12-07,-1
2025_14_SEA_ATL,ATL,SEA,62,4,5,-22.07295823293431,22,31,1100.0,32,4,0,2025,2025-12-07,-1
2025_14_SEA_ATL,SEA,ATL,58,6,9,8.805204891395014,28,32,903.0,27,6,4,2025,2025-12-07,-1
2025_14_TEN_CLE,CLE,TEN,66,5,9,-3.757226204354822,28,45,814.0,28,5,4,2025,2025-12-07,-1
2025_14_TEN_CLE,TEN,CLE,64,3,4,-5.933641725805306,23,29,1226.0,36,4,4,2025,2025-12-07,-1
2025_14_WAS_MIN,MIN,WAS,57,2,5,17.634667308927934,31,27,944.0,24,4,4,2025,2025-12-07,-1
2025_14_WAS_MIN,WAS,MIN,49,1,4,-21.17440408607945,17,26,486.0,14,2,0,2025,2025-12-07,-1
2025_15_ARI_HOU,ARI,HOU,64,3,7,0.7730845656334422,30,43,0.0,0,4,3,2025,2025-12-14,-1
2025_15_ARI_HOU,HOU,ARI,60,3,7,14.898007788241772,29,29,112.0,4,7,4,2025,2025-12-14,-1
2025_15_ATL_TB,ATL,TB,67,5,11,14.563224129291717,33,46,867.0,30,4,4,2025,2025-12-11,-1
2025_15_ATL_TB,TB,ATL,62,6,9,3.416652638018477,29,40,1229.0,39,3,3,2025,2025-12-11,-1
2025_15_BAL_CIN,BAL,CIN,37,8,9,7.67573255616086,17,16,569.0,18,4,2,2025,2025-12-14,-1
2025_15_BAL_CIN,CIN,BAL,71,2,4,-21.946136035083327,27,42,788.0,22,1,0,2025,2025-12-14,-1
2025_15_BUF_NE,BUF,NE,64,3,5,16.708338988537434,30,30,139.0,5,6,5,2025,2025-12-14,-1
2025_15_BUF_NE,NE,BUF,51,3,9,12.459190317972116,28,26,738.0,22,5,4,2025,2025-12-14,-1
2025_15_CAR_NO,CAR,NO,56,4,6,6.167288124693737,21,25,963.0,30,2,2,2025,2025-12-14,-1
2025_15_CAR_NO,NO,CAR,61,0,10,6.492768631097521,31,37,726.0,21,3,2,2025,2025-12-14,-1
2025_15_CLE_CHI,CHI,CLE,63,4,9,3.2809985287791683,28,31,527.0,13,5,4,2025,2025-12-14,-1
2025_15_CLE_CHI,CLE,CHI,56,2,3,-26.098507147024087,13,40,142.0,4,1,0,2025,2025-12-14,-1
2025_15_DET_LA,DET,LA,62,6,10,9.670942240702384,22,42,952.0,31,5,4,2025,2025-12-14,-1
2025_15_DET_LA,LA,DET,69,8,12,13.609299637591004,41,40,1379.0,43,8,5,2025,2025-12-14,-1
2025_15_GB_DEN,DEN,GB,64,5,9,10.53159361517476,31,34,994.0,31,5,5,2025,2025-12-14,-1
2025_15_GB_DEN,GB,DEN,63,6,9,1.4062983551096764,26,43,1028.0,33,5,2,2025,2025-12-14,-1
2025_15_IND_SEA,IND,SEA,58,0,2,-5.6836820430354,21,28,1175.0,36,1,1,2025,2025-12-14,-1
2025_15_IND_SEA,SEA,IND,56,3,7,-2.3206496082001373,26,35,852.0,25,2,0,2025,2025-12-14,-1
2025_15_LAC_KC,KC,LAC,59,3,4,-6.2367845220185565,25,38,879.0,32,3,1,2025,2025-12-14,-1
2025_15_LAC_KC,LAC,KC,61,3,5,-2.754849574400296,29,33,1260.0,36,2,1,2025,2025-12-14,-1
2025_15_LV_PHI,LV,PHI,42,0,0,-17.228386169183068,11,29,388.0,12,0,0,2025,2025-12-14,-1
2025_15_LV_PHI,PHI,LV,66,3,5,16.23873412214936,37,19,583.0,17,6,4,2025,2025-12-14,-1
2025_15_MIA_PIT,MIA,PIT,50,4,8,-2.013935970056786,21,34,596.0,15,2,2,2025,2025-12-15,-1
2025_15_MIA_PIT,PIT,MIA,62,4,6,13.839961200486869,33,30,1055.0,31,4,4,2025,2025-12-15,-1
2025_15_MIN_DAL,DAL,MIN,69,5,11,7.679900898829829,32,40,1252.0,44,5,2,2025,2025-12-14,-1
2025_15_MIN_DAL,MIN,DAL,51,4,8,11.536237431230582,24,24,979.0,29,5,4,2025,2025-12-14,-1
2025_15_NYJ_JAX,JAX,NYJ,56,7,12,18.332823399420946,30,32,544.0,16,8,6,2025,2025-12-14,-1
2025_15_NYJ_JAX,NYJ,JAX,68,3,3,-10.665468915401316,29,36,89.0,3,3,2,2025,2025-12-14,-1
2025_15_TEN_SF,SF,TEN,70,6,6,17.3498787783418,37,32,1057.0,32,6,4,2025,2025-12-14,-1
2025_15_TEN_SF,TEN,SF,49,5,7,11.378662087545758,25,29,423.0,16,4,3,2025,2025-12-14,-1
2025_15_WAS_NYG,NYG,WAS,67,3,8,1.3583143140278735,29,38,619.0,20,4,3,2025,2025-12-14,-1
2025_15_WAS_NYG,WAS,NYG,55,3,8,0.13886652350754858,27,21,905.0,26,3,2,2025,2025-12-14,-1
2025_16_ATL_ARI,ARI,ATL,56,6,8,-0.23741237905586132,21,33,1041.0,34,3,1,2025,2025-12-21,-1
2025_16_ATL_ARI,ATL,ARI,71,2,4,3.7653312356136643,29,36,1004.0,36,3,3,2025,2025-12-21,-1
2025_16_BUF_CLE,BUF,CLE,48,2,6,2.9175792689313242,26,21,730.0,20,4,3,2025,2025-12-21,-1
2025_16_BUF_CLE,CLE,BUF,64,2,5,-6.136304698991527,30,33,767.0,21,4,2,2025,2025-12-21,-1
2025_16_CIN_MIA,CIN,MIA,61,6,8,22.70138800266332,34,35,1009.0,33,6,6,2025,2025-12-21,-1
2025_16_CIN_MIA,MIA,CIN,58,5,10,-3.3313429694972,20,30,724.0,22,3,3,2025,2025-12-21,-1
2025_16_GB_CHI,CHI,GB,60,5,6,6.0381936769607165,28,34,789.0,24,2,1,2025,2025-12-20,-1
2025_16_GB_CHI,GB,CHI,68,4,4,4.140165153140244,34,26,1577.0,46,5,0,2025,2025-12-20,-1
2025_16_JAX_DEN,DEN,JAX,65,6,11,-2.145699752578984,29,48,828.0,29,3,2,2025,2025-12-21,-1
2025_16_JAX_DEN,JAX,DEN,68,7,7,5.960917131995922,25,41,1269.0,40,5,4,2025,2025-12-21,-1
2025_16_KC_TEN,KC,TEN,43,2,3,-13.437670252162146,15,28,538.0,20,1,0,2025,2025-12-21,-1
2025_16_KC_TEN,TEN,KC,68,4,9,3.036946259562791,30,30,1361.0,38,5,3,2025,2025-12-21,-1
2025_16_LAC_DAL,DAL,LAC,56,3,4,1.9167120942290055,27,33,1229.0,40,4,2,2025,2025-12-21,-1
2025_16_LAC_DAL,LAC,DAL,61,6,8,27.233249864575832,35,29,1102.0,32,6,4,2025,2025-12-21,-1
2025_16_LA_SEA,LA,SEA,88,7,10,21.45590149651912,39,49,1301.0,41,7,4,2025,2025-12-18,-1
2025_16_LA_SEA,SEA,LA,65,7,10,2.071903727235971,32,39,678.0,23,6,4,2025,2025-12-18,-1
2025_16_LV_HOU,HOU,LV,59,3,5,-9.356689891508301,22,35,914.0,30,3,1,2025,2025-12-21,-1
2025_16_LV_HOU,LV,HOU,53,3,3,-2.2513216249644756,20,26,1182.0,35,3,3,2025,2025-12-21,-1
2025_16_MIN_NYG,MIN,NYG,55,2,4,-3.1192081558300804,27,27,1131.0,31,3,1,2025,2025-12-21,-1
2025_16_MIN_NYG,NYG,MIN,48,0,1,-18.194253758968454,14,18,928.0,26,4,0,2025,2025-12-21,-1
2025_16_NE_BAL,BAL,NE,53,3,9,5.575458373995784,27,21,1100.0,33,4,3,2025,2025-12-21,-1
2025_16_NE_BAL,NE,BAL,68,10,12,14.342689118516304,36,48,1261.0,41,5,3,2025,2025-12-21,-1
2025_16_NYJ_NO,NO,NYJ,77,4,8,-0.4463063995845946,31,52,1307.0,53,5,2,2025,2025-12-21,-1
2025_16_NYJ_NO,NYJ,NO,63,2,4,-22.460152404926838,19,43,920.0,30,2,0,2025,2025-12-21,-1
2025_16_PHI_WAS,PHI,WAS,65,3,8,18.829271539302262,34,32,1399.0,42,4,4,2025,2025-12-20,-1
2025_16_PHI_WAS,WAS,PHI,51,4,4,-6.377271749054205,21,25,844.0,28,3,2,2025,2025-12-20,-1
2025_16_PIT_DET,DET,PIT,68,6,10,6.889225681193142,29,57,896.0,29,6,3,2025,2025-12-21,-1
2025_16_PIT_DET,PIT,DET,70,6,10,14.822161608626953,29,43,1496.0,50,6,3,2025,2025-12-21,-1
2025_16_SF_IND,IND,SF,58,2,7,-2.1332716799035047,29,38,657.0,21,3,3,2025,2025-12-22,-1
2025_16_SF_IND,SF,IND,63,6,11,25.369901974295274,33,35,1144.0,35,8,5,2025,2025-12-22,-1
2025_16_TB_CAR,CAR,TB,53,3,4,5.3313062235052,23,34,985.0,35,3,2,2025,2025-12-21,-1
2025_16_TB_CAR,TB,CAR,60,4,4,6.411261054115329,26,28,1337.0,37,3,2,2025,2025-12-21,-1
2025_17_ARI_CIN,ARI,CIN,54,2,5,-2.4523714276147075,19,41,128.0,4,3,2,2025,2025-12-28,-1
2025_17_ARI_CIN,CIN,ARI,70,5,9,23.816783274117974,36,39,1047.0,31,5,5,2025,2025-12-28,-1
2025_17_BAL_GB,BAL,GB,73,3,3,26.798242601918567,42,21,1248.0,38,7,5,2025,2025-12-27,-1
2025_17_BAL_GB,GB,BAL,43,7,7,4.7541344908792444,22,27,162.0,4,4,3,2025,2025-12-27,-1
2025_17_CHI_SF,CHI,SF,63,7,9,22.842437506687563,31,41,983.0,31,7,4,2025,2025-12-28,-1
2025_17_CHI_SF,SF,CHI,68,6,11,19.376791143789887,35,34,1474.0,46,6,6,2025,2025-12-28,-1
2025_17_DAL_WAS,DAL,WAS,87,5,9,18.512141433209766,42,43,1037.0,37,4,3,2025,2025-12-25,-1
2025_17_DAL_WAS,WAS,DAL,40,4,7,7.861309770815893,17,24,249.0,6,4,2,2025,2025-12-25,-1
2025_17_DEN_KC,DEN,KC,70,1,3,6.757415388287207,36,39,1618.0,44,4,2,2025,2025-12-25,-1
2025_17_DEN_KC,KC,DEN,41,0,0,-8.177810770290042,12,22,790.0,23,1,1,2025,2025-12-25,-1
2025_17_DET_MIN,DET,MIN,64,3,5,-29.677950885514228,20,34,1166.0,33,1,1,2025,2025-12-25,-1
2025_17_DET_MIN,MIN,DET,51,1,1,-14.14613269934601,15,23,911.0,28,2,2,2025,2025-12-25,-1
2025_17_HOU_LAC,HOU,LAC,59,3,6,-8.934401383321577,23,28,201.0,5,3,2,2025,2025-12-27,-1
2025_17_HOU_LAC,LAC,HOU,59,4,8,-12.703033960267497,19,37,72.0,2,5,2,2025,2025-12-27,-1
2025_17_JAX_IND,IND,JAX,54,0,3,-11.101449465619389,19,33,1054.0,33,3,2,2025,2025-12-28,-1
2025_17_JAX_IND,JAX,IND,68,4,10,0.3980433493456861,30,39,914.0,31,5,2,2025,2025-12-28,-1
2025_17_LA_ATL,ATL,LA,53,4,4,6.129121891495336,23,20,755.0,21,4,2,2025,2025-12-29,-1
2025_17_LA_ATL,LA,ATL,61,6,10,-6.3206525923940236,26,41,364.0,13,5,2,2025,2025-12-29,-1
2025_17_NE_NYJ,NE,NYJ,60,7,10,29.25864170027375,34,26,493.0,12,6,6,2025,2025-12-28,-1
2025_17_NE_NYJ,NYJ,NE,63,2,6,-12.493416396771153,22,35,40.0,2,4,1,2025,2025-12-28,-1
2025_17_NO_TEN,NO,TEN,51,7,10,12.517829452118313,23,29,401.0,12,4,3,2025,2025-12-28,-1
2025_17_NO_TEN,TEN,NO,72,5,5,-13.016540379245216,24,44,1118.0,32,4,2,2025,2025-12-28,-1
2025_17_NYG_LV,LV,NYG,54,2,4,-11.59310260700957,18,34,595.0,18,2,1,2025,2025-12-28,-1
2025_17_NYG_LV,NYG,LV,60,4,8,14.353414010024762,30,32,584.0,19,5,3,2025,2025-12-28,-1
2025_17_PHI_BUF,BUF,PHI,73,4,6,-8.812060825599357,28,41,562.0,17,3,2,2025,2025-12-28,-1
2025_17_PHI_BUF,PHI,BUF,53,1,3,-6.33841753769294,16,28,645.0,23,2,1,2025,2025-12-28,-1
2025_17_PIT_CLE,CLE,PIT,49,2,5,-11.4494122758002,17,25,1022.0,28,2,1,2025,2025-12-28,-1
2025_17_PIT_CLE,PIT,CLE,63,3,6,-12.879017753515843,26,39,890.0,26,2,0,2025,2025-12-28,-1
2025_17_SEA_CAR,CAR,SEA,49,0,0,-25.025392049125852,18,26,704.0,23,2,1,2025,2025-12-28,-1
2025_17_SEA_CAR,SEA,CAR,65,2,7,-3.483278704581588,27,30,1313.0,39,6,3,2025,2025-12-28,-1
2025_17_TB_MIA,MIA,TB,52,4,7,5.596673912840301,22,24,814.0,24,4,2,2025,2025-12-28,-1
2025_17_TB_MIA,TB,MIA,63,3,6,2.2092649680025964,31,47,743.0,20,3,2,2025,2025-12-28,-1
2025_18_ARI_LA,ARI,LA,53,5,7,1.9179432750337124,23,38,865.0,24,4,2,2025,2026-01-04,-1
2025_18_ARI_LA,LA,ARI,68,6,11,16.05666187469901,37,40,1082.0,40,6,4,2025,2026-01-04,-1
2025_18_BAL_PIT,BAL,PIT,47,6,7,6.521039484103623,16,21,896.0,28,3,3,2025,2026-01-04,-1
2025_18_BAL_PIT,PIT,BAL,73,4,9,4.270198570204396,33,49,1061.0,39,5,3,2025,2026-01-04,-1
2025_18_CAR_TB,CAR,TB,47,3,7,-1.0070349019191607,20,34,612.0,19,3,2,2025,2026-01-03,-1
2025_18_CAR_TB,TB,CAR,66,3,5,0.39864630227362086,29,24,1389.0,38,4,1,2025,2026-01-03,-1
2025_18_CLE_CIN,CIN,CLE,67,3,5,-7.588867031110451,39,42,1360.0,38,4,3,2025,2026-01-04,-1
2025_18_CLE_CIN,CLE,CIN,52,1,2,-6.520719114643509,18,28,748.0,24,1,0,2025,2026-01-04,-1
2025_18_DAL_NYG,DAL,NYG,53,4,4,-6.874414362017703,23,24,874.0,25,4,2,2025,2026-01-04,-1
2025_18_DAL_NYG,NYG,DAL,70,4,7,9.426064554171163,33,38,886.0,36,6,3,2025,2026-01-04,-1
2025_18_DET_CHI,CHI,DET,54,2,4,-1.045436267886311,24,35,320.0,9,2,2,2025,2026-01-04,-1
2025_18_DET_CHI,DET,CHI,72,4,8,10.392976992312622,39,45,1019.0,30,4,1,2025,2026-01-04,-1
2025_18_GB_MIN,GB,MIN,49,0,1,-16.119232860003994,18,15,439.0,14,1,0,2025,2026-01-04,-1
2025_18_GB_MIN,MIN,GB,64,3,9,-2.7345687713604097,30,33,883.0,34,4,1,2025,2026-01-04,-1
2025_18_IND_HOU,HOU,IND,63,4,6,-1.190721395071395,28,31,1027.0,37,3,2,2025,2026-01-04,-1
2025_18_IND_HOU,IND,HOU,64,4,7,-4.668314993070489,24,36,841.0,28,5,3,2025,2026-01-04,-1
2025_18_KC_LV,KC,LV,62,1,1,-29.02877629890066,15,39,1005.0,34,3,0,2025,2026-01-04,-1
2025_18_KC_LV,LV,KC,61,2,3,-29.904634644711628,17,29,931.0,30,3,0,2025,2026-01-04,-1
2025_18_LAC_DEN,DEN,LAC,56,2,4,-10.34578483831606,20,27,701.0,20,5,0,2025,2026-01-04,-1
2025_18_LAC_DEN,LAC,DEN,66,1,5,-27.29124192910632,19,45,164.0,6,2,0,2025,2026-01-04,-1
2025_18_MIA_NE,MIA,NE,54,2,4,-18.581014938111913,23,29,713.0,20,3,1,2025,2026-01-04,-1
2025_18_MIA_NE,NE,MIA,54,7,9,19.435071581916855,34,22,833.0,25,6,5,2025,2026-01-04,-1
2025_18_NO_ATL,ATL,NO,58,1,4,-14.385257525162771,19,35,989.0,33,4,1,2025,2026-01-04,-1
2025_18_NO_ATL,NO,ATL,65,4,8,-7.43465670613735,24,39,914.0,31,4,2,2025,2026-01-04,-1
2025_18_NYJ_BUF,BUF,NYJ,70,5,9,24.8208109478876,43,31,885.0,26,6,5,2025,2026-01-04,-1
2025_18_NYJ_BUF,NYJ,BUF,47,0,0,-12.02297757084295,16,24,168.0,4,1,1,2025,2026-01-04,-1
2025_18_SEA_SF,SEA,SF,64,4,8,4.39499201349153,31,28,1471.0,41,4,1,2025,2026-01-03,-1
2025_18_SEA_SF,SF,SEA,42,1,2,-15.0776094483365,15,30,670.0,18,1,0,2025,2026-01-03,-1
2025_18_TEN_JAX,JAX,TEN,55,4,6,12.037263477806096,26,34,458.0,13,5,4,2025,2026-01-04,-1
2025_18_TEN_JAX,TEN,JAX,53,2,2,-18.4724262957963,16,34,478.0,13,1,1,2025,2026-01-04,-1
2025_18_WAS_PHI,PHI,WAS,62,2,7,-6.381650441769555,27,43,1252.0,40,4,2,2025,2026-01-04,-1
2025_18_WAS_PHI,WAS,PHI,61,1,3,-1.5351460062038962,28,21,1207.0,33,4,3,2025,2026-01-04,-1
2025_19_BUF_JAX,BUF,JAX,60,3,6,14.610782529099016,29,36,1258.0,34,3,3,2025,2026-01-11,-1
2025_19_BUF_JAX,JAX,BUF,54,4,6,1.4828685867360742,28,31,994.0,30,4,3,2025,2026-01-11,-1
2025_19_GB_CHI,CHI,GB,78,9,13,8.198664583970675,30,50,732.0,21,6,3,2025,2026-01-10,-1
2025_19_GB_CHI,GB,CHI,70,7,9,15.242114090363929,31,47,619.0,17,4,4,2025,2026-01-10,-1
2025_19_HOU_PIT,HOU,PIT,66,4,6,5.827147232474456,33,35,1350.0,44,5,2,2025,2026-01-12,-1
2025_19_HOU_PIT,PIT,HOU,56,2,4,-30.46610256605513,16,38,916.0,28,2,0,2025,2026-01-12,-1
2025_19_LAC_NE,LAC,NE,59,1,2,-15.003435715175588,25,37,1096.0,31,2,0,2025,2026-01-11,-1
2025_19_LAC_NE,NE,LAC,61,5,10,-0.9725358219985036,27,35,1306.0,42,4,1,2025,2026-01-11,-1
2025_19_LA_CAR,CAR,LA,63,3,7,-4.65519749120824,27,42,960.0,29,4,4,2025,2026-01-10,-1
2025_19_LA_CAR,LA,CAR,71,2,8,8.134090394028586,35,43,922.0,30,5,4,2025,2026-01-10,-1
2025_19_SF_PHI,PHI,SF,72,2,4,-2.9535449913639567,31,36,1529.0,45,4,2,2025,2026-01-11,-1
2025_19_SF_PHI,SF,PHI,55,4,6,5.731520823507314,28,33,835.0,33,4,3,2025,2026-01-11,-1
2025_20_BUF_DEN,BUF,DEN,78,6,8,6.5417805224441405,39,42,1084.0,28,5,3,2025,2026-01-17,-1
2025_20_BUF_DEN,DEN,BUF,66,5,8,2.2417102421274,28,46,950.0,38,6,3,2025,2026-01-17,-1
2025_20_HOU_NE,HOU,NE,72,2,3,-29.28466503828329,23,50,900.0,32,4,1,2025,2026-01-18,-1
2025_20_HOU_NE,NE,HOU,62,4,5,-17.26071053184569,20,32,858.0,26,4,3,2025,2026-01-18,-1
2025_20_LA_CHI,CHI,LA,81,4,8,-2.8982039615509274,38,42,1418.0,44,3,2,2025,2026-01-18,-1
2025_20_LA_CHI,LA,CHI,76,3,8,2.9058093987291276,28,46,986.0,37,3,2,2025,2026-01-18,-1
2025_20_SF_SEA,SEA,SF,52,2,8,11.033006969554117,28,19,256.0,8,7,5,2025,2026-01-17,-1
2025_20_SF_SEA,SF,SEA,60,0,4,-27.36057435324096,20,33,206.0,6,0,0,2025,2026-01-17,-1
2025_21_LA_SEA,LA,SEA,57,9,12,18.167390758380158,29,35,799.0,26,4,3,2025,2026-01-25,-1
2025_21_LA_SEA,SEA,LA,65,2,6,12.877282919340676,31,39,1236.0,40,5,4,2025,2026-01-25,-1
2025_21_NE_DEN,DEN,NE,58,1,1,-18.140855689303123,17,34,1056.0,36,2,1,2025,2026-01-25,-1
2025_21_NE_DEN,NE,DEN,61,3,4,-8.42230276429998,19,26,1258.0,39,2,1,2025,2026-01-25,-1
2025_22_SEA_NE,NE,SEA,67,5,7,-20.72509154667193,27,50,587.0,19,2,2,2025,2026-02-08,-1
2025_22_SEA_NE,SEA,NE,71,4,8,-3.5227565023692855,24,39,918.0,33,5,1,2025,2026-02-08,-1
