gid,team,plays,no_huddle_rate,pass_rate,off_epa,def_epa,poss_sec,drives,sec_per_play,season
2009_01_BUF_NE,BUF,48,0.3333333333333333,0.6041666666666666,0.14236134196685515,0.0411962644643869,1316.0,9,27.416666666666668,2009
2009_01_BUF_NE,NE,79,0.13924050632911392,0.7088607594936709,0.0411962644643869,0.14236134196685515,2178.0,11,27.569620253164558,2009
2009_01_CHI_GB,CHI,68,0.10294117647058823,0.5441176470588235,-0.35481308808186757,-0.12244323397219481,1888.0,13,27.764705882352942,2009
2009_01_CHI_GB,GB,53,0.018867924528301886,0.6226415094339622,-0.12244323397219481,-0.35481308808186757,1512.0,13,28.528301886792452,2009
2009_01_DAL_TB,DAL,52,0.019230769230769232,0.5384615384615384,0.34120062671328916,0.17510202712422604,1484.0,11,28.53846153846154,2009
2009_01_DAL_TB,TB,73,0.0410958904109589,0.5753424657534246,0.17510202712422604,0.34120062671328916,1941.0,11,26.589041095890412,2009
2009_01_DEN_CIN,CIN,63,0.0,0.5714285714285714,-0.13260421775901018,-0.10281920085459086,1917.0,11,30.428571428571427,2009
2009_01_DEN_CIN,DEN,52,0.0,0.6153846153846154,-0.10281920085459086,-0.13260421775901018,1501.0,11,28.865384615384617,2009
2009_01_DET_NO,DET,54,0.018518518518518517,0.6481481481481481,-0.07019536954481873,0.2626360292537308,1312.0,13,24.296296296296298,2009
2009_01_DET_NO,NO,69,0.0,0.4927536231884058,0.2626360292537308,-0.07019536954481873,2105.0,14,30.507246376811594,2009
2009_01_JAX_IND,IND,67,0.029850746268656716,0.582089552238806,0.04639294740671803,-0.08332010346569907,1947.0,10,29.059701492537314,2009
2009_01_JAX_IND,JAX,56,0.017857142857142856,0.5178571428571429,-0.08332010346569907,0.04639294740671803,1498.0,10,26.75,2009
2009_01_KC_BAL,BAL,85,0.4823529411764706,0.5176470588235295,0.23168429173977204,-0.19152557360976513,2330.0,11,27.41176470588235,2009
2009_01_KC_BAL,KC,44,0.045454545454545456,0.6136363636363636,-0.19152557360976513,0.23168429173977204,1131.0,11,25.704545454545453,2009
2009_01_MIA_ATL,ATL,62,0.0,0.6129032258064516,0.00845971529232531,-0.36629595330784553,1743.0,11,28.112903225806452,2009
2009_01_MIA_ATL,MIA,55,0.0,0.6,-0.36629595330784553,0.00845971529232531,1613.0,11,29.327272727272728,2009
2009_01_MIN_CLE,CLE,60,0.26666666666666666,0.6666666666666666,-0.24027737522077833,0.1269705888333071,1499.0,12,24.983333333333334,2009
2009_01_MIN_CLE,MIN,62,0.0,0.41935483870967744,0.1269705888333071,-0.24027737522077833,1906.0,13,30.741935483870968,2009
2009_01_NYJ_HOU,HOU,48,0.0,0.7291666666666666,-0.3616269622544294,0.22709829148801478,1179.0,9,24.5625,2009
2009_01_NYJ_HOU,NYJ,70,0.0,0.42857142857142855,0.22709829148801478,-0.3616269622544294,2254.0,11,32.2,2009
2009_01_PHI_CAR,CAR,68,0.07352941176470588,0.5735294117647058,-0.7037704798686267,-0.14892428988883794,1569.0,15,23.073529411764707,2009
2009_01_PHI_CAR,PHI,62,0.03225806451612903,0.5,-0.14892428988883794,-0.7037704798686267,1786.0,13,28.806451612903224,2009
2009_01_SD_OAK,LAC,61,0.0,0.639344262295082,0.044199072536441904,-0.008054220505000386,1632.0,12,26.75409836065574,2009
2009_01_SD_OAK,LV,64,0.03125,0.5,-0.008054220505000386,0.044199072536441904,1780.0,11,27.8125,2009
2009_01_SF_ARI,ARI,61,0.0,0.7213114754098361,-0.21310379156944687,-0.1862689205795065,1591.0,14,26.081967213114755,2009
2009_01_SF_ARI,SF,60,0.0,0.5833333333333334,-0.1862689205795065,-0.21310379156944687,1798.0,13,29.966666666666665,2009
2009_01_STL_SEA,LA,57,0.05263157894736842,0.6842105263157895,-0.31527820690430497,0.1353381899943972,1526.0,13,26.771929824561404,2009
2009_01_STL_SEA,SEA,70,0.0,0.5142857142857142,0.1353381899943972,-0.31527820690430497,1864.0,12,26.62857142857143,2009
2009_01_TEN_PIT,PIT,70,0.17142857142857143,0.6714285714285714,-0.16127895772761042,-0.03866076068960979,2065.0,13,29.5,2009
2009_01_TEN_PIT,TEN,61,0.0,0.5901639344262295,-0.03866076068960979,-0.16127895772761042,1574.0,12,25.80327868852459,2009
2009_01_WAS_NYG,NYG,59,0.0,0.5084745762711864,-0.010155621799479396,-0.11480262242932794,2043.0,10,34.6271186440678,2009
2009_01_WAS_NYG,WAS,50,0.08,0.58,-0.11480262242932794,-0.010155621799479396,1348.0,10,26.96,2009
2009_02_ARI_JAX,ARI,56,0.0,0.5714285714285714,0.24907433547092886,-0.11181289341537251,1801.0,11,32.160714285714285,2009
2009_02_ARI_JAX,JAX,67,0.08955223880597014,0.7014925373134329,-0.11181289341537251,0.24907433547092886,1602.0,12,23.91044776119403,2009
2009_02_BAL_SD,BAL,60,0.0,0.4666666666666667,0.05842188069829833,0.10644416552723675,1638.0,12,27.3,2009
2009_02_BAL_SD,LAC,67,0.0,0.6865671641791045,0.10644416552723675,0.05842188069829833,1836.0,11,27.402985074626866,2009
2009_02_CAR_ATL,ATL,64,0.0,0.421875,0.16335535625185552,0.131850760541831,1844.0,9,28.8125,2009
2009_02_CAR_ATL,CAR,67,0.0,0.6268656716417911,0.131850760541831,0.16335535625185552,1661.0,10,24.791044776119403,2009
2009_02_CIN_GB,CIN,59,0.01694915254237288,0.423728813559322,-0.015619889923075387,-0.019281925557209274,1969.0,12,33.3728813559322,2009
2009_02_CIN_GB,GB,62,0.03225806451612903,0.7096774193548387,-0.019281925557209274,-0.015619889923075387,1486.0,12,23.967741935483872,2009
2009_02_CLE_DEN,CLE,55,0.0,0.6363636363636364,-0.3061590038923335,0.1735134264169929,1522.0,12,27.672727272727272,2009
2009_02_CLE_DEN,DEN,73,0.0,0.5068493150684932,0.1735134264169929,-0.3061590038923335,1902.0,12,26.054794520547944,2009
2009_02_HOU_TEN,HOU,66,0.0,0.5909090909090909,0.14134327259220267,0.10049027170277869,1924.0,14,29.151515151515152,2009
2009_02_HOU_TEN,TEN,60,0.05,0.5666666666666667,0.10049027170277869,0.14134327259220267,1474.0,13,24.566666666666666,2009
2009_02_IND_MIA,IND,35,0.17142857142857143,0.6857142857142857,0.4469114664307132,0.20890971919902868,846.0,8,24.17142857142857,2009
2009_02_IND_MIA,MIA,82,0.08536585365853659,0.4024390243902439,0.20890971919902868,0.4469114664307132,2672.0,9,32.58536585365854,2009
2009_02_LV_KC,KC,79,0.02531645569620253,0.5189873417721519,-0.035636792840499885,-0.19863068513977775,2233.0,11,28.265822784810126,2009
2009_02_LV_KC,LV,48,0.0,0.5416666666666666,-0.19863068513977775,-0.035636792840499885,1131.0,11,23.5625,2009
2009_02_MIN_DET,DET,66,0.07575757575757576,0.48484848484848486,-0.1816711607271578,-0.03560713592856719,1705.0,11,25.833333333333332,2009
2009_02_MIN_DET,MIN,53,0.0,0.5849056603773585,-0.03560713592856719,-0.1816711607271578,1658.0,11,31.28301886792453,2009
2009_02_NE_NYJ,NE,66,0.3787878787878788,0.696969696969697,-0.1317642665458306,-0.12377379575297719,1770.0,11,26.818181818181817,2009
2009_02_NE_NYJ,NYJ,53,0.018867924528301886,0.4528301886792453,-0.12377379575297719,-0.1317642665458306,1641.0,12,30.962264150943398,2009
2009_02_NO_PHI,NO,65,0.0,0.5538461538461539,0.25001454163137105,-0.08084411405808205,1769.0,12,27.215384615384615,2009
2009_02_NO_PHI,PHI,75,0.16,0.72,-0.08084411405808205,0.25001454163137105,1677.0,14,22.36,2009
2009_02_NYG_DAL,DAL,58,0.0,0.5,0.04525986621043889,0.11997000308702067,1426.0,13,24.586206896551722,2009
2009_02_NYG_DAL,NYG,64,0.09375,0.59375,0.11997000308702067,0.04525986621043889,2020.0,13,31.5625,2009
2009_02_PIT_CHI,CHI,55,0.03636363636363636,0.6909090909090909,0.09731414870753505,0.20281312576274113,1691.0,10,30.745454545454546,2009
2009_02_PIT_CHI,PIT,57,0.08771929824561403,0.631578947368421,0.20281312576274113,0.09731414870753505,1733.0,10,30.403508771929825,2009
2009_02_SEA_SF,SEA,65,0.0,0.6461538461538462,-0.24195048794553853,0.1577676425463643,1398.0,12,21.50769230769231,2009
2009_02_SEA_SF,SF,60,0.0,0.5166666666666667,0.1577676425463643,-0.24195048794553853,1972.0,12,32.86666666666667,2009
2009_02_STL_WAS,LA,50,0.0,0.58,-0.07661603278016822,0.03110785565827833,1428.0,8,28.56,2009
2009_02_STL_WAS,WAS,67,0.029850746268656716,0.5522388059701493,0.03110785565827833,-0.07661603278016822,2005.0,8,29.925373134328357,2009
2009_02_TB_BUF,BUF,68,0.6323529411764706,0.4852941176470588,-0.03316262260470621,-0.236166735385375,1695.0,12,24.926470588235293,2009
2009_02_TB_BUF,TB,71,0.056338028169014086,0.7323943661971831,-0.236166735385375,-0.03316262260470621,1717.0,13,24.183098591549296,2009
2009_03_ATL_NE,ATL,44,0.13636363636363635,0.6363636363636364,-0.029603310228654846,0.19715237137884992,1138.0,9,25.863636363636363,2009
2009_03_ATL_NE,NE,79,0.0379746835443038,0.5316455696202531,0.19715237137884992,-0.029603310228654846,2319.0,9,29.354430379746834,2009
2009_03_CAR_DAL,CAR,51,0.23529411764705882,0.7058823529411765,-0.17274125717039246,0.2401001342834492,1280.0,11,25.098039215686274,2009
2009_03_CAR_DAL,DAL,64,0.03125,0.53125,0.2401001342834492,-0.17274125717039246,2056.0,11,32.125,2009
2009_03_CHI_SEA,CHI,57,0.0,0.5263157894736842,-0.006481823737614873,-0.08092220928558372,1716.0,13,30.105263157894736,2009
2009_03_CHI_SEA,SEA,75,0.02666666666666667,0.6266666666666667,-0.08092220928558372,-0.006481823737614873,1699.0,12,22.653333333333332,2009
2009_03_CLE_BAL,BAL,66,0.3484848484848485,0.5757575757575758,0.29018143507919114,-0.3466989608362144,1823.0,11,27.62121212121212,2009
2009_03_CLE_BAL,CLE,51,0.058823529411764705,0.5490196078431373,-0.3466989608362144,0.29018143507919114,1576.0,13,30.901960784313726,2009
2009_03_DEN_OAK,DEN,67,0.0,0.34328358208955223,0.058384144236541265,-0.43456762740382643,2113.0,10,31.53731343283582,2009
2009_03_DEN_OAK,LV,47,0.0851063829787234,0.5106382978723404,-0.43456762740382643,0.058384144236541265,1249.0,10,26.574468085106382,2009
2009_03_GB_STL,GB,59,0.0,0.423728813559322,0.2331005205892915,-0.12365741825585248,1716.0,13,29.084745762711865,2009
2009_03_GB_STL,LA,69,0.0,0.5217391304347826,-0.12365741825585248,0.2331005205892915,1677.0,12,24.304347826086957,2009
2009_03_IND_ARI,ARI,70,0.2,0.8285714285714286,-0.2143349499175148,0.11893478221231915,1614.0,13,23.057142857142857,2009
2009_03_IND_ARI,IND,66,0.13636363636363635,0.5303030303030303,0.11893478221231915,-0.2143349499175148,1813.0,13,27.46969696969697,2009
2009_03_JAX_HOU,HOU,59,0.0,0.6271186440677966,0.21379776917642068,0.3019736744931255,1679.0,10,28.45762711864407,2009
2009_03_JAX_HOU,JAX,58,0.0,0.5172413793103449,0.3019736744931255,0.21379776917642068,1789.0,11,30.844827586206897,2009
2009_03_KC_PHI,KC,51,0.0,0.43137254901960786,-0.21254220546733113,0.13789406976039087,1675.0,12,32.84313725490196,2009
2009_03_KC_PHI,PHI,61,0.0,0.5901639344262295,0.13789406976039087,-0.21254220546733113,1754.0,12,28.75409836065574,2009
2009_03_MIA_SD,LAC,63,0.0,0.5555555555555556,-0.0151642985066548,-0.15019273047797874,1604.0,9,25.46031746031746,2009
2009_03_MIA_SD,MIA,63,0.0,0.5079365079365079,-0.15019273047797874,-0.0151642985066548,1853.0,10,29.41269841269841,2009
2009_03_NO_BUF,BUF,60,0.5666666666666667,0.65,-0.09968315601543215,0.09520712277606123,1476.0,12,24.6,2009
2009_03_NO_BUF,NO,65,0.0,0.47692307692307695,0.09520712277606123,-0.09968315601543215,1893.0,14,29.123076923076923,2009
2009_03_NYG_TB,NYG,74,0.0,0.36486486486486486,0.17792937586840088,-0.6009460659380554,2508.0,10,33.891891891891895,2009
2009_03_NYG_TB,TB,35,0.02857142857142857,0.7428571428571429,-0.6009460659380554,0.17792937586840088,855.0,10,24.428571428571427,2009
2009_03_PIT_CIN,CIN,58,0.0,0.6724137931034483,0.07390157481825488,0.05038551085342195,1463.0,9,25.224137931034484,2009
2009_03_PIT_CIN,PIT,60,0.0,0.5333333333333333,0.05038551085342195,0.07390157481825488,2030.0,10,33.833333333333336,2009
2009_03_SF_MIN,MIN,72,0.0,0.625,-0.06614834338936558,-0.126059091379607,1839.0,14,25.541666666666668,2009
2009_03_SF_MIN,SF,51,0.0,0.49019607843137253,-0.126059091379607,-0.06614834338936558,1574.0,14,30.862745098039216,2009
2009_03_TEN_NYJ,NYJ,61,0.0,0.5409836065573771,-0.3053222908132315,-0.26181534841412585,1815.0,17,29.75409836065574,2009
2009_03_TEN_NYJ,TEN,69,0.043478260869565216,0.5652173913043478,-0.26181534841412585,-0.3053222908132315,1524.0,15,22.08695652173913,2009
2009_03_WAS_DET,DET,73,0.0273972602739726,0.5068493150684932,0.11600410129021897,0.09962315047240047,2148.0,10,29.424657534246574,2009
2009_03_WAS_DET,WAS,56,0.125,0.75,0.09962315047240047,0.11600410129021897,1332.0,10,23.785714285714285,2009
2009_04_BAL_NE,BAL,65,0.27692307692307694,0.7384615384615385,0.09371489818239953,0.08404249919387559,1450.0,9,22.307692307692307,2009
2009_04_BAL_NE,NE,63,0.015873015873015872,0.5555555555555556,0.08404249919387559,0.09371489818239953,1994.0,11,31.650793650793652,2009
2009_04_BUF_MIA,BUF,49,0.8367346938775511,0.6530612244897959,-0.4652288722129239,0.15133402593720757,1245.0,12,25.408163265306122,2009
2009_04_BUF_MIA,MIA,72,0.027777777777777776,0.3888888888888889,0.15133402593720757,-0.4652288722129239,2151.0,11,29.875,2009
2009_04_CIN_CLE,CIN,74,0.05405405405405406,0.6081081081081081,0.027088570789403396,-0.2167799101612885,2022.0,16,27.324324324324323,2009
2009_04_CIN_CLE,CLE,82,0.036585365853658534,0.5975609756097561,-0.2167799101612885,0.027088570789403396,2216.0,17,27.024390243902438,2009
2009_04_DAL_DEN,DAL,71,0.0,0.647887323943662,-0.1927271173742984,0.03426045825066023,1877.0,12,26.43661971830986,2009
2009_04_DAL_DEN,DEN,56,0.0,0.5714285714285714,0.03426045825066023,-0.1927271173742984,1545.0,12,27.589285714285715,2009
2009_04_DET_CHI,CHI,50,0.06,0.6,0.08946160351955776,-0.05667161040208423,1371.0,13,27.42,2009
2009_04_DET_CHI,DET,78,0.07692307692307693,0.6666666666666666,-0.05667161040208423,0.08946160351955776,2096.0,13,26.871794871794872,2009
2009_04_GB_MIN,GB,63,0.0,0.7301587301587301,0.09656122371272105,0.11578794813380387,1645.0,10,26.11111111111111,2009
2009_04_GB_MIN,MIN,60,0.0,0.5333333333333333,0.11578794813380387,0.09656122371272105,1824.0,11,30.4,2009
2009_04_LV_HOU,HOU,63,0.0,0.3968253968253968,-0.17097190412285004,-0.5952866883051301,1945.0,16,30.873015873015873,2009
2009_04_LV_HOU,LV,57,0.0,0.6140350877192983,-0.5952866883051301,-0.17097190412285004,1397.0,15,24.50877192982456,2009
2009_04_NYG_KC,KC,63,0.06349206349206349,0.5873015873015873,-0.23502000406664583,0.033876869336018335,1536.0,13,24.38095238095238,2009
2009_04_NYG_KC,NYG,70,0.04285714285714286,0.5285714285714286,0.033876869336018335,-0.23502000406664583,1781.0,13,25.442857142857143,2009
2009_04_NYJ_NO,NO,62,0.0,0.5161290322580645,-0.08865822454016323,-0.23106184939915406,1858.0,11,29.967741935483872,2009
2009_04_NYJ_NO,NYJ,57,0.0,0.5263157894736842,-0.23106184939915406,-0.08865822454016323,1516.0,13,26.596491228070175,2009
2009_04_SD_PIT,LAC,47,0.19148936170212766,0.8297872340425532,0.029690368026359642,0.42704011696894845,1096.0,10,23.319148936170212,2009
2009_04_SD_PIT,PIT,71,0.0,0.5211267605633803,0.42704011696894845,0.029690368026359642,2340.0,11,32.95774647887324,2009
2009_04_SEA_IND,IND,62,0.03225806451612903,0.6612903225806451,0.2966923783976194,-0.1366740053188838,1686.0,11,27.193548387096776,2009
2009_04_SEA_IND,SEA,68,0.0,0.7352941176470589,-0.1366740053188838,0.2966923783976194,1787.0,11,26.279411764705884,2009
2009_04_STL_SF,LA,57,0.0,0.5087719298245614,-0.514513851250222,-0.12857483479349854,1657.0,13,29.07017543859649,2009
2009_04_STL_SF,SF,54,0.0,0.5,-0.12857483479349854,-0.514513851250222,1705.0,11,31.574074074074073,2009
2009_04_TB_WAS,TB,55,0.10909090909090909,0.45454545454545453,-0.2932612476533246,-0.16694837237861024,1765.0,12,32.09090909090909,2009
2009_04_TB_WAS,WAS,56,0.0,0.42857142857142855,-0.16694837237861024,-0.2932612476533246,1603.0,12,28.625,2009
2009_04_TEN_JAX,JAX,66,0.015151515151515152,0.5909090909090909,0.23727518792433674,-0.03912522010749208,1958.0,13,29.666666666666668,2009
2009_04_TEN_JAX,TEN,69,0.17391304347826086,0.7101449275362319,-0.03912522010749208,0.23727518792433674,1465.0,12,21.231884057971016,2009
2009_05_ATL_SF,ATL,70,0.0,0.45714285714285713,0.28467935620211987,-0.16421013016835603,2126.0,13,30.37142857142857,2009
2009_05_ATL_SF,SF,58,0.0,0.7068965517241379,-0.16421013016835603,0.28467935620211987,1313.0,13,22.637931034482758,2009
2009_05_CIN_BAL,BAL,51,0.21568627450980393,0.6470588235294118,-0.06462592395783288,0.03941127516707302,1464.0,10,28.705882352941178,2009
2009_05_CIN_BAL,CIN,64,0.03125,0.484375,0.03941127516707302,-0.06462592395783288,1988.0,11,31.0625,2009
2009_05_CLE_BUF,BUF,68,0.6764705882352942,0.4852941176470588,-0.2349049750380507,-0.3556678250995318,1773.0,12,26.073529411764707,2009
2009_05_CLE_BUF,CLE,59,0.0,0.3050847457627119,-0.3556678250995318,-0.2349049750380507,1596.0,14,27.050847457627118,2009
2009_05_DAL_KC,DAL,60,0.0,0.5833333333333334,0.24150403919212168,-0.11717991112180356,1838.0,12,30.633333333333333,2009
2009_05_DAL_KC,KC,74,0.02702702702702703,0.6081081081081081,-0.11717991112180356,0.24150403919212168,1993.0,13,26.93243243243243,2009
2009_05_HOU_ARI,ARI,55,0.07272727272727272,0.7090909090909091,0.038974451053784685,-0.03742189052472056,1465.0,12,26.636363636363637,2009
2009_05_HOU_ARI,HOU,71,0.0,0.704225352112676,-0.03742189052472056,0.038974451053784685,1912.0,13,26.929577464788732,2009
2009_05_IND_TEN,IND,67,0.0,0.6567164179104478,0.20615567741163485,-0.2879289160966506,1963.0,10,29.29850746268657,2009
2009_05_IND_TEN,TEN,56,0.0,0.6428571428571429,-0.2879289160966506,0.20615567741163485,1469.0,12,26.232142857142858,2009
2009_05_JAX_SEA,JAX,52,0.019230769230769232,0.7115384615384616,-0.5374404795221901,0.2253344191701362,1398.0,11,26.884615384615383,2009
2009_05_JAX_SEA,SEA,68,0.08823529411764706,0.45588235294117646,0.2253344191701362,-0.5374404795221901,1966.0,11,28.91176470588235,2009
2009_05_LV_NYG,LV,44,0.0,0.4318181818181818,-0.5072170715710177,0.3639848200802201,1250.0,13,28.40909090909091,2009
2009_05_LV_NYG,NYG,64,0.0,0.359375,0.3639848200802201,-0.5072170715710177,2102.0,11,32.84375,2009
2009_05_MIN_STL,LA,70,0.0,0.5714285714285714,-0.1347639475305028,0.27591580569326907,1878.0,10,26.82857142857143,2009
2009_05_MIN_STL,MIN,53,0.0,0.5471698113207547,0.27591580569326907,-0.1347639475305028,1585.0,9,29.90566037735849,2009
2009_05_NE_DEN,DEN,74,0.0,0.6621621621621622,0.12485592055254806,-0.07582377986708401,2106.0,12,28.45945945945946,2009
2009_05_NE_DEN,NE,60,0.0,0.5666666666666667,-0.07582377986708401,0.12485592055254806,1623.0,11,27.05,2009
2009_05_NYJ_MIA,MIA,64,0.015625,0.4375,0.3358834823115057,0.15969606306504305,1964.0,10,30.6875,2009
2009_05_NYJ_MIA,NYJ,53,0.018867924528301886,0.4339622641509434,0.15969606306504305,0.3358834823115057,1534.0,10,28.943396226415093,2009
2009_05_PIT_DET,DET,68,0.07352941176470588,0.6323529411764706,0.041887062111844446,0.1299355567874638,1890.0,9,27.794117647058822,2009
2009_05_PIT_DET,PIT,50,0.12,0.64,0.1299355567874638,0.041887062111844446,1556.0,11,31.12,2009
2009_05_TB_PHI,PHI,46,0.0,0.5869565217391305,0.22923450203786452,-0.2656070959924166,1454.0,13,31.608695652173914,2009
2009_05_TB_PHI,TB,75,0.0,0.7066666666666667,-0.2656070959924166,0.22923450203786452,1986.0,12,26.48,2009
2009_05_WAS_CAR,CAR,58,0.05172413793103448,0.4827586206896552,-0.25654653584786774,-0.12535708104830626,1776.0,12,30.620689655172413,2009
2009_05_WAS_CAR,WAS,52,0.0,0.5384615384615384,-0.12535708104830626,-0.25654653584786774,1645.0,10,31.634615384615383,2009
2009_06_ARI_SEA,ARI,71,0.014084507042253521,0.6338028169014085,0.0075708236929407854,-0.5264681130076476,2493.0,13,35.11267605633803,2009
2009_06_ARI_SEA,SEA,45,0.17777777777777778,0.7555555555555555,-0.5264681130076476,0.0075708236929407854,890.0,13,19.77777777777778,2009
2009_06_BAL_MIN,BAL,63,0.0,0.7142857142857143,0.19246096856767664,0.17963577439048592,1432.0,13,22.73015873015873,2009
2009_06_BAL_MIN,MIN,63,0.0,0.5079365079365079,0.17963577439048592,0.19246096856767664,2023.0,13,32.111111111111114,2009
2009_06_BUF_NYJ,BUF,74,0.0,0.43243243243243246,-0.20291813534806244,-0.21235324056578161,2240.0,14,30.27027027027027,2009
2009_06_BUF_NYJ,NYJ,72,0.0,0.4444444444444444,-0.21235324056578161,-0.20291813534806244,1881.0,15,26.125,2009
2009_06_CAR_TB,CAR,66,0.0,0.2727272727272727,-0.0059531216004724925,-0.10076732704125645,1852.0,11,28.060606060606062,2009
2009_06_CAR_TB,TB,45,0.0,0.4666666666666667,-0.10076732704125645,-0.0059531216004724925,1572.0,11,34.93333333333333,2009
2009_06_CHI_ATL,ATL,55,0.0,0.6,-0.02883010607228607,-0.08158684322704401,1447.0,11,26.30909090909091,2009
2009_06_CHI_ATL,CHI,68,0.0,0.6617647058823529,-0.08158684322704401,-0.02883010607228607,1958.0,11,28.794117647058822,2009
2009_06_CLE_PIT,CLE,50,0.04,0.56,-0.37464960694068206,0.14511714973133888,1328.0,12,26.56,2009
2009_06_CLE_PIT,PIT,71,0.1267605633802817,0.5352112676056338,0.14511714973133888,-0.37464960694068206,2110.0,12,29.718309859154928,2009
2009_06_DEN_SD,DEN,63,0.0,0.47619047619047616,0.13939591030559656,-0.136800745955313,1762.0,11,27.96825396825397,2009
2009_06_DEN_SD,LAC,59,0.0,0.6440677966101694,-0.136800745955313,0.13939591030559656,1684.0,10,28.54237288135593,2009
2009_06_DET_GB,DET,48,0.20833333333333334,0.625,-0.6039394902709275,0.1020371281952876,1059.0,11,22.0625,2009
2009_06_DET_GB,GB,69,0.0,0.5942028985507246,0.1020371281952876,-0.6039394902709275,2353.0,11,34.10144927536232,2009
2009_06_HOU_CIN,CIN,53,0.0,0.6792452830188679,-0.20494770795720105,0.1475163593673852,1317.0,13,24.849056603773583,2009
2009_06_HOU_CIN,HOU,71,0.0,0.5915492957746479,0.1475163593673852,-0.20494770795720105,2084.0,13,29.35211267605634,2009
2009_06_KC_WAS,KC,71,0.0,0.5211267605633803,-0.16705620186260114,-0.28748931472554273,2084.0,13,29.35211267605634,2009
2009_06_KC_WAS,WAS,52,0.038461538461538464,0.6153846153846154,-0.28748931472554273,-0.16705620186260114,1265.0,13,24.326923076923077,2009
2009_06_NYG_NO,NO,70,0.0,0.44285714285714284,0.37597733243942283,-0.019944486575878002,2118.0,12,30.257142857142856,2009
2009_06_NYG_NO,NYG,55,0.0,0.6727272727272727,-0.019944486575878002,0.37597733243942283,1359.0,13,24.70909090909091,2009
2009_06_PHI_OAK,LV,62,0.0,0.4838709677419355,-0.3210206366451167,-0.2844168682290284,1782.0,15,28.741935483870968,2009
2009_06_PHI_OAK,PHI,65,0.015384615384615385,0.7846153846153846,-0.2844168682290284,-0.3210206366451167,1524.0,14,23.446153846153845,2009
2009_06_STL_JAX,JAX,83,0.0,0.5542168674698795,-0.019086055595436524,-0.09987470687961804,2460.0,13,29.63855421686747,2009
2009_06_STL_JAX,LA,52,0.019230769230769232,0.6538461538461539,-0.09987470687961804,-0.019086055595436524,1411.0,10,27.134615384615383,2009
2009_06_TEN_NE,NE,74,0.06756756756756757,0.6351351351351351,0.5298960021962592,-0.6838703945466844,2315.0,13,31.283783783783782,2009
2009_06_TEN_NE,TEN,48,0.0,0.2916666666666667,-0.6838703945466844,0.5298960021962592,1122.0,14,23.375,2009
2009_07_ARI_NYG,ARI,57,0.0,0.6666666666666666,-0.16467424487881752,-0.1997858936383634,1638.0,15,28.736842105263158,2009
2009_07_ARI_NYG,NYG,65,0.0,0.6153846153846154,-0.1997858936383634,-0.16467424487881752,1672.0,15,25.723076923076924,2009
2009_07_ATL_DAL,ATL,65,0.046153846153846156,0.6,-0.045497188273437614,0.19286304641071153,1779.0,12,27.369230769230768,2009
2009_07_ATL_DAL,DAL,56,0.03571428571428571,0.5535714285714286,0.19286304641071153,-0.045497188273437614,1613.0,11,28.803571428571427,2009
2009_07_BUF_CAR,BUF,51,0.0,0.47058823529411764,-0.2460149329290202,-0.09496032652632201,1399.0,14,27.431372549019606,2009
2009_07_BUF_CAR,CAR,70,0.02857142857142857,0.6428571428571429,-0.09496032652632201,-0.2460149329290202,1972.0,13,28.17142857142857,2009
2009_07_CHI_CIN,CHI,51,0.0,0.7647058823529411,-0.2725353840920495,0.38031453407917515,1313.0,10,25.745098039215687,2009
2009_07_CHI_CIN,CIN,69,0.0,0.34782608695652173,0.38031453407917515,-0.2725353840920495,2160.0,9,31.304347826086957,2009
2009_07_GB_CLE,CLE,52,0.019230769230769232,0.5961538461538461,-0.5248350099104204,0.3609748251536235,1346.0,10,25.884615384615383,2009
2009_07_GB_CLE,GB,63,0.0,0.3492063492063492,0.3609748251536235,-0.5248350099104204,2123.0,9,33.698412698412696,2009
2009_07_IND_STL,IND,59,0.0,0.576271186440678,0.40178368187957497,-0.1250939727685727,1758.0,10,29.796610169491526,2009
2009_07_IND_STL,LA,58,0.0,0.4827586206896552,-0.1250939727685727,0.40178368187957497,1654.0,11,28.517241379310345,2009
2009_07_MIN_PIT,MIN,77,0.012987012987012988,0.7142857142857143,-0.18134074388889332,-0.12353171016295504,2093.0,13,27.181818181818183,2009
2009_07_MIN_PIT,PIT,48,0.0625,0.5833333333333334,-0.12353171016295504,-0.18134074388889332,1321.0,10,27.520833333333332,2009
2009_07_NE_TB,NE,59,0.0,0.559322033898305,0.18223323842743377,-0.44118651317178365,1874.0,13,31.76271186440678,2009
2009_07_NE_TB,TB,58,0.0,0.5517241379310345,-0.44118651317178365,0.18223323842743377,1457.0,14,25.120689655172413,2009
2009_07_NO_MIA,MIA,69,0.057971014492753624,0.5652173913043478,-0.20543027558937837,0.00838354433309719,1502.0,17,21.768115942028984,2009
2009_07_NO_MIA,NO,70,0.014285714285714285,0.6142857142857143,0.00838354433309719,-0.20543027558937837,1898.0,14,27.114285714285714,2009
2009_07_NYJ_OAK,LV,52,0.11538461538461539,0.6346153846153846,-0.43401806237080043,0.28917813376946516,1346.0,11,25.884615384615383,2009
2009_07_NYJ_OAK,NYJ,69,0.07246376811594203,0.2318840579710145,0.28917813376946516,-0.43401806237080043,2099.0,11,30.420289855072465,2009
2009_07_PHI_WAS,PHI,52,0.0,0.5576923076923077,-0.004148138221806399,-0.22326244353854902,1568.0,13,30.153846153846153,2009
2009_07_PHI_WAS,WAS,68,0.04411764705882353,0.7205882352941176,-0.22326244353854902,-0.004148138221806399,1825.0,13,26.83823529411765,2009
2009_07_SD_KC,KC,60,0.03333333333333333,0.48333333333333334,-0.49477164026590525,0.09609092906624768,1522.0,14,25.366666666666667,2009
2009_07_SD_KC,LAC,63,0.0,0.47619047619047616,0.09609092906624768,-0.49477164026590525,1876.0,13,29.77777777777778,2009
2009_07_SF_HOU,HOU,58,0.0,0.5517241379310345,0.017141526496548563,0.05320376475847114,1751.0,12,30.189655172413794,2009
2009_07_SF_HOU,SF,52,0.0,0.6346153846153846,0.05320376475847114,0.017141526496548563,1627.0,10,31.28846153846154,2009
2009_08_ATL_NO,ATL,66,0.0,0.6363636363636364,-0.05344649168212383,0.0932600934509481,1534.0,13,23.242424242424242,2009
2009_08_ATL_NO,NO,69,0.0,0.5072463768115942,0.0932600934509481,-0.05344649168212383,1934.0,13,28.028985507246375,2009
2009_08_CAR_ARI,ARI,63,0.20634920634920634,0.7301587301587301,-0.22990670058805787,0.1110836318128151,1528.0,13,24.253968253968253,2009
2009_08_CAR_ARI,CAR,59,0.03389830508474576,0.2711864406779661,0.1110836318128151,-0.22990670058805787,1889.0,13,32.016949152542374,2009
2009_08_CLE_CHI,CHI,69,0.0,0.4927536231884058,-0.1006361973404012,-0.7252948025211681,2146.0,13,31.10144927536232,2009
2009_08_CLE_CHI,CLE,50,0.04,0.42,-0.7252948025211681,-0.1006361973404012,1176.0,14,23.52,2009
2009_08_DEN_BAL,BAL,60,0.4666666666666667,0.43333333333333335,0.057708613276599256,-0.2928212226124944,1946.0,11,32.43333333333333,2009
2009_08_DEN_BAL,DEN,57,0.03508771929824561,0.6666666666666666,-0.2928212226124944,0.057708613276599256,1481.0,11,25.982456140350877,2009
2009_08_HOU_BUF,BUF,44,0.09090909090909091,0.5454545454545454,-0.29129489412256127,0.12386745426674411,1150.0,11,26.136363636363637,2009
2009_08_HOU_BUF,HOU,73,0.0,0.5068493150684932,0.12386745426674411,-0.29129489412256127,2267.0,12,31.054794520547944,2009
2009_08_JAX_TEN,JAX,48,0.20833333333333334,0.6666666666666666,-0.06098350784812174,0.22696619546719293,1128.0,11,23.5,2009
2009_08_JAX_TEN,TEN,65,0.0,0.27692307692307694,0.22696619546719293,-0.06098350784812174,2283.0,12,35.12307692307692,2009
2009_08_LV_SD,LAC,55,0.0,0.45454545454545453,0.2909163166152666,-0.2164101497992973,1739.0,11,31.618181818181817,2009
2009_08_LV_SD,LV,54,0.0,0.5,-0.2164101497992973,0.2909163166152666,1695.0,10,31.38888888888889,2009
2009_08_MIA_NYJ,MIA,49,0.0,0.5918367346938775,-0.2661947626945943,-0.13053877959456656,1448.0,13,29.551020408163264,2009
2009_08_MIA_NYJ,NYJ,79,0.0,0.4936708860759494,-0.13053877959456656,-0.2661947626945943,1960.0,14,24.810126582278482,2009
2009_08_MIN_GB,GB,68,0.014705882352941176,0.7205882352941176,0.014488248771146937,0.06768015613706115,1853.0,14,27.25,2009
2009_08_MIN_GB,MIN,60,0.016666666666666666,0.4666666666666667,0.06768015613706115,0.014488248771146937,1591.0,13,26.516666666666666,2009
2009_08_NYG_PHI,NYG,73,0.0547945205479452,0.5616438356164384,-0.07633533471216326,0.4002197435505904,2037.0,13,27.904109589041095,2009
2009_08_NYG_PHI,PHI,48,0.0,0.5208333333333334,0.4002197435505904,-0.07633533471216326,1380.0,12,28.75,2009
2009_08_SEA_DAL,DAL,67,0.0,0.5671641791044776,0.11371940667039841,-0.07005417338877581,2028.0,11,30.26865671641791,2009
2009_08_SEA_DAL,SEA,63,0.047619047619047616,0.6507936507936508,-0.07005417338877581,0.11371940667039841,1337.0,13,21.22222222222222,2009
2009_08_SF_IND,IND,74,0.0,0.7162162162162162,0.0026224181297372536,-0.17586389999045318,1900.0,13,25.675675675675677,2009
2009_08_SF_IND,SF,54,0.0,0.6666666666666666,-0.17586389999045318,0.0026224181297372536,1481.0,13,27.425925925925927,2009
2009_08_STL_DET,DET,69,0.014492753623188406,0.5217391304347826,-0.08880779866563279,0.09420427440497595,1826.0,11,26.463768115942027,2009
2009_08_STL_DET,LA,60,0.06666666666666667,0.6,0.09420427440497595,-0.08880779866563279,1617.0,10,26.95,2009
2009_09_ARI_CHI,ARI,65,0.0,0.5230769230769231,0.28753495111697647,0.11019029724936717,1938.0,12,29.815384615384616,2009
2009_09_ARI_CHI,CHI,62,0.14516129032258066,0.8064516129032258,0.11019029724936717,0.28753495111697647,1502.0,12,24.225806451612904,2009
2009_09_BAL_CIN,BAL,53,0.0,0.6792452830188679,-0.2496768077250507,-0.05109585022958174,1088.0,12,20.528301886792452,2009
2009_09_BAL_CIN,CIN,73,0.0,0.4657534246575342,-0.05109585022958174,-0.2496768077250507,2313.0,11,31.684931506849313,2009
2009_09_CAR_NO,CAR,70,0.0,0.44285714285714284,-0.05122712396567132,0.09988967843207784,1857.0,12,26.52857142857143,2009
2009_09_CAR_NO,NO,58,0.0,0.6206896551724138,0.09988967843207784,-0.05122712396567132,1574.0,11,27.137931034482758,2009
2009_09_DAL_PHI,DAL,57,0.0,0.6491228070175439,0.154838633467978,-0.046421949424263365,1797.0,11,31.526315789473685,2009
2009_09_DAL_PHI,PHI,55,0.0,0.5818181818181818,-0.046421949424263365,0.154838633467978,1621.0,11,29.472727272727273,2009
2009_09_DET_SEA,DET,63,0.047619047619047616,0.6666666666666666,-0.2766590365275754,-0.1419943288189194,1653.0,14,26.238095238095237,2009
2009_09_DET_SEA,SEA,72,0.041666666666666664,0.75,-0.1419943288189194,-0.2766590365275754,1783.0,12,24.76388888888889,2009
2009_09_GB_TB,GB,73,0.0,0.5616438356164384,-0.0327542542596083,-0.016536218473128306,1984.0,16,27.17808219178082,2009
2009_09_GB_TB,TB,58,0.05172413793103448,0.5689655172413793,-0.016536218473128306,-0.0327542542596083,1371.0,13,23.637931034482758,2009
2009_09_HOU_IND,HOU,69,0.043478260869565216,0.6231884057971014,0.007376222346423501,-0.0215999151702568,1996.0,11,28.92753623188406,2009
2009_09_HOU_IND,IND,71,0.09859154929577464,0.7464788732394366,-0.0215999151702568,0.007376222346423501,1472.0,10,20.732394366197184,2009
2009_09_KC_JAX,JAX,67,0.014925373134328358,0.417910447761194,0.2053312545557966,-0.010106139884249979,2091.0,12,31.208955223880597,2009
2009_09_KC_JAX,KC,57,0.10526315789473684,0.7543859649122807,-0.010106139884249979,0.2053312545557966,1331.0,12,23.350877192982455,2009
2009_09_MIA_NE,MIA,70,0.04285714285714286,0.5571428571428572,0.03043275155977718,0.23136466657749435,1807.0,10,25.814285714285713,2009
2009_09_MIA_NE,NE,64,0.078125,0.625,0.23136466657749435,0.03043275155977718,1684.0,12,26.3125,2009
2009_09_PIT_DEN,DEN,54,0.0,0.7407407407407407,-0.3393478452543818,0.11508420885126908,1521.0,11,28.166666666666668,2009
2009_09_PIT_DEN,PIT,58,0.0,0.5344827586206896,0.11508420885126908,-0.3393478452543818,1852.0,12,31.93103448275862,2009
2009_09_SD_NYG,LAC,53,0.03773584905660377,0.7169811320754716,-0.0984654933594514,0.049424048277665826,1267.0,11,23.90566037735849,2009
2009_09_SD_NYG,NYG,67,0.014925373134328358,0.5671641791044776,0.049424048277665826,-0.0984654933594514,2183.0,11,32.582089552238806,2009
2009_09_TEN_SF,SF,69,0.0,0.7101449275362319,-0.13031758465848822,0.10542173806155755,1939.0,12,28.10144927536232,2009
2009_09_TEN_SF,TEN,53,0.0,0.39622641509433965,0.10542173806155755,-0.13031758465848822,1459.0,12,27.528301886792452,2009
2009_09_WAS_ATL,ATL,49,0.0,0.5102040816326531,0.08300303209947466,-0.07884122532782946,1495.0,9,30.510204081632654,2009
2009_09_WAS_ATL,WAS,64,0.0,0.5,-0.07884122532782946,0.08300303209947466,1937.0,9,30.265625,2009
2009_10_ATL_CAR,ATL,71,0.09859154929577464,0.5915492957746479,0.07256471146376685,0.3458212276239444,1847.0,10,26.014084507042252,2009
2009_10_ATL_CAR,CAR,57,0.3508771929824561,0.42105263157894735,0.3458212276239444,0.07256471146376685,1599.0,11,28.05263157894737,2009
2009_10_BAL_CLE,BAL,58,0.08620689655172414,0.3793103448275862,-0.1018975775284616,-0.43984867075112755,1808.0,11,31.17241379310345,2009
2009_10_BAL_CLE,CLE,59,0.559322033898305,0.576271186440678,-0.43984867075112755,-0.1018975775284616,1596.0,13,27.050847457627118,2009
2009_10_BUF_TEN,BUF,57,0.03508771929824561,0.6491228070175439,-0.10126621898850559,0.19400846498681562,1641.0,12,28.789473684210527,2009
2009_10_BUF_TEN,TEN,60,0.0,0.4166666666666667,0.19400846498681562,-0.10126621898850559,1829.0,10,30.483333333333334,2009
2009_10_CHI_SF,CHI,71,0.0,0.704225352112676,-0.31004980396405446,-0.18242757714711533,1598.0,11,22.507042253521128,2009
2009_10_CHI_SF,SF,53,0.0,0.4716981132075472,-0.18242757714711533,-0.31004980396405446,1815.0,11,34.24528301886792,2009
2009_10_CIN_PIT,CIN,58,0.0,0.5689655172413793,-0.08548551604705576,-0.2737976007853544,1669.0,12,28.775862068965516,2009
2009_10_CIN_PIT,PIT,62,0.0967741935483871,0.7096774193548387,-0.2737976007853544,-0.08548551604705576,1779.0,11,28.693548387096776,2009
2009_10_DAL_GB,DAL,58,0.2413793103448276,0.7586206896551724,-0.2500995826638669,0.018187779550370386,1346.0,11,23.20689655172414,2009
2009_10_DAL_GB,GB,65,0.0,0.5846153846153846,0.018187779550370386,-0.2500995826638669,2041.0,12,31.4,2009
2009_10_DEN_WAS,DEN,56,0.05357142857142857,0.6071428571428571,-0.1178141620239714,0.14333546341616238,1372.0,11,24.5,2009
2009_10_DEN_WAS,WAS,69,0.0,0.42028985507246375,0.14333546341616238,-0.1178141620239714,2099.0,11,30.420289855072465,2009
2009_10_DET_MIN,DET,76,0.0,0.7105263157894737,-0.27045648287745966,0.049655553182184134,1662.0,13,21.86842105263158,2009
2009_10_DET_MIN,MIN,59,0.0,0.5423728813559322,0.049655553182184134,-0.27045648287745966,1715.0,14,29.06779661016949,2009
2009_10_JAX_NYJ,JAX,58,0.0,0.4827586206896552,0.1362549334285562,-0.08801057861465211,1781.0,11,30.70689655172414,2009
2009_10_JAX_NYJ,NYJ,61,0.01639344262295082,0.5245901639344263,-0.08801057861465211,0.1362549334285562,1655.0,10,27.131147540983605,2009
2009_10_KC_OAK,KC,67,0.07462686567164178,0.5522388059701493,-0.22127857824311611,-0.27862911178810285,1599.0,16,23.865671641791046,2009
2009_10_KC_OAK,LV,62,0.03225806451612903,0.5161290322580645,-0.27862911178810285,-0.22127857824311611,1710.0,16,27.580645161290324,2009
2009_10_NE_IND,IND,62,0.06451612903225806,0.7096774193548387,0.24366030984627152,0.1262341794094507,1401.0,15,22.596774193548388,2009
2009_10_NE_IND,NE,71,0.014084507042253521,0.6197183098591549,0.1262341794094507,0.24366030984627152,1994.0,15,28.08450704225352,2009
2009_10_NO_STL,LA,72,0.0,0.5972222222222222,0.07718119573301381,0.08132882919531158,1861.0,11,25.84722222222222,2009
2009_10_NO_STL,NO,55,0.0,0.4727272727272727,0.08132882919531158,0.07718119573301381,1619.0,11,29.436363636363637,2009
2009_10_PHI_SD,LAC,55,0.0,0.4909090909090909,0.2349682976109675,0.1851707288373156,1780.0,10,32.36363636363637,2009
2009_10_PHI_SD,PHI,71,0.0,0.8169014084507042,0.1851707288373156,0.2349682976109675,1730.0,10,24.366197183098592,2009
2009_10_SEA_ARI,ARI,64,0.0,0.578125,0.19057555061420578,0.02176277487107529,1771.0,14,27.671875,2009
2009_10_SEA_ARI,SEA,81,0.07407407407407407,0.7037037037037037,0.02176277487107529,0.19057555061420578,1620.0,13,20.0,2009
2009_10_TB_MIA,MIA,66,0.015151515151515152,0.45454545454545453,-0.07252011847353487,-0.11160213241609247,1769.0,14,26.803030303030305,2009
2009_10_TB_MIA,TB,61,0.0,0.4918032786885246,-0.11160213241609247,-0.07252011847353487,1623.0,15,26.60655737704918,2009
2009_11_ARI_STL,ARI,64,0.0,0.546875,0.15224436844342795,-0.20143369859140003,1807.0,12,28.234375,2009
2009_11_ARI_STL,LA,66,0.0,0.5909090909090909,-0.20143369859140003,0.15224436844342795,1627.0,11,24.651515151515152,2009
2009_11_ATL_NYG,ATL,77,0.11688311688311688,0.6233766233766234,0.17124233784688872,0.26763507456462493,1863.0,10,24.194805194805195,2009
2009_11_ATL_NYG,NYG,66,0.030303030303030304,0.6060606060606061,0.26763507456462493,0.17124233784688872,1870.0,11,28.333333333333332,2009
2009_11_BUF_JAX,BUF,52,0.057692307692307696,0.6346153846153846,-0.12152456425028896,-0.01683420397147222,1328.0,11,25.53846153846154,2009
2009_11_BUF_JAX,JAX,66,0.0,0.48484848484848486,-0.01683420397147222,-0.12152456425028896,2099.0,11,31.803030303030305,2009
2009_11_CIN_OAK,CIN,68,0.0,0.36764705882352944,0.017276504570036304,-0.1803153767610533,2196.0,12,32.294117647058826,2009
2009_11_CIN_OAK,LV,54,0.018518518518518517,0.5925925925925926,-0.1803153767610533,0.017276504570036304,1190.0,12,22.037037037037038,2009
2009_11_CLE_DET,CLE,75,0.5333333333333333,0.4533333333333333,0.21415646545845438,0.37139364283519427,2018.0,12,26.906666666666666,2009
2009_11_CLE_DET,DET,56,0.19642857142857142,0.6964285714285714,0.37139364283519427,0.21415646545845438,1445.0,13,25.803571428571427,2009
2009_11_IND_BAL,BAL,65,0.13846153846153847,0.5230769230769231,0.003969493639871546,0.09357417386800358,1902.0,9,29.26153846153846,2009
2009_11_IND_BAL,IND,55,0.4,0.5636363636363636,0.09357417386800358,0.003969493639871546,1560.0,11,28.363636363636363,2009
2009_11_MIA_CAR,CAR,72,0.2222222222222222,0.6111111111111112,0.04189623878486039,0.07916933687842655,1623.0,12,22.541666666666668,2009
2009_11_MIA_CAR,MIA,60,0.0,0.48333333333333334,0.07916933687842655,0.04189623878486039,1774.0,11,29.566666666666666,2009
2009_11_NO_TB,NO,62,0.03225806451612903,0.46774193548387094,0.22819371489040624,-0.2570842817253215,1858.0,12,29.967741935483872,2009
2009_11_NO_TB,TB,58,0.034482758620689655,0.603448275862069,-0.2570842817253215,0.22819371489040624,1554.0,12,26.79310344827586,2009
2009_11_NYJ_NE,NE,78,0.01282051282051282,0.5512820512820513,0.09404614121067748,-0.5111881157008177,2312.0,12,29.641025641025642,2009
2009_11_NYJ_NE,NYJ,49,0.22448979591836735,0.46938775510204084,-0.5111881157008177,0.09404614121067748,1105.0,13,22.551020408163264,2009
2009_11_PHI_CHI,CHI,64,0.078125,0.6875,-0.18682264346919067,-0.02812857766468035,1646.0,13,25.71875,2009
2009_11_PHI_CHI,PHI,64,0.21875,0.5625,-0.02812857766468035,-0.18682264346919067,1752.0,14,27.375,2009
2009_11_PIT_KC,KC,54,0.09259259259259259,0.6481481481481481,-0.06849100888638605,0.023294739782120235,1242.0,14,23.0,2009
2009_11_PIT_KC,PIT,78,0.0,0.6025641025641025,0.023294739782120235,-0.06849100888638605,2551.0,13,32.705128205128204,2009
2009_11_SD_DEN,DEN,53,0.0,0.6792452830188679,-0.41296793478975935,0.11357193141463799,1228.0,11,23.169811320754718,2009
2009_11_SD_DEN,LAC,65,0.0,0.3384615384615385,0.11357193141463799,-0.41296793478975935,2205.0,13,33.92307692307692,2009
2009_11_SEA_MIN,MIN,71,0.0,0.49295774647887325,0.321374296010687,-0.22895285028868295,2431.0,12,34.23943661971831,2009
2009_11_SEA_MIN,SEA,44,0.0,0.7272727272727273,-0.22895285028868295,0.321374296010687,969.0,11,22.022727272727273,2009
2009_11_SF_GB,GB,75,0.02666666666666667,0.6133333333333333,0.22791417544291193,0.03803397315154377,2405.0,12,32.06666666666667,2009
2009_11_SF_GB,SF,46,0.0,0.782608695652174,0.03803397315154377,0.22791417544291193,1028.0,11,22.347826086956523,2009
2009_11_TEN_HOU,HOU,59,0.0,0.711864406779661,0.045649694046008715,0.08715229774080549,1586.0,11,26.88135593220339,2009
2009_11_TEN_HOU,TEN,63,0.0,0.3492063492063492,0.08715229774080549,0.045649694046008715,1872.0,11,29.714285714285715,2009
2009_11_WAS_DAL,DAL,60,0.0,0.4666666666666667,-0.0917621922341943,-0.06750241655725711,1798.0,11,29.966666666666665,2009
2009_11_WAS_DAL,WAS,58,0.05172413793103448,0.6551724137931034,-0.06750241655725711,-0.0917621922341943,1612.0,11,27.79310344827586,2009
2009_12_ARI_TEN,ARI,52,0.0,0.6153846153846154,0.08515021861102157,0.21423617456403282,1671.0,9,32.13461538461539,2009
2009_12_ARI_TEN,TEN,70,0.02857142857142857,0.6714285714285714,0.21423617456403282,0.08515021861102157,1794.0,10,25.62857142857143,2009
2009_12_CAR_NYJ,CAR,62,0.25806451612903225,0.5967741935483871,-0.49036930829229014,-0.191097045258108,1461.0,13,23.56451612903226,2009
2009_12_CAR_NYJ,NYJ,60,0.0,0.35,-0.191097045258108,-0.49036930829229014,1888.0,11,31.466666666666665,2009
2009_12_CHI_MIN,CHI,37,0.0,0.7027027027027027,-0.22596007539266863,0.26313679064284456,1061.0,11,28.675675675675677,2009
2009_12_CHI_MIN,MIN,81,0.0,0.6049382716049383,0.26313679064284456,-0.22596007539266863,2380.0,11,29.382716049382715,2009
2009_12_CLE_CIN,CIN,69,0.0,0.37681159420289856,0.0644976296763513,-0.18701855225472716,2210.0,11,32.028985507246375,2009
2009_12_CLE_CIN,CLE,54,0.0,0.6666666666666666,-0.18701855225472716,0.0644976296763513,1222.0,10,22.62962962962963,2009
2009_12_GB_DET,DET,68,0.11764705882352941,0.6617647058823529,-0.4416896614903567,0.18921381046638008,1440.0,14,21.176470588235293,2009
2009_12_GB_DET,GB,66,0.0,0.5909090909090909,0.18921381046638008,-0.4416896614903567,1986.0,12,30.09090909090909,2009
2009_12_IND_HOU,HOU,67,0.0,0.6567164179104478,0.12129058525575637,0.3059321633986867,1846.0,11,27.55223880597015,2009
2009_12_IND_HOU,IND,58,0.0,0.6206896551724138,0.3059321633986867,0.12129058525575637,1618.0,10,27.896551724137932,2009
2009_12_JAX_SF,JAX,60,0.0,0.6833333333333333,-0.08240525270825137,0.08149618297791442,1685.0,10,28.083333333333332,2009
2009_12_JAX_SF,SF,59,0.0,0.6949152542372882,0.08149618297791442,-0.08240525270825137,1743.0,10,29.54237288135593,2009
2009_12_KC_SD,KC,56,0.0,0.5892857142857143,-0.33815609426278925,0.14569856317252328,1363.0,12,24.339285714285715,2009
2009_12_KC_SD,LAC,63,0.0,0.4603174603174603,0.14569856317252328,-0.33815609426278925,2021.0,12,32.07936507936508,2009
2009_12_LV_DAL,DAL,55,0.0,0.5636363636363636,0.2916785010409529,-0.12146503666284807,1737.0,12,31.581818181818182,2009
2009_12_LV_DAL,LV,62,0.06451612903225806,0.6129032258064516,-0.12146503666284807,0.2916785010409529,1624.0,12,26.193548387096776,2009
2009_12_MIA_BUF,BUF,55,0.03636363636363636,0.5818181818181818,0.20665011577359274,-0.053722099219439504,1610.0,12,29.272727272727273,2009
2009_12_MIA_BUF,MIA,70,0.014285714285714285,0.4714285714285714,-0.053722099219439504,0.20665011577359274,1816.0,11,25.942857142857143,2009
2009_12_NE_NO,NE,70,0.0,0.6,0.01643967705224526,0.5354925556223374,1858.0,12,26.542857142857144,2009
2009_12_NE_NO,NO,49,0.0,0.4897959183673469,0.5354925556223374,0.01643967705224526,1551.0,11,31.653061224489797,2009
2009_12_NYG_DEN,DEN,68,0.0,0.4264705882352941,0.055448947881475565,-0.3089188016348306,2070.0,12,30.441176470588236,2009
2009_12_NYG_DEN,NYG,59,0.0,0.7288135593220338,-0.3089188016348306,0.055448947881475565,1366.0,11,23.152542372881356,2009
2009_12_PIT_BAL,BAL,68,0.014705882352941176,0.5882352941176471,-0.029105795272416628,-0.17571443462844716,1796.0,13,26.41176470588235,2009
2009_12_PIT_BAL,PIT,64,0.0,0.40625,-0.17571443462844716,-0.029105795272416628,2025.0,13,31.640625,2009
2009_12_SEA_STL,LA,77,0.0,0.6363636363636364,-0.13443964367671943,-0.08300676263340015,1901.0,12,24.68831168831169,2009
2009_12_SEA_STL,SEA,56,0.0,0.4642857142857143,-0.08300676263340015,-0.13443964367671943,1477.0,11,26.375,2009
2009_12_TB_ATL,ATL,73,0.0,0.6575342465753424,-0.07659056078737604,-0.023468128164913345,1809.0,12,24.78082191780822,2009
2009_12_TB_ATL,TB,57,0.0,0.543859649122807,-0.023468128164913345,-0.07659056078737604,1619.0,12,28.403508771929825,2009
2009_12_WAS_PHI,PHI,66,0.030303030303030304,0.5909090909090909,0.09900479863558816,-0.0630585071845671,1723.0,13,26.106060606060606,2009
2009_12_WAS_PHI,WAS,63,0.015873015873015872,0.6031746031746031,-0.0630585071845671,0.09900479863558816,1715.0,13,27.22222222222222,2009
2009_13_BAL_GB,BAL,59,0.03389830508474576,0.6440677966101694,-0.4164204738271194,-0.03022326413049766,1369.0,13,23.203389830508474,2009
2009_13_BAL_GB,GB,67,0.014925373134328358,0.6119402985074627,-0.03022326413049766,-0.4164204738271194,2026.0,13,30.238805970149254,2009
2009_13_DAL_NYG,DAL,79,0.08860759493670886,0.7088607594936709,0.05731653665318415,0.07417090860840946,2230.0,13,28.227848101265824,2009
2009_13_DAL_NYG,NYG,47,0.06382978723404255,0.5531914893617021,0.07417090860840946,0.05731653665318415,1170.0,12,24.893617021276597,2009
2009_13_DEN_KC,DEN,70,0.0,0.4,-0.0020445288434916727,-0.4867193974182033,2039.0,15,29.12857142857143,2009
2009_13_DEN_KC,KC,71,0.22535211267605634,0.6338028169014085,-0.4867193974182033,-0.0020445288434916727,1314.0,15,18.507042253521128,2009
2009_13_DET_CIN,CIN,71,0.0,0.4225352112676056,-0.1465239672089764,-0.3405934230212945,2227.0,12,31.366197183098592,2009
2009_13_DET_CIN,DET,52,0.0,0.6346153846153846,-0.3405934230212945,-0.1465239672089764,1172.0,13,22.53846153846154,2009
2009_13_HOU_JAX,HOU,62,0.0,0.6451612903225806,-0.10745087553950179,0.054355981695956096,1696.0,12,27.35483870967742,2009
2009_13_HOU_JAX,JAX,65,0.03076923076923077,0.49230769230769234,0.054355981695956096,-0.10745087553950179,1705.0,11,26.23076923076923,2009
2009_13_LV_PIT,LV,64,0.015625,0.5625,0.16807276534787258,0.15125615543134477,1908.0,11,29.8125,2009
2009_13_LV_PIT,PIT,51,0.0784313725490196,0.49019607843137253,0.15125615543134477,0.16807276534787258,1568.0,12,30.745098039215687,2009
2009_13_MIN_ARI,ARI,54,0.0,0.5925925925925926,0.19271499606084622,-0.06877587536204294,1621.0,12,30.01851851851852,2009
2009_13_MIN_ARI,MIN,68,0.08823529411764706,0.7058823529411765,-0.06877587536204294,0.19271499606084622,1778.0,11,26.147058823529413,2009
2009_13_NE_MIA,MIA,78,0.07692307692307693,0.6666666666666666,0.059690637502395776,0.12770451971658972,1843.0,12,23.628205128205128,2009
2009_13_NE_MIA,NE,54,0.07407407407407407,0.5370370370370371,0.12770451971658972,0.059690637502395776,1571.0,12,29.09259259259259,2009
2009_13_NO_WAS,NO,74,0.02702702702702703,0.6756756756756757,0.19382169249134112,0.21763382918862922,2029.0,12,27.41891891891892,2009
2009_13_NO_WAS,WAS,66,0.015151515151515152,0.6363636363636364,0.21763382918862922,0.19382169249134112,1827.0,11,27.681818181818183,2009
2009_13_NYJ_BUF,BUF,50,0.0,0.52,-0.3511192403696718,-0.05550661312501558,1365.0,13,27.3,2009
2009_13_NYJ_BUF,NYJ,63,0.031746031746031744,0.3492063492063492,-0.05550661312501558,-0.3511192403696718,2014.0,13,31.96825396825397,2009
2009_13_PHI_ATL,ATL,68,0.0,0.6764705882352942,-0.3021833176694558,0.26759438129336477,1764.0,11,25.941176470588236,2009
2009_13_PHI_ATL,PHI,55,0.0,0.5272727272727272,0.26759438129336477,-0.3021833176694558,1604.0,10,29.163636363636364,2009
2009_13_SD_CLE,CLE,70,0.6285714285714286,0.6714285714285714,0.1599398262306853,0.3688876064502581,1785.0,9,25.5,2009
2009_13_SD_CLE,LAC,56,0.0,0.48214285714285715,0.3688876064502581,0.1599398262306853,1702.0,10,30.392857142857142,2009
2009_13_SF_SEA,SEA,69,0.014492753623188406,0.5797101449275363,-0.1739435237739162,-0.09758010501197055,1712.0,16,24.81159420289855,2009
2009_13_SF_SEA,SF,58,0.0,0.7931034482758621,-0.09758010501197055,-0.1739435237739162,1601.0,15,27.603448275862068,2009
2009_13_STL_CHI,CHI,56,0.0,0.35714285714285715,-0.18678381746948694,-0.4056041650795074,1542.0,14,27.535714285714285,2009
2009_13_STL_CHI,LA,64,0.046875,0.53125,-0.4056041650795074,-0.18678381746948694,1807.0,13,28.234375,2009
2009_13_TB_CAR,CAR,53,0.03773584905660377,0.39622641509433965,-0.05580728914360475,-0.18062830462895174,1633.0,11,30.81132075471698,2009
2009_13_TB_CAR,TB,71,0.08450704225352113,0.6338028169014085,-0.18062830462895174,-0.05580728914360475,1777.0,12,25.028169014084508,2009
2009_13_TEN_IND,IND,61,0.0,0.5901639344262295,0.2629039071870204,-0.06960862969740986,1546.0,11,25.34426229508197,2009
2009_13_TEN_IND,TEN,77,0.025974025974025976,0.5714285714285714,-0.06960862969740986,0.2629039071870204,1919.0,10,24.92207792207792,2009
2009_14_ARI_SF,ARI,51,0.0196078431372549,0.6470588235294118,-0.5271670411432684,-0.03642871626551116,1268.0,13,24.862745098039216,2009
2009_14_ARI_SF,SF,68,0.029411764705882353,0.5147058823529411,-0.03642871626551116,-0.5271670411432684,2067.0,14,30.397058823529413,2009
2009_14_BUF_KC,BUF,57,0.0,0.38596491228070173,-0.23912552552803057,-0.21015858101735935,1747.0,12,30.649122807017545,2009
2009_14_BUF_KC,KC,71,0.15492957746478872,0.6338028169014085,-0.21015858101735935,-0.23912552552803057,1670.0,13,23.52112676056338,2009
2009_14_CAR_NE,CAR,56,0.05357142857142857,0.5714285714285714,-0.1748203008668692,-0.09190717052292374,1457.0,12,26.017857142857142,2009
2009_14_CAR_NE,NE,70,0.0,0.45714285714285713,-0.09190717052292374,-0.1748203008668692,1961.0,12,28.014285714285716,2009
2009_14_CIN_MIN,CIN,53,0.0,0.5471698113207547,-0.16184143582245974,0.029681906144490084,1583.0,10,29.867924528301888,2009
2009_14_CIN_MIN,MIN,67,0.0,0.47761194029850745,0.029681906144490084,-0.16184143582245974,1861.0,11,27.776119402985074,2009
2009_14_DEN_IND,DEN,75,0.02666666666666667,0.5866666666666667,-0.13850009266224267,0.03157559233531362,1804.0,13,24.053333333333335,2009
2009_14_DEN_IND,IND,65,0.015384615384615385,0.6153846153846154,0.03157559233531362,-0.13850009266224267,1607.0,13,24.723076923076924,2009
2009_14_DET_BAL,BAL,62,0.16129032258064516,0.3709677419354839,0.4115512708973128,-0.32628965848292496,1718.0,12,27.70967741935484,2009
2009_14_DET_BAL,DET,66,0.030303030303030304,0.5151515151515151,-0.32628965848292496,0.4115512708973128,1689.0,12,25.59090909090909,2009
2009_14_GB_CHI,CHI,55,0.01818181818181818,0.7090909090909091,-0.15644390310984416,-0.032093657605455954,1637.0,12,29.763636363636362,2009
2009_14_GB_CHI,GB,56,0.017857142857142856,0.48214285714285715,-0.032093657605455954,-0.15644390310984416,1763.0,12,31.482142857142858,2009
2009_14_MIA_JAX,JAX,54,0.037037037037037035,0.5370370370370371,-0.3040525338628261,-0.04343486417782588,1389.0,12,25.72222222222222,2009
2009_14_MIA_JAX,MIA,70,0.0,0.44285714285714284,-0.04343486417782588,-0.3040525338628261,1999.0,12,28.557142857142857,2009
2009_14_NO_ATL,ATL,56,0.0,0.625,0.24581410877094467,0.29108667818268896,1361.0,8,24.303571428571427,2009
2009_14_NO_ATL,NO,64,0.0,0.625,0.29108667818268896,0.24581410877094467,2148.0,8,33.5625,2009
2009_14_NYJ_TB,NYJ,65,0.03076923076923077,0.36923076923076925,-0.07903742724146995,-0.6586057399727002,1922.0,15,29.56923076923077,2009
2009_14_NYJ_TB,TB,55,0.09090909090909091,0.6545454545454545,-0.6586057399727002,-0.07903742724146995,1402.0,15,25.490909090909092,2009
2009_14_PHI_NYG,NYG,72,0.06944444444444445,0.5694444444444444,0.13967239224723438,0.2211049548835291,1986.0,13,27.583333333333332,2009
2009_14_PHI_NYG,PHI,53,0.22641509433962265,0.5660377358490566,0.2211049548835291,0.13967239224723438,1451.0,11,27.37735849056604,2009
2009_14_PIT_CLE,CLE,57,0.49122807017543857,0.3508771929824561,-0.05906981876574007,-0.2238029401225606,1675.0,11,29.385964912280702,2009
2009_14_PIT_CLE,PIT,62,0.0,0.6451612903225806,-0.2238029401225606,-0.05906981876574007,1746.0,11,28.161290322580644,2009
2009_14_SD_DAL,DAL,57,0.07017543859649122,0.543859649122807,0.1851792167493964,0.19122467605390986,1747.0,9,30.649122807017545,2009
2009_14_SD_DAL,LAC,63,0.0,0.5238095238095238,0.19122467605390986,0.1851792167493964,1726.0,9,27.396825396825395,2009
2009_14_SEA_HOU,HOU,67,0.0,0.582089552238806,0.02332424267342421,-0.568479403019404,1897.0,13,28.313432835820894,2009
2009_14_SEA_HOU,SEA,62,0.0,0.6129032258064516,-0.568479403019404,0.02332424267342421,1418.0,14,22.870967741935484,2009
2009_14_STL_TEN,LA,65,0.015384615384615385,0.676923076923077,-0.44730233249948015,0.34444943685944146,1793.0,13,27.584615384615386,2009
2009_14_STL_TEN,TEN,55,0.0,0.4727272727272727,0.34444943685944146,-0.44730233249948015,1620.0,12,29.454545454545453,2009
2009_14_WAS_OAK,LV,66,0.045454545454545456,0.6363636363636364,-0.3282276559828689,0.05674313478059203,1843.0,13,27.924242424242426,2009
2009_14_WAS_OAK,WAS,56,0.03571428571428571,0.5535714285714286,0.05674313478059203,-0.3282276559828689,1521.0,12,27.160714285714285,2009
2009_15_ARI_DET,ARI,62,0.03225806451612903,0.6129032258064516,-0.09905808076155082,-0.2502021172073242,1645.0,15,26.532258064516128,2009
2009_15_ARI_DET,DET,60,0.016666666666666666,0.55,-0.2502021172073242,-0.09905808076155082,1715.0,14,28.583333333333332,2009
2009_15_ATL_NYJ,ATL,60,0.0,0.5666666666666667,-0.07956727507234082,-0.21829762527000318,1585.0,12,26.416666666666668,2009
2009_15_ATL_NYJ,NYJ,65,0.07692307692307693,0.49230769230769234,-0.21829762527000318,-0.07956727507234082,1741.0,12,26.784615384615385,2009
2009_15_CHI_BAL,BAL,65,0.12307692307692308,0.5384615384615384,0.030245982361532503,-0.4209618024706073,1833.0,15,28.2,2009
2009_15_CHI_BAL,CHI,62,0.1774193548387097,0.532258064516129,-0.4209618024706073,0.030245982361532503,1540.0,14,24.838709677419356,2009
2009_15_CIN_SD,CIN,63,0.0,0.6507936507936508,0.0868774500556491,0.04235340414695748,1834.0,12,29.11111111111111,2009
2009_15_CIN_SD,LAC,59,0.0,0.6610169491525424,0.04235340414695748,0.0868774500556491,1643.0,12,27.847457627118644,2009
2009_15_CLE_KC,CLE,66,0.2727272727272727,0.2727272727272727,0.08243838686179117,0.1421770855033824,1976.0,14,29.939393939393938,2009
2009_15_CLE_KC,KC,69,0.2463768115942029,0.5652173913043478,0.1421770855033824,0.08243838686179117,1448.0,13,20.985507246376812,2009
2009_15_DAL_NO,DAL,72,0.0,0.5138888888888888,0.2469967451721225,0.01142957936396611,2130.0,11,29.583333333333332,2009
2009_15_DAL_NO,NO,61,0.0,0.8032786885245902,0.01142957936396611,0.2469967451721225,1353.0,11,22.18032786885246,2009
2009_15_GB_PIT,GB,62,0.0,0.8064516129032258,0.2645391119132049,0.29944353291778997,1418.0,12,22.870967741935484,2009
2009_15_GB_PIT,PIT,70,0.05714285714285714,0.7285714285714285,0.29944353291778997,0.2645391119132049,2062.0,12,29.457142857142856,2009
2009_15_HOU_STL,HOU,60,0.0,0.65,0.07403241102002159,-0.18472590823246735,1746.0,10,29.1,2009
2009_15_HOU_STL,LA,56,0.0,0.5357142857142857,-0.18472590823246735,0.07403241102002159,1698.0,9,30.321428571428573,2009
2009_15_IND_JAX,IND,50,0.28,0.6,0.37513948249673507,0.1664841382836953,1399.0,10,27.98,2009
2009_15_IND_JAX,JAX,76,0.0,0.5526315789473685,0.1664841382836953,0.37513948249673507,2077.0,10,27.32894736842105,2009
2009_15_LV_DEN,DEN,65,0.0,0.5692307692307692,-0.02714627335775482,-0.06674439648031744,1613.0,12,24.815384615384616,2009
2009_15_LV_DEN,LV,62,0.0,0.45161290322580644,-0.06674439648031744,-0.02714627335775482,1801.0,12,29.048387096774192,2009
2009_15_MIA_TEN,MIA,77,0.12987012987012986,0.5974025974025974,0.03282639902383916,-0.022731311330819706,1973.0,13,25.623376623376622,2009
2009_15_MIA_TEN,TEN,60,0.0,0.48333333333333334,-0.022731311330819706,0.03282639902383916,1649.0,13,27.483333333333334,2009
2009_15_MIN_CAR,CAR,73,0.0,0.4931506849315068,0.08591376230226411,-0.36694103095873076,2135.0,13,29.246575342465754,2009
2009_15_MIN_CAR,MIN,45,0.06666666666666667,0.6888888888888889,-0.36694103095873076,0.08591376230226411,1227.0,12,27.266666666666666,2009
2009_15_NE_BUF,BUF,56,0.03571428571428571,0.5892857142857143,-0.14197888678091164,-0.09320483619819166,1947.0,11,34.767857142857146,2009
2009_15_NE_BUF,NE,54,0.0,0.42592592592592593,-0.09320483619819166,-0.14197888678091164,1494.0,10,27.666666666666668,2009
2009_15_NYG_WAS,NYG,60,0.0,0.5333333333333333,0.4295367153112199,-0.18985596444520975,2002.0,9,33.36666666666667,2009
2009_15_NYG_WAS,WAS,55,0.0,0.6727272727272727,-0.18985596444520975,0.4295367153112199,1485.0,10,27.0,2009
2009_15_SF_PHI,PHI,65,0.015384615384615385,0.5384615384615384,0.011778091578617176,-0.36891571951086016,1760.0,13,27.076923076923077,2009
2009_15_SF_PHI,SF,58,0.0,0.6896551724137931,-0.36891571951086016,0.011778091578617176,1650.0,13,28.448275862068964,2009
2009_15_TB_SEA,SEA,72,0.1388888888888889,0.6527777777777778,-0.1565021578368137,0.07470949862133479,1533.0,12,21.291666666666668,2009
2009_15_TB_SEA,TB,60,0.0,0.43333333333333335,0.07470949862133479,-0.1565021578368137,1853.0,12,30.883333333333333,2009
2009_16_BAL_PIT,BAL,66,0.07575757575757576,0.42424242424242425,-0.12378364414892255,-0.0915761913613384,1868.0,12,28.303030303030305,2009
2009_16_BAL_PIT,PIT,56,0.017857142857142856,0.6428571428571429,-0.0915761913613384,-0.12378364414892255,1554.0,12,27.75,2009
2009_16_BUF_ATL,ATL,73,0.0,0.5068493150684932,0.07688440441066204,-0.42207574807345866,1982.0,11,27.15068493150685,2009
2009_16_BUF_ATL,BUF,49,0.0,0.6326530612244898,-0.42207574807345866,0.07688440441066204,1429.0,11,29.163265306122447,2009
2009_16_CAR_NYG,CAR,64,0.0,0.328125,0.36358581012037516,-0.14087401843184053,1879.0,10,29.359375,2009
2009_16_CAR_NYG,NYG,66,0.30303030303030304,0.7121212121212122,-0.14087401843184053,0.36358581012037516,1590.0,10,24.09090909090909,2009
2009_16_DAL_WAS,DAL,67,0.0,0.5671641791044776,-0.004678456305151549,-0.23936178875581884,1990.0,11,29.70149253731343,2009
2009_16_DAL_WAS,WAS,59,0.0,0.6949152542372882,-0.23936178875581884,-0.004678456305151549,1417.0,10,24.016949152542374,2009
2009_16_DEN_PHI,DEN,59,0.0,0.6949152542372882,-0.010976550591882094,-0.05041219037029228,1639.0,15,27.779661016949152,2009
2009_16_DEN_PHI,PHI,67,0.14925373134328357,0.582089552238806,-0.05041219037029228,-0.010976550591882094,1757.0,14,26.223880597014926,2009
2009_16_DET_SF,DET,65,0.0,0.5384615384615384,-0.4915861969714927,-0.1466439932118669,1620.0,14,24.923076923076923,2009
2009_16_DET_SF,SF,61,0.0,0.5245901639344263,-0.1466439932118669,-0.4915861969714927,1705.0,14,27.950819672131146,2009
2009_16_HOU_MIA,HOU,62,0.0,0.5161290322580645,0.14759055428000975,0.05626141325116304,1857.0,12,29.951612903225808,2009
2009_16_HOU_MIA,MIA,74,0.24324324324324326,0.7837837837837838,0.05626141325116304,0.14759055428000975,1559.0,11,21.06756756756757,2009
2009_16_JAX_NE,JAX,52,0.11538461538461539,0.5192307692307693,-0.1222837457256177,0.40279186271128015,1556.0,9,29.923076923076923,2009
2009_16_JAX_NE,NE,62,0.08064516129032258,0.41935483870967744,0.40279186271128015,-0.1222837457256177,1923.0,8,31.016129032258064,2009
2009_16_KC_CIN,CIN,62,0.0,0.41935483870967744,-0.009035278254496288,-0.16798172851897045,1946.0,12,31.387096774193548,2009
2009_16_KC_CIN,KC,65,0.0,0.5692307692307692,-0.16798172851897045,-0.009035278254496288,1475.0,11,22.692307692307693,2009
2009_16_LV_CLE,CLE,64,0.609375,0.296875,-0.0877263193074547,-0.2705811053297792,1708.0,13,26.6875,2009
2009_16_LV_CLE,LV,67,0.08955223880597014,0.7164179104477612,-0.2705811053297792,-0.0877263193074547,1687.0,13,25.17910447761194,2009
2009_16_MIN_CHI,CHI,64,0.15625,0.578125,0.01802742717417781,0.0854896975505826,1662.0,15,25.96875,2009
2009_16_MIN_CHI,MIN,75,0.013333333333333334,0.56,0.0854896975505826,0.01802742717417781,2117.0,13,28.226666666666667,2009
2009_16_NYJ_IND,IND,58,0.034482758620689655,0.5862068965517241,-0.1906728161288293,0.005365952084450239,1528.0,12,26.344827586206897,2009
2009_16_NYJ_IND,NYJ,65,0.0,0.3384615384615385,0.005365952084450239,-0.1906728161288293,1858.0,12,28.584615384615386,2009
2009_16_SD_TEN,LAC,65,0.0,0.4461538461538462,0.38187036675819197,-0.10547365981179588,2239.0,10,34.44615384615385,2009
2009_16_SD_TEN,TEN,49,0.0,0.4489795918367347,-0.10547365981179588,0.38187036675819197,1190.0,9,24.285714285714285,2009
2009_16_SEA_GB,GB,60,0.0,0.5,0.24504281590583765,-0.3572709408302962,1873.0,13,31.216666666666665,2009
2009_16_SEA_GB,SEA,69,0.043478260869565216,0.5797101449275363,-0.3572709408302962,0.24504281590583765,1581.0,12,22.91304347826087,2009
2009_16_STL_ARI,ARI,69,0.043478260869565216,0.5797101449275363,0.1026467185621868,-0.2587607475395932,1944.0,13,28.17391304347826,2009
2009_16_STL_ARI,LA,57,0.05263157894736842,0.631578947368421,-0.2587607475395932,0.1026467185621868,1452.0,12,25.473684210526315,2009
2009_16_TB_NO,NO,61,0.0,0.6229508196721312,0.14811660006958427,0.040478501959862134,1776.0,9,29.114754098360656,2009
2009_16_TB_NO,TB,67,0.0,0.5074626865671642,0.040478501959862134,0.14811660006958427,2104.0,10,31.402985074626866,2009
2009_17_ATL_TB,ATL,72,0.125,0.4861111111111111,0.03415718464723278,-0.3139052109830402,2044.0,12,28.38888888888889,2009
2009_17_ATL_TB,TB,55,0.0,0.6,-0.3139052109830402,0.03415718464723278,1352.0,12,24.581818181818182,2009
2009_17_BAL_OAK,BAL,55,0.2545454545454545,0.41818181818181815,0.10773912631153199,-0.08473107078673987,1580.0,11,28.727272727272727,2009
2009_17_BAL_OAK,LV,62,0.0,0.6774193548387096,-0.08473107078673987,0.10773912631153199,1844.0,11,29.741935483870968,2009
2009_17_CHI_DET,CHI,66,0.015151515151515152,0.5757575757575758,0.21242437883221482,-0.008741140285716502,1700.0,12,25.757575757575758,2009
2009_17_CHI_DET,DET,59,0.03389830508474576,0.5932203389830508,-0.008741140285716502,0.21242437883221482,1752.0,13,29.694915254237287,2009
2009_17_CIN_NYJ,CIN,39,0.0,0.5384615384615384,-0.8746583913671142,0.21723525694031504,1025.0,10,26.28205128205128,2009
2009_17_CIN_NYJ,NYJ,70,0.0,0.22857142857142856,0.21723525694031504,-0.8746583913671142,2400.0,11,34.285714285714285,2009
2009_17_GB_ARI,ARI,45,0.0,0.6888888888888889,-0.3888971354051484,0.27997606004542364,1265.0,9,28.11111111111111,2009
2009_17_GB_ARI,GB,60,0.0,0.48333333333333334,0.27997606004542364,-0.3888971354051484,2133.0,9,35.55,2009
2009_17_IND_BUF,BUF,64,0.0,0.390625,0.15062318366269214,-0.44046131629396545,2152.0,13,33.625,2009
2009_17_IND_BUF,IND,52,0.3269230769230769,0.6923076923076923,-0.44046131629396545,0.15062318366269214,1251.0,12,24.057692307692307,2009
2009_17_JAX_CLE,CLE,60,0.55,0.18333333333333332,0.018087106807105742,0.03128135452160705,1937.0,9,32.28333333333333,2009
2009_17_JAX_CLE,JAX,63,0.09523809523809523,0.6190476190476191,0.03128135452160705,0.018087106807105742,1556.0,10,24.6984126984127,2009
2009_17_KC_DEN,DEN,80,0.0,0.725,-0.08333457650595477,0.2779997420483101,1874.0,14,23.425,2009
2009_17_KC_DEN,KC,60,0.0,0.4166666666666667,0.2779997420483101,-0.08333457650595477,1516.0,12,25.266666666666666,2009
2009_17_NE_HOU,HOU,64,0.0,0.59375,0.13089691584028945,-0.0572660504846548,1834.0,11,28.65625,2009
2009_17_NE_HOU,NE,59,0.0,0.6779661016949152,-0.0572660504846548,0.13089691584028945,1643.0,10,27.847457627118644,2009
2009_17_NO_CAR,CAR,61,0.01639344262295082,0.4098360655737705,-0.07215431514194043,-0.328954553055163,1724.0,15,28.262295081967213,2009
2009_17_NO_CAR,NO,60,0.0,0.4666666666666667,-0.328954553055163,-0.07215431514194043,1648.0,14,27.466666666666665,2009
2009_17_NYG_MIN,MIN,66,0.0,0.5606060606060606,0.3374694445130423,-0.36562371254763315,2152.0,11,32.60606060606061,2009
2009_17_NYG_MIN,NYG,43,0.0,0.7209302325581395,-0.36562371254763315,0.3374694445130423,1307.0,11,30.3953488372093,2009
2009_17_PHI_DAL,DAL,65,0.0,0.5538461538461539,0.17802358578901553,-0.35324458789075186,2354.0,11,36.215384615384615,2009
2009_17_PHI_DAL,PHI,50,0.14,0.8,-0.35324458789075186,0.17802358578901553,1082.0,11,21.64,2009
2009_17_PIT_MIA,MIA,58,0.0,0.5689655172413793,-0.033376131548980205,0.12437042971669544,1592.0,11,27.448275862068964,2009
2009_17_PIT_MIA,PIT,66,0.0,0.4696969696969697,0.12437042971669544,-0.033376131548980205,1820.0,12,27.575757575757574,2009
2009_17_SF_STL,LA,62,0.0,0.5806451612903226,-0.5104354023696973,-0.01575035810556288,1460.0,15,23.548387096774192,2009
2009_17_SF_STL,SF,61,0.0,0.5081967213114754,-0.01575035810556288,-0.5104354023696973,1852.0,15,30.360655737704917,2009
2009_17_TEN_SEA,SEA,59,0.01694915254237288,0.576271186440678,-0.09728016755121191,0.03904741746767171,1587.0,11,26.89830508474576,2009
2009_17_TEN_SEA,TEN,63,0.015873015873015872,0.4126984126984127,0.03904741746767171,-0.09728016755121191,1844.0,11,29.26984126984127,2009
2009_17_WAS_SD,LAC,63,0.0,0.7301587301587301,0.06691247025353537,0.040197388890805694,1542.0,11,24.476190476190474,2009
2009_17_WAS_SD,WAS,65,0.0,0.6615384615384615,0.040197388890805694,0.06691247025353537,1903.0,10,29.276923076923076,2009
2010_01_ARI_STL,ARI,63,0.0,0.6666666666666666,-0.09219801768805592,-0.13533027246043028,1498.0,13,23.77777777777778,2010
2010_01_ARI_STL,LA,81,0.0,0.7037037037037037,-0.13533027246043028,-0.09219801768805592,1855.0,13,22.901234567901234,2010
2010_01_ATL_PIT,ATL,71,0.1267605633802817,0.647887323943662,-0.14301614791194145,0.010245566779004782,1701.0,13,23.95774647887324,2010
2010_01_ATL_PIT,PIT,60,0.03333333333333333,0.48333333333333334,0.010245566779004782,-0.14301614791194145,1839.0,12,30.65,2010
2010_01_BAL_NYJ,BAL,74,0.0,0.5405405405405406,-0.2938066552352716,-0.4282865690126917,2169.0,12,29.31081081081081,2010
2010_01_BAL_NYJ,NYJ,43,0.023255813953488372,0.5348837209302325,-0.4282865690126917,-0.2938066552352716,1180.0,12,27.441860465116278,2010
2010_01_CAR_NYG,CAR,63,0.047619047619047616,0.6190476190476191,-0.41584209252741045,-0.003063122568499166,1416.0,13,22.476190476190474,2010
2010_01_CAR_NYG,NYG,64,0.0,0.484375,-0.003063122568499166,-0.41584209252741045,1941.0,15,30.328125,2010
2010_01_CIN_NE,CIN,76,0.3684210526315789,0.6710526315789473,-0.010150774663507167,0.23715511905719242,1851.0,11,24.355263157894736,2010
2010_01_CIN_NE,NE,58,0.017241379310344827,0.603448275862069,0.23715511905719242,-0.010150774663507167,1660.0,9,28.620689655172413,2010
2010_01_CLE_TB,CLE,60,0.0,0.6166666666666667,-0.23815946672381932,-0.22120450737414576,1530.0,14,25.5,2010
2010_01_CLE_TB,TB,61,0.0,0.5081967213114754,-0.22120450737414576,-0.23815946672381932,1826.0,13,29.934426229508198,2010
2010_01_DAL_WAS,DAL,71,0.028169014084507043,0.6901408450704225,-0.004244333698822954,-0.1731914604979254,1978.0,10,27.859154929577464,2010
2010_01_DAL_WAS,WAS,56,0.0,0.5892857142857143,-0.1731914604979254,-0.004244333698822954,1478.0,9,26.392857142857142,2010
2010_01_DEN_JAX,DEN,61,0.0,0.5901639344262295,0.04370932007691553,0.12888734315820197,1756.0,10,28.78688524590164,2010
2010_01_DEN_JAX,JAX,53,0.0,0.41509433962264153,0.12888734315820197,0.04370932007691553,1692.0,11,31.92452830188679,2010
2010_01_DET_CHI,CHI,70,0.0,0.5714285714285714,-0.15656505101903154,-0.36457985114519226,1968.0,15,28.114285714285714,2010
2010_01_DET_CHI,DET,56,0.07142857142857142,0.625,-0.36457985114519226,-0.15656505101903154,1393.0,14,24.875,2010
2010_01_GB_PHI,GB,63,0.0,0.5238095238095238,-0.052609270992965314,-0.04349521891254025,1818.0,12,28.857142857142858,2010
2010_01_GB_PHI,PHI,60,0.05,0.65,-0.04349521891254025,-0.052609270992965314,1619.0,11,26.983333333333334,2010
2010_01_IND_HOU,HOU,58,0.0,0.3275862068965517,0.25911325358353515,0.21164459963246396,1763.0,11,30.396551724137932,2010
2010_01_IND_HOU,IND,69,0.0,0.855072463768116,0.21164459963246396,0.25911325358353515,1686.0,10,24.434782608695652,2010
2010_01_LV_TEN,LV,66,0.19696969696969696,0.6363636363636364,-0.18479914335431957,0.14664943645590728,1652.0,12,25.03030303030303,2010
2010_01_LV_TEN,TEN,54,0.0,0.35185185185185186,0.14664943645590728,-0.18479914335431957,1747.0,13,32.351851851851855,2010
2010_01_MIA_BUF,BUF,54,0.1111111111111111,0.6851851851851852,-0.3203627478554994,-0.05661525677493029,1304.0,12,24.14814814814815,2010
2010_01_MIA_BUF,MIA,73,0.0,0.5068493150684932,-0.05661525677493029,-0.3203627478554994,2126.0,11,29.123287671232877,2010
2010_01_MIN_NO,MIN,51,0.0,0.5490196078431373,-0.10520708755347886,0.07942989783663147,1500.0,10,29.41176470588235,2010
2010_01_MIN_NO,NO,59,0.0,0.6271186440677966,0.07942989783663147,-0.10520708755347886,1913.0,11,32.42372881355932,2010
2010_01_SD_KC,KC,47,0.14893617021276595,0.46808510638297873,-0.21859933423280548,-0.05637317003574314,1225.0,13,26.06382978723404,2010
2010_01_SD_KC,LAC,69,0.0,0.5942028985507246,-0.05637317003574314,-0.21859933423280548,2134.0,14,30.92753623188406,2010
2010_01_SF_SEA,SEA,47,0.0,0.5106382978723404,-0.003744208790209655,-0.2905473156299239,1552.0,11,33.02127659574468,2010
2010_01_SF_SEA,SF,65,0.09230769230769231,0.7076923076923077,-0.2905473156299239,-0.003744208790209655,1862.0,12,28.646153846153847,2010
2010_02_ARI_ATL,ARI,48,0.0,0.7291666666666666,-0.2607746715459516,0.2865499259965646,1138.0,12,23.708333333333332,2010
2010_02_ARI_ATL,ATL,75,0.0,0.44,0.2865499259965646,-0.2607746715459516,2318.0,11,30.906666666666666,2010
2010_02_BAL_CIN,BAL,62,0.0,0.6451612903225806,-0.3243153838375818,-0.10203156957039182,1435.0,14,23.14516129032258,2010
2010_02_BAL_CIN,CIN,64,0.0,0.546875,-0.10203156957039182,-0.3243153838375818,1937.0,14,30.265625,2010
2010_02_BUF_GB,BUF,53,0.018867924528301886,0.39622641509433965,-0.3748922776447646,0.24668857388081586,1662.0,10,31.358490566037737,2010
2010_02_BUF_GB,GB,54,0.0,0.5370370370370371,0.24668857388081586,-0.3748922776447646,1768.0,11,32.74074074074074,2010
2010_02_CHI_DAL,CHI,46,0.021739130434782608,0.6521739130434783,0.12909906524392134,-0.004083228155513328,1471.0,12,31.97826086956522,2010
2010_02_CHI_DAL,DAL,70,0.08571428571428572,0.7285714285714285,-0.004083228155513328,0.12909906524392134,1846.0,11,26.37142857142857,2010
2010_02_HOU_WAS,HOU,80,0.0375,0.7,0.2669389248159302,0.2729180834913084,2323.0,13,29.0375,2010
2010_02_HOU_WAS,WAS,58,0.017241379310344827,0.7068965517241379,0.2729180834913084,0.2669389248159302,1837.0,11,31.67241379310345,2010
2010_02_JAX_SD,JAX,68,0.0,0.6470588235294118,-0.27633090112351827,0.2363096330012365,1737.0,12,25.544117647058822,2010
2010_02_JAX_SD,LAC,60,0.0,0.5,0.2363096330012365,-0.27633090112351827,1692.0,12,28.2,2010
2010_02_KC_CLE,CLE,58,0.034482758620689655,0.5517241379310345,-0.21512461841468813,-0.12703417771127093,1504.0,13,25.93103448275862,2010
2010_02_KC_CLE,KC,65,0.13846153846153847,0.4307692307692308,-0.12703417771127093,-0.21512461841468813,1857.0,13,28.56923076923077,2010
2010_02_MIA_MIN,MIA,45,0.0,0.37777777777777777,-0.16420284403737984,-0.17364014070641953,1301.0,11,28.91111111111111,2010
2010_02_MIA_MIN,MIN,72,0.0,0.5416666666666666,-0.17364014070641953,-0.16420284403737984,2081.0,11,28.90277777777778,2010
2010_02_NE_NYJ,NE,58,0.05172413793103448,0.6379310344827587,-0.06192383848750214,0.1568571281384747,1582.0,9,27.275862068965516,2010
2010_02_NE_NYJ,NYJ,65,0.0,0.5230769230769231,0.1568571281384747,-0.06192383848750214,1880.0,10,28.923076923076923,2010
2010_02_NO_SF,NO,63,0.015873015873015872,0.6190476190476191,0.008795960339240301,0.1435950940277975,1851.0,12,29.38095238095238,2010
2010_02_NO_SF,SF,59,0.0,0.559322033898305,0.1435950940277975,0.008795960339240301,1572.0,10,26.64406779661017,2010
2010_02_NYG_IND,IND,67,0.014925373134328358,0.40298507462686567,0.2046525665325678,-0.21969633446403455,2012.0,12,30.029850746268657,2010
2010_02_NYG_IND,NYG,52,0.11538461538461539,0.5192307692307693,-0.21969633446403455,0.2046525665325678,1380.0,13,26.53846153846154,2010
2010_02_PHI_DET,DET,73,0.0821917808219178,0.6575342465753424,0.07787821804668414,0.19294749230690875,1669.0,14,22.863013698630137,2010
2010_02_PHI_DET,PHI,65,0.0,0.6153846153846154,0.19294749230690875,0.07787821804668414,1735.0,14,26.692307692307693,2010
2010_02_PIT_TEN,PIT,54,0.0,0.3888888888888889,-0.4584899139588284,-0.4731296861808029,1918.0,15,35.51851851851852,2010
2010_02_PIT_TEN,TEN,60,0.13333333333333333,0.6333333333333333,-0.4731296861808029,-0.4584899139588284,1447.0,15,24.116666666666667,2010
2010_02_SEA_DEN,DEN,71,0.0,0.5070422535211268,0.23619086191227062,0.17863490848778,2165.0,10,30.492957746478872,2010
2010_02_SEA_DEN,SEA,54,0.0,0.6481481481481481,0.17863490848778,0.23619086191227062,1299.0,9,24.055555555555557,2010
2010_02_STL_OAK,LA,49,0.0,0.5510204081632653,-0.13738256577080618,0.027186779030924722,1282.0,12,26.163265306122447,2010
2010_02_STL_OAK,LV,74,0.08108108108108109,0.5,0.027186779030924722,-0.13738256577080618,2109.0,12,28.5,2010
2010_02_TB_CAR,CAR,66,0.10606060606060606,0.5,-0.24143724103030872,-0.012120185244359422,1637.0,11,24.803030303030305,2010
2010_02_TB_CAR,TB,59,0.0,0.423728813559322,-0.012120185244359422,-0.24143724103030872,1764.0,11,29.89830508474576,2010
2010_03_ATL_NO,ATL,81,0.0,0.3950617283950617,0.11919273238856955,0.04263519118993376,2694.0,11,33.25925925925926,2010
2010_03_ATL_NO,NO,55,0.0,0.7090909090909091,0.04263519118993376,0.11919273238856955,1542.0,11,28.036363636363635,2010
2010_03_BUF_NE,BUF,53,0.05660377358490566,0.5471698113207547,0.14467435346546376,0.30567160970258783,1616.0,10,30.49056603773585,2010
2010_03_BUF_NE,NE,63,0.09523809523809523,0.4444444444444444,0.30567160970258783,0.14467435346546376,1848.0,11,29.333333333333332,2010
2010_03_CIN_CAR,CAR,57,0.07017543859649122,0.5789473684210527,-0.33198915835629716,-0.1884190723855717,1297.0,13,22.75438596491228,2010
2010_03_CIN_CAR,CIN,72,0.0,0.5277777777777778,-0.1884190723855717,-0.33198915835629716,2041.0,14,28.34722222222222,2010
2010_03_CLE_BAL,BAL,54,0.07407407407407407,0.5740740740740741,0.31195875469441403,0.0835702699922152,1721.0,10,31.87037037037037,2010
2010_03_CLE_BAL,CLE,55,0.0,0.4727272727272727,0.0835702699922152,0.31195875469441403,1726.0,10,31.381818181818183,2010
2010_03_DAL_HOU,DAL,55,0.0,0.5272727272727272,0.27736081504297494,-0.05518948789407051,1859.0,10,33.8,2010
2010_03_DAL_HOU,HOU,58,0.0,0.6206896551724138,-0.05518948789407051,0.27736081504297494,1595.0,9,27.5,2010
2010_03_DET_MIN,DET,64,0.0,0.703125,-0.17099905641088708,-0.10776404454729792,1596.0,12,24.9375,2010
2010_03_DET_MIN,MIN,64,0.0,0.5625,-0.10776404454729792,-0.17099905641088708,1809.0,13,28.265625,2010
2010_03_GB_CHI,CHI,48,0.0,0.625,0.03267670250338817,0.21949605734882896,1398.0,8,29.125,2010
2010_03_GB_CHI,GB,59,0.0,0.7457627118644068,0.21949605734882896,0.03267670250338817,2079.0,11,35.23728813559322,2010
2010_03_IND_DEN,DEN,76,0.0,0.7631578947368421,-0.004937037324022982,0.20662921301759027,1722.0,11,22.657894736842106,2010
2010_03_IND_DEN,IND,64,0.0,0.671875,0.20662921301759027,-0.004937037324022982,1723.0,12,26.921875,2010
2010_03_LV_ARI,ARI,54,0.0,0.5185185185185185,-0.1504362169982379,-0.09651118638661611,1543.0,12,28.574074074074073,2010
2010_03_LV_ARI,LV,70,0.07142857142857142,0.5285714285714286,-0.09651118638661611,-0.1504362169982379,1871.0,14,26.728571428571428,2010
2010_03_NYJ_MIA,MIA,70,0.02857142857142857,0.6714285714285714,0.08604748983496811,0.3035899210467559,1911.0,11,27.3,2010
2010_03_NYJ_MIA,NYJ,55,0.01818181818181818,0.4909090909090909,0.3035899210467559,0.08604748983496811,1560.0,11,28.363636363636363,2010
2010_03_PHI_JAX,JAX,67,0.014925373134328358,0.5223880597014925,-0.31322424207909555,0.1322562924574169,1846.0,13,27.55223880597015,2010
2010_03_PHI_JAX,PHI,54,0.0,0.6111111111111112,0.1322562924574169,-0.31322424207909555,1537.0,12,28.462962962962962,2010
2010_03_PIT_TB,PIT,45,0.0,0.35555555555555557,0.21398867430877458,-0.21372326115709173,1541.0,10,34.24444444444445,2010
2010_03_PIT_TB,TB,61,0.03278688524590164,0.6721311475409836,-0.21372326115709173,0.21398867430877458,1880.0,11,30.81967213114754,2010
2010_03_SD_SEA,LAC,77,0.025974025974025976,0.7272727272727273,0.013741302007024425,-0.16117909456098822,2064.0,14,26.805194805194805,2010
2010_03_SD_SEA,SEA,54,0.0,0.6296296296296297,-0.16117909456098822,0.013741302007024425,1332.0,15,24.666666666666668,2010
2010_03_SF_KC,KC,65,0.015384615384615385,0.4,0.2110231603694896,-0.22051725386577803,1963.0,13,30.2,2010
2010_03_SF_KC,SF,61,0.0,0.7540983606557377,-0.22051725386577803,0.2110231603694896,1467.0,12,24.049180327868854,2010
2010_03_TEN_NYG,NYG,69,0.17391304347826086,0.7101449275362319,-0.015090469424150524,0.03832904063608523,1784.0,11,25.855072463768117,2010
2010_03_TEN_NYG,TEN,57,0.0,0.2982456140350877,0.03832904063608523,-0.015090469424150524,1605.0,11,28.157894736842106,2010
2010_03_WAS_STL,LA,75,0.0,0.5066666666666667,0.06805929881895635,-0.16863218428256616,2022.0,12,26.96,2010
2010_03_WAS_STL,WAS,48,0.0,0.6666666666666666,-0.16863218428256616,0.06805929881895635,1387.0,14,28.895833333333332,2010
2010_04_ARI_SD,ARI,51,0.0,0.7254901960784313,-0.5501968885846087,0.22193054460677833,1393.0,10,27.313725490196077,2010
2010_04_ARI_SD,LAC,59,0.0,0.3559322033898305,0.22193054460677833,-0.5501968885846087,1996.0,11,33.83050847457627,2010
2010_04_BAL_PIT,BAL,64,0.03125,0.59375,-0.010586555916148425,-0.03629934328900706,1751.0,11,27.359375,2010
2010_04_BAL_PIT,PIT,50,0.0,0.46,-0.03629934328900706,-0.010586555916148425,1692.0,10,33.84,2010
2010_04_CAR_NO,CAR,47,0.0,0.5106382978723404,0.027538064570447798,-0.018382713189292122,1226.0,9,26.085106382978722,2010
2010_04_CAR_NO,NO,78,0.0,0.6410256410256411,-0.018382713189292122,0.027538064570447798,2210.0,11,28.333333333333332,2010
2010_04_CHI_NYG,CHI,52,0.0,0.6923076923076923,-0.7157686340083542,-0.1399663557769774,1391.0,15,26.75,2010
2010_04_CHI_NYG,NYG,62,0.0,0.5161290322580645,-0.1399663557769774,-0.7157686340083542,1847.0,15,29.79032258064516,2010
2010_04_CIN_CLE,CIN,58,0.2413793103448276,0.6896551724137931,0.04350369622568307,0.051318543886412965,1700.0,10,29.310344827586206,2010
2010_04_CIN_CLE,CLE,62,0.04838709677419355,0.4838709677419355,0.051318543886412965,0.04350369622568307,1749.0,11,28.20967741935484,2010
2010_04_DEN_TEN,DEN,76,0.07894736842105263,0.7236842105263158,-0.13676602042293262,-0.11216184480308705,2037.0,13,26.80263157894737,2010
2010_04_DEN_TEN,TEN,52,0.0,0.5769230769230769,-0.11216184480308705,-0.13676602042293262,1388.0,14,26.692307692307693,2010
2010_04_DET_GB,DET,78,0.01282051282051282,0.7307692307692307,-0.02945985131992251,0.06938537684962476,2193.0,12,28.115384615384617,2010
2010_04_DET_GB,GB,39,0.0,0.48717948717948717,0.06938537684962476,-0.02945985131992251,1278.0,11,32.76923076923077,2010
2010_04_HOU_OAK,HOU,62,0.0,0.45161290322580644,0.3072575183395545,0.0033070355540035907,1594.0,13,25.70967741935484,2010
2010_04_HOU_OAK,LV,67,0.014925373134328358,0.6268656716417911,0.0033070355540035907,0.3072575183395545,1640.0,12,24.47761194029851,2010
2010_04_IND_JAX,IND,65,0.47692307692307695,0.7230769230769231,0.16290956361477804,0.29110134203263627,1759.0,9,27.06153846153846,2010
2010_04_IND_JAX,JAX,57,0.0,0.38596491228070173,0.29110134203263627,0.16290956361477804,1745.0,9,30.614035087719298,2010
2010_04_NE_MIA,MIA,67,0.13432835820895522,0.7014925373134329,-0.10426977611140145,0.14990301090911182,1855.0,10,27.686567164179106,2010
2010_04_NE_MIA,NE,56,0.32142857142857145,0.48214285714285715,0.14990301090911182,-0.10426977611140145,1570.0,9,28.035714285714285,2010
2010_04_NYJ_BUF,BUF,46,0.15217391304347827,0.6521739130434783,-0.26649140036223545,0.19191845226598464,1063.0,14,23.108695652173914,2010
2010_04_NYJ_BUF,NYJ,74,0.0,0.33783783783783783,0.19191845226598464,-0.26649140036223545,2327.0,14,31.445945945945947,2010
2010_04_SEA_STL,LA,71,0.0,0.6056338028169014,-0.12348128503675473,-0.40000212491573617,1878.0,13,26.450704225352112,2010
2010_04_SEA_STL,SEA,65,0.0,0.6307692307692307,-0.40000212491573617,-0.12348128503675473,1519.0,13,23.369230769230768,2010
2010_04_SF_ATL,ATL,74,0.0,0.6081081081081081,0.010477251839485033,-0.033342732256744494,2314.0,11,31.27027027027027,2010
2010_04_SF_ATL,SF,55,0.0,0.5818181818181818,-0.033342732256744494,0.010477251839485033,1780.0,9,32.36363636363637,2010
2010_04_WAS_PHI,PHI,68,0.10294117647058823,0.6323529411764706,-0.008295274964416849,0.044866493263018184,1907.0,10,28.044117647058822,2010
2010_04_WAS_PHI,WAS,54,0.0,0.37037037037037035,0.044866493263018184,-0.008295274964416849,1549.0,10,28.685185185185187,2010
2010_05_ATL_CLE,ATL,58,0.06896551724137931,0.5,0.02354340441322699,-0.17680510156585671,1709.0,10,29.46551724137931,2010
2010_05_ATL_CLE,CLE,61,0.11475409836065574,0.6721311475409836,-0.17680510156585671,0.02354340441322699,1684.0,11,27.60655737704918,2010
2010_05_CHI_CAR,CAR,61,0.06557377049180328,0.5901639344262295,-0.6078367168575511,-0.3340054659980514,1668.0,15,27.34426229508197,2010
2010_05_CHI_CAR,CHI,63,0.015873015873015872,0.3492063492063492,-0.3340054659980514,-0.6078367168575511,1719.0,16,27.285714285714285,2010
2010_05_DEN_BAL,BAL,72,0.05555555555555555,0.3611111111111111,0.22393990088829158,0.17137707821072914,2064.0,12,28.666666666666668,2010
2010_05_DEN_BAL,DEN,51,0.21568627450980393,0.7450980392156863,0.17137707821072914,0.22393990088829158,1345.0,11,26.372549019607842,2010
2010_05_GB_WAS,GB,66,0.015151515151515152,0.7424242424242424,-0.11585233045564737,-0.18485444169891668,1816.0,15,27.515151515151516,2010
2010_05_GB_WAS,WAS,75,0.0,0.72,-0.18485444169891668,-0.11585233045564737,1926.0,15,25.68,2010
2010_05_JAX_BUF,BUF,55,0.10909090909090909,0.6181818181818182,-0.02913400166383819,0.07256762684445184,1455.0,12,26.454545454545453,2010
2010_05_JAX_BUF,JAX,62,0.0,0.3548387096774194,0.07256762684445184,-0.02913400166383819,1973.0,12,31.822580645161292,2010
2010_05_KC_IND,IND,73,0.0273972602739726,0.6164383561643836,0.017586168103930284,-0.14582384021014125,1978.0,11,27.095890410958905,2010
2010_05_KC_IND,KC,57,0.07017543859649122,0.5263157894736842,-0.14582384021014125,0.017586168103930284,1464.0,10,25.68421052631579,2010
2010_05_MIN_NYJ,MIN,62,0.08064516129032258,0.6290322580645161,-0.16066573711212156,-0.1030212893320833,1473.0,15,23.758064516129032,2010
2010_05_MIN_NYJ,NYJ,77,0.012987012987012988,0.5844155844155844,-0.1030212893320833,-0.16066573711212156,1953.0,13,25.363636363636363,2010
2010_05_NO_ARI,ARI,57,0.017543859649122806,0.5614035087719298,-0.1861774204450931,-0.20454165253481046,1688.0,11,29.614035087719298,2010
2010_05_NO_ARI,NO,61,0.03278688524590164,0.6557377049180327,-0.20454165253481046,-0.1861774204450931,1718.0,13,28.16393442622951,2010
2010_05_NYG_HOU,HOU,51,0.0,0.7254901960784313,-0.4160965313068848,0.04678323696998481,1148.0,13,22.50980392156863,2010
2010_05_NYG_HOU,NYG,71,0.0,0.5915492957746479,0.04678323696998481,-0.4160965313068848,2217.0,13,31.225352112676056,2010
2010_05_PHI_SF,PHI,60,0.0,0.5833333333333334,0.05017571362284272,-0.12979639972848211,1755.0,14,29.25,2010
2010_05_PHI_SF,SF,62,0.03225806451612903,0.6451612903225806,-0.12979639972848211,0.05017571362284272,1669.0,14,26.919354838709676,2010
2010_05_SD_OAK,LAC,71,0.0,0.6338028169014085,-0.06690637214476504,-0.014163237118956439,1897.0,13,26.718309859154928,2010
2010_05_SD_OAK,LV,58,0.017241379310344827,0.5,-0.014163237118956439,-0.06690637214476504,1556.0,12,26.82758620689655,2010
2010_05_STL_DET,DET,58,0.08620689655172414,0.603448275862069,0.25040294372645405,-0.3947993280880235,1515.0,12,26.120689655172413,2010
2010_05_STL_DET,LA,74,0.10810810810810811,0.6216216216216216,-0.3947993280880235,0.25040294372645405,1891.0,12,25.554054054054053,2010
2010_05_TB_CIN,CIN,65,0.0,0.5538461538461539,-0.0829960414015171,0.046254546382771905,1667.0,14,25.646153846153847,2010
2010_05_TB_CIN,TB,59,0.0,0.6440677966101694,0.046254546382771905,-0.0829960414015171,1713.0,13,29.033898305084747,2010
2010_05_TEN_DAL,DAL,74,0.02702702702702703,0.6891891891891891,0.06763796532324014,0.10760452353959882,2139.0,12,28.905405405405407,2010
2010_05_TEN_DAL,TEN,53,0.0,0.5283018867924528,0.10760452353959882,0.06763796532324014,1282.0,13,24.18867924528302,2010
2010_06_ATL_PHI,ATL,64,0.015625,0.703125,-0.13885417771168898,0.2748468945016984,1471.0,12,22.984375,2010
2010_06_ATL_PHI,PHI,66,0.015151515151515152,0.4393939393939394,0.2748468945016984,-0.13885417771168898,1958.0,13,29.666666666666668,2010
2010_06_BAL_NE,BAL,72,0.013888888888888888,0.5277777777777778,0.04436180343129523,0.018307439785057254,2320.0,13,32.22222222222222,2010
2010_06_BAL_NE,NE,72,0.18055555555555555,0.6527777777777778,0.018307439785057254,0.04436180343129523,1851.0,14,25.708333333333332,2010
2010_06_CLE_PIT,CLE,59,0.11864406779661017,0.6271186440677966,-0.03735695114724667,0.18597156327771744,1603.0,10,27.16949152542373,2010
2010_06_CLE_PIT,PIT,62,0.0,0.43548387096774194,0.18597156327771744,-0.03735695114724667,1856.0,11,29.93548387096774,2010
2010_06_DAL_MIN,DAL,60,0.0,0.5333333333333333,0.020068563957916234,-0.157413036808904,1862.0,11,31.033333333333335,2010
2010_06_DAL_MIN,MIN,50,0.0,0.44,-0.157413036808904,0.020068563957916234,1586.0,11,31.72,2010
2010_06_DET_NYG,DET,70,0.08571428571428572,0.7,-0.0949674453296943,0.05501367288111657,1544.0,12,22.057142857142857,2010
2010_06_DET_NYG,NYG,60,0.0,0.5166666666666667,0.05501367288111657,-0.0949674453296943,1890.0,12,31.5,2010
2010_06_IND_WAS,IND,67,0.6268656716417911,0.582089552238806,0.13891147035826132,-0.05166976854954213,1538.0,14,22.955223880597014,2010
2010_06_IND_WAS,WAS,71,0.04225352112676056,0.676056338028169,-0.05166976854954213,0.13891147035826132,1850.0,15,26.056338028169016,2010
2010_06_KC_HOU,HOU,57,0.0,0.6140350877192983,0.4353373262245306,0.3181762859705829,1534.0,10,26.912280701754387,2010
2010_06_KC_HOU,KC,68,0.0,0.4411764705882353,0.3181762859705829,0.4353373262245306,1966.0,10,28.91176470588235,2010
2010_06_LV_SF,LV,52,0.0,0.4423076923076923,-0.2958305099138675,0.06448563894580434,1498.0,12,28.807692307692307,2010
2010_06_LV_SF,SF,60,0.0,0.5333333333333333,0.06448563894580434,-0.2958305099138675,1875.0,12,31.25,2010
2010_06_MIA_GB,GB,58,0.0,0.6551724137931034,0.09128231763257003,-0.040517288691152696,1603.0,11,27.637931034482758,2010
2010_06_MIA_GB,MIA,76,0.039473684210526314,0.5,-0.040517288691152696,0.09128231763257003,2219.0,12,29.19736842105263,2010
2010_06_NO_TB,NO,63,0.015873015873015872,0.5079365079365079,0.4173693730234063,-0.04898681621087122,1831.0,9,29.063492063492063,2010
2010_06_NO_TB,TB,66,0.0,0.7424242424242424,-0.04898681621087122,0.4173693730234063,1628.0,9,24.666666666666668,2010
2010_06_NYJ_DEN,DEN,72,0.0,0.4861111111111111,-0.17115538050300177,-0.06961690712921723,1727.0,14,23.98611111111111,2010
2010_06_NYJ_DEN,NYJ,60,0.0,0.5166666666666667,-0.06961690712921723,-0.17115538050300177,1653.0,14,27.55,2010
2010_06_SD_STL,LA,65,0.0,0.5230769230769231,0.016039060802646977,-0.07886900151546401,1876.0,12,28.861538461538462,2010
2010_06_SD_STL,LAC,61,0.0,0.7213114754098361,-0.07886900151546401,0.016039060802646977,1506.0,11,24.688524590163933,2010
2010_06_SEA_CHI,CHI,59,0.01694915254237288,0.7627118644067796,-0.11916883322959138,0.04106560304323747,1437.0,13,24.35593220338983,2010
2010_06_SEA_CHI,SEA,68,0.029411764705882353,0.5882352941176471,0.04106560304323747,-0.11916883322959138,1912.0,16,28.11764705882353,2010
2010_06_TEN_JAX,JAX,63,0.015873015873015872,0.6031746031746031,-0.2538990566510689,0.22926905159132613,1562.0,9,24.793650793650794,2010
2010_06_TEN_JAX,TEN,59,0.0,0.3559322033898305,0.22926905159132613,-0.2538990566510689,1893.0,9,32.08474576271186,2010
2010_07_ARI_SEA,ARI,54,0.037037037037037035,0.6296296296296297,-0.3621472976764436,-0.18447140776183252,1263.0,13,23.38888888888889,2010
2010_07_ARI_SEA,SEA,78,0.0,0.5512820512820513,-0.18447140776183252,-0.3621472976764436,2117.0,14,27.141025641025642,2010
2010_07_BUF_BAL,BAL,61,0.29508196721311475,0.5409836065573771,0.0819485328171651,0.07772546039974768,1456.0,15,23.868852459016395,2010
2010_07_BUF_BAL,BUF,78,0.01282051282051282,0.5641025641025641,0.07772546039974768,0.0819485328171651,2230.0,14,28.58974358974359,2010
2010_07_CIN_ATL,ATL,64,0.0,0.53125,0.18850963838138576,0.17831151560898081,1721.0,11,26.890625,2010
2010_07_CIN_ATL,CIN,74,0.0,0.7162162162162162,0.17831151560898081,0.18850963838138576,1781.0,11,24.06756756756757,2010
2010_07_CLE_NO,CLE,42,0.0,0.42857142857142855,-0.07082232782255006,-0.11691879104929975,1374.0,10,32.714285714285715,2010
2010_07_CLE_NO,NO,77,0.0,0.7662337662337663,-0.11691879104929975,-0.07082232782255006,2035.0,11,26.428571428571427,2010
2010_07_JAX_KC,JAX,58,0.0,0.603448275862069,-0.1186624292732049,0.369577476881419,1469.0,10,25.32758620689655,2010
2010_07_JAX_KC,KC,61,0.0,0.3114754098360656,0.369577476881419,-0.1186624292732049,1987.0,10,32.57377049180328,2010
2010_07_LV_DEN,DEN,50,0.0,0.66,-0.5133931200666119,0.3498228362301621,1134.0,14,22.68,2010
2010_07_LV_DEN,LV,72,0.0,0.3055555555555556,0.3498228362301621,-0.5133931200666119,2210.0,14,30.694444444444443,2010
2010_07_MIN_GB,GB,57,0.0,0.6140350877192983,0.031855846586084834,-0.05888054312975183,1677.0,10,29.42105263157895,2010
2010_07_MIN_GB,MIN,66,0.015151515151515152,0.45454545454545453,-0.05888054312975183,0.031855846586084834,1766.0,11,26.757575757575758,2010
2010_07_NE_SD,LAC,71,0.0,0.7323943661971831,-0.1262290110887944,-0.07253043968631018,1942.0,12,27.35211267605634,2010
2010_07_NE_SD,NE,58,0.0,0.6206896551724138,-0.07253043968631018,-0.1262290110887944,1451.0,12,25.017241379310345,2010
2010_07_NYG_DAL,DAL,57,0.17543859649122806,0.7719298245614035,-0.21325493833461298,0.01772947517717286,1217.0,15,21.350877192982455,2010
2010_07_NYG_DAL,NYG,72,0.0,0.5,0.01772947517717286,-0.21325493833461298,2112.0,16,29.333333333333332,2010
2010_07_PHI_TEN,PHI,71,0.0,0.6619718309859155,-0.20889073992936863,-0.04395584731674472,1892.0,13,26.64788732394366,2010
2010_07_PHI_TEN,TEN,59,0.0,0.559322033898305,-0.04395584731674472,-0.20889073992936863,1488.0,14,25.220338983050848,2010
2010_07_PIT_MIA,MIA,58,0.034482758620689655,0.6379310344827587,-0.1164210092041056,0.08159708946982082,1664.0,11,28.689655172413794,2010
2010_07_PIT_MIA,PIT,54,0.05555555555555555,0.5555555555555556,0.08159708946982082,-0.1164210092041056,1755.0,12,32.5,2010
2010_07_SF_CAR,CAR,76,0.06578947368421052,0.5526315789473685,-0.221243363658002,-0.15089365109109398,2025.0,13,26.644736842105264,2010
2010_07_SF_CAR,SF,55,0.01818181818181818,0.6,-0.15089365109109398,-0.221243363658002,1345.0,12,24.454545454545453,2010
2010_07_STL_TB,LA,58,0.0,0.46551724137931033,0.009511635357826983,0.04225142584714207,1636.0,10,28.20689655172414,2010
2010_07_STL_TB,TB,65,0.09230769230769231,0.6615384615384615,0.04225142584714207,0.009511635357826983,1815.0,9,27.923076923076923,2010
2010_07_WAS_CHI,CHI,59,0.0,0.7288135593220338,-0.2958732109502497,-0.32268914995196596,1722.0,14,29.1864406779661,2010
2010_07_WAS_CHI,WAS,58,0.0,0.5862068965517241,-0.32268914995196596,-0.2958732109502497,1619.0,15,27.913793103448278,2010
2010_08_BUF_KC,BUF,83,0.012048192771084338,0.6024096385542169,-0.026979058870474974,0.056320074583503424,2266.0,12,27.301204819277107,2010
2010_08_BUF_KC,KC,72,0.041666666666666664,0.375,0.056320074583503424,-0.026979058870474974,2039.0,12,28.319444444444443,2010
2010_08_CAR_STL,CAR,56,0.0,0.6964285714285714,-0.28397333768268446,-0.12130091723218298,1314.0,11,23.464285714285715,2010
2010_08_CAR_STL,LA,61,0.0,0.5573770491803278,-0.12130091723218298,-0.28397333768268446,2008.0,12,32.91803278688525,2010
2010_08_DEN_SF,DEN,60,0.06666666666666667,0.7166666666666667,0.0875395151558651,0.1501358812348447,1495.0,12,24.916666666666668,2010
2010_08_DEN_SF,SF,61,0.0,0.3114754098360656,0.1501358812348447,0.0875395151558651,1894.0,13,31.049180327868854,2010
2010_08_GB_NYJ,GB,61,0.0,0.5901639344262295,-0.273083416340623,-0.3244293763572798,1618.0,13,26.524590163934427,2010
2010_08_GB_NYJ,NYJ,69,0.014492753623188406,0.5797101449275363,-0.3244293763572798,-0.273083416340623,1790.0,13,25.942028985507246,2010
2010_08_HOU_IND,HOU,58,0.10344827586206896,0.6896551724137931,-0.1610035791197722,0.14256775680511846,1341.0,11,23.120689655172413,2010
2010_08_HOU_IND,IND,71,0.0,0.647887323943662,0.14256775680511846,-0.1610035791197722,2074.0,11,29.211267605633804,2010
2010_08_JAX_DAL,DAL,72,0.1527777777777778,0.7083333333333334,-0.08235132020714436,0.29304581359647974,1557.0,12,21.625,2010
2010_08_JAX_DAL,JAX,58,0.0,0.41379310344827586,0.29304581359647974,-0.08235132020714436,1876.0,12,32.3448275862069,2010
2010_08_MIA_CIN,CIN,64,0.0,0.59375,-0.06829692596775938,0.02066098455866245,1491.0,12,23.296875,2010
2010_08_MIA_CIN,MIA,65,0.0,0.5692307692307692,0.02066098455866245,-0.06829692596775938,1907.0,12,29.338461538461537,2010
2010_08_MIN_NE,MIN,66,0.045454545454545456,0.5757575757575758,0.014791673038759823,0.35529987103208155,2046.0,10,31.0,2010
2010_08_MIN_NE,NE,52,0.038461538461538464,0.5192307692307693,0.35529987103208155,0.014791673038759823,1420.0,10,27.307692307692307,2010
2010_08_PIT_NO,NO,63,0.0,0.7142857142857143,0.045370923942480844,-0.2300233296501842,1966.0,11,31.206349206349206,2010
2010_08_PIT_NO,PIT,51,0.0,0.6078431372549019,-0.2300233296501842,0.045370923942480844,1479.0,11,29.0,2010
2010_08_SEA_OAK,LV,67,0.04477611940298507,0.43283582089552236,0.27179231379253915,-0.395878099122075,2039.0,14,30.432835820895523,2010
2010_08_SEA_OAK,SEA,59,0.0,0.6779661016949152,-0.395878099122075,0.27179231379253915,1290.0,14,21.864406779661017,2010
2010_08_TB_ARI,ARI,63,0.0,0.6349206349206349,-0.09891646974342452,0.04375850359587448,1696.0,14,26.92063492063492,2010
2010_08_TB_ARI,TB,57,0.05263157894736842,0.47368421052631576,0.04375850359587448,-0.09891646974342452,1754.0,12,30.771929824561404,2010
2010_08_TEN_SD,LAC,70,0.0,0.5142857142857142,0.286404912892237,0.03763979573999332,2180.0,12,31.142857142857142,2010
2010_08_TEN_SD,TEN,56,0.0,0.6607142857142857,0.03763979573999332,0.286404912892237,1258.0,12,22.464285714285715,2010
2010_08_WAS_DET,DET,73,0.0410958904109589,0.6575342465753424,-0.16738674542319748,-0.3827099429169974,1810.0,16,24.794520547945204,2010
2010_08_WAS_DET,WAS,64,0.015625,0.703125,-0.3827099429169974,-0.16738674542319748,1531.0,18,23.921875,2010
2010_09_ARI_MIN,ARI,54,0.0,0.6111111111111112,-0.07022466125061318,0.14635033851011967,1541.0,12,28.537037037037038,2010
2010_09_ARI_MIN,MIN,69,0.0,0.7246376811594203,0.14635033851011967,-0.07022466125061318,2162.0,14,31.333333333333332,2010
2010_09_CHI_BUF,BUF,71,0.028169014084507043,0.7323943661971831,-0.02686926788671555,0.05015800492796005,1670.0,10,23.52112676056338,2010
2010_09_CHI_BUF,CHI,61,0.0,0.5245901639344263,0.05015800492796005,-0.02686926788671555,1796.0,11,29.442622950819672,2010
2010_09_DAL_GB,DAL,47,0.1702127659574468,0.7021276595744681,-0.37585523156685086,0.2642887332223252,1229.0,11,26.148936170212767,2010
2010_09_DAL_GB,GB,70,0.0,0.5142857142857142,0.2642887332223252,-0.37585523156685086,2221.0,10,31.728571428571428,2010
2010_09_IND_PHI,IND,72,0.4444444444444444,0.7361111111111112,0.07803115001871412,0.21680353595498078,1603.0,11,22.26388888888889,2010
2010_09_IND_PHI,PHI,62,0.0,0.5161290322580645,0.21680353595498078,0.07803115001871412,1853.0,12,29.887096774193548,2010
2010_09_KC_OAK,KC,72,0.013888888888888888,0.5277777777777778,-0.1726633985737927,-0.25446061879552917,1830.0,17,25.416666666666668,2010
2010_09_KC_OAK,LV,62,0.03225806451612903,0.5967741935483871,-0.25446061879552917,-0.1726633985737927,1651.0,16,26.629032258064516,2010
2010_09_MIA_BAL,BAL,69,0.07246376811594203,0.463768115942029,0.1560046076503071,-0.1457251239843395,2221.0,10,32.18840579710145,2010
2010_09_MIA_BAL,MIA,53,0.03773584905660377,0.6792452830188679,-0.1457251239843395,0.1560046076503071,1225.0,9,23.11320754716981,2010
2010_09_NE_CLE,CLE,63,0.0,0.30158730158730157,0.24356160071424968,-0.06649724885154203,2221.0,11,35.25396825396825,2010
2010_09_NE_CLE,NE,58,0.3103448275862069,0.6724137931034483,-0.06649724885154203,0.24356160071424968,1235.0,11,21.29310344827586,2010
2010_09_NO_CAR,CAR,64,0.03125,0.625,-0.42521356150517403,-0.03391095369397815,1419.0,13,22.171875,2010
2010_09_NO_CAR,NO,75,0.04,0.5733333333333334,-0.03391095369397815,-0.42521356150517403,2002.0,12,26.69333333333333,2010
2010_09_NYG_SEA,NYG,75,0.013333333333333334,0.4266666666666667,0.23312810768613987,-0.48701064173033415,2517.0,11,33.56,2010
2010_09_NYG_SEA,SEA,37,0.0,0.6216216216216216,-0.48701064173033415,0.23312810768613987,919.0,11,24.83783783783784,2010
2010_09_NYJ_DET,DET,67,0.029850746268656716,0.582089552238806,-0.03926961198194017,0.007232033186207436,1869.0,13,27.895522388059703,2010
2010_09_NYJ_DET,NYJ,69,0.15942028985507245,0.5652173913043478,0.007232033186207436,-0.03926961198194017,1673.0,14,24.246376811594203,2010
2010_09_PIT_CIN,CIN,58,0.0,0.6896551724137931,-0.0825070917354727,-0.005852108756879438,1583.0,14,27.29310344827586,2010
2010_09_PIT_CIN,PIT,57,0.0,0.47368421052631576,-0.005852108756879438,-0.0825070917354727,1830.0,14,32.10526315789474,2010
2010_09_SD_HOU,HOU,67,0.0,0.4925373134328358,-0.0012836851715732186,0.33080761410144255,1969.0,10,29.388059701492537,2010
2010_09_SD_HOU,LAC,47,0.0,0.5106382978723404,0.33080761410144255,-0.0012836851715732186,1472.0,11,31.319148936170212,2010
2010_09_TB_ATL,ATL,68,0.0,0.5294117647058824,0.2200495754103987,-0.022933720587221526,1964.0,10,28.88235294117647,2010
2010_09_TB_ATL,TB,50,0.0,0.46,-0.022933720587221526,0.2200495754103987,1511.0,9,30.22,2010
2010_10_BAL_ATL,ATL,75,0.0,0.6933333333333334,0.13135906798620017,0.1813170117537545,2056.0,10,27.413333333333334,2010
2010_10_BAL_ATL,BAL,56,0.0,0.6428571428571429,0.1813170117537545,0.13135906798620017,1431.0,11,25.553571428571427,2010
2010_10_CAR_TB,CAR,62,0.016129032258064516,0.5,-0.1572119173496694,0.3431288144925484,1642.0,12,26.483870967741936,2010
2010_10_CAR_TB,TB,54,0.0,0.46296296296296297,0.3431288144925484,-0.1572119173496694,1814.0,11,33.592592592592595,2010
2010_10_CIN_IND,CIN,65,0.046153846153846156,0.6923076923076923,-0.24946375129817988,-0.05066564218396863,1960.0,13,30.153846153846153,2010
2010_10_CIN_IND,IND,60,0.0,0.6333333333333333,-0.05066564218396863,-0.24946375129817988,1468.0,12,24.466666666666665,2010
2010_10_DAL_NYG,DAL,48,0.0,0.4791666666666667,0.2175955340996928,-0.1249130609232699,1231.0,12,25.645833333333332,2010
2010_10_DAL_NYG,NYG,75,0.10666666666666667,0.6266666666666667,-0.1249130609232699,0.2175955340996928,2174.0,12,28.986666666666668,2010
2010_10_DET_BUF,BUF,57,0.0,0.43859649122807015,-0.14462615593816283,-0.06051884300202186,1552.0,13,27.228070175438596,2010
2010_10_DET_BUF,DET,78,0.07692307692307693,0.6666666666666666,-0.06051884300202186,-0.14462615593816283,1832.0,13,23.487179487179485,2010
2010_10_HOU_JAX,HOU,52,0.038461538461538464,0.5961538461538461,0.2573118531793469,0.35102870644816037,1409.0,10,27.096153846153847,2010
2010_10_HOU_JAX,JAX,69,0.028985507246376812,0.4782608695652174,0.35102870644816037,0.2573118531793469,2091.0,10,30.304347826086957,2010
2010_10_KC_DEN,DEN,64,0.0,0.53125,0.38270513649247545,0.028175911785070184,1634.0,11,25.53125,2010
2010_10_KC_DEN,KC,81,0.0,0.7283950617283951,0.028175911785070184,0.38270513649247545,1841.0,13,22.728395061728396,2010
2010_10_MIN_CHI,CHI,72,0.0,0.5,-0.02513992097383001,-0.3212404576752422,1977.0,13,27.458333333333332,2010
2010_10_MIN_CHI,MIN,52,0.09615384615384616,0.5769230769230769,-0.3212404576752422,-0.02513992097383001,1432.0,13,27.53846153846154,2010
2010_10_NE_PIT,NE,66,0.07575757575757576,0.6363636363636364,0.302951647476974,0.1460672610837002,1834.0,11,27.78787878787879,2010
2010_10_NE_PIT,PIT,70,0.22857142857142856,0.7428571428571429,0.1460672610837002,0.302951647476974,1617.0,13,23.1,2010
2010_10_NYJ_CLE,CLE,58,0.06896551724137931,0.5862068965517241,-0.05440181883996356,0.12979774564607865,1572.0,12,27.103448275862068,2010
2010_10_NYJ_CLE,NYJ,91,0.01098901098901099,0.5054945054945055,0.12979774564607865,-0.05440181883996356,2738.0,13,30.087912087912088,2010
2010_10_PHI_WAS,PHI,66,0.0,0.4393939393939394,0.5366650563313844,-0.06602586288627565,2225.0,13,33.71212121212121,2010
2010_10_PHI_WAS,WAS,51,0.0,0.6470588235294118,-0.06602586288627565,0.5366650563313844,1208.0,14,23.686274509803923,2010
2010_10_SEA_ARI,ARI,65,0.15384615384615385,0.7846153846153846,-0.14879077795950332,0.12979240518004936,1409.0,13,21.676923076923078,2010
2010_10_SEA_ARI,SEA,69,0.0,0.6086956521739131,0.12979240518004936,-0.14879077795950332,1975.0,14,28.6231884057971,2010
2010_10_STL_SF,LA,69,0.028985507246376812,0.6521739130434783,-0.06603286360562474,0.0410982652550362,1994.0,14,28.89855072463768,2010
2010_10_STL_SF,SF,59,0.0,0.559322033898305,0.0410982652550362,-0.06603286360562474,1707.0,14,28.93220338983051,2010
2010_10_TEN_MIA,MIA,68,0.0,0.5588235294117647,0.06865214250371435,-0.14606901557770474,1888.0,12,27.764705882352942,2010
2010_10_TEN_MIA,TEN,64,0.03125,0.609375,-0.14606901557770474,0.06865214250371435,1513.0,12,23.640625,2010
2010_11_ARI_KC,ARI,67,0.13432835820895522,0.7014925373134329,0.056470336482162715,0.25035684483913123,1868.0,11,27.880597014925375,2010
2010_11_ARI_KC,KC,53,0.0,0.4528301886792453,0.25035684483913123,0.056470336482162715,1600.0,11,30.18867924528302,2010
2010_11_ATL_STL,ATL,71,0.0,0.5633802816901409,0.1388629419164138,-0.09824382503101634,2093.0,11,29.47887323943662,2010
2010_11_ATL_STL,LA,54,0.0,0.7777777777777778,-0.09824382503101634,0.1388629419164138,1310.0,12,24.25925925925926,2010
2010_11_BAL_CAR,BAL,67,0.05970149253731343,0.5373134328358209,-0.03857542668162748,-0.40772218261594834,1991.0,12,29.71641791044776,2010
2010_11_BAL_CAR,CAR,53,0.03773584905660377,0.5849056603773585,-0.40772218261594834,-0.03857542668162748,1395.0,15,26.32075471698113,2010
2010_11_BUF_CIN,BUF,60,0.0,0.5833333333333334,0.2515587668549531,-0.020766277900825907,1646.0,10,27.433333333333334,2010
2010_11_BUF_CIN,CIN,68,0.0,0.5588235294117647,-0.020766277900825907,0.2515587668549531,1854.0,11,27.264705882352942,2010
2010_11_CHI_MIA,CHI,67,0.0,0.417910447761194,-0.05344041445724652,-0.410084249520475,2203.0,10,32.88059701492537,2010
2010_11_CHI_MIA,MIA,48,0.16666666666666666,0.7291666666666666,-0.410084249520475,-0.05344041445724652,1233.0,10,25.6875,2010
2010_11_CLE_JAX,CLE,57,0.07017543859649122,0.5614035087719298,-0.09777977249918114,-0.15711742806222162,1611.0,12,28.263157894736842,2010
2010_11_CLE_JAX,JAX,66,0.0,0.5909090909090909,-0.15711742806222162,-0.09777977249918114,1787.0,13,27.075757575757574,2010
2010_11_DEN_SD,DEN,58,0.0,0.7413793103448276,-0.16844496775065132,0.2656908067829138,1448.0,12,24.96551724137931,2010
2010_11_DEN_SD,LAC,65,0.0,0.4153846153846154,0.2656908067829138,-0.16844496775065132,1956.0,13,30.092307692307692,2010
2010_11_DET_DAL,DAL,55,0.0,0.4727272727272727,0.20113497639719863,0.01998771524489874,1729.0,11,31.436363636363637,2010
2010_11_DET_DAL,DET,68,0.058823529411764705,0.7058823529411765,0.01998771524489874,0.20113497639719863,1706.0,12,25.08823529411765,2010
2010_11_GB_MIN,GB,65,0.0,0.5384615384615384,0.12051396451154803,-0.2569506062251393,1944.0,11,29.907692307692308,2010
2010_11_GB_MIN,MIN,56,0.0,0.6785714285714286,-0.2569506062251393,0.12051396451154803,1489.0,12,26.589285714285715,2010
2010_11_HOU_NYJ,HOU,60,0.03333333333333333,0.5666666666666667,-0.008213681712328108,0.006347565116557712,1450.0,14,24.166666666666668,2010
2010_11_HOU_NYJ,NYJ,71,0.014084507042253521,0.5633802816901409,0.006347565116557712,-0.008213681712328108,1983.0,13,27.929577464788732,2010
2010_11_IND_NE,IND,72,0.5555555555555556,0.7222222222222222,0.2487018258268533,0.2976453100121281,1721.0,9,23.90277777777778,2010
2010_11_IND_NE,NE,57,0.017543859649122806,0.45614035087719296,0.2976453100121281,0.2487018258268533,1775.0,10,31.140350877192983,2010
2010_11_LV_PIT,LV,65,0.1076923076923077,0.7538461538461538,-0.5041256650762976,0.1435968017122048,1482.0,14,22.8,2010
2010_11_LV_PIT,PIT,64,0.03125,0.484375,0.1435968017122048,-0.5041256650762976,1898.0,13,29.65625,2010
2010_11_NYG_PHI,NYG,52,0.0,0.6346153846153846,-0.2257647128765388,0.0770386693641878,1438.0,12,27.653846153846153,2010
2010_11_NYG_PHI,PHI,67,0.0,0.6268656716417911,0.0770386693641878,-0.2257647128765388,1988.0,12,29.671641791044777,2010
2010_11_SEA_NO,NO,72,0.0,0.5972222222222222,0.31262957849606277,0.08010538079972414,1986.0,9,27.583333333333332,2010
2010_11_SEA_NO,SEA,60,0.0,0.7166666666666667,0.08010538079972414,0.31262957849606277,1458.0,10,24.3,2010
2010_11_TB_SF,SF,55,0.03636363636363636,0.6727272727272727,-0.5430060611239546,-0.010099008540906429,1324.0,11,24.072727272727274,2010
2010_11_TB_SF,TB,65,0.0,0.36923076923076925,-0.010099008540906429,-0.5430060611239546,2060.0,12,31.692307692307693,2010
2010_11_WAS_TEN,TEN,51,0.0,0.5098039215686274,0.004899624031445589,0.056803963313291926,1506.0,10,29.529411764705884,2010
2010_11_WAS_TEN,WAS,84,0.011904761904761904,0.6071428571428571,0.056803963313291926,0.004899624031445589,2329.0,12,27.726190476190474,2010
2010_12_CAR_CLE,CAR,56,0.017857142857142856,0.5178571428571429,0.02714753931921215,-0.14456348455207488,1644.0,11,29.357142857142858,2010
2010_12_CAR_CLE,CLE,69,0.42028985507246375,0.5362318840579711,-0.14456348455207488,0.02714753931921215,1791.0,12,25.956521739130434,2010
2010_12_CIN_NYJ,CIN,60,0.016666666666666666,0.6833333333333333,-0.27758082702226455,-0.06938075084688194,2366.0,14,39.43333333333333,2010
2010_12_CIN_NYJ,NYJ,64,0.03125,0.46875,-0.06938075084688194,-0.27758082702226455,1872.0,15,29.25,2010
2010_12_GB_ATL,ATL,57,0.0,0.5263157894736842,0.12219586634100181,0.20076966883446107,1858.0,8,32.59649122807018,2010
2010_12_GB_ATL,GB,58,0.0,0.6206896551724138,0.20076966883446107,0.12219586634100181,1653.0,9,28.5,2010
2010_12_JAX_NYG,JAX,73,0.0,0.5342465753424658,0.029017520392869846,0.22083752759630038,2060.0,9,28.21917808219178,2010
2010_12_JAX_NYG,NYG,49,0.0,0.4897959183673469,0.22083752759630038,0.029017520392869846,1331.0,10,27.163265306122447,2010
2010_12_KC_SEA,KC,78,0.0,0.41025641025641024,0.3126767578044781,-0.27918506243945984,2402.0,13,30.794871794871796,2010
2010_12_KC_SEA,SEA,48,0.041666666666666664,0.7916666666666666,-0.27918506243945984,0.3126767578044781,1021.0,13,21.270833333333332,2010
2010_12_MIA_OAK,LV,45,0.08888888888888889,0.7333333333333333,-0.35351889946000087,0.10419174815289177,1001.0,13,22.244444444444444,2010
2010_12_MIA_OAK,MIA,79,0.0,0.4177215189873418,0.10419174815289177,-0.35351889946000087,2407.0,13,30.468354430379748,2010
2010_12_MIN_WAS,MIN,60,0.016666666666666666,0.4166666666666667,0.08247723032959489,-0.18492549695365088,1815.0,11,30.25,2010
2010_12_MIN_WAS,WAS,52,0.0,0.75,-0.18492549695365088,0.08247723032959489,1500.0,11,28.846153846153847,2010
2010_12_NE_DET,DET,75,0.06666666666666667,0.64,0.031868781642047136,0.4815196454483567,1788.0,11,23.84,2010
2010_12_NE_DET,NE,51,0.0,0.5490196078431373,0.4815196454483567,0.031868781642047136,1660.0,11,32.549019607843135,2010
2010_12_NO_DAL,DAL,75,0.06666666666666667,0.5733333333333334,0.011445878604735267,0.17986247439192596,1995.0,12,26.6,2010
2010_12_NO_DAL,NO,59,0.05084745762711865,0.6949152542372882,0.17986247439192596,0.011445878604735267,1447.0,11,24.52542372881356,2010
2010_12_PHI_CHI,CHI,49,0.0,0.4897959183673469,0.308332859793795,-0.0038558094341018157,1594.0,11,32.53061224489796,2010
2010_12_PHI_CHI,PHI,69,0.057971014492753624,0.6811594202898551,-0.0038558094341018157,0.308332859793795,1849.0,11,26.797101449275363,2010
2010_12_PIT_BUF,BUF,63,0.0,0.7301587301587301,-0.08126544797822183,0.07899553565763007,1565.0,12,24.841269841269842,2010
2010_12_PIT_BUF,PIT,82,0.024390243902439025,0.45121951219512196,0.07899553565763007,-0.08126544797822183,2645.0,12,32.25609756097561,2010
2010_12_SD_IND,IND,62,0.08064516129032258,0.7903225806451613,-0.359365934508743,0.027159699149440532,1362.0,12,21.967741935483872,2010
2010_12_SD_IND,LAC,57,0.0,0.43859649122807015,0.027159699149440532,-0.359365934508743,2026.0,11,35.54385964912281,2010
2010_12_SF_ARI,ARI,46,0.13043478260869565,0.7608695652173914,-0.3409755399309389,0.1327489244029209,1163.0,11,25.282608695652176,2010
2010_12_SF_ARI,SF,70,0.0,0.34285714285714286,0.1327489244029209,-0.3409755399309389,2204.0,12,31.485714285714284,2010
2010_12_STL_DEN,DEN,63,0.0,0.7142857142857143,0.18293611478345184,0.2096625009126722,1448.0,15,22.984126984126984,2010
2010_12_STL_DEN,LA,73,0.0,0.5342465753424658,0.2096625009126722,0.18293611478345184,1959.0,14,26.835616438356166,2010
2010_12_TB_BAL,BAL,63,0.30158730158730157,0.6190476190476191,-0.03337505177171499,-0.057369485204627174,1725.0,12,27.38095238095238,2010
2010_12_TB_BAL,TB,59,0.13559322033898305,0.6271186440677966,-0.057369485204627174,-0.03337505177171499,1628.0,12,27.593220338983052,2010
2010_12_TEN_HOU,HOU,74,0.0,0.5,0.055875656762431516,-0.4307980814004119,2278.0,11,30.783783783783782,2010
2010_12_TEN_HOU,TEN,44,0.0,0.7272727272727273,-0.4307980814004119,0.055875656762431516,1118.0,10,25.40909090909091,2010
2010_13_ATL_TB,ATL,60,0.0,0.6,0.024720395285100838,0.08430358430790509,1558.0,13,25.966666666666665,2010
2010_13_ATL_TB,TB,66,0.0,0.5606060606060606,0.08430358430790509,0.024720395285100838,1829.0,12,27.71212121212121,2010
2010_13_BUF_MIN,BUF,49,0.0,0.5306122448979592,-0.48006544209475793,-0.03700052601167688,1444.0,13,29.46938775510204,2010
2010_13_BUF_MIN,MIN,64,0.0,0.375,-0.03700052601167688,-0.48006544209475793,1955.0,14,30.546875,2010
2010_13_CAR_SEA,CAR,67,0.1044776119402985,0.5522388059701493,-0.17268976515696274,0.10133599230280602,1712.0,12,25.55223880597015,2010
2010_13_CAR_SEA,SEA,63,0.0,0.5238095238095238,0.10133599230280602,-0.17268976515696274,1678.0,11,26.634920634920636,2010
2010_13_CHI_DET,CHI,55,0.01818181818181818,0.5454545454545454,0.1291928175863974,0.04137939875649823,1883.0,10,34.236363636363635,2010
2010_13_CHI_DET,DET,53,0.018867924528301886,0.49056603773584906,0.04137939875649823,0.1291928175863974,1540.0,9,29.056603773584907,2010
2010_13_CLE_MIA,CLE,54,0.3888888888888889,0.6666666666666666,-0.12001809387016811,-0.21016200177028208,1652.0,14,30.59259259259259,2010
2010_13_CLE_MIA,MIA,65,0.03076923076923077,0.5076923076923077,-0.21016200177028208,-0.12001809387016811,1721.0,13,26.476923076923075,2010
2010_13_DAL_IND,DAL,73,0.0273972602739726,0.3835616438356164,0.11216425188370328,0.061309558324842445,2320.0,11,31.78082191780822,2010
2010_13_DAL_IND,IND,64,0.125,0.75,0.061309558324842445,0.11216425188370328,1553.0,12,24.265625,2010
2010_13_DEN_KC,DEN,55,0.0,0.5818181818181818,-0.23303518838259987,-0.0454385777569189,1281.0,12,23.29090909090909,2010
2010_13_DEN_KC,KC,70,0.0,0.44285714285714284,-0.0454385777569189,-0.23303518838259987,2136.0,11,30.514285714285716,2010
2010_13_HOU_PHI,HOU,64,0.03125,0.59375,0.09807556088705166,0.32289439810207254,1632.0,11,25.5,2010
2010_13_HOU_PHI,PHI,63,0.0,0.5396825396825397,0.32289439810207254,0.09807556088705166,1872.0,10,29.714285714285715,2010
2010_13_JAX_TEN,JAX,70,0.0,0.2857142857142857,0.12697225482658778,-0.27893077107875514,2308.0,9,32.97142857142857,2010
2010_13_JAX_TEN,TEN,47,0.0851063829787234,0.7021276595744681,-0.27893077107875514,0.12697225482658778,1147.0,8,24.404255319148938,2010
2010_13_LV_SD,LAC,51,0.0,0.8431372549019608,-0.088732870852601,0.21325788348901242,1238.0,9,24.274509803921568,2010
2010_13_LV_SD,LV,68,0.0,0.23529411764705882,0.21325788348901242,-0.088732870852601,2215.0,11,32.5735294117647,2010
2010_13_NO_CIN,CIN,63,0.0,0.5873015873015873,0.07005779368063879,0.26752853238787844,1898.0,11,30.126984126984127,2010
2010_13_NO_CIN,NO,53,0.0,0.5849056603773585,0.26752853238787844,0.07005779368063879,1591.0,10,30.0188679245283,2010
2010_13_NYJ_NE,NE,58,0.0,0.5517241379310345,0.4448045224282704,-0.2046203382326381,1827.0,10,31.5,2010
2010_13_NYJ_NE,NYJ,65,0.23076923076923078,0.5230769230769231,-0.2046203382326381,0.4448045224282704,1633.0,11,25.123076923076923,2010
2010_13_PIT_BAL,BAL,56,0.08928571428571429,0.6607142857142857,-0.15375640824351752,-0.06077090499484575,1469.0,11,26.232142857142858,2010
2010_13_PIT_BAL,PIT,64,0.078125,0.640625,-0.06077090499484575,-0.15375640824351752,1936.0,12,30.25,2010
2010_13_SF_GB,GB,65,0.015384615384615385,0.5076923076923077,0.2816525838942397,-0.1075558082202462,2152.0,11,33.10769230769231,2010
2010_13_SF_GB,SF,51,0.0196078431372549,0.5686274509803921,-0.1075558082202462,0.2816525838942397,1282.0,11,25.137254901960784,2010
2010_13_STL_ARI,ARI,51,0.0,0.6274509803921569,-0.28593096852284794,-0.1486140092434499,1471.0,11,28.84313725490196,2010
2010_13_STL_ARI,LA,66,0.12121212121212122,0.45454545454545453,-0.1486140092434499,-0.28593096852284794,1920.0,11,29.09090909090909,2010
2010_13_WAS_NYG,NYG,60,0.0,0.4166666666666667,0.05449747998576263,-0.3385854758273238,1955.0,14,32.583333333333336,2010
2010_13_WAS_NYG,WAS,64,0.09375,0.75,-0.3385854758273238,0.05449747998576263,1388.0,14,21.6875,2010
2010_14_ATL_CAR,ATL,73,0.0273972602739726,0.5068493150684932,0.0659631021318187,-0.26808458067939794,2013.0,13,27.575342465753426,2010
2010_14_ATL_CAR,CAR,58,0.08620689655172414,0.5172413793103449,-0.26808458067939794,0.0659631021318187,1393.0,13,24.017241379310345,2010
2010_14_BAL_HOU,BAL,62,0.0,0.6129032258064516,-0.012949535790090802,0.11199296625075708,1778.0,13,28.677419354838708,2010
2010_14_BAL_HOU,HOU,86,0.0,0.7441860465116279,0.11199296625075708,-0.012949535790090802,1835.0,12,21.337209302325583,2010
2010_14_CIN_PIT,CIN,48,0.08333333333333333,0.7291666666666666,-0.40794355208375116,0.11986704455955789,1431.0,10,29.8125,2010
2010_14_CIN_PIT,PIT,63,0.047619047619047616,0.5714285714285714,0.11986704455955789,-0.40794355208375116,2025.0,8,32.142857142857146,2010
2010_14_CLE_BUF,BUF,67,0.0,0.373134328358209,-0.09721553521713158,-0.44371953162769756,2105.0,10,31.417910447761194,2010
2010_14_CLE_BUF,CLE,46,0.06521739130434782,0.45652173913043476,-0.44371953162769756,-0.09721553521713158,1337.0,10,29.065217391304348,2010
2010_14_DEN_ARI,ARI,72,0.013888888888888888,0.5277777777777778,-0.11115923176685606,-0.5575828514327932,1735.0,16,24.09722222222222,2010
2010_14_DEN_ARI,DEN,72,0.05555555555555555,0.5694444444444444,-0.5575828514327932,-0.11115923176685606,1622.0,17,22.52777777777778,2010
2010_14_GB_DET,DET,65,0.046153846153846156,0.36923076923076925,-0.16299815460983305,-0.3044272506330378,1733.0,14,26.661538461538463,2010
2010_14_GB_DET,GB,60,0.03333333333333333,0.6666666666666666,-0.3044272506330378,-0.16299815460983305,1628.0,13,27.133333333333333,2010
2010_14_IND_TEN,IND,68,0.35294117647058826,0.5294117647058824,0.1887155624991122,0.12894871791957577,1898.0,10,27.91176470588235,2010
2010_14_IND_TEN,TEN,63,0.06349206349206349,0.6031746031746031,0.12894871791957577,0.1887155624991122,1592.0,10,25.26984126984127,2010
2010_14_KC_SD,KC,41,0.0,0.5853658536585366,-0.4979099295066251,0.261083797092455,1082.0,10,26.390243902439025,2010
2010_14_KC_SD,LAC,69,0.0,0.37681159420289856,0.261083797092455,-0.4979099295066251,2370.0,9,34.34782608695652,2010
2010_14_LV_JAX,JAX,56,0.0,0.4107142857142857,0.21059999355532483,0.18206898841620614,1736.0,13,31.0,2010
2010_14_LV_JAX,LV,61,0.01639344262295082,0.5901639344262295,0.18206898841620614,0.21059999355532483,1718.0,14,28.16393442622951,2010
2010_14_MIA_NYJ,MIA,54,0.0,0.4444444444444444,-0.6303444151293709,-0.35028778954555084,1343.0,16,24.87037037037037,2010
2010_14_MIA_NYJ,NYJ,80,0.05,0.6125,-0.35028778954555084,-0.6303444151293709,1921.0,15,24.0125,2010
2010_14_NE_CHI,CHI,42,0.07142857142857142,0.6666666666666666,-0.5112483731739353,0.2304842238367174,1116.0,10,26.571428571428573,2010
2010_14_NE_CHI,NE,75,0.04,0.5733333333333334,0.2304842238367174,-0.5112483731739353,2291.0,10,30.546666666666667,2010
2010_14_NYG_MIN,MIN,61,0.04918032786885246,0.639344262295082,-0.35482681277571676,-0.01496679376557739,1533.0,14,25.131147540983605,2010
2010_14_NYG_MIN,NYG,65,0.03076923076923077,0.5692307692307692,-0.01496679376557739,-0.35482681277571676,1854.0,13,28.523076923076925,2010
2010_14_PHI_DAL,DAL,60,0.016666666666666666,0.6,0.016020553687762666,0.1273962886707585,1849.0,12,30.816666666666666,2010
2010_14_PHI_DAL,PHI,52,0.0,0.5384615384615384,0.1273962886707585,0.016020553687762666,1575.0,13,30.28846153846154,2010
2010_14_SEA_SF,SEA,65,0.0,0.6615384615384615,-0.3444007802489102,0.08270333365405545,1664.0,13,25.6,2010
2010_14_SEA_SF,SF,54,0.0,0.5370370370370371,0.08270333365405545,-0.3444007802489102,1753.0,13,32.46296296296296,2010
2010_14_STL_NO,LA,58,0.0,0.5862068965517241,-0.2567284608087058,0.0747772747100696,1481.0,12,25.53448275862069,2010
2010_14_STL_NO,NO,70,0.0,0.5857142857142857,0.0747772747100696,-0.2567284608087058,1922.0,11,27.457142857142856,2010
2010_14_TB_WAS,TB,51,0.0,0.5098039215686274,-0.029726971571634477,0.15290561658605487,1622.0,12,31.80392156862745,2010
2010_14_TB_WAS,WAS,65,0.0,0.5692307692307692,0.15290561658605487,-0.029726971571634477,1810.0,11,27.846153846153847,2010
2010_15_ARI_CAR,ARI,54,0.12962962962962962,0.6666666666666666,-0.30131247908486763,-0.14000049412645216,1280.0,11,23.703703703703702,2010
2010_15_ARI_CAR,CAR,64,0.0,0.328125,-0.14000049412645216,-0.30131247908486763,2109.0,13,32.953125,2010
2010_15_ATL_SEA,ATL,70,0.04285714285714286,0.5142857142857142,0.04942013627829539,-0.15756088634791102,2029.0,11,28.985714285714284,2010
2010_15_ATL_SEA,SEA,56,0.07142857142857142,0.6428571428571429,-0.15756088634791102,0.04942013627829539,1368.0,12,24.428571428571427,2010
2010_15_BUF_MIA,BUF,55,0.0,0.509090909090909,-0.01858360033858923,0.04919305944797403,1647.0,10,29.945454545454545,2010
2010_15_BUF_MIA,MIA,66,0.045454545454545456,0.7121212121212122,0.04919305944797403,-0.01858360033858923,1819.0,11,27.560606060606062,2010
2010_15_CHI_MIN,CHI,57,0.0,0.43859649122807015,-0.06539872701403707,-0.49673172046196307,1786.0,13,31.333333333333332,2010
2010_15_CHI_MIN,MIN,61,0.0,0.6065573770491803,-0.49673172046196307,-0.06539872701403707,1612.0,14,26.42622950819672,2010
2010_15_CLE_CIN,CIN,64,0.0,0.359375,0.16319263564688505,0.11888395153259058,2213.0,9,34.578125,2010
2010_15_CLE_CIN,CLE,43,0.0,0.6744186046511628,0.11888395153259058,0.16319263564688505,1274.0,8,29.627906976744185,2010
2010_15_DEN_OAK,DEN,51,0.0196078431372549,0.35294117647058826,-0.1663620832479724,0.05807082003627482,1453.0,14,28.49019607843137,2010
2010_15_DEN_OAK,LV,64,0.0,0.40625,0.05807082003627482,-0.1663620832479724,1924.0,15,30.0625,2010
2010_15_DET_TB,DET,65,0.015384615384615385,0.5692307692307692,0.23812750585284753,0.2046796383177945,1925.0,9,29.615384615384617,2010
2010_15_DET_TB,TB,64,0.0,0.5625,0.2046796383177945,0.23812750585284753,1877.0,8,29.328125,2010
2010_15_GB_NE,GB,80,0.0125,0.525,-0.01597264603403008,0.11923288559739062,2373.0,12,29.6625,2010
2010_15_GB_NE,NE,43,0.11627906976744186,0.627906976744186,0.11923288559739062,-0.01597264603403008,1095.0,10,25.46511627906977,2010
2010_15_HOU_TEN,HOU,75,0.05333333333333334,0.7733333333333333,-0.08226940619369968,0.1930096034349109,1873.0,10,24.973333333333333,2010
2010_15_HOU_TEN,TEN,55,0.0,0.4909090909090909,0.1930096034349109,-0.08226940619369968,1567.0,12,28.490909090909092,2010
2010_15_JAX_IND,IND,64,0.046875,0.625,0.16940252359042685,-0.054802930861786656,1705.0,12,26.640625,2010
2010_15_JAX_IND,JAX,60,0.016666666666666666,0.6333333333333333,-0.054802930861786656,0.16940252359042685,1736.0,11,28.933333333333334,2010
2010_15_KC_STL,KC,70,0.0,0.44285714285714284,-0.010721437653966577,-0.14391869947030086,1782.0,14,25.457142857142856,2010
2010_15_KC_STL,LA,65,0.0,0.6923076923076923,-0.14391869947030086,-0.010721437653966577,1570.0,14,24.153846153846153,2010
2010_15_NO_BAL,BAL,62,0.04838709677419355,0.3709677419354839,0.1329931064539324,-0.02444616312087333,1810.0,12,29.193548387096776,2010
2010_15_NO_BAL,NO,62,0.08064516129032258,0.7741935483870968,-0.02444616312087333,0.1329931064539324,1621.0,12,26.14516129032258,2010
2010_15_NYJ_PIT,NYJ,57,0.017543859649122806,0.5263157894736842,0.06212063163074339,0.19575360894661026,1681.0,9,29.49122807017544,2010
2010_15_NYJ_PIT,PIT,69,0.2318840579710145,0.6376811594202898,0.19575360894661026,0.06212063163074339,1771.0,9,25.666666666666668,2010
2010_15_PHI_NYG,NYG,72,0.013888888888888888,0.5694444444444444,0.0037917537309121885,-0.0019539332536751457,1904.0,15,26.444444444444443,2010
2010_15_PHI_NYG,PHI,58,0.08620689655172414,0.6551724137931034,-0.0019539332536751457,0.0037917537309121885,1463.0,15,25.224137931034484,2010
2010_15_SF_SD,LAC,67,0.0,0.3880597014925373,0.2315074426310966,-0.3506700642414047,2149.0,11,32.07462686567164,2010
2010_15_SF_SD,SF,50,0.0,0.7,-0.3506700642414047,0.2315074426310966,1282.0,10,25.64,2010
2010_15_WAS_DAL,DAL,70,0.014285714285714285,0.5571428571428572,0.1772897646100369,0.1463171660346137,2071.0,11,29.585714285714285,2010
2010_15_WAS_DAL,WAS,63,0.0,0.7777777777777778,0.1463171660346137,0.1772897646100369,1418.0,12,22.50793650793651,2010
2010_16_BAL_CLE,BAL,57,0.0,0.3508771929824561,0.011109182045266838,-0.193955467191801,1854.0,10,32.526315789473685,2010
2010_16_BAL_CLE,CLE,56,0.07142857142857142,0.5357142857142857,-0.193955467191801,0.011109182045266838,1607.0,10,28.696428571428573,2010
2010_16_CAR_PIT,CAR,49,0.0,0.5510204081632653,-0.4311704507305741,-0.044738125261517624,1373.0,12,28.020408163265305,2010
2010_16_CAR_PIT,PIT,64,0.015625,0.53125,-0.044738125261517624,-0.4311704507305741,2018.0,13,31.53125,2010
2010_16_DAL_ARI,ARI,46,0.021739130434782608,0.5434782608695652,-0.12086874842037867,-0.14217056981294904,1222.0,11,26.565217391304348,2010
2010_16_DAL_ARI,DAL,76,0.013157894736842105,0.5526315789473685,-0.14217056981294904,-0.12086874842037867,2198.0,13,28.92105263157895,2010
2010_16_DET_MIA,DET,49,0.061224489795918366,0.5714285714285714,0.09610042543766943,0.05734523581202931,1260.0,12,25.714285714285715,2010
2010_16_DET_MIA,MIA,83,0.08433734939759036,0.5542168674698795,0.05734523581202931,0.09610042543766943,2146.0,12,25.85542168674699,2010
2010_16_HOU_DEN,DEN,60,0.0,0.5,0.19125916574440993,0.15222780998257682,1800.0,11,30.0,2010
2010_16_HOU_DEN,HOU,55,0.0,0.6,0.15222780998257682,0.19125916574440993,1620.0,10,29.454545454545453,2010
2010_16_IND_OAK,IND,67,0.2537313432835821,0.44776119402985076,0.02090886508271006,-0.196105720901989,1714.0,14,25.582089552238806,2010
2010_16_IND_OAK,LV,64,0.078125,0.6875,-0.196105720901989,0.02090886508271006,1727.0,14,26.984375,2010
2010_16_MIN_PHI,MIN,59,0.0,0.4745762711864407,0.02346565472668378,-0.14645793634994939,1760.0,10,29.83050847457627,2010
2010_16_MIN_PHI,PHI,70,0.02857142857142857,0.6857142857142857,-0.14645793634994939,0.02346565472668378,1692.0,12,24.17142857142857,2010
2010_16_NE_BUF,BUF,59,0.0,0.6440677966101694,-0.39226579631930886,0.1163086730917895,1555.0,12,26.35593220338983,2010
2010_16_NE_BUF,NE,66,0.0,0.42424242424242425,0.1163086730917895,-0.39226579631930886,1855.0,13,28.106060606060606,2010
2010_16_NO_ATL,ATL,51,0.0,0.5882352941176471,-0.2787267942446217,-0.12813688450751212,1296.0,12,25.41176470588235,2010
2010_16_NO_ATL,NO,72,0.0,0.6944444444444444,-0.12813688450751212,-0.2787267942446217,2079.0,13,28.875,2010
2010_16_NYG_GB,GB,74,0.0,0.527027027027027,0.2802486615964046,-0.22152641793990158,2137.0,14,28.87837837837838,2010
2010_16_NYG_GB,NYG,55,0.12727272727272726,0.6181818181818182,-0.22152641793990158,0.2802486615964046,1259.0,14,22.89090909090909,2010
2010_16_NYJ_CHI,CHI,52,0.0,0.5192307692307693,0.10498110081133565,0.04041558646738413,1475.0,14,28.365384615384617,2010
2010_16_NYJ_CHI,NYJ,68,0.0,0.5588235294117647,0.04041558646738413,0.10498110081133565,1958.0,12,28.794117647058822,2010
2010_16_SD_CIN,CIN,58,0.0,0.3620689655172414,0.1876448956483662,-0.1887415116600854,1721.0,12,29.67241379310345,2010
2010_16_SD_CIN,LAC,63,0.0,0.6507936507936508,-0.1887415116600854,0.1876448956483662,1733.0,12,27.50793650793651,2010
2010_16_SEA_TB,SEA,53,0.0,0.49056603773584906,-0.11115122704417155,0.3737076032101393,1603.0,11,30.245283018867923,2010
2010_16_SEA_TB,TB,56,0.0,0.5357142857142857,0.3737076032101393,-0.11115122704417155,1843.0,10,32.910714285714285,2010
2010_16_SF_STL,LA,66,0.0,0.5757575757575758,-0.06468561909427777,-0.13435977093619159,1835.0,14,27.803030303030305,2010
2010_16_SF_STL,SF,56,0.0,0.625,-0.13435977093619159,-0.06468561909427777,1501.0,13,26.803571428571427,2010
2010_16_TEN_KC,KC,77,0.012987012987012988,0.4805194805194805,0.056918091522559895,-0.4050158238653002,2264.0,13,29.4025974025974,2010
2010_16_TEN_KC,TEN,55,0.01818181818181818,0.7272727272727273,-0.4050158238653002,0.056918091522559895,1116.0,16,20.29090909090909,2010
2010_16_WAS_JAX,JAX,65,0.0,0.6461538461538462,-0.09093738921463568,-0.1390522519843686,1833.0,15,28.2,2010
2010_16_WAS_JAX,WAS,63,0.0,0.6190476190476191,-0.1390522519843686,-0.09093738921463568,1689.0,14,26.80952380952381,2010
2010_17_ARI_SF,ARI,81,0.0,0.7283950617283951,-0.45046516445601614,0.09514056953711324,1852.0,14,22.864197530864196,2010
2010_17_ARI_SF,SF,55,0.0,0.5636363636363636,0.09514056953711324,-0.45046516445601614,1507.0,14,27.4,2010
2010_17_BUF_NYJ,BUF,47,0.0,0.6170212765957447,-0.7689316690996424,0.06531139313679069,1308.0,13,27.829787234042552,2010
2010_17_BUF_NYJ,NYJ,65,0.015384615384615385,0.24615384615384617,0.06531139313679069,-0.7689316690996424,2029.0,13,31.215384615384615,2010
2010_17_CAR_ATL,ATL,70,0.0,0.5571428571428572,-0.017940019414244075,-0.16976090666316923,2045.0,12,29.214285714285715,2010
2010_17_CAR_ATL,CAR,54,0.0,0.6481481481481481,-0.16976090666316923,-0.017940019414244075,1326.0,13,24.555555555555557,2010
2010_17_CHI_GB,CHI,65,0.046153846153846156,0.6923076923076923,-0.30446936217566534,-0.258561010404479,1704.0,13,26.215384615384615,2010
2010_17_CHI_GB,GB,52,0.019230769230769232,0.5769230769230769,-0.258561010404479,-0.30446936217566534,1645.0,13,31.634615384615383,2010
2010_17_CIN_BAL,BAL,48,0.0625,0.4791666666666667,-0.398370237356019,-0.24058606245078398,1390.0,14,28.958333333333332,2010
2010_17_CIN_BAL,CIN,75,0.0,0.5866666666666667,-0.24058606245078398,-0.398370237356019,1969.0,13,26.253333333333334,2010
2010_17_DAL_PHI,DAL,60,0.0,0.45,-0.052807556850406515,-0.27765460140684406,1635.0,12,27.25,2010
2010_17_DAL_PHI,PHI,69,0.0,0.6086956521739131,-0.27765460140684406,-0.052807556850406515,1737.0,14,25.17391304347826,2010
2010_17_JAX_HOU,HOU,58,0.0,0.3793103448275862,0.37658979080987826,0.01766519070801182,1672.0,11,28.82758620689655,2010
2010_17_JAX_HOU,JAX,62,0.0,0.43548387096774194,0.01766519070801182,0.37658979080987826,1773.0,10,28.596774193548388,2010
2010_17_LV_KC,KC,71,0.16901408450704225,0.5915492957746479,-0.3945112319192583,0.06663540431007696,1491.0,13,21.0,2010
2010_17_LV_KC,LV,65,0.046153846153846156,0.4461538461538462,0.06663540431007696,-0.3945112319192583,1904.0,12,29.29230769230769,2010
2010_17_MIA_NE,MIA,58,0.017241379310344827,0.7241379310344828,-0.28802774362378125,0.18158457721103924,1319.0,12,22.74137931034483,2010
2010_17_MIA_NE,NE,73,0.0136986301369863,0.3972602739726027,0.18158457721103924,-0.28802774362378125,2109.0,11,28.89041095890411,2010
2010_17_MIN_DET,DET,67,0.05970149253731343,0.5970149253731343,-0.07857994730008659,-0.18110819885651505,1793.0,10,26.761194029850746,2010
2010_17_MIN_DET,MIN,59,0.13559322033898305,0.5932203389830508,-0.18110819885651505,-0.07857994730008659,1649.0,10,27.949152542372882,2010
2010_17_NYG_WAS,NYG,58,0.0,0.5,-0.08824741194902108,-0.23127121391094294,1796.0,14,30.96551724137931,2010
2010_17_NYG_WAS,WAS,66,0.015151515151515152,0.696969696969697,-0.23127121391094294,-0.08824741194902108,1573.0,13,23.833333333333332,2010
2010_17_PIT_CLE,CLE,65,0.1076923076923077,0.7384615384615385,-0.18407048182100483,0.3961108918756444,1519.0,10,23.369230769230768,2010
2010_17_PIT_CLE,PIT,62,0.016129032258064516,0.5161290322580645,0.3961108918756444,-0.18407048182100483,1969.0,9,31.758064516129032,2010
2010_17_SD_DEN,DEN,66,0.0,0.5757575757575758,-0.07257121408355006,0.06309564822160743,1423.0,15,21.560606060606062,2010
2010_17_SD_DEN,LAC,72,0.0,0.5694444444444444,0.06309564822160743,-0.07257121408355006,1990.0,15,27.63888888888889,2010
2010_17_STL_SEA,LA,54,0.05555555555555555,0.7222222222222222,-0.3722231681486714,-0.10763648667005372,1410.0,13,26.11111111111111,2010
2010_17_STL_SEA,SEA,69,0.0,0.5217391304347826,-0.10763648667005372,-0.3722231681486714,1949.0,14,28.246376811594203,2010
2010_17_TB_NO,NO,66,0.0,0.6666666666666666,-0.0571421490085631,0.08015672973320918,1802.0,9,27.303030303030305,2010
2010_17_TB_NO,TB,52,0.0,0.5769230769230769,0.08015672973320918,-0.0571421490085631,1651.0,10,31.75,2010
2010_17_TEN_IND,IND,67,0.1044776119402985,0.6268656716417911,0.04131426812055586,0.0327667350869929,1646.0,11,24.567164179104477,2010
2010_17_TEN_IND,TEN,64,0.0,0.625,0.0327667350869929,0.04131426812055586,1818.0,11,28.40625,2010
2011_01_ATL_CHI,ATL,65,0.3076923076923077,0.7846153846153846,-0.26677776971205447,-0.050002713794448254,1485.0,14,22.846153846153847,2011
2011_01_ATL_CHI,CHI,64,0.0,0.578125,-0.050002713794448254,-0.26677776971205447,1900.0,12,29.6875,2011
2011_01_BUF_KC,BUF,65,0.0,0.4153846153846154,0.17463753356309253,-0.4070422131855226,2154.0,14,33.13846153846154,2011
2011_01_BUF_KC,KC,56,0.48214285714285715,0.6785714285714286,-0.4070422131855226,0.17463753356309253,1243.0,14,22.196428571428573,2011
2011_01_CAR_ARI,ARI,52,0.0,0.5576923076923077,0.12923172152392023,0.13879079321789609,1534.0,12,29.5,2011
2011_01_CAR_ARI,CAR,68,0.0,0.6029411764705882,0.13879079321789609,0.12923172152392023,1873.0,12,27.544117647058822,2011
2011_01_CIN_CLE,CIN,62,0.0,0.5,0.017098628418697245,-0.14323366226045028,1709.0,14,27.56451612903226,2011
2011_01_CIN_CLE,CLE,66,0.030303030303030304,0.6212121212121212,-0.14323366226045028,0.017098628418697245,1660.0,15,25.151515151515152,2011
2011_01_DAL_NYJ,DAL,65,0.0,0.6153846153846154,0.0542311395551432,-0.030441938676386178,1907.0,14,29.338461538461537,2011
2011_01_DAL_NYJ,NYJ,64,0.125,0.75,-0.030441938676386178,0.0542311395551432,1448.0,12,22.625,2011
2011_01_DET_TB,DET,67,0.0,0.47761194029850745,0.17230743067349286,-0.06590220532641848,2113.0,11,31.53731343283582,2011
2011_01_DET_TB,TB,62,0.0,0.7419354838709677,-0.06590220532641848,0.17230743067349286,1310.0,11,21.129032258064516,2011
2011_01_IND_HOU,HOU,63,0.0,0.3968253968253968,0.013414438222946228,-0.23599782003235995,2109.0,11,33.476190476190474,2011
2011_01_IND_HOU,IND,49,0.0,0.673469387755102,-0.23599782003235995,0.013414438222946228,1266.0,12,25.836734693877553,2011
2011_01_LV_DEN,DEN,63,0.0,0.7936507936507936,-0.12150880659352582,-0.04431512485792856,1574.0,11,24.984126984126984,2011
2011_01_LV_DEN,LV,60,0.0,0.38333333333333336,-0.04431512485792856,-0.12150880659352582,1818.0,13,30.3,2011
2011_01_MIN_SD,LAC,77,0.0,0.6493506493506493,0.029910518930547313,-0.18394078968139765,2143.0,11,27.83116883116883,2011
2011_01_MIN_SD,MIN,43,0.0,0.3953488372093023,-0.18394078968139765,0.029910518930547313,1287.0,11,29.930232558139537,2011
2011_01_NE_MIA,MIA,72,0.18055555555555555,0.7361111111111112,0.20179471929346357,0.3266735927944382,1810.0,13,25.13888888888889,2011
2011_01_NE_MIA,NE,71,0.38028169014084506,0.6901408450704225,0.3266735927944382,0.20179471929346357,1648.0,12,23.211267605633804,2011
2011_01_NO_GB,GB,63,0.031746031746031744,0.5873015873015873,0.3730258079499111,0.2005047398290819,1900.0,11,30.158730158730158,2011
2011_01_NO_GB,NO,72,0.1111111111111111,0.7083333333333334,0.2005047398290819,0.3730258079499111,1583.0,11,21.98611111111111,2011
2011_01_NYG_WAS,NYG,55,0.09090909090909091,0.6363636363636364,-0.10092676928822361,0.04500360400934112,1500.0,13,27.272727272727273,2011
2011_01_NYG_WAS,WAS,63,0.0,0.6031746031746031,0.04500360400934112,-0.10092676928822361,1873.0,11,29.73015873015873,2011
2011_01_PHI_STL,LA,67,0.0,0.6119402985074627,-0.1608191064211218,0.1965199531397802,1712.0,12,25.55223880597015,2011
2011_01_PHI_STL,PHI,63,0.0,0.5396825396825397,0.1965199531397802,-0.1608191064211218,1730.0,10,27.46031746031746,2011
2011_01_PIT_BAL,BAL,62,0.016129032258064516,0.4838709677419355,0.2059450276888769,-0.3660831727269464,1840.0,13,29.677419354838708,2011
2011_01_PIT_BAL,PIT,61,0.13114754098360656,0.7377049180327869,-0.3660831727269464,0.2059450276888769,1543.0,13,25.295081967213115,2011
2011_01_SEA_SF,SEA,64,0.03125,0.65625,-0.20947815942062092,-0.2896225395500725,1602.0,13,25.03125,2011
2011_01_SEA_SF,SF,50,0.02,0.4,-0.2896225395500725,-0.20947815942062092,1770.0,12,35.4,2011
2011_01_TEN_JAX,JAX,72,0.0,0.3611111111111111,0.03261925082874972,0.003793653428563489,2285.0,11,31.73611111111111,2011
2011_01_TEN_JAX,TEN,48,0.041666666666666664,0.7291666666666666,0.003793653428563489,0.03261925082874972,1149.0,11,23.9375,2011
2011_02_ARI_WAS,ARI,47,0.0,0.6808510638297872,0.1443656447689701,0.039158677223145935,1222.0,11,26.0,2011
2011_02_ARI_WAS,WAS,75,0.0,0.5866666666666667,0.039158677223145935,0.1443656447689701,2245.0,13,29.933333333333334,2011
2011_02_BAL_TEN,BAL,52,0.0,0.6730769230769231,-0.30653331201874234,0.09015375729513879,1339.0,12,25.75,2011
2011_02_BAL_TEN,TEN,71,0.0,0.5915492957746479,0.09015375729513879,-0.30653331201874234,2092.0,11,29.464788732394368,2011
2011_02_CHI_NO,CHI,62,0.0,0.8064516129032258,-0.27376063011397567,0.06251424206368292,1333.0,13,21.5,2011
2011_02_CHI_NO,NO,67,0.0,0.5671641791044776,0.06251424206368292,-0.27376063011397567,2086.0,13,31.134328358208954,2011
2011_02_CIN_DEN,CIN,63,0.0,0.6984126984126984,-0.011900077538539068,-0.0009379385345053774,1705.0,13,27.063492063492063,2011
2011_02_CIN_DEN,DEN,62,0.0,0.43548387096774194,-0.0009379385345053774,-0.011900077538539068,1697.0,13,27.370967741935484,2011
2011_02_CLE_IND,CLE,66,0.0,0.5,-0.008069073876193381,-0.1217786892414193,1992.0,12,30.181818181818183,2011
2011_02_CLE_IND,IND,63,0.5873015873015873,0.6031746031746031,-0.1217786892414193,-0.008069073876193381,1425.0,12,22.61904761904762,2011
2011_02_DAL_SF,DAL,66,0.015151515151515152,0.6666666666666666,0.08242089150560196,-0.151774403220028,1858.0,12,28.151515151515152,2011
2011_02_DAL_SF,SF,54,0.018518518518518517,0.5555555555555556,-0.151774403220028,0.08242089150560196,1739.0,12,32.2037037037037,2011
2011_02_GB_CAR,CAR,71,0.0,0.704225352112676,0.001333464504543487,0.2817486510469534,1840.0,12,25.91549295774648,2011
2011_02_GB_CAR,GB,50,0.06,0.62,0.2817486510469534,0.001333464504543487,1563.0,13,31.26,2011
2011_02_HOU_MIA,HOU,67,0.0,0.47761194029850745,0.0458358141415595,-0.13564481941064527,1945.0,12,29.029850746268657,2011
2011_02_HOU_MIA,MIA,60,0.23333333333333334,0.5333333333333333,-0.13564481941064527,0.0458358141415595,1473.0,11,24.55,2011
2011_02_JAX_NYJ,JAX,53,0.0,0.49056603773584906,-0.5339629531084001,-0.017683080445412693,1437.0,14,27.11320754716981,2011
2011_02_JAX_NYJ,NYJ,57,0.0,0.43859649122807015,-0.017683080445412693,-0.5339629531084001,1891.0,13,33.175438596491226,2011
2011_02_KC_DET,DET,70,0.07142857142857142,0.5714285714285714,0.26352000010170423,-0.4356584610283842,1871.0,14,26.728571428571428,2011
2011_02_KC_DET,KC,54,0.09259259259259259,0.46296296296296297,-0.4356584610283842,0.26352000010170423,1508.0,14,27.925925925925927,2011
2011_02_LV_BUF,BUF,70,0.05714285714285714,0.6428571428571429,0.310689779775589,0.3512892773688679,1810.0,10,25.857142857142858,2011
2011_02_LV_BUF,LV,63,0.0,0.5238095238095238,0.3512892773688679,0.310689779775589,1717.0,10,27.253968253968253,2011
2011_02_PHI_ATL,ATL,58,0.0,0.5517241379310345,0.07851888123134723,-0.02654906701091963,1716.0,14,29.586206896551722,2011
2011_02_PHI_ATL,PHI,67,0.0,0.5522388059701493,-0.02654906701091963,0.07851888123134723,1714.0,15,25.582089552238806,2011
2011_02_SD_NE,LAC,65,0.07692307692307693,0.6307692307692307,0.17379089614848475,0.39762592301861927,1816.0,9,27.93846153846154,2011
2011_02_SD_NE,NE,67,0.208955223880597,0.6268656716417911,0.39762592301861927,0.17379089614848475,1702.0,10,25.402985074626866,2011
2011_02_SEA_PIT,PIT,65,0.0,0.5076923076923077,0.16792682387134275,-0.3210731342417101,2158.0,10,33.2,2011
2011_02_SEA_PIT,SEA,47,0.2127659574468085,0.723404255319149,-0.3210731342417101,0.16792682387134275,1166.0,10,24.80851063829787,2011
2011_02_STL_NYG,LA,66,0.16666666666666666,0.7272727272727273,-0.1043778378786056,-0.07323843043208493,1435.0,13,21.742424242424242,2011
2011_02_STL_NYG,NYG,67,0.1044776119402985,0.47761194029850745,-0.07323843043208493,-0.1043778378786056,1927.0,13,28.761194029850746,2011
2011_02_TB_MIN,MIN,65,0.0,0.49230769230769234,0.20654304966450573,0.14213061766418317,1945.0,10,29.923076923076923,2011
2011_02_TB_MIN,TB,52,0.0,0.6346153846153846,0.14213061766418317,0.20654304966450573,1538.0,11,29.576923076923077,2011
2011_03_ARI_SEA,ARI,68,0.14705882352941177,0.5882352941176471,-0.09324529029292955,-0.14298720944494622,1819.0,12,26.75,2011
2011_03_ARI_SEA,SEA,65,0.12307692307692308,0.5384615384615384,-0.14298720944494622,-0.09324529029292955,1604.0,12,24.676923076923078,2011
2011_03_ATL_TB,ATL,65,0.046153846153846156,0.7692307692307693,-0.16580486759501323,-0.12041189985739785,1382.0,10,21.26153846153846,2011
2011_03_ATL_TB,TB,64,0.0,0.5,-0.12041189985739785,-0.16580486759501323,2058.0,11,32.15625,2011
2011_03_BAL_STL,BAL,74,0.0,0.6756756756756757,0.22949059171315156,-0.3428034859391859,1792.0,13,24.216216216216218,2011
2011_03_BAL_STL,LA,63,0.0,0.5873015873015873,-0.3428034859391859,0.22949059171315156,1622.0,12,25.746031746031747,2011
2011_03_DEN_TEN,DEN,63,0.031746031746031744,0.6349206349206349,-0.15329589134448096,0.09936653590019683,1668.0,10,26.476190476190474,2011
2011_03_DEN_TEN,TEN,59,0.0,0.6440677966101694,0.09936653590019683,-0.15329589134448096,1738.0,11,29.45762711864407,2011
2011_03_DET_MIN,DET,69,0.0,0.7391304347826086,0.0374738977910764,-0.04011496776055333,1948.0,14,28.231884057971016,2011
2011_03_DET_MIN,MIN,63,0.0,0.6349206349206349,-0.04011496776055333,0.0374738977910764,1586.0,13,25.174603174603174,2011
2011_03_GB_CHI,CHI,52,0.11538461538461539,0.7692307692307693,-0.27508634040065494,-0.06361922233577516,1240.0,14,23.846153846153847,2011
2011_03_GB_CHI,GB,69,0.028985507246376812,0.5797101449275363,-0.06361922233577516,-0.27508634040065494,2143.0,14,31.057971014492754,2011
2011_03_HOU_NO,HOU,66,0.0,0.6212121212121212,0.16502860067672964,0.2441378736026109,1722.0,12,26.09090909090909,2011
2011_03_HOU_NO,NO,68,0.0,0.7058823529411765,0.2441378736026109,0.16502860067672964,1715.0,12,25.220588235294116,2011
2011_03_JAX_CAR,CAR,63,0.0,0.5555555555555556,-0.05552194075113138,-0.16988530931652676,1703.0,11,27.03174603174603,2011
2011_03_JAX_CAR,JAX,57,0.017543859649122806,0.40350877192982454,-0.16988530931652676,-0.05552194075113138,1743.0,12,30.57894736842105,2011
2011_03_KC_SD,KC,52,0.0,0.4807692307692308,-0.002951001359120844,0.11351243557707111,1422.0,10,27.346153846153847,2011
2011_03_KC_SD,LAC,69,0.0,0.5652173913043478,0.11351243557707111,-0.002951001359120844,1990.0,10,28.840579710144926,2011
2011_03_MIA_CLE,CLE,56,0.05357142857142857,0.6964285714285714,-0.021566246497372505,0.015055600773407118,1244.0,12,22.214285714285715,2011
2011_03_MIA_CLE,MIA,72,0.013888888888888888,0.4722222222222222,0.015055600773407118,-0.021566246497372505,2204.0,10,30.61111111111111,2011
2011_03_NE_BUF,BUF,59,0.0,0.6779661016949152,0.12119365733715509,0.16617826911932443,1646.0,12,27.89830508474576,2011
2011_03_NE_BUF,NE,70,0.17142857142857143,0.6285714285714286,0.16617826911932443,0.12119365733715509,1803.0,13,25.757142857142856,2011
2011_03_NYG_PHI,NYG,49,0.0,0.5306122448979592,0.223146442054695,-0.022016117743709804,1307.0,10,26.6734693877551,2011
2011_03_NYG_PHI,PHI,72,0.041666666666666664,0.4444444444444444,-0.022016117743709804,0.223146442054695,2155.0,10,29.930555555555557,2011
2011_03_NYJ_OAK,LV,58,0.08620689655172414,0.46551724137931033,0.1116830647621099,-0.006966373923436254,1458.0,14,25.137931034482758,2011
2011_03_NYJ_OAK,NYJ,72,0.08333333333333333,0.6527777777777778,-0.006966373923436254,0.1116830647621099,1922.0,13,26.694444444444443,2011
2011_03_PIT_IND,IND,62,0.2903225806451613,0.6612903225806451,-0.19559273325488363,-0.028391877926001136,1469.0,12,23.693548387096776,2011
2011_03_PIT_IND,PIT,66,0.015151515151515152,0.5909090909090909,-0.028391877926001136,-0.19559273325488363,1946.0,12,29.484848484848484,2011
2011_03_SF_CIN,CIN,53,0.0,0.6226415094339622,-0.3574795054908393,-0.17215191011850714,1367.0,13,25.79245283018868,2011
2011_03_SF_CIN,SF,64,0.0,0.546875,-0.17215191011850714,-0.3574795054908393,2029.0,12,31.703125,2011
2011_03_WAS_DAL,DAL,62,0.016129032258064516,0.5967741935483871,-0.09252044933695061,-0.13745732436829544,1789.0,12,28.85483870967742,2011
2011_03_WAS_DAL,WAS,61,0.08196721311475409,0.639344262295082,-0.13745732436829544,-0.09252044933695061,1629.0,12,26.704918032786885,2011
2011_04_ATL_SEA,ATL,77,0.15584415584415584,0.5454545454545454,0.1909240563564484,0.2117337533839132,2350.0,11,30.51948051948052,2011
2011_04_ATL_SEA,SEA,52,0.23076923076923078,0.7115384615384616,0.2117337533839132,0.1909240563564484,1118.0,11,21.5,2011
2011_04_BUF_CIN,BUF,56,0.0,0.625,-0.062209931287018926,-0.044587114344828586,1620.0,11,28.928571428571427,2011
2011_04_BUF_CIN,CIN,70,0.0,0.5428571428571428,-0.044587114344828586,-0.062209931287018926,1815.0,13,25.928571428571427,2011
2011_04_CAR_CHI,CAR,72,0.027777777777777776,0.6388888888888888,0.1810497592121438,0.08285826967482218,1942.0,12,26.97222222222222,2011
2011_04_CAR_CHI,CHI,49,0.0,0.3673469387755102,0.08285826967482218,0.1810497592121438,1526.0,11,31.142857142857142,2011
2011_04_DEN_GB,DEN,56,0.0,0.5892857142857143,-0.07663201030949729,0.3250434000942186,1527.0,12,27.267857142857142,2011
2011_04_DEN_GB,GB,67,0.13432835820895522,0.6119402985074627,0.3250434000942186,-0.07663201030949729,1915.0,11,28.582089552238806,2011
2011_04_DET_DAL,DAL,74,0.06756756756756757,0.6351351351351351,-0.16961704693841614,-0.062253182131417964,2071.0,14,27.986486486486488,2011
2011_04_DET_DAL,DET,59,0.1016949152542373,0.7288135593220338,-0.062253182131417964,-0.16961704693841614,1319.0,12,22.35593220338983,2011
2011_04_IND_TB,IND,52,0.038461538461538464,0.6538461538461539,-0.024097307075798175,0.2288771670088253,1192.0,11,22.923076923076923,2011
2011_04_IND_TB,TB,75,0.02666666666666667,0.5333333333333333,0.2288771670088253,-0.024097307075798175,2244.0,12,29.92,2011
2011_04_MIA_SD,LAC,61,0.0,0.5409836065573771,0.20021174322417637,-0.027827553313389316,1914.0,10,31.37704918032787,2011
2011_04_MIA_SD,MIA,54,0.0,0.5925925925925926,-0.027827553313389316,0.20021174322417637,1528.0,10,28.296296296296298,2011
2011_04_MIN_KC,KC,59,0.03389830508474576,0.5423728813559322,0.11224479503595443,0.038768155116852415,1585.0,10,26.864406779661017,2011
2011_04_MIN_KC,MIN,62,0.0,0.5161290322580645,0.038768155116852415,0.11224479503595443,1864.0,9,30.06451612903226,2011
2011_04_NE_OAK,LV,67,0.04477611940298507,0.5970149253731343,0.11108128286421041,0.28517258516218014,1939.0,10,28.940298507462686,2011
2011_04_NE_OAK,NE,60,0.08333333333333333,0.5166666666666667,0.28517258516218014,0.11108128286421041,1523.0,10,25.383333333333333,2011
2011_04_NO_JAX,JAX,62,0.04838709677419355,0.7258064516129032,-0.2490940456815629,0.09010212852813748,1298.0,11,20.93548387096774,2011
2011_04_NO_JAX,NO,80,0.0,0.5875,0.09010212852813748,-0.2490940456815629,2160.0,12,27.0,2011
2011_04_NYG_ARI,ARI,68,0.058823529411764705,0.5441176470588235,0.11988909583849254,0.09723929441200889,1851.0,13,27.220588235294116,2011
2011_04_NYG_ARI,NYG,62,0.06451612903225806,0.6612903225806451,0.09723929441200889,0.11988909583849254,1559.0,13,25.14516129032258,2011
2011_04_NYJ_BAL,BAL,69,0.0,0.463768115942029,-0.2423245780633079,-0.8568474475541772,2080.0,14,30.144927536231883,2011
2011_04_NYJ_BAL,NYJ,56,0.08928571428571429,0.6607142857142857,-0.8568474475541772,-0.2423245780633079,1195.0,16,21.339285714285715,2011
2011_04_PIT_HOU,HOU,55,0.0,0.38181818181818183,0.1923278952805489,-0.060656134649509794,1832.0,9,33.30909090909091,2011
2011_04_PIT_HOU,PIT,56,0.0,0.6071428571428571,-0.060656134649509794,0.1923278952805489,1626.0,9,29.035714285714285,2011
2011_04_SF_PHI,PHI,68,0.014705882352941176,0.7058823529411765,0.09277601664086346,0.22178678165953655,1791.0,12,26.33823529411765,2011
2011_04_SF_PHI,SF,60,0.0,0.6,0.22178678165953655,0.09277601664086346,1636.0,13,27.266666666666666,2011
2011_04_TEN_CLE,CLE,85,0.15294117647058825,0.7411764705882353,-0.17830174066164492,0.11011998664100417,2113.0,13,24.858823529411765,2011
2011_04_TEN_CLE,TEN,50,0.0,0.42,0.11011998664100417,-0.17830174066164492,1325.0,11,26.5,2011
2011_04_WAS_STL,LA,67,0.0,0.746268656716418,-0.29532516676951676,-0.07245387301889034,1370.0,13,20.44776119402985,2011
2011_04_WAS_STL,WAS,66,0.0,0.42424242424242425,-0.07245387301889034,-0.29532516676951676,1967.0,13,29.803030303030305,2011
2011_05_ARI_MIN,ARI,76,0.0,0.6842105263157895,-0.33104452789202543,0.016570734898744024,1746.0,13,22.973684210526315,2011
2011_05_ARI_MIN,MIN,57,0.0,0.38596491228070173,0.016570734898744024,-0.33104452789202543,1601.0,14,28.087719298245613,2011
2011_05_CHI_DET,CHI,65,0.07692307692307693,0.6307692307692307,0.02005056129136079,0.3336905289440746,2241.0,11,34.47692307692308,2011
2011_05_CHI_DET,DET,46,0.10869565217391304,0.5652173913043478,0.3336905289440746,0.02005056129136079,1197.0,10,26.02173913043478,2011
2011_05_CIN_JAX,CIN,66,0.045454545454545456,0.5303030303030303,-0.13024637382712023,-0.2740841358049004,1856.0,13,28.12121212121212,2011
2011_05_CIN_JAX,JAX,57,0.017543859649122806,0.543859649122807,-0.2740841358049004,-0.13024637382712023,1545.0,14,27.105263157894736,2011
2011_05_GB_ATL,ATL,54,0.0,0.6111111111111112,-0.021180320524167323,0.1547073614361513,1529.0,10,28.314814814814813,2011
2011_05_GB_ATL,GB,63,0.0,0.6984126984126984,0.1547073614361513,-0.021180320524167323,1890.0,10,30.0,2011
2011_05_KC_IND,IND,53,0.0,0.5094339622641509,0.17596832912094568,0.28380566257801054,1529.0,11,28.849056603773583,2011
2011_05_KC_IND,KC,66,0.015151515151515152,0.45454545454545453,0.28380566257801054,0.17596832912094568,1899.0,11,28.772727272727273,2011
2011_05_LV_HOU,HOU,78,0.0,0.6794871794871795,-0.024486857218724012,-0.2745837646171713,1976.0,15,25.333333333333332,2011
2011_05_LV_HOU,LV,62,0.0,0.6451612903225806,-0.2745837646171713,-0.024486857218724012,1448.0,15,23.35483870967742,2011
2011_05_NO_CAR,CAR,53,0.0,0.5849056603773585,0.36459591706935396,0.2650318123214077,1487.0,9,28.056603773584907,2011
2011_05_NO_CAR,NO,74,0.0,0.6216216216216216,0.2650318123214077,0.36459591706935396,2049.0,9,27.68918918918919,2011
2011_05_NYJ_NE,NE,72,0.2222222222222222,0.5138888888888888,0.097162245292297,0.07323635130322596,1978.0,11,27.47222222222222,2011
2011_05_NYJ_NE,NYJ,52,0.019230769230769232,0.5192307692307693,0.07323635130322596,0.097162245292297,1486.0,11,28.576923076923077,2011
2011_05_PHI_BUF,BUF,61,0.0,0.45901639344262296,0.08892396266679274,-0.05311047486686215,1921.0,11,31.491803278688526,2011
2011_05_PHI_BUF,PHI,59,0.0,0.6779661016949152,-0.05311047486686215,0.08892396266679274,1508.0,12,25.559322033898304,2011
2011_05_SD_DEN,DEN,46,0.0,0.5,-0.033983645652499415,-0.02462068879399572,1091.0,12,23.717391304347824,2011
2011_05_SD_DEN,LAC,76,0.0,0.4342105263157895,-0.02462068879399572,-0.033983645652499415,2335.0,12,30.723684210526315,2011
2011_05_SEA_NYG,NYG,68,0.04411764705882353,0.6176470588235294,-0.13228866835475753,-0.05597573028831528,1703.0,17,25.044117647058822,2011
2011_05_SEA_NYG,SEA,74,0.43243243243243246,0.6351351351351351,-0.05597573028831528,-0.13228866835475753,1589.0,17,21.472972972972972,2011
2011_05_TB_SF,SF,56,0.0,0.39285714285714285,0.3622184795069299,-0.2681674033240242,1762.0,11,31.464285714285715,2011
2011_05_TB_SF,TB,61,0.08196721311475409,0.6229508196721312,-0.2681674033240242,0.3622184795069299,1611.0,11,26.40983606557377,2011
2011_05_TEN_PIT,PIT,64,0.078125,0.5625,0.32754693504838595,-0.11673874489471257,1913.0,10,29.890625,2011
2011_05_TEN_PIT,TEN,69,0.2463768115942029,0.7391304347826086,-0.11673874489471257,0.32754693504838595,1577.0,11,22.855072463768117,2011
2011_06_BUF_NYG,BUF,55,0.01818181818181818,0.5818181818181818,0.1541559117708419,0.20448954425609878,1687.0,10,30.672727272727272,2011
2011_06_BUF_NYG,NYG,63,0.0,0.5079365079365079,0.20448954425609878,0.1541559117708419,1752.0,11,27.80952380952381,2011
2011_06_CAR_ATL,ATL,58,0.0,0.39655172413793105,0.2543577972568364,0.09867848344598647,1804.0,8,31.103448275862068,2011
2011_06_CAR_ATL,CAR,61,0.0,0.5901639344262295,0.09867848344598647,0.2543577972568364,1718.0,8,28.16393442622951,2011
2011_06_CLE_OAK,CLE,68,0.16176470588235295,0.6911764705882353,-0.10577436102621501,0.062251566045788374,1415.0,12,20.808823529411764,2011
2011_06_CLE_OAK,LV,65,0.07692307692307693,0.4,0.062251566045788374,-0.10577436102621501,1984.0,12,30.523076923076925,2011
2011_06_DAL_NE,DAL,67,0.1044776119402985,0.6417910447761194,-0.008666567007527076,-0.016683294835967123,1898.0,11,28.328358208955223,2011
2011_06_DAL_NE,NE,69,0.5362318840579711,0.6376811594202898,-0.016683294835967123,-0.008666567007527076,1546.0,12,22.405797101449274,2011
2011_06_HOU_BAL,BAL,63,0.015873015873015872,0.5555555555555556,0.13196645016202774,-0.11149045026826497,1833.0,12,29.095238095238095,2011
2011_06_HOU_BAL,HOU,66,0.015151515151515152,0.6212121212121212,-0.11149045026826497,0.13196645016202774,1603.0,12,24.28787878787879,2011
2011_06_IND_CIN,CIN,61,0.0,0.5245901639344263,0.09620287742491238,-0.2037715074934383,1919.0,11,31.459016393442624,2011
2011_06_IND_CIN,IND,58,0.0,0.603448275862069,-0.2037715074934383,0.09620287742491238,1494.0,11,25.75862068965517,2011
2011_06_JAX_PIT,JAX,60,0.03333333333333333,0.5,-0.16416112635796595,0.1706755197447503,1657.0,11,27.616666666666667,2011
2011_06_JAX_PIT,PIT,57,0.017543859649122806,0.45614035087719296,0.1706755197447503,-0.16416112635796595,1765.0,11,30.964912280701753,2011
2011_06_MIA_NYJ,MIA,63,0.047619047619047616,0.6031746031746031,-0.3548134628725858,-0.03280315205527871,1603.0,14,25.444444444444443,2011
2011_06_MIA_NYJ,NYJ,56,0.0,0.48214285714285715,-0.03280315205527871,-0.3548134628725858,1705.0,12,30.446428571428573,2011
2011_06_MIN_CHI,CHI,60,0.03333333333333333,0.5333333333333333,0.129434148489012,-0.16247316724505823,1769.0,12,29.483333333333334,2011
2011_06_MIN_CHI,MIN,64,0.0,0.734375,-0.16247316724505823,0.129434148489012,1669.0,12,26.078125,2011
2011_06_NO_TB,NO,65,0.03076923076923077,0.6923076923076923,-0.07016725697809742,0.14955607719375297,1617.0,12,24.876923076923077,2011
2011_06_NO_TB,TB,64,0.0,0.640625,0.14955607719375297,-0.07016725697809742,1793.0,13,28.015625,2011
2011_06_PHI_WAS,PHI,69,0.0,0.4927536231884058,0.0166109358091121,-0.1831575722446854,2146.0,12,31.10144927536232,2011
2011_06_PHI_WAS,WAS,52,0.0,0.7307692307692307,-0.1831575722446854,0.0166109358091121,1229.0,11,23.634615384615383,2011
2011_06_SF_DET,DET,72,0.375,0.75,-0.1588172065234599,-0.2011994675363471,1717.0,16,23.84722222222222,2011
2011_06_SF_DET,SF,63,0.015873015873015872,0.5396825396825397,-0.2011994675363471,-0.1588172065234599,1662.0,16,26.38095238095238,2011
2011_06_STL_GB,GB,58,0.1896551724137931,0.5,0.20499231208232327,-0.11867127455201541,1653.0,12,28.5,2011
2011_06_STL_GB,LA,72,0.5138888888888888,0.6527777777777778,-0.11867127455201541,0.20499231208232327,1767.0,11,24.541666666666668,2011
2011_07_ATL_DET,ATL,68,0.11764705882352941,0.5588235294117647,-0.11162408485817125,-0.14980270952180574,1978.0,14,29.08823529411765,2011
2011_07_ATL_DET,DET,55,0.01818181818181818,0.6363636363636364,-0.14980270952180574,-0.11162408485817125,1390.0,13,25.272727272727273,2011
2011_07_BAL_JAX,BAL,52,0.11538461538461539,0.7692307692307693,-0.3878747666392025,-0.3100994736524781,1299.0,13,24.98076923076923,2011
2011_07_BAL_JAX,JAX,63,0.0,0.38095238095238093,-0.3100994736524781,-0.3878747666392025,1985.0,14,31.50793650793651,2011
2011_07_CHI_TB,CHI,67,0.0,0.5074626865671642,-0.06152939964142547,-0.1737842289905555,1877.0,15,28.01492537313433,2011
2011_07_CHI_TB,TB,63,0.1111111111111111,0.8253968253968254,-0.1737842289905555,-0.06152939964142547,1474.0,15,23.396825396825395,2011
2011_07_DEN_MIA,DEN,74,0.14864864864864866,0.4594594594594595,-0.14864748519695767,-0.2611176535920359,1930.0,15,26.08108108108108,2011
2011_07_DEN_MIA,MIA,68,0.19117647058823528,0.5588235294117647,-0.2611176535920359,-0.14864748519695767,1840.0,16,27.058823529411764,2011
2011_07_GB_MIN,GB,58,0.0,0.5689655172413793,0.21708164534920424,0.13179796955215964,1842.0,11,31.75862068965517,2011
2011_07_GB_MIN,MIN,65,0.0,0.5230769230769231,0.13179796955215964,0.21708164534920424,1612.0,12,24.8,2011
2011_07_HOU_TEN,HOU,70,0.0,0.32857142857142857,0.3063753697346214,-0.4101365072324874,2230.0,10,31.857142857142858,2011
2011_07_HOU_TEN,TEN,48,0.10416666666666667,0.6875,-0.4101365072324874,0.3063753697346214,1203.0,11,25.0625,2011
2011_07_IND_NO,IND,45,0.0,0.4888888888888889,-0.3216549661187333,0.4832413008932068,1178.0,11,26.177777777777777,2011
2011_07_IND_NO,NO,75,0.0,0.49333333333333335,0.4832413008932068,-0.3216549661187333,2281.0,10,30.413333333333334,2011
2011_07_KC_OAK,KC,67,0.029850746268656716,0.44776119402985076,0.05900522569388748,-0.28698441300188715,1896.0,12,28.29850746268657,2011
2011_07_KC_OAK,LV,61,0.06557377049180328,0.5573770491803278,-0.28698441300188715,0.05900522569388748,1466.0,13,24.0327868852459,2011
2011_07_PIT_ARI,ARI,55,0.0,0.6545454545454545,0.15553214946995889,0.29794106523562236,1394.0,9,25.345454545454544,2011
2011_07_PIT_ARI,PIT,66,0.0,0.6060606060606061,0.29794106523562236,0.15553214946995889,2081.0,10,31.53030303030303,2011
2011_07_SD_NYJ,LAC,57,0.05263157894736842,0.5789473684210527,-0.16656079968880005,-0.0241095709711176,1542.0,10,27.05263157894737,2011
2011_07_SD_NYJ,NYJ,64,0.0,0.53125,-0.0241095709711176,-0.16656079968880005,1904.0,11,29.75,2011
2011_07_SEA_CLE,CLE,82,0.0,0.4878048780487805,-0.11747420596679686,-0.4974273190491792,2468.0,12,30.097560975609756,2011
2011_07_SEA_CLE,SEA,50,0.14,0.66,-0.4974273190491792,-0.11747420596679686,931.0,11,18.62,2011
2011_07_STL_DAL,DAL,59,0.05084745762711865,0.4406779661016949,0.28555658399670747,-0.31056366161421395,1929.0,11,32.69491525423729,2011
2011_07_STL_DAL,LA,54,0.0,0.6296296296296297,-0.31056366161421395,0.28555658399670747,1458.0,11,27.0,2011
2011_07_WAS_CAR,CAR,62,0.0,0.43548387096774194,0.29900191840728596,-0.008271240024589146,2054.0,11,33.12903225806452,2011
2011_07_WAS_CAR,WAS,61,0.03278688524590164,0.639344262295082,-0.008271240024589146,0.29900191840728596,1418.0,11,23.24590163934426,2011
2011_08_ARI_BAL,ARI,57,0.0,0.47368421052631576,-0.18641502592254483,-0.015122792539464525,1717.0,12,30.12280701754386,2011
2011_08_ARI_BAL,BAL,79,0.27848101265822783,0.6835443037974683,-0.015122792539464525,-0.18641502592254483,1703.0,13,21.556962025316455,2011
2011_08_CIN_SEA,CIN,57,0.0,0.5263157894736842,-0.08616293803798213,-0.21864906081429178,1795.0,11,31.49122807017544,2011
2011_08_CIN_SEA,SEA,72,0.3055555555555556,0.7222222222222222,-0.21864906081429178,-0.08616293803798213,1554.0,14,21.583333333333332,2011
2011_08_CLE_SF,CLE,61,0.14754098360655737,0.6229508196721312,-0.1107659293876869,0.06228089954404337,1540.0,11,25.24590163934426,2011
2011_08_CLE_SF,SF,64,0.0,0.390625,0.06228089954404337,-0.1107659293876869,1900.0,10,29.6875,2011
2011_08_DAL_PHI,DAL,49,0.061224489795918366,0.7959183673469388,-0.08879010148129163,0.4191199700613548,1004.0,9,20.489795918367346,2011
2011_08_DAL_PHI,PHI,70,0.0,0.45714285714285713,0.4191199700613548,-0.08879010148129163,2499.0,9,35.7,2011
2011_08_DET_DEN,DEN,76,0.0,0.6052631578947368,-0.4678047872689169,0.1863540308310441,1694.0,15,22.289473684210527,2011
2011_08_DET_DEN,DET,61,0.0,0.5573770491803278,0.1863540308310441,-0.4678047872689169,1652.0,13,27.081967213114755,2011
2011_08_IND_TEN,IND,77,0.45454545454545453,0.6623376623376623,-0.1188754277330523,-0.008319161255176866,1597.0,14,20.74025974025974,2011
2011_08_IND_TEN,TEN,64,0.0625,0.53125,-0.008319161255176866,-0.1188754277330523,1778.0,13,27.78125,2011
2011_08_JAX_HOU,HOU,70,0.0,0.44285714285714284,-0.08656651063172265,-0.29053295538406615,2014.0,13,28.771428571428572,2011
2011_08_JAX_HOU,JAX,57,0.0,0.5789473684210527,-0.29053295538406615,-0.08656651063172265,1361.0,14,23.87719298245614,2011
2011_08_MIA_NYG,MIA,52,0.038461538461538464,0.5192307692307693,-0.010289886016582744,0.154923622206056,1573.0,10,30.25,2011
2011_08_MIA_NYG,NYG,66,0.06060606060606061,0.696969696969697,0.154923622206056,-0.010289886016582744,1860.0,10,28.181818181818183,2011
2011_08_MIN_CAR,CAR,65,0.07692307692307693,0.5846153846153846,0.13597737366151727,0.10451152365273794,1562.0,11,24.03076923076923,2011
2011_08_MIN_CAR,MIN,64,0.0,0.5,0.10451152365273794,0.13597737366151727,1846.0,11,28.84375,2011
2011_08_NE_PIT,NE,50,0.14,0.76,-0.075187690051182,0.1341621558090731,1171.0,9,23.42,2011
2011_08_NE_PIT,PIT,77,0.03896103896103896,0.7142857142857143,0.1341621558090731,-0.075187690051182,2315.0,10,30.064935064935064,2011
2011_08_NO_STL,LA,71,0.0,0.5774647887323944,0.049762356500813586,-0.0045050904785335875,1802.0,13,25.380281690140844,2011
2011_08_NO_STL,NO,68,0.0,0.7205882352941176,-0.0045050904785335875,0.049762356500813586,1622.0,13,23.852941176470587,2011
2011_08_SD_KC,KC,66,0.0,0.5151515151515151,-0.13424097884898215,-0.07449235146617982,1827.0,14,27.681818181818183,2011
2011_08_SD_KC,LAC,71,0.014084507042253521,0.6338028169014085,-0.07449235146617982,-0.13424097884898215,2139.0,15,30.12676056338028,2011
2011_08_WAS_BUF,BUF,61,0.01639344262295082,0.47540983606557374,-0.0048163239334063895,-0.3865104744945307,1995.0,12,32.704918032786885,2011
2011_08_WAS_BUF,WAS,53,0.05660377358490566,0.7735849056603774,-0.3865104744945307,-0.0048163239334063895,1406.0,11,26.528301886792452,2011
2011_09_ATL_IND,ATL,66,0.0,0.3787878787878788,0.1401497314018662,-0.2939310579508369,2183.0,13,33.07575757575758,2011
2011_09_ATL_IND,IND,56,0.4107142857142857,0.625,-0.2939310579508369,0.1401497314018662,1186.0,12,21.178571428571427,2011
2011_09_BAL_PIT,BAL,77,0.1038961038961039,0.6493506493506493,0.06444753273430008,0.17673832221274163,1990.0,10,25.844155844155843,2011
2011_09_BAL_PIT,PIT,58,0.1896551724137931,0.6551724137931034,0.17673832221274163,0.06444753273430008,1520.0,9,26.20689655172414,2011
2011_09_CHI_PHI,CHI,66,0.0,0.48484848484848486,0.0473878920794778,-0.04535599935398118,1949.0,11,29.53030303030303,2011
2011_09_CHI_PHI,PHI,63,0.0,0.6349206349206349,-0.04535599935398118,0.0473878920794778,1518.0,10,24.095238095238095,2011
2011_09_CIN_TEN,CIN,69,0.014492753623188406,0.5797101449275363,0.09073424469852638,-0.07576139867720237,1900.0,12,27.536231884057973,2011
2011_09_CIN_TEN,TEN,63,0.06349206349206349,0.6825396825396826,-0.07576139867720237,0.09073424469852638,1528.0,12,24.253968253968253,2011
2011_09_CLE_HOU,CLE,47,0.0,0.5531914893617021,-0.22668532429125177,0.24117182938771994,1411.0,9,30.02127659574468,2011
2011_09_CLE_HOU,HOU,61,0.0,0.3770491803278688,0.24117182938771994,-0.22668532429125177,2030.0,10,33.278688524590166,2011
2011_09_DEN_OAK,DEN,61,0.0,0.39344262295081966,0.19948316006414063,0.0835342834740636,1818.0,13,29.80327868852459,2011
2011_09_DEN_OAK,LV,61,0.3442622950819672,0.6065573770491803,0.0835342834740636,0.19948316006414063,1598.0,14,26.19672131147541,2011
2011_09_GB_SD,GB,56,0.0,0.5357142857142857,0.30897958682652105,0.03292448854578058,1739.0,10,31.053571428571427,2011
2011_09_GB_SD,LAC,68,0.0,0.6911764705882353,0.03292448854578058,0.30897958682652105,1725.0,12,25.36764705882353,2011
2011_09_MIA_KC,KC,77,0.14285714285714285,0.5584415584415584,-0.16330418004117778,0.34879805719174045,1997.0,11,25.935064935064936,2011
2011_09_MIA_KC,MIA,43,0.0,0.5116279069767442,0.34879805719174045,-0.16330418004117778,1451.0,11,33.74418604651163,2011
2011_09_NYG_NE,NE,75,0.05333333333333334,0.68,-0.003022675915895637,-0.057829093071710316,1704.0,14,22.72,2011
2011_09_NYG_NE,NYG,67,0.014925373134328358,0.582089552238806,-0.057829093071710316,-0.003022675915895637,1734.0,14,25.880597014925375,2011
2011_09_NYJ_BUF,BUF,54,0.05555555555555555,0.5740740740740741,-0.19148683567470107,0.06946896710957244,1256.0,11,23.25925925925926,2011
2011_09_NYJ_BUF,NYJ,65,0.0,0.4461538461538462,0.06946896710957244,-0.19148683567470107,2172.0,12,33.41538461538462,2011
2011_09_SEA_DAL,DAL,59,0.03389830508474576,0.5254237288135594,0.16907355091926643,7.793192727031753e-05,1690.0,11,28.64406779661017,2011
2011_09_SEA_DAL,SEA,60,0.08333333333333333,0.5166666666666667,7.793192727031753e-05,0.16907355091926643,1742.0,11,29.033333333333335,2011
2011_09_SF_WAS,SF,56,0.0,0.4642857142857143,-0.06953970494901619,-0.24314204992945082,1818.0,13,32.464285714285715,2011
2011_09_SF_WAS,WAS,64,0.1875,0.765625,-0.24314204992945082,-0.06953970494901619,1508.0,12,23.5625,2011
2011_09_STL_ARI,ARI,54,0.1111111111111111,0.6851851851851852,-0.0010843115397838404,-0.03987305823318177,1346.0,11,24.925925925925927,2011
2011_09_STL_ARI,LA,74,0.06756756756756757,0.527027027027027,-0.03987305823318177,-0.0010843115397838404,2054.0,13,27.756756756756758,2011
2011_09_TB_NO,NO,63,0.0,0.5555555555555556,0.26606305950637515,-0.022122181740748908,1760.0,9,27.936507936507937,2011
2011_09_TB_NO,TB,58,0.0,0.6551724137931034,-0.022122181740748908,0.26606305950637515,1744.0,9,30.06896551724138,2011
2011_10_ARI_PHI,ARI,71,0.0,0.6197183098591549,-0.05896977500806793,-0.18526635184205703,1777.0,15,25.028169014084508,2011
2011_10_ARI_PHI,PHI,58,0.0,0.5862068965517241,-0.18526635184205703,-0.05896977500806793,1587.0,13,27.362068965517242,2011
2011_10_BAL_SEA,BAL,65,0.35384615384615387,0.8153846153846154,0.09173847818088746,-0.021758428341752754,1416.0,12,21.784615384615385,2011
2011_10_BAL_SEA,SEA,67,0.014925373134328358,0.417910447761194,-0.021758428341752754,0.09173847818088746,2004.0,13,29.91044776119403,2011
2011_10_BUF_DAL,BUF,49,0.02040816326530612,0.6530612244897959,-0.38490109737166994,0.3625519342598777,1382.0,10,28.20408163265306,2011
2011_10_BUF_DAL,DAL,58,0.017241379310344827,0.4482758620689655,0.3625519342598777,-0.38490109737166994,2016.0,10,34.758620689655174,2011
2011_10_DEN_KC,DEN,62,0.0,0.12903225806451613,0.06964078709741685,-0.15647324137862773,1932.0,12,31.161290322580644,2011
2011_10_DEN_KC,KC,61,0.11475409836065574,0.6065573770491803,-0.15647324137862773,0.06964078709741685,1462.0,12,23.9672131147541,2011
2011_10_DET_CHI,CHI,57,0.0,0.38596491228070173,-0.2879649278156924,-0.3349345415200286,1631.0,13,28.614035087719298,2011
2011_10_DET_CHI,DET,86,0.16279069767441862,0.7906976744186046,-0.3349345415200286,-0.2879649278156924,1715.0,16,19.941860465116278,2011
2011_10_HOU_TB,HOU,59,0.0,0.2711864406779661,0.25854281237103527,-0.47546040712166293,2010.0,13,34.067796610169495,2011
2011_10_HOU_TB,TB,57,0.0,0.6842105263157895,-0.47546040712166293,0.25854281237103527,1390.0,13,24.385964912280702,2011
2011_10_JAX_IND,IND,56,0.42857142857142855,0.6071428571428571,-0.34719830918065053,-0.060085130648918565,1345.0,12,24.017857142857142,2011
2011_10_JAX_IND,JAX,61,0.04918032786885246,0.3770491803278688,-0.060085130648918565,-0.34719830918065053,2010.0,12,32.950819672131146,2011
2011_10_LV_SD,LAC,67,0.0,0.7761194029850746,-0.1104987198474949,0.1740468133222277,1550.0,12,23.134328358208954,2011
2011_10_LV_SD,LV,62,0.0,0.3387096774193548,0.1740468133222277,-0.1104987198474949,1870.0,12,30.161290322580644,2011
2011_10_MIN_GB,GB,62,0.16129032258064516,0.5645161290322581,0.30193879689233133,-0.1577675470051105,1918.0,10,30.93548387096774,2011
2011_10_MIN_GB,MIN,59,0.0,0.6271186440677966,-0.1577675470051105,0.30193879689233133,1527.0,12,25.88135593220339,2011
2011_10_NE_NYJ,NE,65,0.18461538461538463,0.5846153846153846,0.12563517490988524,-0.15624472868737233,1667.0,13,25.646153846153847,2011
2011_10_NE_NYJ,NYJ,67,0.014925373134328358,0.6417910447761194,-0.15624472868737233,0.12563517490988524,1680.0,13,25.074626865671643,2011
2011_10_NO_ATL,ATL,82,0.0,0.6097560975609756,0.09643417594088799,0.05616091141689912,2113.0,13,25.76829268292683,2011
2011_10_NO_ATL,NO,59,0.0,0.7288135593220338,0.05616091141689912,0.09643417594088799,1734.0,12,29.389830508474578,2011
2011_10_NYG_SF,NYG,70,0.0,0.5857142857142857,0.060498668580238404,0.05048626840378384,1994.0,11,28.485714285714284,2011
2011_10_NYG_SF,SF,50,0.0,0.66,0.05048626840378384,0.060498668580238404,1436.0,11,28.72,2011
2011_10_PIT_CIN,CIN,56,0.0,0.5357142857142857,-0.08368563794710267,0.07411266258756868,1490.0,11,26.607142857142858,2011
2011_10_PIT_CIN,PIT,65,0.0,0.5846153846153846,0.07411266258756868,-0.08368563794710267,1930.0,11,29.692307692307693,2011
2011_10_STL_CLE,CLE,59,0.01694915254237288,0.4915254237288136,-0.021753640212065144,-0.11554435132573776,1877.0,10,31.8135593220339,2011
2011_10_STL_CLE,LA,55,0.07272727272727272,0.4727272727272727,-0.11554435132573776,-0.021753640212065144,1541.0,11,28.01818181818182,2011
2011_10_TEN_CAR,CAR,63,0.07936507936507936,0.6984126984126984,-0.27699522611891886,0.05767164589962805,1512.0,13,24.0,2011
2011_10_TEN_CAR,TEN,62,0.0,0.43548387096774194,0.05767164589962805,-0.27699522611891886,1898.0,11,30.612903225806452,2011
2011_10_WAS_MIA,MIA,64,0.0,0.484375,-0.061804764189287535,-0.25223430443504646,1953.0,10,30.515625,2011
2011_10_WAS_MIA,WAS,52,0.0,0.6730769230769231,-0.25223430443504646,-0.061804764189287535,1492.0,10,28.692307692307693,2011
2011_11_ARI_SF,ARI,48,0.10416666666666667,0.7708333333333334,-0.5093526050838791,0.010662734748623337,847.0,12,17.645833333333332,2011
2011_11_ARI_SF,SF,84,0.0,0.4523809523809524,0.010662734748623337,-0.5093526050838791,2544.0,13,30.285714285714285,2011
2011_11_BUF_MIA,BUF,63,0.015873015873015872,0.6984126984126984,-0.39874500264638096,0.016280027426769716,1568.0,14,24.88888888888889,2011
2011_11_BUF_MIA,MIA,56,0.0,0.375,0.016280027426769716,-0.39874500264638096,1777.0,12,31.732142857142858,2011
2011_11_CAR_DET,CAR,65,0.06153846153846154,0.6,-0.04835124107776759,0.3839355772340698,1531.0,13,23.553846153846155,2011
2011_11_CAR_DET,DET,65,0.03076923076923077,0.5846153846153846,0.3839355772340698,-0.04835124107776759,1911.0,13,29.4,2011
2011_11_CIN_BAL,BAL,54,0.0,0.5185185185185185,0.01918544987588513,-0.06811379535720233,1496.0,16,27.703703703703702,2011
2011_11_CIN_BAL,CIN,77,0.07792207792207792,0.6103896103896104,-0.06811379535720233,0.01918544987588513,1876.0,15,24.363636363636363,2011
2011_11_DAL_WAS,DAL,71,0.04225352112676056,0.5774647887323944,0.08830473419396355,-0.011297124578451462,2035.0,14,28.661971830985916,2011
2011_11_DAL_WAS,WAS,65,0.06153846153846154,0.6307692307692307,-0.011297124578451462,0.08830473419396355,1908.0,13,29.353846153846153,2011
2011_11_JAX_CLE,CLE,53,0.0,0.49056603773584906,0.1106546908554695,0.04065636540611966,1699.0,8,32.056603773584904,2011
2011_11_JAX_CLE,JAX,71,0.056338028169014086,0.5915492957746479,0.04065636540611966,0.1106546908554695,1801.0,8,25.366197183098592,2011
2011_11_KC_NE,KC,67,0.23880597014925373,0.6119402985074627,-0.2708716658189367,0.15785468119680474,1774.0,12,26.47761194029851,2011
2011_11_KC_NE,NE,64,0.015625,0.453125,0.15785468119680474,-0.2708716658189367,1638.0,10,25.59375,2011
2011_11_LV_MIN,LV,68,0.0,0.39705882352941174,-0.02677740466612757,-0.1845315887370083,2055.0,13,30.220588235294116,2011
2011_11_LV_MIN,MIN,61,0.0,0.6229508196721312,-0.1845315887370083,-0.02677740466612757,1365.0,14,22.37704918032787,2011
2011_11_NYJ_DEN,DEN,56,0.0,0.39285714285714285,-0.2727192968989255,-0.0848628196275868,1563.0,12,27.910714285714285,2011
2011_11_NYJ_DEN,NYJ,69,0.0,0.5942028985507246,-0.0848628196275868,-0.2727192968989255,1841.0,14,26.681159420289855,2011
2011_11_PHI_NYG,NYG,54,0.05555555555555555,0.6851851851851852,-0.27882965974582896,0.046871386734686604,1274.0,13,23.59259259259259,2011
2011_11_PHI_NYG,PHI,67,0.0,0.5522388059701493,0.046871386734686604,-0.27882965974582896,2023.0,13,30.19402985074627,2011
2011_11_SD_CHI,CHI,61,0.01639344262295082,0.5245901639344263,0.126747227627389,0.021433627163918754,1895.0,11,31.065573770491802,2011
2011_11_SD_CHI,LAC,47,0.0,0.6382978723404256,0.021433627163918754,0.126747227627389,1535.0,11,32.659574468085104,2011
2011_11_SEA_STL,LA,60,0.31666666666666665,0.7333333333333333,-0.43203906501930445,-0.14969510085062765,1355.0,15,22.583333333333332,2011
2011_11_SEA_STL,SEA,68,0.058823529411764705,0.4264705882352941,-0.14969510085062765,-0.43203906501930445,1989.0,15,29.25,2011
2011_11_TB_GB,GB,58,0.05172413793103448,0.6206896551724138,0.22785088172356815,0.12776480870481924,1620.0,12,27.93103448275862,2011
2011_11_TB_GB,TB,60,0.06666666666666667,0.6666666666666666,0.12776480870481924,0.22785088172356815,1819.0,11,30.316666666666666,2011
2011_11_TEN_ATL,ATL,64,0.0,0.5,0.1421950537467681,0.03531089271063849,2149.0,10,33.578125,2011
2011_11_TEN_ATL,TEN,59,0.0,0.7627118644067796,0.03531089271063849,0.1421950537467681,1318.0,9,22.338983050847457,2011
2011_12_ARI_STL,ARI,63,0.0,0.4126984126984127,-0.19552064484908407,-0.23971684454794936,1915.0,14,30.396825396825395,2011
2011_12_ARI_STL,LA,56,0.0,0.6071428571428571,-0.23971684454794936,-0.19552064484908407,1446.0,13,25.821428571428573,2011
2011_12_BUF_NYJ,BUF,70,0.0,0.6,0.07923855182304071,0.12808774689795036,2094.0,12,29.914285714285715,2011
2011_12_BUF_NYJ,NYJ,58,0.05172413793103448,0.603448275862069,0.12808774689795036,0.07923855182304071,1375.0,11,23.70689655172414,2011
2011_12_CAR_IND,CAR,64,0.03125,0.46875,0.11636920855081909,-0.08096290251013681,2068.0,12,32.3125,2011
2011_12_CAR_IND,IND,55,0.07272727272727272,0.5818181818181818,-0.08096290251013681,0.11636920855081909,1341.0,11,24.381818181818183,2011
2011_12_CHI_OAK,CHI,64,0.046875,0.578125,-0.029732376590977178,-0.10429370140479388,1691.0,14,26.421875,2011
2011_12_CHI_OAK,LV,68,0.11764705882352941,0.6029411764705882,-0.10429370140479388,-0.029732376590977178,1711.0,13,25.16176470588235,2011
2011_12_CLE_CIN,CIN,64,0.0,0.515625,0.05955014360092455,-0.030119636629313388,1798.0,13,28.09375,2011
2011_12_CLE_CIN,CLE,66,0.0,0.5454545454545454,-0.030119636629313388,0.05955014360092455,1630.0,12,24.696969696969695,2011
2011_12_DEN_SD,DEN,70,0.0,0.2714285714285714,-0.018472955460268666,-0.04929118658079845,2096.0,13,29.942857142857143,2011
2011_12_DEN_SD,LAC,75,0.0,0.52,-0.04929118658079845,-0.018472955460268666,2084.0,13,27.786666666666665,2011
2011_12_GB_DET,DET,68,0.17647058823529413,0.6911764705882353,0.02696137317593527,0.18507108276904993,1789.0,11,26.308823529411764,2011
2011_12_GB_DET,GB,51,0.0392156862745098,0.6666666666666666,0.18507108276904993,0.02696137317593527,1694.0,11,33.21568627450981,2011
2011_12_HOU_JAX,HOU,54,0.018518518518518517,0.48148148148148145,-0.36720735383827996,-0.29284287238643736,1540.0,16,28.51851851851852,2011
2011_12_HOU_JAX,JAX,71,0.11267605633802817,0.6619718309859155,-0.29284287238643736,-0.36720735383827996,1771.0,15,24.943661971830984,2011
2011_12_MIA_DAL,DAL,57,0.017543859649122806,0.6140350877192983,-0.010567744869918369,-0.02469202958340496,1642.0,11,28.80701754385965,2011
2011_12_MIA_DAL,MIA,61,0.01639344262295082,0.5901639344262295,-0.02469202958340496,-0.010567744869918369,1811.0,11,29.688524590163933,2011
2011_12_MIN_ATL,ATL,62,0.0,0.5806451612903226,0.19522335657707407,-0.18276419049803033,1991.0,11,32.11290322580645,2011
2011_12_MIN_ATL,MIN,53,0.0,0.5471698113207547,-0.18276419049803033,0.19522335657707407,1431.0,11,27.0,2011
2011_12_NE_PHI,NE,69,0.2028985507246377,0.5072463768115942,0.34295277620783016,0.14580355564149033,1910.0,12,27.681159420289855,2011
2011_12_NE_PHI,PHI,67,0.04477611940298507,0.746268656716418,0.14580355564149033,0.34295277620783016,1562.0,11,23.313432835820894,2011
2011_12_NYG_NO,NO,69,0.0,0.5652173913043478,0.473045105263407,0.08591358422287786,1678.0,11,24.318840579710145,2011
2011_12_NYG_NO,NYG,70,0.0,0.6857142857142857,0.08591358422287786,0.473045105263407,1816.0,12,25.942857142857143,2011
2011_12_PIT_KC,KC,63,0.47619047619047616,0.4603174603174603,-0.2507988019820057,-0.10737975756301267,1517.0,10,24.07936507936508,2011
2011_12_PIT_KC,PIT,58,0.034482758620689655,0.5517241379310345,-0.10737975756301267,-0.2507988019820057,1923.0,11,33.1551724137931,2011
2011_12_SF_BAL,BAL,54,0.018518518518518517,0.42592592592592593,0.058852116414091576,-0.24922230891427247,1764.0,10,32.666666666666664,2011
2011_12_SF_BAL,SF,53,0.07547169811320754,0.6037735849056604,-0.24922230891427247,0.058852116414091576,1655.0,9,31.22641509433962,2011
2011_12_TB_TEN,TB,59,0.03389830508474576,0.576271186440678,-0.2861566803044829,-0.19498856444783835,1475.0,13,25.0,2011
2011_12_TB_TEN,TEN,69,0.0,0.5217391304347826,-0.19498856444783835,-0.2861566803044829,1873.0,15,27.144927536231883,2011
2011_12_WAS_SEA,SEA,62,0.04838709677419355,0.5161290322580645,-0.10797818135802505,0.13619644905467496,1515.0,12,24.43548387096774,2011
2011_12_WAS_SEA,WAS,61,0.0,0.5737704918032787,0.13619644905467496,-0.10797818135802505,1863.0,13,30.540983606557376,2011
2011_13_ATL_HOU,ATL,63,0.0,0.7142857142857143,-0.15697275531191734,-0.02313901391161298,1389.0,11,22.047619047619047,2011
2011_13_ATL_HOU,HOU,72,0.0,0.3888888888888889,-0.02313901391161298,-0.15697275531191734,1996.0,11,27.72222222222222,2011
2011_13_BAL_CLE,BAL,76,0.013157894736842105,0.3157894736842105,0.08986540877507623,-0.21805713020791223,2162.0,11,28.44736842105263,2011
2011_13_BAL_CLE,CLE,55,0.07272727272727272,0.7090909090909091,-0.21805713020791223,0.08986540877507623,1253.0,12,22.78181818181818,2011
2011_13_CAR_TB,CAR,61,0.0,0.39344262295081966,0.31869754644323955,-0.09585357082949246,1887.0,10,30.934426229508198,2011
2011_13_CAR_TB,TB,56,0.03571428571428571,0.5178571428571429,-0.09585357082949246,0.31869754644323955,1553.0,9,27.732142857142858,2011
2011_13_CIN_PIT,CIN,55,0.0,0.6,-0.1504931139644007,0.1791289964633275,1508.0,12,27.418181818181818,2011
2011_13_CIN_PIT,PIT,56,0.0,0.4642857142857143,0.1791289964633275,-0.1504931139644007,1828.0,11,32.642857142857146,2011
2011_13_DAL_ARI,ARI,54,0.0,0.5555555555555556,0.11234256831515896,0.014536646470661566,1679.0,12,31.09259259259259,2011
2011_13_DAL_ARI,DAL,66,0.0,0.696969696969697,0.014536646470661566,0.11234256831515896,1934.0,11,29.303030303030305,2011
2011_13_DEN_MIN,DEN,50,0.0,0.34,0.031737478869227835,0.025945027896386363,1241.0,14,24.82,2011
2011_13_DEN_MIN,MIN,80,0.0,0.625,0.025945027896386363,0.031737478869227835,2176.0,15,27.2,2011
2011_13_DET_NO,DET,104,0.0,0.6442307692307693,0.20352741838879426,0.4228127856340878,3400.0,12,32.69230769230769,2011
2011_13_DET_NO,NO,87,0.0,0.6896551724137931,0.4228127856340878,0.20352741838879426,2398.0,13,27.563218390804597,2011
2011_13_GB_NYG,GB,77,0.06493506493506493,0.6363636363636364,0.16317707857248975,0.16252669593741315,1919.0,12,24.92207792207792,2011
2011_13_GB_NYG,NYG,62,0.016129032258064516,0.6612903225806451,0.16252669593741315,0.16317707857248975,1548.0,12,24.967741935483872,2011
2011_13_IND_NE,IND,69,0.14492753623188406,0.5652173913043478,0.23814465918322575,0.2985445104349933,2074.0,11,30.057971014492754,2011
2011_13_IND_NE,NE,62,0.3709677419354839,0.6290322580645161,0.2985445104349933,0.23814465918322575,1389.0,10,22.403225806451612,2011
2011_13_KC_CHI,CHI,55,0.0,0.5636363636363636,-0.5738995617819803,-0.16839208028952188,1515.0,14,27.545454545454547,2011
2011_13_KC_CHI,KC,69,0.028985507246376812,0.463768115942029,-0.16839208028952188,-0.5738995617819803,1843.0,13,26.71014492753623,2011
2011_13_LV_MIA,LV,56,0.17857142857142858,0.75,-0.08728723315906103,0.129357822468919,1202.0,11,21.464285714285715,2011
2011_13_LV_MIA,MIA,68,0.0,0.38235294117647056,0.129357822468919,-0.08728723315906103,2181.0,11,32.0735294117647,2011
2011_13_NYJ_WAS,NYJ,60,0.0,0.5333333333333333,0.06339620533816255,-0.2183473014528095,1823.0,14,30.383333333333333,2011
2011_13_NYJ_WAS,WAS,70,0.04285714285714286,0.6714285714285714,-0.2183473014528095,0.06339620533816255,1576.0,14,22.514285714285716,2011
2011_13_PHI_SEA,PHI,56,0.0,0.5535714285714286,-0.20108108924070622,0.21322108885510382,1686.0,11,30.107142857142858,2011
2011_13_PHI_SEA,SEA,51,0.0,0.37254901960784315,0.21322108885510382,-0.20108108924070622,1754.0,10,34.3921568627451,2011
2011_13_SD_JAX,JAX,65,0.0,0.5230769230769231,-0.09479445256936458,0.5006176685794412,1810.0,11,27.846153846153847,2011
2011_13_SD_JAX,LAC,51,0.0,0.5490196078431373,0.5006176685794412,-0.09479445256936458,1619.0,11,31.745098039215687,2011
2011_13_STL_SF,LA,48,0.020833333333333332,0.5208333333333334,-0.34670854709804494,0.047325344553746956,1294.0,12,26.958333333333332,2011
2011_13_STL_SF,SF,63,0.0,0.4603174603174603,0.047325344553746956,-0.34670854709804494,2095.0,12,33.25396825396825,2011
2011_13_TEN_BUF,BUF,68,0.058823529411764705,0.6764705882352942,-0.001657499767754357,0.06941546206860912,1789.0,11,26.308823529411764,2011
2011_13_TEN_BUF,TEN,56,0.0,0.4642857142857143,0.06941546206860912,-0.001657499767754357,1622.0,11,28.964285714285715,2011
2011_14_ATL_CAR,ATL,67,0.2537313432835821,0.6119402985074627,0.18814992700610284,0.012995347865259695,1734.0,14,25.880597014925375,2011
2011_14_ATL_CAR,CAR,64,0.015625,0.640625,0.012995347865259695,0.18814992700610284,1659.0,14,25.921875,2011
2011_14_BUF_SD,BUF,57,0.0,0.6491228070175439,-0.17344553080952677,0.23781628275116445,1378.0,10,24.17543859649123,2011
2011_14_BUF_SD,LAC,66,0.0,0.5151515151515151,0.23781628275116445,-0.17344553080952677,2071.0,10,31.37878787878788,2011
2011_14_CHI_DEN,CHI,61,0.0,0.3770491803278688,-0.2818741749751566,-0.19205744865632285,1777.0,15,29.131147540983605,2011
2011_14_CHI_DEN,DEN,77,0.0,0.5584415584415584,-0.19205744865632285,-0.2818741749751566,1960.0,15,25.454545454545453,2011
2011_14_CLE_PIT,CLE,68,0.029411764705882353,0.5588235294117647,-0.12422421357214902,0.12385976183682673,1855.0,11,27.279411764705884,2011
2011_14_CLE_PIT,PIT,53,0.0,0.4716981132075472,0.12385976183682673,-0.12422421357214902,1578.0,10,29.77358490566038,2011
2011_14_HOU_CIN,CIN,58,0.0,0.5,-0.06580152794901108,0.0421111378378027,1622.0,11,27.96551724137931,2011
2011_14_HOU_CIN,HOU,74,0.0,0.6351351351351351,0.0421111378378027,-0.06580152794901108,1819.0,12,24.58108108108108,2011
2011_14_IND_BAL,BAL,70,0.07142857142857142,0.4714285714285714,0.03894634274316405,-0.2598792672913332,2117.0,10,30.242857142857144,2011
2011_14_IND_BAL,IND,55,0.21818181818181817,0.7090909090909091,-0.2598792672913332,0.03894634274316405,1292.0,11,23.490909090909092,2011
2011_14_KC_NYJ,KC,57,0.17543859649122806,0.631578947368421,-0.23626631174244173,0.008960143391931382,1193.0,15,20.92982456140351,2011
2011_14_KC_NYJ,NYJ,66,0.0,0.36363636363636365,0.008960143391931382,-0.23626631174244173,2192.0,13,33.21212121212121,2011
2011_14_LV_GB,GB,56,0.0,0.625,0.15412997932454306,-0.2316310378244006,1613.0,13,28.803571428571427,2011
2011_14_LV_GB,LV,73,0.1232876712328767,0.6027397260273972,-0.2316310378244006,0.15412997932454306,1770.0,13,24.246575342465754,2011
2011_14_MIN_DET,DET,55,0.01818181818181818,0.6181818181818182,0.07257864045434079,0.052160629864641074,1810.0,10,32.90909090909091,2011
2011_14_MIN_DET,MIN,81,0.024691358024691357,0.5802469135802469,0.052160629864641074,0.07257864045434079,1631.0,13,20.135802469135804,2011
2011_14_NE_WAS,NE,57,0.38596491228070173,0.6666666666666666,0.24648636149870612,0.15550520552735314,1363.0,10,23.912280701754387,2011
2011_14_NE_WAS,WAS,69,0.0,0.5072463768115942,0.15550520552735314,0.24648636149870612,2118.0,10,30.695652173913043,2011
2011_14_NO_TEN,NO,76,0.02631578947368421,0.6447368421052632,0.1757249436942121,0.1191159358149154,2190.0,10,28.81578947368421,2011
2011_14_NO_TEN,TEN,53,0.09433962264150944,0.6981132075471698,0.1191159358149154,0.1757249436942121,1260.0,11,23.77358490566038,2011
2011_14_NYG_DAL,DAL,56,0.017857142857142856,0.5714285714285714,0.29786601521900125,0.23339363410765848,1479.0,12,26.410714285714285,2011
2011_14_NYG_DAL,NYG,76,0.039473684210526314,0.6052631578947368,0.23339363410765848,0.29786601521900125,1987.0,13,26.144736842105264,2011
2011_14_PHI_MIA,MIA,64,0.078125,0.59375,-0.5536025076357329,-0.18226594425045695,1563.0,17,24.421875,2011
2011_14_PHI_MIA,PHI,66,0.030303030303030304,0.5151515151515151,-0.18226594425045695,-0.5536025076357329,1748.0,16,26.484848484848484,2011
2011_14_SF_ARI,ARI,51,0.0,0.6078431372549019,-0.09862366545226826,-0.24428882063674567,1567.0,14,30.725490196078432,2011
2011_14_SF_ARI,SF,63,0.015873015873015872,0.6666666666666666,-0.24428882063674567,-0.09862366545226826,1585.0,14,25.158730158730158,2011
2011_14_STL_SEA,LA,60,0.06666666666666667,0.5,-0.16180715858400532,0.08077235461564398,1622.0,12,27.033333333333335,2011
2011_14_STL_SEA,SEA,67,0.0,0.5373134328358209,0.08077235461564398,-0.16180715858400532,1831.0,11,27.328358208955223,2011
2011_14_TB_JAX,JAX,65,0.0,0.5230769230769231,-0.10111329059710482,-0.3593898316306812,1841.0,14,28.323076923076922,2011
2011_14_TB_JAX,TB,57,0.08771929824561403,0.5964912280701754,-0.3593898316306812,-0.10111329059710482,1545.0,14,27.105263157894736,2011
2011_15_BAL_SD,BAL,55,0.0,0.7454545454545455,0.11386835015404691,0.3404022217862716,1485.0,9,27.0,2011
2011_15_BAL_SD,LAC,60,0.0,0.38333333333333336,0.3404022217862716,0.11386835015404691,2026.0,8,33.766666666666666,2011
2011_15_CAR_HOU,CAR,59,0.0,0.4406779661016949,0.17944190331235238,-0.08284239778702064,1857.0,10,31.47457627118644,2011
2011_15_CAR_HOU,HOU,57,0.0,0.5614035087719298,-0.08284239778702064,0.17944190331235238,1551.0,10,27.210526315789473,2011
2011_15_CIN_STL,CIN,58,0.0,0.4482758620689655,-0.10734609668435952,-0.03909758203043229,1695.0,13,29.224137931034484,2011
2011_15_CIN_STL,LA,62,0.0,0.6129032258064516,-0.03909758203043229,-0.10734609668435952,1720.0,12,27.741935483870968,2011
2011_15_CLE_ARI,ARI,74,0.05405405405405406,0.6756756756756757,0.007791933892186511,0.08884735684195132,1874.0,12,25.324324324324323,2011
2011_15_CLE_ARI,CLE,61,0.0,0.5409836065573771,0.08884735684195132,0.007791933892186511,1778.0,12,29.147540983606557,2011
2011_15_DAL_TB,DAL,67,0.029850746268656716,0.47761194029850745,0.27004196970722266,-0.1685808865258988,2227.0,10,33.23880597014925,2011
2011_15_DAL_TB,TB,42,0.16666666666666666,0.7142857142857143,-0.1685808865258988,0.27004196970722266,1227.0,9,29.214285714285715,2011
2011_15_DET_OAK,DET,73,0.0547945205479452,0.7397260273972602,0.062323682746634884,0.15959039949438142,1630.0,12,22.328767123287673,2011
2011_15_DET_OAK,LV,63,0.09523809523809523,0.6507936507936508,0.15959039949438142,0.062323682746634884,1807.0,12,28.682539682539684,2011
2011_15_GB_KC,GB,56,0.125,0.6785714285714286,0.05604917222102939,0.17034158493455373,1362.0,9,24.321428571428573,2011
2011_15_GB_KC,KC,66,0.0,0.4696969696969697,0.17034158493455373,0.05604917222102939,2096.0,10,31.757575757575758,2011
2011_15_JAX_ATL,ATL,66,0.13636363636363635,0.5,0.1345936128690714,-0.44090827787451287,2220.0,13,33.63636363636363,2011
2011_15_JAX_ATL,JAX,46,0.021739130434782608,0.5869565217391305,-0.44090827787451287,0.1345936128690714,1181.0,11,25.67391304347826,2011
2011_15_MIA_BUF,BUF,70,0.14285714285714285,0.7285714285714285,-0.06864144633060329,-0.10564472369684913,1728.0,17,24.685714285714287,2011
2011_15_MIA_BUF,MIA,60,0.016666666666666666,0.36666666666666664,-0.10564472369684913,-0.06864144633060329,1623.0,16,27.05,2011
2011_15_NE_DEN,DEN,59,0.0,0.4576271186440678,0.04934247577753779,0.24428707241819683,1473.0,11,24.966101694915253,2011
2011_15_NE_DEN,NE,70,0.0,0.5,0.24428707241819683,0.04934247577753779,1934.0,13,27.62857142857143,2011
2011_15_NO_MIN,MIN,54,0.0,0.6666666666666666,-0.1120784756177988,0.20090207160756657,1184.0,12,21.925925925925927,2011
2011_15_NO_MIN,NO,79,0.0,0.5189873417721519,0.20090207160756657,-0.1120784756177988,2288.0,12,28.962025316455698,2011
2011_15_NYJ_PHI,NYJ,61,0.03278688524590164,0.5573770491803278,-0.4934613510775925,0.21130993595982306,1695.0,15,27.78688524590164,2011
2011_15_NYJ_PHI,PHI,54,0.0,0.42592592592592593,0.21130993595982306,-0.4934613510775925,1703.0,14,31.537037037037038,2011
2011_15_PIT_SF,PIT,66,0.16666666666666666,0.7121212121212122,-0.1729914997870383,0.019957828786916116,1804.0,11,27.333333333333332,2011
2011_15_PIT_SF,SF,59,0.0,0.5254237288135594,0.019957828786916116,-0.1729914997870383,1607.0,11,27.23728813559322,2011
2011_15_SEA_CHI,CHI,58,0.017241379310344827,0.46551724137931033,-0.47390360612584725,-0.15597629838429833,1548.0,14,26.689655172413794,2011
2011_15_SEA_CHI,SEA,65,0.015384615384615385,0.49230769230769234,-0.15597629838429833,-0.47390360612584725,1816.0,13,27.93846153846154,2011
2011_15_TEN_IND,IND,48,0.0,0.3541666666666667,-0.08482491033488919,-0.2616454145316664,1520.0,14,31.666666666666668,2011
2011_15_TEN_IND,TEN,76,0.17105263157894737,0.75,-0.2616454145316664,-0.08482491033488919,1796.0,14,23.63157894736842,2011
2011_15_WAS_NYG,NYG,61,0.21311475409836064,0.7049180327868853,-0.21370191061970523,0.0915470755088582,1384.0,11,22.688524590163933,2011
2011_15_WAS_NYG,WAS,63,0.0,0.38095238095238093,0.0915470755088582,-0.21370191061970523,2000.0,12,31.746031746031747,2011
2011_16_ARI_CIN,ARI,67,0.0,0.7164179104477612,-0.22095766365576183,-0.10987066928392047,1601.0,14,23.895522388059703,2011
2011_16_ARI_CIN,CIN,67,0.0,0.4925373134328358,-0.10987066928392047,-0.22095766365576183,1809.0,14,27.0,2011
2011_16_ATL_NO,ATL,73,0.0,0.821917808219178,0.0016192851912888934,0.37455965872452784,1908.0,12,26.136986301369863,2011
2011_16_ATL_NO,NO,62,0.0,0.6290322580645161,0.37455965872452784,0.0016192851912888934,1553.0,10,25.048387096774192,2011
2011_16_CHI_GB,CHI,70,0.1,0.4,0.15841310061614886,0.39275919713131324,2084.0,10,29.771428571428572,2011
2011_16_CHI_GB,GB,49,0.22448979591836735,0.6122448979591837,0.39275919713131324,0.15841310061614886,1375.0,10,28.06122448979592,2011
2011_16_CLE_BAL,BAL,59,0.0,0.423728813559322,-0.040249820531866265,-0.24270135519593533,1791.0,11,30.35593220338983,2011
2011_16_CLE_BAL,CLE,60,0.03333333333333333,0.5833333333333334,-0.24270135519593533,-0.040249820531866265,1573.0,10,26.216666666666665,2011
2011_16_DEN_BUF,BUF,55,0.0,0.509090909090909,0.006014970727265126,-0.3363571325522059,1686.0,12,30.654545454545456,2011
2011_16_DEN_BUF,DEN,67,0.08955223880597014,0.4925373134328358,-0.3363571325522059,0.006014970727265126,1697.0,15,25.328358208955223,2011
2011_16_HOU_IND,HOU,50,0.0,0.4,-0.10124971106867123,-0.12999860283761944,1538.0,13,30.76,2011
2011_16_HOU_IND,IND,75,0.06666666666666667,0.5733333333333334,-0.12999860283761944,-0.10124971106867123,1890.0,12,25.2,2011
2011_16_JAX_TEN,JAX,71,0.056338028169014086,0.6056338028169014,-0.10292359621355926,-0.14751152016294003,1638.0,13,23.070422535211268,2011
2011_16_JAX_TEN,TEN,62,0.11290322580645161,0.6612903225806451,-0.14751152016294003,-0.10292359621355926,1719.0,14,27.725806451612904,2011
2011_16_LV_KC,KC,62,0.04838709677419355,0.5161290322580645,0.03104830608941259,-0.10790106817778043,1877.0,11,30.274193548387096,2011
2011_16_LV_KC,LV,51,0.0392156862745098,0.5098039215686274,-0.10790106817778043,0.03104830608941259,1695.0,12,33.23529411764706,2011
2011_16_MIA_NE,MIA,64,0.046875,0.59375,0.02598878173568265,0.06814181198092518,1669.0,13,26.078125,2011
2011_16_MIA_NE,NE,79,0.4177215189873418,0.6329113924050633,0.06814181198092518,0.02598878173568265,1774.0,13,22.455696202531644,2011
2011_16_MIN_WAS,MIN,58,0.0,0.3448275862068966,0.24505007814498853,0.018237315421498257,1720.0,11,29.655172413793103,2011
2011_16_MIN_WAS,WAS,67,0.07462686567164178,0.6417910447761194,0.018237315421498257,0.24505007814498853,1770.0,11,26.417910447761194,2011
2011_16_NYG_NYJ,NYG,53,0.0,0.5283018867924528,-0.07276709787313075,-0.21074748422599268,1292.0,16,24.37735849056604,2011
2011_16_NYG_NYJ,NYJ,89,0.02247191011235955,0.7191011235955056,-0.21074748422599268,-0.07276709787313075,1983.0,16,22.280898876404493,2011
2011_16_PHI_DAL,DAL,66,0.09090909090909091,0.6515151515151515,-0.1431996952527018,0.10876990114573776,1854.0,12,28.09090909090909,2011
2011_16_PHI_DAL,PHI,57,0.0,0.5614035087719298,0.10876990114573776,-0.1431996952527018,1583.0,12,27.771929824561404,2011
2011_16_SD_DET,DET,62,0.0967741935483871,0.6290322580645161,0.4220276595251395,-0.08536052323370918,1903.0,9,30.693548387096776,2011
2011_16_SD_DET,LAC,70,0.12857142857142856,0.7714285714285715,-0.08536052323370918,0.4220276595251395,1547.0,11,22.1,2011
2011_16_SF_SEA,SEA,57,0.0,0.5263157894736842,-0.11791645608016045,0.006187922041421113,1550.0,11,27.19298245614035,2011
2011_16_SF_SEA,SF,66,0.0,0.42424242424242425,0.006187922041421113,-0.11791645608016045,1899.0,11,28.772727272727273,2011
2011_16_STL_PIT,LA,63,0.0,0.42857142857142855,-0.17802152658809142,0.1829812341875373,1729.0,11,27.444444444444443,2011
2011_16_STL_PIT,PIT,50,0.0,0.44,0.1829812341875373,-0.17802152658809142,1695.0,10,33.9,2011
2011_16_TB_CAR,CAR,48,0.0,0.375,0.49175474991743084,-0.1839524872751103,1566.0,11,32.625,2011
2011_16_TB_CAR,TB,60,0.16666666666666666,0.7,-0.1839524872751103,0.49175474991743084,1879.0,11,31.316666666666666,2011
2011_17_BAL_CIN,BAL,52,0.0,0.38461538461538464,0.1721404878098032,-0.04724643389952789,1683.0,11,32.36538461538461,2011
2011_17_BAL_CIN,CIN,68,0.0,0.6617647058823529,-0.04724643389952789,0.1721404878098032,1750.0,12,25.735294117647058,2011
2011_17_BUF_NE,BUF,68,0.3088235294117647,0.7058823529411765,-0.07431939169610921,0.3367685653821369,1752.0,12,25.764705882352942,2011
2011_17_BUF_NE,NE,66,0.22727272727272727,0.5909090909090909,0.3367685653821369,-0.07431939169610921,1717.0,11,26.015151515151516,2011
2011_17_CAR_NO,CAR,49,0.0,0.5510204081632653,0.04054602758958398,0.4839574971163077,1418.0,11,28.93877551020408,2011
2011_17_CAR_NO,NO,70,0.0,0.5428571428571428,0.4839574971163077,0.04054602758958398,2047.0,10,29.242857142857144,2011
2011_17_CHI_MIN,CHI,56,0.0,0.5714285714285714,-0.38404839826303244,-0.30938815750130044,1593.0,14,28.446428571428573,2011
2011_17_CHI_MIN,MIN,71,0.0,0.6197183098591549,-0.30938815750130044,-0.38404839826303244,1773.0,15,24.971830985915492,2011
2011_17_DAL_NYG,DAL,59,0.3220338983050847,0.7288135593220338,-0.1703557486177142,0.1935951456266761,1449.0,12,24.559322033898304,2011
2011_17_DAL_NYG,NYG,63,0.0,0.5555555555555556,0.1935951456266761,-0.1703557486177142,1969.0,12,31.253968253968253,2011
2011_17_DET_GB,DET,77,0.2597402597402597,0.8051948051948052,0.1562520605170413,0.2296917155575833,1622.0,15,21.064935064935064,2011
2011_17_DET_GB,GB,70,0.1,0.6714285714285714,0.2296917155575833,0.1562520605170413,1814.0,16,25.914285714285715,2011
2011_17_IND_JAX,IND,65,0.46153846153846156,0.6615384615384615,-0.1134705404474357,-0.15769013401074566,1679.0,10,25.83076923076923,2011
2011_17_IND_JAX,JAX,54,0.0,0.4074074074074074,-0.15769013401074566,-0.1134705404474357,1759.0,10,32.574074074074076,2011
2011_17_KC_DEN,DEN,71,0.0,0.3380281690140845,-0.147174846906858,0.002707856906407864,1848.0,12,26.028169014084508,2011
2011_17_KC_DEN,KC,59,0.0,0.5084745762711864,0.002707856906407864,-0.147174846906858,1520.0,12,25.76271186440678,2011
2011_17_NYJ_MIA,MIA,57,0.05263157894736842,0.5789473684210527,-0.11237193216108173,-0.07397812626118833,1759.0,12,30.859649122807017,2011
2011_17_NYJ_MIA,NYJ,62,0.03225806451612903,0.5645161290322581,-0.07397812626118833,-0.11237193216108173,1653.0,11,26.661290322580644,2011
2011_17_PIT_CLE,CLE,56,0.0,0.7321428571428571,-0.2375906932004796,-0.13803058135403662,1173.0,11,20.946428571428573,2011
2011_17_PIT_CLE,PIT,78,0.15384615384615385,0.5384615384615384,-0.13803058135403662,-0.2375906932004796,2268.0,11,29.076923076923077,2011
2011_17_SD_OAK,LAC,54,0.018518518518518517,0.48148148148148145,0.46500700895845754,0.27821238169329204,1801.0,9,33.351851851851855,2011
2011_17_SD_OAK,LV,67,0.05970149253731343,0.6417910447761194,0.27821238169329204,0.46500700895845754,1707.0,10,25.47761194029851,2011
2011_17_SEA_ARI,ARI,71,0.0,0.5774647887323944,-0.07299882140196998,-0.1007858588653858,1961.0,15,27.619718309859156,2011
2011_17_SEA_ARI,SEA,73,0.1643835616438356,0.5342465753424658,-0.1007858588653858,-0.07299882140196998,1861.0,15,25.493150684931507,2011
2011_17_SF_STL,LA,62,0.08064516129032258,0.5967741935483871,-0.1124704086049107,0.131199301720922,1392.0,14,22.451612903225808,2011
2011_17_SF_STL,SF,67,0.029850746268656716,0.5223880597014925,0.131199301720922,-0.1124704086049107,1999.0,15,29.83582089552239,2011
2011_17_TB_ATL,ATL,56,0.03571428571428571,0.375,0.18303743394972663,-0.2751462555252186,1715.0,12,30.625,2011
2011_17_TB_ATL,TB,62,0.06451612903225806,0.7580645161290323,-0.2751462555252186,0.18303743394972663,1718.0,11,27.70967741935484,2011
2011_17_TEN_HOU,HOU,65,0.0,0.5230769230769231,0.07401785786352827,-0.01548060599581795,1992.0,12,30.646153846153847,2011
2011_17_TEN_HOU,TEN,59,0.0,0.6440677966101694,-0.01548060599581795,0.07401785786352827,1433.0,13,24.28813559322034,2011
2011_17_WAS_PHI,PHI,60,0.0,0.6833333333333333,0.1185525739038443,-0.05959818532140687,1681.0,12,28.016666666666666,2011
2011_17_WAS_PHI,WAS,69,0.0,0.6376811594202898,-0.05959818532140687,0.1185525739038443,1695.0,13,24.565217391304348,2011
2012_01_ATL_KC,ATL,55,0.21818181818181817,0.5818181818181818,0.3262530879118773,0.1113709592827498,1655.0,10,30.09090909090909,2012
2012_01_ATL_KC,KC,68,0.4117647058823529,0.5294117647058824,0.1113709592827498,0.3262530879118773,1870.0,10,27.5,2012
2012_01_BUF_NYJ,BUF,57,0.017543859649122806,0.5614035087719298,0.08891599898733918,0.26610914704699956,1549.0,12,27.17543859649123,2012
2012_01_BUF_NYJ,NYJ,62,0.03225806451612903,0.41935483870967744,0.26610914704699956,0.08891599898733918,1840.0,9,29.677419354838708,2012
2012_01_CAR_TB,CAR,49,0.0,0.7346938775510204,-0.07890043644180227,-0.08720613476707795,1272.0,10,25.959183673469386,2012
2012_01_CAR_TB,TB,58,0.0,0.4482758620689655,-0.08720613476707795,-0.07890043644180227,2118.0,11,36.51724137931034,2012
2012_01_CIN_BAL,BAL,57,0.3684210526315789,0.6140350877192983,0.31684828790663744,-0.18306795237878296,1600.0,10,28.07017543859649,2012
2012_01_CIN_BAL,CIN,69,0.014492753623188406,0.5942028985507246,-0.18306795237878296,0.31684828790663744,1784.0,11,25.855072463768117,2012
2012_01_DAL_NYG,DAL,53,0.0,0.5660377358490566,0.3549377003271099,-0.00979791411435736,1932.0,9,36.45283018867924,2012
2012_01_DAL_NYG,NYG,54,0.09259259259259259,0.6481481481481481,-0.00979791411435736,0.3549377003271099,1490.0,9,27.59259259259259,2012
2012_01_IND_CHI,CHI,66,0.045454545454545456,0.5606060606060606,0.17472710152893242,-0.17457288178154623,2038.0,15,30.87878787878788,2012
2012_01_IND_CHI,IND,63,0.047619047619047616,0.7619047619047619,-0.17457288178154623,0.17472710152893242,1360.0,13,21.58730158730159,2012
2012_01_JAX_MIN,JAX,75,0.0,0.56,0.07658984201866731,0.07410653068092872,2167.0,12,28.893333333333334,2012
2012_01_JAX_MIN,MIN,58,0.0,0.5,0.07410653068092872,0.07658984201866731,1545.0,12,26.637931034482758,2012
2012_01_MIA_HOU,HOU,65,0.0,0.5076923076923077,0.15591102257528022,-0.29049022339273306,1977.0,13,30.415384615384614,2012
2012_01_MIA_HOU,MIA,56,0.0,0.6785714285714286,-0.29049022339273306,0.15591102257528022,1419.0,12,25.339285714285715,2012
2012_01_NE_TEN,NE,66,0.25757575757575757,0.48484848484848486,0.22592190122908104,-0.13701742033483627,1784.0,11,27.03030303030303,2012
2012_01_NE_TEN,TEN,61,0.09836065573770492,0.7377049180327869,-0.13701742033483627,0.22592190122908104,1632.0,11,26.75409836065574,2012
2012_01_PHI_CLE,CLE,58,0.0,0.6206896551724138,-0.43475682627518075,-0.18192130043962185,1335.0,15,23.017241379310345,2012
2012_01_PHI_CLE,PHI,85,0.058823529411764705,0.6823529411764706,-0.18192130043962185,-0.43475682627518075,2002.0,16,23.55294117647059,2012
2012_01_PIT_DEN,DEN,53,0.0,0.5471698113207547,0.2257007900775329,-0.07530890975174227,1401.0,9,26.433962264150942,2012
2012_01_PIT_DEN,PIT,70,0.0,0.6285714285714286,-0.07530890975174227,0.2257007900775329,2042.0,9,29.17142857142857,2012
2012_01_SD_OAK,LAC,53,0.0,0.6415094339622641,-0.06542899348078343,-0.1656660830656876,1786.0,10,33.698113207547166,2012
2012_01_SD_OAK,LV,70,0.11428571428571428,0.7142857142857143,-0.1656660830656876,-0.06542899348078343,1668.0,9,23.82857142857143,2012
2012_01_SEA_ARI,ARI,56,0.0,0.6607142857142857,-0.21268193643241623,-0.20793607827088284,1469.0,12,26.232142857142858,2012
2012_01_SEA_ARI,SEA,69,0.0,0.5217391304347826,-0.20793607827088284,-0.21268193643241623,1919.0,12,27.81159420289855,2012
2012_01_SF_GB,GB,61,0.45901639344262296,0.7704918032786885,0.07410076856817559,0.17099491096538524,1552.0,10,25.442622950819672,2012
2012_01_SF_GB,SF,60,0.0,0.5,0.17099491096538524,0.07410076856817559,1891.0,12,31.516666666666666,2012
2012_01_STL_DET,DET,65,0.15384615384615385,0.7230769230769231,0.06629836157832171,0.013874116459477068,1728.0,11,26.584615384615386,2012
2012_01_STL_DET,LA,53,0.0,0.5094339622641509,0.013874116459477068,0.06629836157832171,1709.0,11,32.24528301886792,2012
2012_01_WAS_NO,NO,64,0.0,0.828125,-0.014865231307601878,0.1810040066404134,1157.0,13,18.078125,2012
2012_01_WAS_NO,WAS,70,0.0,0.38571428571428573,0.1810040066404134,-0.014865231307601878,2256.0,13,32.22857142857143,2012
2012_02_ARI_NE,ARI,60,0.11666666666666667,0.4666666666666667,-0.09614268225757984,-0.04553331020600023,1619.0,13,26.983333333333334,2012
2012_02_ARI_NE,NE,78,0.24358974358974358,0.6410256410256411,-0.04553331020600023,-0.09614268225757984,1828.0,13,23.435897435897434,2012
2012_02_BAL_PHI,BAL,64,0.09375,0.671875,-0.16357021847221026,-0.0005067900145851738,1448.0,14,22.625,2012
2012_02_BAL_PHI,PHI,73,0.1232876712328767,0.4657534246575342,-0.0005067900145851738,-0.16357021847221026,1966.0,15,26.931506849315067,2012
2012_02_CHI_GB,CHI,57,0.017543859649122806,0.5964912280701754,-0.4317622354443053,-0.1151174796460947,1585.0,12,27.80701754385965,2012
2012_02_CHI_GB,GB,63,0.25396825396825395,0.6031746031746031,-0.1151174796460947,-0.4317622354443053,1816.0,13,28.825396825396826,2012
2012_02_CLE_CIN,CIN,61,0.0,0.6065573770491803,0.2394177771780668,0.20130575859382963,1910.0,10,31.311475409836067,2012
2012_02_CLE_CIN,CLE,62,0.0,0.6290322580645161,0.20130575859382963,0.2394177771780668,1522.0,11,24.548387096774192,2012
2012_02_DAL_SEA,DAL,56,0.07142857142857142,0.7321428571428571,-0.05601040222039853,0.11871566091893261,1434.0,11,25.607142857142858,2012
2012_02_DAL_SEA,SEA,63,0.0,0.3492063492063492,0.11871566091893261,-0.05601040222039853,2025.0,9,32.142857142857146,2012
2012_02_DEN_ATL,ATL,63,0.06349206349206349,0.5873015873015873,0.050618224068386654,-0.11561392528309133,1869.0,13,29.666666666666668,2012
2012_02_DEN_ATL,DEN,67,0.1044776119402985,0.5970149253731343,-0.11561392528309133,0.050618224068386654,1544.0,12,23.044776119402986,2012
2012_02_DET_SF,DET,59,0.03389830508474576,0.576271186440678,-0.05429650582561559,0.23152657166480875,1752.0,10,29.694915254237287,2012
2012_02_DET_SF,SF,58,0.017241379310344827,0.5862068965517241,0.23152657166480875,-0.05429650582561559,1705.0,10,29.396551724137932,2012
2012_02_HOU_JAX,HOU,81,0.037037037037037035,0.43209876543209874,0.13211732276746443,-0.5545050378129364,2491.0,13,30.753086419753085,2012
2012_02_HOU_JAX,JAX,38,0.0,0.631578947368421,-0.5545050378129364,0.13211732276746443,882.0,12,23.210526315789473,2012
2012_02_KC_BUF,BUF,53,0.0,0.3584905660377358,0.28903319713785375,-0.007211236590685408,1654.0,12,31.20754716981132,2012
2012_02_KC_BUF,KC,69,0.11594202898550725,0.6521739130434783,-0.007211236590685408,0.28903319713785375,1751.0,13,25.3768115942029,2012
2012_02_LV_MIA,LV,62,0.04838709677419355,0.7741935483870968,-0.055346806842406365,0.20290204199382478,1346.0,13,21.70967741935484,2012
2012_02_LV_MIA,MIA,73,0.0547945205479452,0.4246575342465753,0.20290204199382478,-0.055346806842406365,1879.0,15,25.73972602739726,2012
2012_02_MIN_IND,IND,61,0.01639344262295082,0.5081967213114754,0.021270363545097527,0.046556365680730696,1715.0,10,28.114754098360656,2012
2012_02_MIN_IND,MIN,64,0.0625,0.609375,0.046556365680730696,0.021270363545097527,1757.0,11,27.453125,2012
2012_02_NO_CAR,CAR,61,0.08196721311475409,0.3442622950819672,0.30693173657727274,0.14369005293284115,1699.0,11,27.852459016393443,2012
2012_02_NO_CAR,NO,75,0.08,0.6533333333333333,0.14369005293284115,0.30693173657727274,1755.0,12,23.4,2012
2012_02_NYJ_PIT,NYJ,51,0.0392156862745098,0.5686274509803921,-0.1054979767645502,0.20507668932813627,1311.0,10,25.705882352941178,2012
2012_02_NYJ_PIT,PIT,61,0.0,0.5409836065573771,0.20507668932813627,-0.1054979767645502,2140.0,10,35.08196721311475,2012
2012_02_TB_NYG,NYG,74,0.0,0.6756756756756757,0.2118843698545482,0.012588486145534851,1922.0,15,25.972972972972972,2012
2012_02_TB_NYG,TB,52,0.038461538461538464,0.5769230769230769,0.012588486145534851,0.2118843698545482,1498.0,13,28.807692307692307,2012
2012_02_TEN_SD,LAC,74,0.0,0.47297297297297297,0.2817659656443916,-0.2678407558172981,2564.0,11,34.648648648648646,2012
2012_02_TEN_SD,TEN,40,0.0,0.75,-0.2678407558172981,0.2817659656443916,900.0,11,22.5,2012
2012_02_WAS_STL,LA,63,0.12698412698412698,0.5873015873015873,0.07727018609316745,0.1442861856938177,1781.0,14,28.26984126984127,2012
2012_02_WAS_STL,WAS,57,0.0,0.49122807017543857,0.1442861856938177,0.07727018609316745,1640.0,12,28.771929824561404,2012
2012_03_ATL_SD,ATL,68,0.0,0.6176470588235294,0.20974213831091712,-0.18933751404897567,2115.0,10,31.102941176470587,2012
2012_03_ATL_SD,LAC,56,0.0,0.6964285714285714,-0.18933751404897567,0.20974213831091712,1316.0,11,23.5,2012
2012_03_BUF_CLE,BUF,66,0.0,0.5454545454545454,0.062302112070365706,-0.24873916301708043,1862.0,13,28.21212121212121,2012
2012_03_BUF_CLE,CLE,60,0.03333333333333333,0.7833333333333333,-0.24873916301708043,0.062302112070365706,1542.0,12,25.7,2012
2012_03_CIN_WAS,CIN,57,0.03508771929824561,0.5263157894736842,0.1943659470996155,0.07276340983368124,1556.0,15,27.29824561403509,2012
2012_03_CIN_WAS,WAS,74,0.08108108108108109,0.5405405405405406,0.07276340983368124,0.1943659470996155,1849.0,13,24.986486486486488,2012
2012_03_DET_TEN,DET,92,0.2826086956521739,0.6086956521739131,0.12738070982359792,0.09605695480932114,2348.0,14,25.52173913043478,2012
2012_03_DET_TEN,TEN,59,0.05084745762711865,0.6779661016949152,0.09605695480932114,0.12738070982359792,1624.0,12,27.52542372881356,2012
2012_03_GB_SEA,GB,69,0.057971014492753624,0.6956521739130435,0.00241259114061927,-0.060786077996552834,1953.0,9,28.304347826086957,2012
2012_03_GB_SEA,SEA,51,0.0196078431372549,0.43137254901960786,-0.060786077996552834,0.00241259114061927,1480.0,10,29.019607843137255,2012
2012_03_HOU_DEN,DEN,75,0.013333333333333334,0.72,-0.10838588527117198,0.14712998484027504,1603.0,14,21.373333333333335,2012
2012_03_HOU_DEN,HOU,65,0.0,0.47692307692307695,0.14712998484027504,-0.10838588527117198,1808.0,14,27.815384615384616,2012
2012_03_JAX_IND,IND,73,0.0136986301369863,0.6027397260273972,0.07081340620510819,0.034872724586705865,1864.0,12,25.534246575342465,2012
2012_03_JAX_IND,JAX,55,0.0,0.4,0.034872724586705865,0.07081340620510819,1543.0,13,28.054545454545455,2012
2012_03_KC_NO,KC,91,0.0,0.5054945054945055,-0.032640951277547965,-0.05607100048837416,2452.0,15,26.945054945054945,2012
2012_03_KC_NO,NO,58,0.0,0.6896551724137931,-0.05607100048837416,-0.032640951277547965,1457.0,14,25.120689655172413,2012
2012_03_NE_BAL,BAL,64,0.5625,0.609375,0.22717796877404045,0.19449812820461884,1689.0,11,26.390625,2012
2012_03_NE_BAL,NE,76,0.4473684210526316,0.5526315789473685,0.19449812820461884,0.22717796877404045,1767.0,10,23.25,2012
2012_03_NYG_CAR,CAR,55,0.10909090909090909,0.6363636363636364,-0.0830358769262196,0.24150226221087134,1324.0,10,24.072727272727274,2012
2012_03_NYG_CAR,NYG,68,0.0,0.5735294117647058,0.24150226221087134,-0.0830358769262196,2053.0,10,30.191176470588236,2012
2012_03_NYJ_MIA,MIA,79,0.0379746835443038,0.45569620253164556,-0.01919561035236914,-0.12884900344507663,1899.0,13,24.037974683544302,2012
2012_03_NYJ_MIA,NYJ,79,0.0,0.5822784810126582,-0.12884900344507663,-0.01919561035236914,2022.0,13,25.59493670886076,2012
2012_03_PHI_ARI,ARI,59,0.0,0.4576271186440678,0.013017271454772519,-0.32267543969424173,1971.0,11,33.40677966101695,2012
2012_03_PHI_ARI,PHI,62,0.08064516129032258,0.6612903225806451,-0.32267543969424173,0.013017271454772519,1400.0,12,22.580645161290324,2012
2012_03_PIT_OAK,LV,56,0.30357142857142855,0.625,0.09540998623560486,0.24114322170893826,1362.0,10,24.321428571428573,2012
2012_03_PIT_OAK,PIT,68,0.23529411764705882,0.7058823529411765,0.24114322170893826,0.09540998623560486,2143.0,10,31.514705882352942,2012
2012_03_SF_MIN,MIN,73,0.0,0.4794520547945205,0.11941221237496984,-0.13495179398246607,1917.0,11,26.26027397260274,2012
2012_03_SF_MIN,SF,58,0.0,0.6551724137931034,-0.13495179398246607,0.11941221237496984,1522.0,10,26.24137931034483,2012
2012_03_STL_CHI,CHI,64,0.0,0.515625,-0.1707825015598077,-0.4061060672960529,1922.0,11,30.03125,2012
2012_03_STL_CHI,LA,57,0.15789473684210525,0.7017543859649122,-0.4061060672960529,-0.1707825015598077,1476.0,11,25.894736842105264,2012
2012_03_TB_DAL,DAL,63,0.15873015873015872,0.6825396825396826,-0.168925946843543,-0.18677800074922293,1910.0,13,30.317460317460316,2012
2012_03_TB_DAL,TB,54,0.05555555555555555,0.5370370370370371,-0.18677800074922293,-0.168925946843543,1521.0,11,28.166666666666668,2012
2012_04_CAR_ATL,ATL,66,0.12121212121212122,0.7121212121212122,0.12559665703544587,0.173610102825276,1722.0,12,26.09090909090909,2012
2012_04_CAR_ATL,CAR,63,0.015873015873015872,0.4444444444444444,0.173610102825276,0.12559665703544587,1719.0,13,27.285714285714285,2012
2012_04_CHI_DAL,CHI,52,0.0,0.5,0.20005920300430638,-0.10099802399238239,1761.0,10,33.86538461538461,2012
2012_04_CHI_DAL,DAL,69,0.21739130434782608,0.7971014492753623,-0.10099802399238239,0.20005920300430638,1683.0,11,24.391304347826086,2012
2012_04_CIN_JAX,CIN,62,0.03225806451612903,0.5,0.15680271519138203,-0.1723717422905336,1782.0,12,28.741935483870968,2012
2012_04_CIN_JAX,JAX,58,0.0,0.6896551724137931,-0.1723717422905336,0.15680271519138203,1576.0,10,27.17241379310345,2012
2012_04_CLE_BAL,BAL,77,0.5324675324675324,0.6493506493506493,0.046332479377210425,-0.15261111346646203,1884.0,13,24.467532467532468,2012
2012_04_CLE_BAL,CLE,67,0.0,0.746268656716418,-0.15261111346646203,0.046332479377210425,1520.0,13,22.686567164179106,2012
2012_04_LV_DEN,DEN,75,0.0,0.52,0.29969568396053003,-0.18553528209297618,2181.0,11,29.08,2012
2012_04_LV_DEN,LV,53,0.0,0.6981132075471698,-0.18553528209297618,0.29969568396053003,1255.0,10,23.67924528301887,2012
2012_04_MIA_ARI,ARI,71,0.07042253521126761,0.7887323943661971,-0.21343685060769288,-0.10007370393729623,1768.0,16,24.901408450704224,2012
2012_04_MIA_ARI,MIA,74,0.02702702702702703,0.6216216216216216,-0.10007370393729623,-0.21343685060769288,1966.0,15,26.56756756756757,2012
2012_04_MIN_DET,DET,74,0.20270270270270271,0.7297297297297297,-0.07316210229920214,-0.09661834455070581,1752.0,12,23.675675675675677,2012
2012_04_MIN_DET,MIN,56,0.017857142857142856,0.5,-0.09661834455070581,-0.07316210229920214,1683.0,10,30.053571428571427,2012
2012_04_NE_BUF,BUF,69,0.14492753623188406,0.6086956521739131,-0.11314844896832368,0.302874646837937,1632.0,16,23.652173913043477,2012
2012_04_NE_BUF,NE,77,0.19480519480519481,0.4805194805194805,0.302874646837937,-0.11314844896832368,1745.0,17,22.662337662337663,2012
2012_04_NO_GB,GB,63,0.4603174603174603,0.6507936507936508,0.2615724819180341,0.22500495563992837,1682.0,10,26.6984126984127,2012
2012_04_NO_GB,NO,75,0.05333333333333334,0.7466666666666667,0.22500495563992837,0.2615724819180341,1797.0,9,23.96,2012
2012_04_NYG_PHI,NYG,61,0.03278688524590164,0.6885245901639344,0.012779239847739132,0.15126263450337363,1539.0,10,25.229508196721312,2012
2012_04_NYG_PHI,PHI,67,0.07462686567164178,0.47761194029850745,0.15126263450337363,0.012779239847739132,1933.0,11,28.850746268656717,2012
2012_04_SD_KC,KC,64,0.15625,0.65625,-0.2954865239476896,-0.023817619733209425,1457.0,14,22.765625,2012
2012_04_SD_KC,LAC,58,0.0,0.43103448275862066,-0.023817619733209425,-0.2954865239476896,1926.0,13,33.206896551724135,2012
2012_04_SEA_STL,LA,56,0.0,0.5535714285714286,0.018209653979022633,-0.10684199693323283,1721.0,11,30.732142857142858,2012
2012_04_SEA_STL,SEA,61,0.01639344262295082,0.4426229508196721,-0.10684199693323283,0.018209653979022633,1706.0,10,27.9672131147541,2012
2012_04_SF_NYJ,NYJ,49,0.0,0.6530612244897959,-0.7407871686062292,0.12852889255486769,1271.0,12,25.93877551020408,2012
2012_04_SF_NYJ,SF,65,0.015384615384615385,0.35384615384615387,0.12852889255486769,-0.7407871686062292,2093.0,12,32.2,2012
2012_04_TEN_HOU,HOU,57,0.0,0.49122807017543857,0.14512126608334766,-0.11712415485160597,1843.0,11,32.333333333333336,2012
2012_04_TEN_HOU,TEN,58,0.0,0.5172413793103449,-0.11712415485160597,0.14512126608334766,1507.0,13,25.982758620689655,2012
2012_04_WAS_TB,TB,59,0.0,0.6949152542372882,0.02276087535458525,0.19599238548291986,1580.0,13,26.779661016949152,2012
2012_04_WAS_TB,WAS,66,0.045454545454545456,0.5454545454545454,0.19599238548291986,0.02276087535458525,1854.0,13,28.09090909090909,2012
2012_05_ARI_STL,ARI,76,0.07894736842105263,0.7763157894736842,-0.18774772696390865,-0.049746295433534746,1929.0,12,25.38157894736842,2012
2012_05_ARI_STL,LA,50,0.02,0.44,-0.049746295433534746,-0.18774772696390865,1404.0,13,28.08,2012
2012_05_ATL_WAS,ATL,79,0.13924050632911392,0.6708860759493671,0.038190653413563855,-0.11384171977392231,2082.0,13,26.354430379746834,2012
2012_05_ATL_WAS,WAS,48,0.0,0.5625,-0.11384171977392231,0.038190653413563855,1282.0,12,26.708333333333332,2012
2012_05_BAL_KC,BAL,53,0.2641509433962264,0.5849056603773585,-0.1587708341618669,-0.2609640444080051,1427.0,11,26.92452830188679,2012
2012_05_BAL_KC,KC,67,0.417910447761194,0.2537313432835821,-0.2609640444080051,-0.1587708341618669,1954.0,11,29.16417910447761,2012
2012_05_BUF_SF,BUF,45,0.0,0.6,-0.29137316805167646,0.6334582989097364,1295.0,11,28.77777777777778,2012
2012_05_BUF_SF,SF,63,0.031746031746031744,0.3968253968253968,0.6334582989097364,-0.29137316805167646,2135.0,10,33.888888888888886,2012
2012_05_CHI_JAX,CHI,73,0.0,0.547945205479452,0.3144162300612675,-0.5050455171536952,2122.0,9,29.068493150684933,2012
2012_05_CHI_JAX,JAX,52,0.0,0.6923076923076923,-0.5050455171536952,0.3144162300612675,1286.0,12,24.73076923076923,2012
2012_05_CLE_NYG,CLE,54,0.0,0.6481481481481481,0.08845577209634786,0.2874297056434117,1381.0,11,25.574074074074073,2012
2012_05_CLE_NYG,NYG,69,0.0,0.5362318840579711,0.2874297056434117,0.08845577209634786,2029.0,12,29.405797101449274,2012
2012_05_DEN_NE,DEN,65,0.3384615384615385,0.7076923076923077,0.002432085820298553,0.1372076387401473,1394.0,11,21.446153846153845,2012
2012_05_DEN_NE,NE,86,0.5116279069767442,0.4069767441860465,0.1372076387401473,0.002432085820298553,2066.0,11,24.023255813953487,2012
2012_05_GB_IND,GB,61,0.01639344262295082,0.6229508196721312,0.04234227858638077,0.07863890415716625,1393.0,16,22.83606557377049,2012
2012_05_GB_IND,IND,90,0.05555555555555555,0.6666666666666666,0.07863890415716625,0.04234227858638077,2021.0,15,22.455555555555556,2012
2012_05_HOU_NYJ,HOU,63,0.0,0.4444444444444444,0.07835137251883029,-0.1898566275376857,1980.0,12,31.428571428571427,2012
2012_05_HOU_NYJ,NYJ,58,0.10344827586206896,0.603448275862069,-0.1898566275376857,0.07835137251883029,1359.0,12,23.43103448275862,2012
2012_05_MIA_CIN,CIN,65,0.0,0.7076923076923077,-0.2252556678076563,-0.14505377134849753,1778.0,13,27.353846153846153,2012
2012_05_MIA_CIN,MIA,59,0.0,0.4745762711864407,-0.14505377134849753,-0.2252556678076563,1574.0,13,26.677966101694917,2012
2012_05_PHI_PIT,PHI,56,0.10714285714285714,0.5892857142857143,0.005552775602307091,0.017020532128125366,1525.0,9,27.232142857142858,2012
2012_05_PHI_PIT,PIT,66,0.015151515151515152,0.5303030303030303,0.017020532128125366,0.005552775602307091,1950.0,9,29.545454545454547,2012
2012_05_SD_NO,LAC,65,0.0,0.7230769230769231,0.1065534600462529,0.18803381324024857,1769.0,11,27.215384615384615,2012
2012_05_SD_NO,NO,67,0.0,0.7164179104477612,0.18803381324024857,0.1065534600462529,1705.0,12,25.44776119402985,2012
2012_05_SEA_CAR,CAR,52,0.019230769230769232,0.6346153846153846,-0.4292115980868064,-0.11378410245486673,1416.0,11,27.23076923076923,2012
2012_05_SEA_CAR,SEA,61,0.0,0.4426229508196721,-0.11378410245486673,-0.4292115980868064,2071.0,13,33.950819672131146,2012
2012_05_TEN_MIN,MIN,66,0.0,0.5454545454545454,0.18130992188298722,-0.08733800146106499,1920.0,11,29.09090909090909,2012
2012_05_TEN_MIN,TEN,67,0.0,0.7313432835820896,-0.08733800146106499,0.18130992188298722,1525.0,12,22.761194029850746,2012
2012_06_BUF_ARI,ARI,70,0.04285714285714286,0.5714285714285714,-0.1614544717790892,-0.15041363596350182,1841.0,13,26.3,2012
2012_06_BUF_ARI,BUF,67,0.0,0.5074626865671642,-0.15041363596350182,-0.1614544717790892,1737.0,14,25.925373134328357,2012
2012_06_CIN_CLE,CIN,66,0.18181818181818182,0.696969696969697,-0.15244463340603098,-0.048388517730348544,1702.0,16,25.78787878787879,2012
2012_06_CIN_CLE,CLE,64,0.0,0.484375,-0.048388517730348544,-0.15244463340603098,1698.0,15,26.53125,2012
2012_06_DAL_BAL,BAL,48,0.5208333333333334,0.5625,0.2995348088517978,0.23529108512056993,1164.0,10,24.25,2012
2012_06_DAL_BAL,DAL,80,0.0625,0.475,0.23529108512056993,0.2995348088517978,2329.0,10,29.1125,2012
2012_06_DEN_SD,DEN,52,0.0,0.5769230769230769,0.13280967250802786,-0.2809430433277683,1469.0,12,28.25,2012
2012_06_DEN_SD,LAC,71,0.0,0.6197183098591549,-0.2809430433277683,0.13280967250802786,1921.0,13,27.056338028169016,2012
2012_06_DET_PHI,DET,73,0.0684931506849315,0.6164383561643836,-0.001858450676915218,-0.14817628060515198,1758.0,14,24.08219178082192,2012
2012_06_DET_PHI,PHI,76,0.05263157894736842,0.618421052631579,-0.14817628060515198,-0.001858450676915218,1896.0,15,24.94736842105263,2012
2012_06_GB_HOU,GB,70,0.0,0.5571428571428572,0.21434068360739583,-0.10932679535659845,1628.0,12,23.257142857142856,2012
2012_06_GB_HOU,HOU,69,0.0,0.5942028985507246,-0.10932679535659845,0.21434068360739583,1822.0,12,26.405797101449274,2012
2012_06_IND_NYJ,IND,62,0.0,0.7419354838709677,-0.12165670311494516,0.2878782122944062,1422.0,11,22.93548387096774,2012
2012_06_IND_NYJ,NYJ,63,0.0,0.31746031746031744,0.2878782122944062,-0.12165670311494516,1968.0,11,31.238095238095237,2012
2012_06_KC_TB,KC,68,0.0,0.5588235294117647,-0.3569359646075295,0.4548214178658987,1880.0,11,27.647058823529413,2012
2012_06_KC_TB,TB,49,0.0,0.5306122448979592,0.4548214178658987,-0.3569359646075295,1493.0,12,30.46938775510204,2012
2012_06_LV_ATL,ATL,53,0.2830188679245283,0.7169811320754716,-0.19469714456852413,-0.06702824235064361,1321.0,12,24.92452830188679,2012
2012_06_LV_ATL,LV,68,0.04411764705882353,0.5294117647058824,-0.06702824235064361,-0.19469714456852413,2062.0,14,30.323529411764707,2012
2012_06_MIN_WAS,MIN,82,0.08536585365853659,0.7073170731707317,-0.008251307088701776,0.29092856616481194,1827.0,11,22.28048780487805,2012
2012_06_MIN_WAS,WAS,53,0.0,0.4339622641509434,0.29092856616481194,-0.008251307088701776,1606.0,11,30.30188679245283,2012
2012_06_NE_SEA,NE,84,0.27380952380952384,0.6904761904761905,0.043206291964544126,0.03504055231619164,1966.0,12,23.404761904761905,2012
2012_06_NE_SEA,SEA,53,0.018867924528301886,0.5471698113207547,0.03504055231619164,0.043206291964544126,1460.0,12,27.547169811320753,2012
2012_06_NYG_SF,NYG,63,0.015873015873015872,0.4444444444444444,0.013725905544328176,-0.24951796219531028,1837.0,12,29.158730158730158,2012
2012_06_NYG_SF,SF,60,0.08333333333333333,0.7166666666666667,-0.24951796219531028,0.013725905544328176,1569.0,12,26.15,2012
2012_06_PIT_TEN,PIT,63,0.015873015873015872,0.6507936507936508,0.0843137369362305,-0.03765526453823029,1739.0,11,27.603174603174605,2012
2012_06_PIT_TEN,TEN,69,0.043478260869565216,0.6811594202898551,-0.03765526453823029,0.0843137369362305,1721.0,12,24.942028985507246,2012
2012_06_STL_MIA,LA,70,0.014285714285714285,0.6142857142857143,0.2055862542758454,-0.0744540138857525,1924.0,10,27.485714285714284,2012
2012_06_STL_MIA,MIA,48,0.0,0.6458333333333334,-0.0744540138857525,0.2055862542758454,1512.0,10,31.5,2012
2012_07_ARI_MIN,ARI,69,0.0,0.6231884057971014,-0.14514903438714724,-0.19245662156789245,2011.0,13,29.144927536231883,2012
2012_07_ARI_MIN,MIN,47,0.0,0.425531914893617,-0.19245662156789245,-0.14514903438714724,1395.0,12,29.680851063829788,2012
2012_07_BAL_HOU,BAL,59,0.01694915254237288,0.7966101694915254,-0.4538656614463491,0.20598753670554845,1208.0,13,20.47457627118644,2012
2012_07_BAL_HOU,HOU,74,0.0,0.5135135135135135,0.20598753670554845,-0.4538656614463491,2201.0,12,29.743243243243242,2012
2012_07_CLE_IND,CLE,58,0.0,0.7068965517241379,0.09401707031061299,0.07533419756357497,1436.0,10,24.75862068965517,2012
2012_07_CLE_IND,IND,69,0.014492753623188406,0.463768115942029,0.07533419756357497,0.09401707031061299,2060.0,9,29.855072463768117,2012
2012_07_DAL_CAR,CAR,59,0.0847457627118644,0.6440677966101694,-0.053966628661907386,-0.0076287496654067755,1517.0,11,25.71186440677966,2012
2012_07_DAL_CAR,DAL,64,0.0,0.53125,-0.0076287496654067755,-0.053966628661907386,1947.0,11,30.421875,2012
2012_07_DET_CHI,CHI,68,0.029411764705882353,0.5441176470588235,-0.08262198599752676,-0.16869413546882153,1941.0,14,28.544117647058822,2012
2012_07_DET_CHI,DET,67,0.26865671641791045,0.7313432835820896,-0.16869413546882153,-0.08262198599752676,1437.0,12,21.44776119402985,2012
2012_07_GB_STL,GB,64,0.15625,0.609375,0.23807638814840545,0.02428200053231217,1917.0,11,29.953125,2012
2012_07_GB_STL,LA,58,0.05172413793103448,0.6206896551724138,0.02428200053231217,0.23807638814840545,1566.0,10,27.0,2012
2012_07_JAX_OAK,JAX,59,0.01694915254237288,0.576271186440678,-0.3337142846464905,-0.17412150833098958,1654.0,17,28.033898305084747,2012
2012_07_JAX_OAK,LV,72,0.25,0.6527777777777778,-0.17412150833098958,-0.3337142846464905,1830.0,16,25.416666666666668,2012
2012_07_NO_TB,NO,62,0.016129032258064516,0.5806451612903226,0.32739012251314903,0.3469071920255037,1524.0,10,24.580645161290324,2012
2012_07_NO_TB,TB,67,0.0,0.6268656716417911,0.3469071920255037,0.32739012251314903,1951.0,11,29.119402985074625,2012
2012_07_NYJ_NE,NE,74,0.3783783783783784,0.581081081081081,0.0768105427864914,0.1074038301699442,1829.0,13,24.716216216216218,2012
2012_07_NYJ_NE,NYJ,78,0.01282051282051282,0.5769230769230769,0.1074038301699442,0.0768105427864914,2087.0,12,26.756410256410255,2012
2012_07_PIT_CIN,CIN,48,0.0,0.5833333333333334,-0.12233333632339699,0.12606346737132249,1250.0,11,26.041666666666668,2012
2012_07_PIT_CIN,PIT,70,0.0,0.6,0.12606346737132249,-0.12233333632339699,2156.0,11,30.8,2012
2012_07_SEA_SF,SEA,53,0.0,0.4716981132075472,-0.11416418733298093,0.07475251574729948,1571.0,10,29.641509433962263,2012
2012_07_SEA_SF,SF,55,0.0,0.45454545454545453,0.07475251574729948,-0.11416418733298093,1841.0,10,33.472727272727276,2012
2012_07_TEN_BUF,BUF,60,0.03333333333333333,0.6,0.1653035752191555,0.3347609365553749,1788.0,10,29.8,2012
2012_07_TEN_BUF,TEN,61,0.06557377049180328,0.5737704918032787,0.3347609365553749,0.1653035752191555,1727.0,10,28.311475409836067,2012
2012_07_WAS_NYG,NYG,59,0.0,0.6949152542372882,0.15803435707944932,0.06644757386337986,1521.0,11,25.779661016949152,2012
2012_07_WAS_NYG,WAS,69,0.0,0.4492753623188406,0.06644757386337986,0.15803435707944932,1901.0,12,27.55072463768116,2012
2012_08_ATL_PHI,ATL,68,0.058823529411764705,0.45588235294117646,0.16601983101515194,-0.010061408639192915,1934.0,9,28.441176470588236,2012
2012_08_ATL_PHI,PHI,61,0.03278688524590164,0.6065573770491803,-0.010061408639192915,0.16601983101515194,1583.0,10,25.950819672131146,2012
2012_08_CAR_CHI,CAR,77,0.03896103896103896,0.5324675324675324,-0.07530978982889804,-0.18880306412175607,2125.0,12,27.5974025974026,2012
2012_08_CAR_CHI,CHI,53,0.11320754716981132,0.6415094339622641,-0.18880306412175607,-0.07530978982889804,1321.0,11,24.92452830188679,2012
2012_08_IND_TEN,IND,73,0.1780821917808219,0.547945205479452,0.2078623807724089,0.17799414464017865,1962.0,9,26.876712328767123,2012
2012_08_IND_TEN,TEN,56,0.0,0.5535714285714286,0.17799414464017865,0.2078623807724089,1806.0,7,32.25,2012
2012_08_JAX_GB,GB,63,0.15873015873015872,0.6031746031746031,-0.16517993829569674,-0.19318882983939278,1664.0,13,26.41269841269841,2012
2012_08_JAX_GB,JAX,72,0.027777777777777776,0.7222222222222222,-0.19318882983939278,-0.16517993829569674,1766.0,13,24.52777777777778,2012
2012_08_LV_KC,KC,58,0.10344827586206896,0.6379310344827587,-0.24591153928639803,-0.024217428181370248,1762.0,13,30.379310344827587,2012
2012_08_LV_KC,LV,61,0.21311475409836064,0.45901639344262296,-0.024217428181370248,-0.24591153928639803,1617.0,14,26.508196721311474,2012
2012_08_MIA_NYJ,MIA,55,0.14545454545454545,0.4727272727272727,-0.21154380106412662,-0.17203484548652184,1554.0,14,28.254545454545454,2012
2012_08_MIA_NYJ,NYJ,80,0.1625,0.7375,-0.17203484548652184,-0.21154380106412662,1760.0,14,22.0,2012
2012_08_NE_STL,LA,56,0.0,0.5892857142857143,-0.15596298270722256,0.4296424477719645,1780.0,10,31.785714285714285,2012
2012_08_NE_STL,NE,66,0.0,0.5757575757575758,0.4296424477719645,-0.15596298270722256,1706.0,11,25.848484848484848,2012
2012_08_NO_DEN,DEN,70,0.014285714285714285,0.42857142857142855,0.2796834155100759,-0.10698059039644225,2046.0,12,29.228571428571428,2012
2012_08_NO_DEN,NO,59,0.0,0.7288135593220338,-0.10698059039644225,0.2796834155100759,1359.0,12,23.033898305084747,2012
2012_08_NYG_DAL,DAL,81,0.012345679012345678,0.8024691358024691,-0.1609734016055288,-0.20727658532290258,1825.0,15,22.530864197530864,2012
2012_08_NYG_DAL,NYG,58,0.0,0.5172413793103449,-0.20727658532290258,-0.1609734016055288,1560.0,14,26.896551724137932,2012
2012_08_SD_CLE,CLE,60,0.016666666666666666,0.48333333333333334,-0.09787942110269032,-0.22998521441891887,1565.0,11,26.083333333333332,2012
2012_08_SD_CLE,LAC,68,0.04411764705882353,0.5,-0.22998521441891887,-0.09787942110269032,1765.0,11,25.955882352941178,2012
2012_08_SEA_DET,DET,73,0.0684931506849315,0.6986301369863014,0.27807041123094167,0.15136500006876102,2032.0,9,27.835616438356166,2012
2012_08_SEA_DET,SEA,54,0.018518518518518517,0.6481481481481481,0.15136500006876102,0.27807041123094167,1457.0,10,26.98148148148148,2012
2012_08_SF_ARI,ARI,65,0.18461538461538463,0.8615384615384616,-0.1437429851874983,0.14832506094973386,1633.0,10,25.123076923076923,2012
2012_08_SF_ARI,SF,52,0.0,0.4423076923076923,0.14832506094973386,-0.1437429851874983,1652.0,10,31.76923076923077,2012
2012_08_TB_MIN,MIN,59,0.0,0.6440677966101694,-0.24847729124614504,0.1154627947143459,1206.0,14,20.440677966101696,2012
2012_08_TB_MIN,TB,77,0.0,0.4935064935064935,0.1154627947143459,-0.24847729124614504,2171.0,14,28.194805194805195,2012
2012_08_WAS_PIT,PIT,61,0.16393442622950818,0.5573770491803278,0.21506108594657194,0.004873926443221462,1943.0,9,31.852459016393443,2012
2012_08_WAS_PIT,WAS,55,0.0,0.6545454545454545,0.004873926443221462,0.21506108594657194,1492.0,10,27.12727272727273,2012
2012_09_ARI_GB,ARI,66,0.07575757575757576,0.7272727272727273,-0.12438282728336769,0.09743982768478882,1499.0,13,22.71212121212121,2012
2012_09_ARI_GB,GB,66,0.19696969696969696,0.4696969696969697,0.09743982768478882,-0.12438282728336769,1877.0,15,28.439393939393938,2012
2012_09_BAL_CLE,BAL,62,0.08064516129032258,0.41935483870967744,0.02037578276044258,-0.2554188202155992,1781.0,13,28.725806451612904,2012
2012_09_BAL_CLE,CLE,65,0.046153846153846156,0.5846153846153846,-0.2554188202155992,0.02037578276044258,1635.0,12,25.153846153846153,2012
2012_09_BUF_HOU,BUF,57,0.0,0.7192982456140351,-0.1426553801658877,0.19023363601913681,1455.0,11,25.526315789473685,2012
2012_09_BUF_HOU,HOU,60,0.0,0.48333333333333334,0.19023363601913681,-0.1426553801658877,1968.0,11,32.8,2012
2012_09_CAR_WAS,CAR,50,0.02,0.46,0.25384745540871473,0.04699177837824778,1428.0,9,28.56,2012
2012_09_CAR_WAS,WAS,75,0.09333333333333334,0.5733333333333334,0.04699177837824778,0.25384745540871473,2037.0,10,27.16,2012
2012_09_CHI_TEN,CHI,62,0.0,0.46774193548387094,0.02058004891223964,-0.4877867373136059,2124.0,14,34.25806451612903,2012
2012_09_CHI_TEN,TEN,56,0.017857142857142856,0.6785714285714286,-0.4877867373136059,0.02058004891223964,1240.0,16,22.142857142857142,2012
2012_09_DAL_ATL,ATL,63,0.015873015873015872,0.5873015873015873,0.18082671739343503,0.11837667363049369,1913.0,9,30.365079365079364,2012
2012_09_DAL_ATL,DAL,54,0.09259259259259259,0.6666666666666666,0.11837667363049369,0.18082671739343503,1587.0,9,29.38888888888889,2012
2012_09_DEN_CIN,CIN,71,0.0,0.647887323943662,0.048953051490921516,0.18130422254764259,1700.0,12,23.943661971830984,2012
2012_09_DEN_CIN,DEN,59,0.0,0.5932203389830508,0.18130422254764259,0.048953051490921516,1763.0,11,29.88135593220339,2012
2012_09_DET_JAX,DET,66,0.0,0.5151515151515151,0.3512208274525271,0.022461276526574304,2069.0,9,31.348484848484848,2012
2012_09_DET_JAX,JAX,61,0.01639344262295082,0.6721311475409836,0.022461276526574304,0.3512208274525271,1414.0,9,23.18032786885246,2012
2012_09_KC_SD,KC,60,0.0,0.5,-0.16587201981493435,0.26027112918335915,1822.0,9,30.366666666666667,2012
2012_09_KC_SD,LAC,47,0.0,0.44680851063829785,0.26027112918335915,-0.16587201981493435,1649.0,7,35.08510638297872,2012
2012_09_MIA_IND,IND,75,0.02666666666666667,0.6533333333333333,0.2688596688794883,0.1669187515836888,2002.0,10,26.69333333333333,2012
2012_09_MIA_IND,MIA,57,0.017543859649122806,0.7017543859649122,0.1669187515836888,0.2688596688794883,1431.0,10,25.105263157894736,2012
2012_09_MIN_SEA,MIN,53,0.0,0.49056603773584906,-0.015126239042497106,0.24718452578420375,1368.0,10,25.81132075471698,2012
2012_09_MIN_SEA,SEA,70,0.0,0.37142857142857144,0.24718452578420375,-0.015126239042497106,2084.0,10,29.771428571428572,2012
2012_09_PHI_NO,NO,53,0.0,0.5471698113207547,0.2760876795237703,0.10637523353221665,1536.0,10,28.9811320754717,2012
2012_09_PHI_NO,PHI,75,0.0,0.6133333333333333,0.10637523353221665,0.2760876795237703,1930.0,11,25.733333333333334,2012
2012_09_PIT_NYG,NYG,48,0.0,0.5416666666666666,-0.203417390811641,-0.06855946564413845,1395.0,10,29.0625,2012
2012_09_PIT_NYG,PIT,65,0.06153846153846154,0.5076923076923077,-0.06855946564413845,-0.203417390811641,1995.0,12,30.692307692307693,2012
2012_09_TB_OAK,LV,76,0.32894736842105265,0.8552631578947368,-0.041962085010805054,0.36023834688815753,1844.0,13,24.263157894736842,2012
2012_09_TB_OAK,TB,62,0.016129032258064516,0.5,0.36023834688815753,-0.041962085010805054,1619.0,14,26.112903225806452,2012
2012_10_ATL_NO,ATL,71,0.0,0.7464788732394366,0.17086173656793882,0.35270103612660925,1873.0,12,26.380281690140844,2012
2012_10_ATL_NO,NO,60,0.0,0.5333333333333333,0.35270103612660925,0.17086173656793882,1569.0,12,26.15,2012
2012_10_BUF_NE,BUF,71,0.056338028169014086,0.6056338028169014,0.28389810427594264,0.19620497014135826,1985.0,10,27.95774647887324,2012
2012_10_BUF_NE,NE,68,0.35294117647058826,0.5735294117647058,0.19620497014135826,0.28389810427594264,1492.0,11,21.941176470588236,2012
2012_10_DAL_PHI,DAL,53,0.0,0.5471698113207547,0.08328915108827567,-0.14384032542986772,1606.0,11,30.30188679245283,2012
2012_10_DAL_PHI,PHI,65,0.046153846153846156,0.6461538461538462,-0.14384032542986772,0.08328915108827567,1811.0,14,27.861538461538462,2012
2012_10_DEN_CAR,CAR,64,0.125,0.671875,-0.32618744548869694,-0.13082990231555974,1741.0,15,27.203125,2012
2012_10_DEN_CAR,DEN,59,0.4406779661016949,0.6610169491525424,-0.13082990231555974,-0.32618744548869694,1578.0,14,26.74576271186441,2012
2012_10_DET_MIN,DET,61,0.0,0.7213114754098361,0.017321402368027296,0.1383226896391535,1439.0,13,23.59016393442623,2012
2012_10_DET_MIN,MIN,66,0.0,0.5,0.1383226896391535,0.017321402368027296,1970.0,13,29.848484848484848,2012
2012_10_HOU_CHI,CHI,56,0.05357142857142857,0.5892857142857143,-0.49614438356598584,-0.280879337369508,1607.0,14,28.696428571428573,2012
2012_10_HOU_CHI,HOU,60,0.0,0.45,-0.280879337369508,-0.49614438356598584,1742.0,14,29.033333333333335,2012
2012_10_IND_JAX,IND,61,0.03278688524590164,0.45901639344262296,0.046432514344330524,-0.18844387921806044,2027.0,11,33.22950819672131,2012
2012_10_IND_JAX,JAX,63,0.42857142857142855,0.8095238095238095,-0.18844387921806044,0.046432514344330524,1377.0,11,21.857142857142858,2012
2012_10_KC_PIT,KC,62,0.04838709677419355,0.43548387096774194,-0.13861821675468927,-0.22728356147081094,1663.0,13,26.822580645161292,2012
2012_10_KC_PIT,PIT,61,0.01639344262295082,0.5245901639344263,-0.22728356147081094,-0.13861821675468927,1788.0,13,29.311475409836067,2012
2012_10_LV_BAL,BAL,62,0.3709677419354839,0.5483870967741935,0.29007005583104767,-0.03349531223172071,1531.0,14,24.693548387096776,2012
2012_10_LV_BAL,LV,73,0.273972602739726,0.6712328767123288,-0.03349531223172071,0.29007005583104767,1869.0,14,25.602739726027398,2012
2012_10_NYG_CIN,CIN,56,0.0,0.5357142857142857,0.08787232424515841,-0.2816794027011725,1715.0,12,30.625,2012
2012_10_NYG_CIN,NYG,70,0.0,0.7142857142857143,-0.2816794027011725,0.08787232424515841,1674.0,12,23.914285714285715,2012
2012_10_NYJ_SEA,NYJ,50,0.02,0.56,-0.42453743251748477,0.0061169052050195905,1314.0,11,26.28,2012
2012_10_NYJ_SEA,SEA,65,0.015384615384615385,0.36923076923076925,0.0061169052050195905,-0.42453743251748477,2056.0,13,31.630769230769232,2012
2012_10_SD_TB,LAC,65,0.03076923076923077,0.6,0.06654207807792999,0.24515312389586544,2126.0,10,32.707692307692305,2012
2012_10_SD_TB,TB,43,0.0,0.4883720930232558,0.24515312389586544,0.06654207807792999,1327.0,8,30.86046511627907,2012
2012_10_STL_SF,LA,78,0.01282051282051282,0.5256410256410257,0.2581119222191175,0.14540161110338048,2347.0,13,30.08974358974359,2012
2012_10_STL_SF,SF,64,0.0,0.46875,0.14540161110338048,0.2581119222191175,1985.0,11,31.015625,2012
2012_10_TEN_MIA,MIA,55,0.10909090909090909,0.7454545454545455,-0.4401839640248932,0.1295359458781714,1457.0,12,26.490909090909092,2012
2012_10_TEN_MIA,TEN,57,0.0,0.40350877192982454,0.1295359458781714,-0.4401839640248932,1883.0,11,33.03508771929825,2012
2012_11_ARI_ATL,ARI,56,0.0,0.5357142857142857,-0.4906716159633256,-0.38475089548214936,1512.0,15,27.0,2012
2012_11_ARI_ATL,ATL,68,0.0,0.6911764705882353,-0.38475089548214936,-0.4906716159633256,1811.0,15,26.63235294117647,2012
2012_11_BAL_PIT,BAL,56,0.03571428571428571,0.6071428571428571,-0.21726598720089227,-0.14064008498882832,1525.0,12,27.232142857142858,2012
2012_11_BAL_PIT,PIT,69,0.014492753623188406,0.6086956521739131,-0.14064008498882832,-0.21726598720089227,1844.0,13,26.72463768115942,2012
2012_11_CHI_SF,CHI,56,0.07142857142857142,0.5,-0.33477566144162924,0.2168208341853925,1704.0,11,30.428571428571427,2012
2012_11_CHI_SF,SF,53,0.018867924528301886,0.4716981132075472,0.2168208341853925,-0.33477566144162924,1709.0,12,32.24528301886792,2012
2012_11_CIN_KC,CIN,69,0.07246376811594203,0.4492753623188406,0.23625206109236963,-0.29055996994366146,2052.0,11,29.73913043478261,2012
2012_11_CIN_KC,KC,59,0.3050847457627119,0.5423728813559322,-0.29055996994366146,0.23625206109236963,1395.0,12,23.64406779661017,2012
2012_11_CLE_DAL,CLE,68,0.0,0.5147058823529411,-0.06566233213493797,-0.0050093464917363335,1738.0,13,25.558823529411764,2012
2012_11_CLE_DAL,DAL,77,0.012987012987012988,0.7272727272727273,-0.0050093464917363335,-0.06566233213493797,2200.0,13,28.571428571428573,2012
2012_11_GB_DET,DET,67,0.04477611940298507,0.6417910447761194,-0.07625138686492933,0.021393920768481157,1702.0,12,25.402985074626866,2012
2012_11_GB_DET,GB,59,0.03389830508474576,0.5084745762711864,0.021393920768481157,-0.07625138686492933,1753.0,11,29.71186440677966,2012
2012_11_IND_NE,IND,75,0.09333333333333334,0.68,-0.1349546076546287,0.45973532537240863,1851.0,13,24.68,2012
2012_11_IND_NE,NE,60,0.13333333333333333,0.5833333333333334,0.45973532537240863,-0.1349546076546287,1589.0,9,26.483333333333334,2012
2012_11_JAX_HOU,HOU,92,0.0,0.6195652173913043,0.16920381905896706,0.1720601472466437,2397.0,16,26.054347826086957,2012
2012_11_JAX_HOU,JAX,65,0.0,0.5538461538461539,0.1720601472466437,0.16920381905896706,1803.0,15,27.73846153846154,2012
2012_11_MIA_BUF,BUF,60,0.0,0.5,-0.14985761484525073,-0.3675433834653848,1972.0,12,32.86666666666667,2012
2012_11_MIA_BUF,MIA,55,0.03636363636363636,0.5636363636363636,-0.3675433834653848,-0.14985761484525073,1402.0,12,25.490909090909092,2012
2012_11_NO_OAK,LV,68,0.16176470588235295,0.6176470588235294,-0.08946725239376847,0.32988422118212113,1803.0,11,26.514705882352942,2012
2012_11_NO_OAK,NO,53,0.0,0.5094339622641509,0.32988422118212113,-0.08946725239376847,1647.0,10,31.07547169811321,2012
2012_11_NYJ_STL,LA,65,0.07692307692307693,0.6923076923076923,-0.22335358708940556,0.03818883946698231,1536.0,12,23.630769230769232,2012
2012_11_NYJ_STL,NYJ,63,0.0,0.38095238095238093,0.03818883946698231,-0.22335358708940556,1872.0,13,29.714285714285715,2012
2012_11_PHI_WAS,PHI,71,0.028169014084507043,0.704225352112676,-0.3025538691882313,0.2704268208938651,1790.0,11,25.211267605633804,2012
2012_11_PHI_WAS,WAS,50,0.02,0.34,0.2704268208938651,-0.3025538691882313,1621.0,12,32.42,2012
2012_11_SD_DEN,DEN,69,0.0,0.6521739130434783,-0.10890774062532915,-0.28725941077515454,1617.0,17,23.434782608695652,2012
2012_11_SD_DEN,LAC,67,0.0,0.6567164179104478,-0.28725941077515454,-0.10890774062532915,1726.0,16,25.761194029850746,2012
2012_11_TB_CAR,CAR,63,0.0,0.47619047619047616,-0.09165942167318092,-0.0014256810825810271,1825.0,12,28.96825396825397,2012
2012_11_TB_CAR,TB,76,0.02631578947368421,0.6052631578947368,-0.0014256810825810271,-0.09165942167318092,1836.0,14,24.157894736842106,2012
2012_12_ATL_TB,ATL,57,0.0,0.5789473684210527,0.15478251045718816,0.2036887383907175,1717.0,10,30.12280701754386,2012
2012_12_ATL_TB,TB,54,0.0,0.6111111111111112,0.2036887383907175,0.15478251045718816,1793.0,9,33.2037037037037,2012
2012_12_BAL_SD,BAL,91,0.0,0.6153846153846154,0.006281289079367038,-0.059535827535097466,2252.0,13,24.747252747252748,2012
2012_12_BAL_SD,LAC,65,0.0,0.6461538461538462,-0.059535827535097466,0.006281289079367038,1981.0,12,30.476923076923075,2012
2012_12_BUF_IND,BUF,58,0.0,0.603448275862069,-0.03602283813462408,0.031225033347094304,1603.0,11,27.637931034482758,2012
2012_12_BUF_IND,IND,66,0.030303030303030304,0.6060606060606061,0.031225033347094304,-0.03602283813462408,1799.0,10,27.257575757575758,2012
2012_12_CAR_PHI,CAR,63,0.0,0.47619047619047616,0.2073364242133622,-0.09191316063143859,1983.0,12,31.476190476190474,2012
2012_12_CAR_PHI,PHI,49,0.0,0.46938775510204084,-0.09191316063143859,0.2073364242133622,1434.0,11,29.26530612244898,2012
2012_12_DEN_KC,DEN,63,0.31746031746031744,0.6190476190476191,0.11866790339544307,-0.1250767313120294,1629.0,10,25.857142857142858,2012
2012_12_DEN_KC,KC,58,0.0,0.4827586206896552,-0.1250767313120294,0.11866790339544307,1820.0,11,31.379310344827587,2012
2012_12_GB_NYG,GB,58,0.1206896551724138,0.5517241379310345,-0.18249327719485225,0.2790900813915014,1640.0,11,28.275862068965516,2012
2012_12_GB_NYG,NYG,61,0.0,0.5081967213114754,0.2790900813915014,-0.18249327719485225,1814.0,11,29.737704918032787,2012
2012_12_HOU_DET,DET,87,0.022988505747126436,0.735632183908046,0.10017312728452964,0.1998790189847643,2124.0,15,24.413793103448278,2012
2012_12_HOU_DET,HOU,78,0.01282051282051282,0.6410256410256411,0.1998790189847643,0.10017312728452964,2002.0,16,25.666666666666668,2012
2012_12_LV_CIN,CIN,63,0.0,0.5079365079365079,0.216447806950178,-0.4183413268557208,1744.0,13,27.682539682539684,2012
2012_12_LV_CIN,LV,61,0.0,0.6229508196721312,-0.4183413268557208,0.216447806950178,1654.0,12,27.114754098360656,2012
2012_12_MIN_CHI,CHI,71,0.04225352112676056,0.4507042253521127,-0.0789200899662916,-0.2895959065679727,2161.0,13,30.43661971830986,2012
2012_12_MIN_CHI,MIN,65,0.1076923076923077,0.6923076923076923,-0.2895959065679727,-0.0789200899662916,1262.0,12,19.415384615384614,2012
2012_12_NE_NYJ,NE,62,0.25806451612903225,0.4032258064516129,0.3747992503617961,-0.2117079031806637,1731.0,12,27.919354838709676,2012
2012_12_NE_NYJ,NYJ,64,0.140625,0.5625,-0.2117079031806637,0.3747992503617961,1700.0,14,26.5625,2012
2012_12_PIT_CLE,CLE,64,0.0,0.46875,-0.2951935718482794,-0.5838867605444191,1861.0,16,29.078125,2012
2012_12_PIT_CLE,PIT,55,0.01818181818181818,0.6363636363636364,-0.5838867605444191,-0.2951935718482794,1469.0,15,26.70909090909091,2012
2012_12_SEA_MIA,MIA,52,0.11538461538461539,0.4807692307692308,0.36480341182233655,0.13641854601506626,1571.0,11,30.21153846153846,2012
2012_12_SEA_MIA,SEA,56,0.0,0.5178571428571429,0.13641854601506626,0.36480341182233655,1866.0,10,33.32142857142857,2012
2012_12_SF_NO,NO,64,0.0,0.703125,-0.27859134209129155,0.18121048629883468,1698.0,14,26.53125,2012
2012_12_SF_NO,SF,56,0.0,0.44642857142857145,0.18121048629883468,-0.27859134209129155,1750.0,10,31.25,2012
2012_12_STL_ARI,ARI,76,0.013157894736842105,0.6973684210526315,-0.2920519026271493,0.06979110987984606,1800.0,14,23.68421052631579,2012
2012_12_STL_ARI,LA,53,0.0,0.37735849056603776,0.06979110987984606,-0.2920519026271493,1526.0,12,28.79245283018868,2012
2012_12_TEN_JAX,JAX,59,0.06779661016949153,0.559322033898305,0.03583935011985223,0.021458533749762893,1690.0,12,28.64406779661017,2012
2012_12_TEN_JAX,TEN,70,0.12857142857142856,0.5857142857142857,0.021458533749762893,0.03583935011985223,1763.0,12,25.185714285714287,2012
2012_12_WAS_DAL,DAL,74,0.32432432432432434,0.8513513513513513,0.09397126088287013,0.28185191274714366,1604.0,13,21.675675675675677,2012
2012_12_WAS_DAL,WAS,60,0.0,0.5166666666666667,0.28185191274714366,0.09397126088287013,1823.0,13,30.383333333333333,2012
2012_13_ARI_NYJ,ARI,54,0.0,0.6111111111111112,-0.6214997498438593,-0.27992729725251725,1202.0,14,22.25925925925926,2012
2012_13_ARI_NYJ,NYJ,74,0.0,0.4189189189189189,-0.27992729725251725,-0.6214997498438593,2162.0,14,29.216216216216218,2012
2012_13_CAR_KC,CAR,51,0.0,0.5686274509803921,0.31419650096672636,0.23122554204635268,1328.0,8,26.03921568627451,2012
2012_13_CAR_KC,KC,67,0.014925373134328358,0.3582089552238806,0.23122554204635268,0.31419650096672636,2196.0,8,32.776119402985074,2012
2012_13_CIN_SD,CIN,71,0.0,0.5492957746478874,-0.14550455007558263,-0.180091228905175,1926.0,12,27.12676056338028,2012
2012_13_CIN_SD,LAC,62,0.0,0.8225806451612904,-0.180091228905175,-0.14550455007558263,1520.0,10,24.516129032258064,2012
2012_13_CLE_OAK,CLE,66,0.0,0.5606060606060606,0.20358408746965784,0.18599087922418672,1869.0,10,28.318181818181817,2012
2012_13_CLE_OAK,LV,69,0.4057971014492754,0.7536231884057971,0.18599087922418672,0.20358408746965784,1592.0,10,23.07246376811594,2012
2012_13_HOU_TEN,HOU,67,0.0,0.5223880597014925,-0.013851029116894032,-0.33435227664097616,1881.0,15,28.074626865671643,2012
2012_13_HOU_TEN,TEN,67,0.11940298507462686,0.746268656716418,-0.33435227664097616,-0.013851029116894032,1438.0,15,21.46268656716418,2012
2012_13_IND_DET,DET,75,0.02666666666666667,0.6133333333333333,0.01983727995149703,0.121973185702607,2126.0,16,28.346666666666668,2012
2012_13_IND_DET,IND,71,0.11267605633802817,0.7464788732394366,0.121973185702607,0.01983727995149703,1241.0,16,17.47887323943662,2012
2012_13_JAX_BUF,BUF,62,0.0,0.27419354838709675,0.08402942425493251,-0.34698409214602766,2032.0,13,32.774193548387096,2012
2012_13_JAX_BUF,JAX,63,0.06349206349206349,0.7142857142857143,-0.34698409214602766,0.08402942425493251,1388.0,14,22.03174603174603,2012
2012_13_MIN_GB,GB,73,0.1232876712328767,0.5068493150684932,0.1868533342965304,0.024106061583856645,2247.0,11,30.78082191780822,2012
2012_13_MIN_GB,MIN,53,0.0,0.4716981132075472,0.024106061583856645,0.1868533342965304,1215.0,11,22.92452830188679,2012
2012_13_NE_MIA,MIA,58,0.017241379310344827,0.5344827586206896,-0.17381745028783324,0.07937428231987656,1489.0,11,25.67241379310345,2012
2012_13_NE_MIA,NE,73,0.1232876712328767,0.589041095890411,0.07937428231987656,-0.17381745028783324,1881.0,12,25.767123287671232,2012
2012_13_NO_ATL,ATL,54,0.037037037037037035,0.6296296296296297,-0.11934342754504258,-0.1677798871300118,1452.0,13,26.88888888888889,2012
2012_13_NO_ATL,NO,74,0.013513513513513514,0.6891891891891891,-0.1677798871300118,-0.11934342754504258,1911.0,13,25.824324324324323,2012
2012_13_NYG_WAS,NYG,62,0.0,0.532258064516129,0.24991418297912243,0.26583487430933617,1940.0,8,31.29032258064516,2012
2012_13_NYG_WAS,WAS,51,0.0,0.4117647058823529,0.26583487430933617,0.24991418297912243,1537.0,8,30.137254901960784,2012
2012_13_PHI_DAL,DAL,61,0.0,0.47540983606557374,0.3943944579350753,0.13844010504944176,1920.0,9,31.475409836065573,2012
2012_13_PHI_DAL,PHI,61,0.0,0.5737704918032787,0.13844010504944176,0.3943944579350753,1558.0,9,25.540983606557376,2012
2012_13_PIT_BAL,BAL,56,0.05357142857142857,0.6428571428571429,-0.07346725806913937,-0.023914867889539025,1439.0,12,25.696428571428573,2012
2012_13_PIT_BAL,PIT,65,0.0,0.6,-0.023914867889539025,-0.07346725806913937,1936.0,12,29.784615384615385,2012
2012_13_SEA_CHI,CHI,59,0.0,0.4576271186440678,0.1524743011506124,0.22542118226862012,1914.0,10,32.440677966101696,2012
2012_13_SEA_CHI,SEA,71,0.07042253521126761,0.5492957746478874,0.22542118226862012,0.1524743011506124,2008.0,10,28.281690140845072,2012
2012_13_SF_STL,LA,67,0.0,0.5970149253731343,-0.12571313062009512,-0.07390917640112882,2046.0,13,30.53731343283582,2012
2012_13_SF_STL,SF,70,0.0,0.4857142857142857,-0.07390917640112882,-0.12571313062009512,2239.0,13,31.985714285714284,2012
2012_13_TB_DEN,DEN,65,0.0,0.5846153846153846,0.005817612435736999,-0.17034978850580343,1901.0,12,29.246153846153845,2012
2012_13_TB_DEN,TB,61,0.0,0.6557377049180327,-0.17034978850580343,0.005817612435736999,1487.0,13,24.37704918032787,2012
2012_14_ARI_SEA,ARI,56,0.16071428571428573,0.7142857142857143,-0.5463565397485962,0.29684869386856394,1399.0,14,24.982142857142858,2012
2012_14_ARI_SEA,SEA,64,0.0,0.359375,0.29684869386856394,-0.5463565397485962,1986.0,14,31.03125,2012
2012_14_ATL_CAR,ATL,63,0.4444444444444444,0.8253968253968254,0.20798204369959913,0.35119948482461194,1382.0,8,21.936507936507937,2012
2012_14_ATL_CAR,CAR,66,0.030303030303030304,0.5454545454545454,0.35119948482461194,0.20798204369959913,2093.0,9,31.71212121212121,2012
2012_14_BAL_WAS,BAL,57,0.05263157894736842,0.40350877192982454,0.050757168101940746,0.10925569609980114,1640.0,13,28.771929824561404,2012
2012_14_BAL_WAS,WAS,66,0.0,0.45454545454545453,0.10925569609980114,0.050757168101940746,1969.0,12,29.833333333333332,2012
2012_14_CHI_MIN,CHI,73,0.0,0.7534246575342466,-0.05868226487727673,0.0244396399897799,1827.0,12,25.027397260273972,2012
2012_14_CHI_MIN,MIN,53,0.0,0.33962264150943394,0.0244396399897799,-0.05868226487727673,1569.0,11,29.60377358490566,2012
2012_14_DAL_CIN,CIN,57,0.0,0.6666666666666666,-0.04134100730502698,0.0309810599599733,1684.0,10,29.54385964912281,2012
2012_14_DAL_CIN,DAL,70,0.0,0.6571428571428571,0.0309810599599733,-0.04134100730502698,1735.0,10,24.785714285714285,2012
2012_14_DEN_OAK,DEN,75,0.44,0.52,0.08601833468048925,-0.02087024604027497,2157.0,10,28.76,2012
2012_14_DEN_OAK,LV,47,0.2978723404255319,0.6808510638297872,-0.02087024604027497,0.08601833468048925,1286.0,10,27.361702127659573,2012
2012_14_DET_GB,DET,76,0.05263157894736842,0.5921052631578947,-0.03809576867024464,-0.001553247324970846,2171.0,11,28.56578947368421,2012
2012_14_DET_GB,GB,51,0.35294117647058826,0.5294117647058824,-0.001553247324970846,-0.03809576867024464,1311.0,10,25.705882352941178,2012
2012_14_HOU_NE,HOU,65,0.03076923076923077,0.5846153846153846,-0.12590473431239005,0.2343907631928884,1664.0,13,25.6,2012
2012_14_HOU_NE,NE,70,0.08571428571428572,0.5285714285714286,0.2343907631928884,-0.12590473431239005,1758.0,13,25.114285714285714,2012
2012_14_KC_CLE,CLE,66,0.0,0.5,0.12387594811646188,-0.16275080933700908,1918.0,11,29.060606060606062,2012
2012_14_KC_CLE,KC,52,0.038461538461538464,0.5,-0.16275080933700908,0.12387594811646188,1468.0,12,28.23076923076923,2012
2012_14_MIA_SF,MIA,57,0.03508771929824561,0.6140350877192983,-0.11273068911089527,0.2094090434434956,1715.0,8,30.087719298245613,2012
2012_14_MIA_SF,SF,52,0.0,0.5192307692307693,0.2094090434434956,-0.11273068911089527,1767.0,10,33.98076923076923,2012
2012_14_NO_NYG,NO,66,0.07575757575757576,0.6515151515151515,-0.07219673207589171,0.06817556777316837,1699.0,14,25.742424242424242,2012
2012_14_NO_NYG,NYG,59,0.0,0.576271186440678,0.06817556777316837,-0.07219673207589171,1683.0,16,28.52542372881356,2012
2012_14_NYJ_JAX,JAX,69,0.08695652173913043,0.6521739130434783,-0.1374052112189331,-0.12140720598342374,1681.0,13,24.36231884057971,2012
2012_14_NYJ_JAX,NYJ,61,0.0,0.32786885245901637,-0.12140720598342374,-0.1374052112189331,1738.0,13,28.491803278688526,2012
2012_14_PHI_TB,PHI,73,0.0,0.7808219178082192,0.021049199996399405,0.0006968669655196236,1697.0,13,23.246575342465754,2012
2012_14_PHI_TB,TB,68,0.0,0.5294117647058824,0.0006968669655196236,0.021049199996399405,1707.0,13,25.102941176470587,2012
2012_14_SD_PIT,LAC,76,0.013157894736842105,0.5526315789473685,0.05323467561783022,-0.06946637960528494,2106.0,13,27.710526315789473,2012
2012_14_SD_PIT,PIT,60,0.21666666666666667,0.7166666666666667,-0.06946637960528494,0.05323467561783022,1312.0,15,21.866666666666667,2012
2012_14_STL_BUF,BUF,59,0.01694915254237288,0.6610169491525424,-0.18808593220159114,-0.01743515519716235,1748.0,12,29.627118644067796,2012
2012_14_STL_BUF,LA,66,0.0,0.6060606060606061,-0.01743515519716235,-0.18808593220159114,1646.0,13,24.939393939393938,2012
2012_14_TEN_IND,IND,65,0.015384615384615385,0.5846153846153846,-0.12643261824509705,-0.05836207299893079,1780.0,11,27.384615384615383,2012
2012_14_TEN_IND,TEN,59,0.03389830508474576,0.5932203389830508,-0.05836207299893079,-0.12643261824509705,1653.0,10,28.016949152542374,2012
2012_15_CAR_SD,CAR,74,0.0,0.47297297297297297,0.12087245444912961,-0.3441893474221567,2208.0,10,29.83783783783784,2012
2012_15_CAR_SD,LAC,45,0.0,0.6444444444444445,-0.3441893474221567,0.12087245444912961,1226.0,11,27.244444444444444,2012
2012_15_CIN_PHI,CIN,70,0.014285714285714285,0.4714285714285714,-0.19453396347270452,-0.5468807774638309,2128.0,15,30.4,2012
2012_15_CIN_PHI,PHI,52,0.0,0.6346153846153846,-0.5468807774638309,-0.19453396347270452,1219.0,15,23.442307692307693,2012
2012_15_DEN_BAL,BAL,60,0.55,0.7,-0.4868560752536111,0.0341098280846892,1157.0,16,19.283333333333335,2012
2012_15_DEN_BAL,DEN,73,0.4657534246575342,0.410958904109589,0.0341098280846892,-0.4868560752536111,2170.0,14,29.726027397260275,2012
2012_15_DET_ARI,ARI,51,0.0,0.43137254901960786,-0.2686714876764105,-0.4367173404348115,1623.0,14,31.823529411764707,2012
2012_15_DET_ARI,DET,74,0.06756756756756757,0.7027027027027027,-0.4367173404348115,-0.2686714876764105,1687.0,16,22.7972972972973,2012
2012_15_GB_CHI,CHI,48,0.020833333333333332,0.5208333333333334,-0.3105654738107148,0.0781520791755294,1476.0,13,30.75,2012
2012_15_GB_CHI,GB,71,0.15492957746478872,0.5492957746478874,0.0781520791755294,-0.3105654738107148,1927.0,11,27.140845070422536,2012
2012_15_IND_HOU,HOU,66,0.0,0.5151515151515151,0.1308380596408713,-0.09468626100749902,1931.0,10,29.257575757575758,2012
2012_15_IND_HOU,IND,55,0.0,0.5454545454545454,-0.09468626100749902,0.1308380596408713,1543.0,11,28.054545454545455,2012
2012_15_JAX_MIA,JAX,57,0.17543859649122806,0.631578947368421,-0.16100111830266584,0.10253166518138598,1354.0,9,23.75438596491228,2012
2012_15_JAX_MIA,MIA,64,0.078125,0.484375,0.10253166518138598,-0.16100111830266584,2027.0,10,31.671875,2012
2012_15_KC_OAK,KC,46,0.06521739130434782,0.782608695652174,-0.6219843839876928,-0.03848040772273105,1091.0,11,23.717391304347824,2012
2012_15_KC_OAK,LV,75,0.013333333333333334,0.4,-0.03848040772273105,-0.6219843839876928,2278.0,12,30.373333333333335,2012
2012_15_MIN_STL,LA,78,0.0,0.7692307692307693,-0.03916660764634847,0.026520609755198994,1696.0,12,21.743589743589745,2012
2012_15_MIN_STL,MIN,57,0.0,0.45614035087719296,0.026520609755198994,-0.03916660764634847,1703.0,12,29.87719298245614,2012
2012_15_NYG_ATL,ATL,64,0.0,0.453125,0.32044859907658296,-0.449107648743459,2219.0,10,34.671875,2012
2012_15_NYG_ATL,NYG,47,0.0,0.5531914893617021,-0.449107648743459,0.32044859907658296,1185.0,9,25.21276595744681,2012
2012_15_NYJ_TEN,NYJ,62,0.03225806451612903,0.5161290322580645,-0.25374559966055965,-0.022517618292169216,1654.0,14,26.677419354838708,2012
2012_15_NYJ_TEN,TEN,55,0.01818181818181818,0.4727272727272727,-0.022517618292169216,-0.25374559966055965,1649.0,14,29.98181818181818,2012
2012_15_PIT_DAL,DAL,62,0.016129032258064516,0.6935483870967742,0.2067117253053675,0.10594511153365894,1947.0,13,31.403225806451612,2012
2012_15_PIT_DAL,PIT,60,0.03333333333333333,0.7333333333333333,0.10594511153365894,0.2067117253053675,1518.0,12,25.3,2012
2012_15_SEA_BUF,BUF,66,0.0,0.6818181818181818,-0.24023748236660508,0.4518525219117742,1740.0,12,26.363636363636363,2012
2012_15_SEA_BUF,SEA,57,0.0,0.43859649122807015,0.4518525219117742,-0.24023748236660508,1712.0,10,30.035087719298247,2012
2012_15_SF_NE,NE,89,0.42696629213483145,0.7303370786516854,-0.08694208121611309,-0.042881352294508526,1660.0,16,18.651685393258425,2012
2012_15_SF_NE,SF,65,0.0,0.4,-0.042881352294508526,-0.08694208121611309,1678.0,17,25.815384615384616,2012
2012_15_TB_NO,NO,64,0.0,0.609375,0.33386034462774966,-0.2237073664673087,1808.0,12,28.25,2012
2012_15_TB_NO,TB,71,0.0,0.7887323943661971,-0.2237073664673087,0.33386034462774966,1582.0,13,22.281690140845072,2012
2012_15_WAS_CLE,CLE,52,0.038461538461538464,0.7115384615384616,-0.2512740183785604,0.14894415357212434,1338.0,13,25.73076923076923,2012
2012_15_WAS_CLE,WAS,72,0.027777777777777776,0.5277777777777778,0.14894415357212434,-0.2512740183785604,2035.0,14,28.26388888888889,2012
2012_16_ATL_DET,ATL,55,0.05454545454545454,0.6,0.22737803288658126,-0.02747958286932423,1688.0,11,30.69090909090909,2012
2012_16_ATL_DET,DET,78,0.05128205128205128,0.717948717948718,-0.02747958286932423,0.22737803288658126,1793.0,11,22.987179487179485,2012
2012_16_BUF_MIA,BUF,64,0.15625,0.5625,-0.08985681685469066,0.0958602626083521,1680.0,11,26.25,2012
2012_16_BUF_MIA,MIA,60,0.016666666666666666,0.45,0.0958602626083521,-0.08985681685469066,1732.0,11,28.866666666666667,2012
2012_16_CHI_ARI,ARI,72,0.013888888888888888,0.7361111111111112,-0.4792639958587621,-0.047741801862532386,1780.0,15,24.72222222222222,2012
2012_16_CHI_ARI,CHI,58,0.0,0.46551724137931033,-0.047741801862532386,-0.4792639958587621,1551.0,13,26.74137931034483,2012
2012_16_CIN_PIT,CIN,62,0.016129032258064516,0.7419354838709677,-0.2737302349278906,-0.30201601619904755,1588.0,13,25.612903225806452,2012
2012_16_CIN_PIT,PIT,62,0.0967741935483871,0.5161290322580645,-0.30201601619904755,-0.2737302349278906,1801.0,15,29.048387096774192,2012
2012_16_CLE_DEN,CLE,60,0.0,0.7,-0.11493281332633429,0.22949161038189841,1507.0,10,25.116666666666667,2012
2012_16_CLE_DEN,DEN,74,0.0,0.581081081081081,0.22949161038189841,-0.11493281332633429,1926.0,11,26.027027027027028,2012
2012_16_IND_KC,IND,62,0.1774193548387097,0.6290322580645161,-0.055558481891452384,0.0122993958705892,1544.0,11,24.903225806451612,2012
2012_16_IND_KC,KC,66,0.0,0.3484848484848485,0.0122993958705892,-0.055558481891452384,1864.0,12,28.242424242424242,2012
2012_16_LV_CAR,CAR,56,0.0,0.5535714285714286,0.062261030071354494,-0.32688484885109637,1760.0,10,31.428571428571427,2012
2012_16_LV_CAR,LV,58,0.017241379310344827,0.6206896551724138,-0.32688484885109637,0.062261030071354494,1656.0,11,28.551724137931036,2012
2012_16_MIN_HOU,HOU,52,0.0,0.7115384615384616,-0.3102942088636522,0.01972866149651549,1378.0,12,26.5,2012
2012_16_MIN_HOU,MIN,70,0.0,0.44285714285714284,0.01972866149651549,-0.3102942088636522,2020.0,12,28.857142857142858,2012
2012_16_NE_JAX,JAX,72,0.25,0.6805555555555556,-0.00870649200684407,0.0044712603631918545,1843.0,13,25.59722222222222,2012
2012_16_NE_JAX,NE,71,0.15492957746478872,0.6197183098591549,0.0044712603631918545,-0.00870649200684407,1574.0,13,22.169014084507044,2012
2012_16_NO_DAL,DAL,55,0.05454545454545454,0.8,0.25868120826939095,0.2712069618787744,1274.0,12,23.163636363636364,2012
2012_16_NO_DAL,NO,90,0.0,0.5888888888888889,0.2712069618787744,0.25868120826939095,2429.0,13,26.988888888888887,2012
2012_16_NYG_BAL,BAL,77,0.23376623376623376,0.4675324675324675,0.26412418228200635,-0.0919465373231309,2280.0,11,29.61038961038961,2012
2012_16_NYG_BAL,NYG,45,0.13333333333333333,0.6888888888888889,-0.0919465373231309,0.26412418228200635,1161.0,10,25.8,2012
2012_16_SD_NYJ,LAC,52,0.0,0.5,-0.11762661102382413,-0.28469040040702737,1705.0,12,32.78846153846154,2012
2012_16_SD_NYJ,NYJ,59,0.1016949152542373,0.6101694915254238,-0.28469040040702737,-0.11762661102382413,1709.0,12,28.966101694915253,2012
2012_16_SF_SEA,SEA,58,0.0,0.39655172413793105,0.3534889411764124,-0.09044845499652797,2042.0,9,35.206896551724135,2012
2012_16_SF_SEA,SF,56,0.05357142857142857,0.6607142857142857,-0.09044845499652797,0.3534889411764124,1411.0,9,25.196428571428573,2012
2012_16_STL_TB,LA,52,0.0,0.5192307692307693,0.055897035903606916,-0.24121144912138498,1301.0,13,25.01923076923077,2012
2012_16_STL_TB,TB,81,0.08641975308641975,0.7283950617283951,-0.24121144912138498,0.055897035903606916,2045.0,13,25.246913580246915,2012
2012_16_TEN_GB,GB,73,0.5205479452054794,0.5616438356164384,0.294273752146169,-0.5188424019201247,1996.0,14,27.34246575342466,2012
2012_16_TEN_GB,TEN,58,0.10344827586206896,0.6206896551724138,-0.5188424019201247,0.294273752146169,1417.0,14,24.43103448275862,2012
2012_16_WAS_PHI,PHI,74,0.0945945945945946,0.7027027027027027,0.018886896578784968,0.07915583256359532,1772.0,10,23.945945945945947,2012
2012_16_WAS_PHI,WAS,52,0.0,0.4807692307692308,0.07915583256359532,0.018886896578784968,1700.0,10,32.69230769230769,2012
2012_17_ARI_SF,ARI,52,0.057692307692307696,0.6730769230769231,-0.11907836461316947,0.19063810224676547,1337.0,12,25.71153846153846,2012
2012_17_ARI_SF,SF,65,0.0,0.46153846153846156,0.19063810224676547,-0.11907836461316947,2074.0,12,31.907692307692308,2012
2012_17_BAL_CIN,BAL,82,0.0,0.43902439024390244,-0.10489204319602104,-0.23822114751819265,2061.0,13,25.134146341463413,2012
2012_17_BAL_CIN,CIN,47,0.0,0.5957446808510638,-0.23822114751819265,-0.10489204319602104,1331.0,12,28.319148936170212,2012
2012_17_CAR_NO,CAR,73,0.0,0.4794520547945205,0.28030605012502163,0.2149668035830975,1951.0,13,26.726027397260275,2012
2012_17_CAR_NO,NO,63,0.0,0.7142857142857143,0.2149668035830975,0.28030605012502163,1490.0,12,23.650793650793652,2012
2012_17_CHI_DET,CHI,65,0.0,0.5076923076923077,0.03865814572872786,-0.004375167978649424,1938.0,14,29.815384615384616,2012
2012_17_CHI_DET,DET,62,0.016129032258064516,0.6774193548387096,-0.004375167978649424,0.03865814572872786,1470.0,13,23.70967741935484,2012
2012_17_CLE_PIT,CLE,62,0.06451612903225806,0.5806451612903226,-0.13085566573352614,-0.040401904910220436,1688.0,11,27.225806451612904,2012
2012_17_CLE_PIT,PIT,51,0.0,0.49019607843137253,-0.040401904910220436,-0.13085566573352614,1720.0,11,33.72549019607843,2012
2012_17_DAL_WAS,DAL,62,0.12903225806451613,0.6451612903225806,-0.051102136764430234,0.20747837557140006,1505.0,11,24.274193548387096,2012
2012_17_DAL_WAS,WAS,61,0.0,0.3114754098360656,0.20747837557140006,-0.051102136764430234,1905.0,11,31.229508196721312,2012
2012_17_GB_MIN,GB,61,0.0,0.7377049180327869,0.19328052816545693,0.2317433795352462,1642.0,10,26.918032786885245,2012
2012_17_GB_MIN,MIN,66,0.0,0.4393939393939394,0.2317433795352462,0.19328052816545693,1857.0,10,28.136363636363637,2012
2012_17_HOU_IND,HOU,59,0.01694915254237288,0.6779661016949152,0.027950427212869673,0.08388459904544748,1651.0,10,27.983050847457626,2012
2012_17_HOU_IND,IND,59,0.01694915254237288,0.4915254237288136,0.08388459904544748,0.027950427212869673,1784.0,10,30.23728813559322,2012
2012_17_JAX_TEN,JAX,70,0.34285714285714286,0.6714285714285714,-0.22296849388114645,-0.18956842069511035,1834.0,13,26.2,2012
2012_17_JAX_TEN,TEN,51,0.0,0.3333333333333333,-0.18956842069511035,-0.22296849388114645,1559.0,10,30.568627450980394,2012
2012_17_KC_DEN,DEN,72,0.0,0.4444444444444444,0.29181119370958697,-0.2915952522232178,2165.0,11,30.069444444444443,2012
2012_17_KC_DEN,KC,47,0.0,0.425531914893617,-0.2915952522232178,0.29181119370958697,1258.0,12,26.76595744680851,2012
2012_17_LV_SD,LAC,50,0.0,0.38,-0.012413344786083124,-0.018071938370732163,1810.0,11,36.2,2012
2012_17_LV_SD,LV,57,0.0,0.49122807017543857,-0.018071938370732163,-0.012413344786083124,1633.0,11,28.649122807017545,2012
2012_17_MIA_NE,MIA,57,0.14035087719298245,0.7368421052631579,-0.29281713525420167,0.23656064543558594,1334.0,11,23.403508771929825,2012
2012_17_MIA_NE,NE,75,0.0,0.49333333333333335,0.23656064543558594,-0.29281713525420167,2100.0,10,28.0,2012
2012_17_NYJ_BUF,BUF,57,0.0,0.45614035087719296,0.08196536581996701,-0.2522329926898351,1599.0,11,28.05263157894737,2012
2012_17_NYJ_BUF,NYJ,71,0.09859154929577464,0.5070422535211268,-0.2522329926898351,0.08196536581996701,1830.0,13,25.774647887323944,2012
2012_17_PHI_NYG,NYG,55,0.0,0.41818181818181815,0.43460423358518624,-0.10775825775595196,1834.0,10,33.345454545454544,2012
2012_17_PHI_NYG,PHI,65,0.47692307692307695,0.5846153846153846,-0.10775825775595196,0.43460423358518624,1617.0,10,24.876923076923077,2012
2012_17_STL_SEA,LA,61,0.08196721311475409,0.6885245901639344,0.02843713816936343,0.21761645783950834,1558.0,10,25.540983606557376,2012
2012_17_STL_SEA,SEA,53,0.0,0.4716981132075472,0.21761645783950834,0.02843713816936343,1877.0,11,35.41509433962264,2012
2012_17_TB_ATL,ATL,62,0.12903225806451613,0.7419354838709677,-0.06655935973848032,0.04655370585502865,1600.0,12,25.806451612903224,2012
2012_17_TB_ATL,TB,66,0.0,0.5454545454545454,0.04655370585502865,-0.06655935973848032,1824.0,12,27.636363636363637,2012
2013_01_ARI_STL,ARI,70,0.0,0.6285714285714286,0.09715186144671746,0.036125127948409566,1783.0,11,25.47142857142857,2013
2013_01_ARI_STL,LA,63,0.0,0.6031746031746031,0.036125127948409566,0.09715186144671746,1656.0,11,26.285714285714285,2013
2013_01_ATL_NO,ATL,54,0.0,0.7407407407407407,-0.031859271897458935,0.08108883181775008,1400.0,11,25.925925925925927,2013
2013_01_ATL_NO,NO,64,0.0,0.578125,0.08108883181775008,-0.031859271897458935,2033.0,12,31.765625,2013
2013_01_BAL_DEN,BAL,86,0.26744186046511625,0.7558139534883721,-0.041118641191148185,0.3488839663780032,1903.0,17,22.127906976744185,2013
2013_01_BAL_DEN,DEN,66,0.5151515151515151,0.6818181818181818,0.3488839663780032,-0.041118641191148185,1458.0,16,22.09090909090909,2013
2013_01_CIN_CHI,CHI,58,0.13793103448275862,0.5517241379310345,0.12559259551554608,0.03349074838550264,1791.0,11,30.879310344827587,2013
2013_01_CIN_CHI,CIN,54,0.07407407407407407,0.6296296296296297,0.03349074838550264,0.12559259551554608,1630.0,11,30.185185185185187,2013
2013_01_GB_SF,GB,57,0.14035087719298245,0.6666666666666666,0.15397741344733357,0.24851848775526236,1215.0,13,21.31578947368421,2013
2013_01_GB_SF,SF,75,0.013333333333333334,0.5466666666666666,0.24851848775526236,0.15397741344733357,2254.0,13,30.053333333333335,2013
2013_01_HOU_SD,HOU,74,0.0,0.6216216216216216,0.12199984149534525,0.18712825865703592,2132.0,11,28.81081081081081,2013
2013_01_HOU_SD,LAC,50,0.0,0.6,0.18712825865703592,0.12199984149534525,1328.0,11,26.56,2013
2013_01_KC_JAX,JAX,70,0.32857142857142857,0.6714285714285714,-0.5172003629247187,-0.01867773668437439,1526.0,15,21.8,2013
2013_01_KC_JAX,KC,61,0.39344262295081966,0.5737704918032787,-0.01867773668437439,-0.5172003629247187,1795.0,14,29.42622950819672,2013
2013_01_LV_IND,IND,51,0.0784313725490196,0.5294117647058824,0.22039861197155455,0.2809949128936541,1581.0,8,31.0,2013
2013_01_LV_IND,LV,62,0.0,0.46774193548387094,0.2809949128936541,0.22039861197155455,1918.0,8,30.93548387096774,2013
2013_01_MIA_CLE,CLE,72,0.08333333333333333,0.8194444444444444,-0.19805979128714085,-0.08286174608757042,1539.0,12,21.375,2013
2013_01_MIA_CLE,MIA,62,0.0,0.6774193548387096,-0.08286174608757042,-0.19805979128714085,1831.0,13,29.532258064516128,2013
2013_01_MIN_DET,DET,75,0.04,0.5866666666666667,0.07390537184332698,-0.04611963632841489,2074.0,14,27.653333333333332,2013
2013_01_MIN_DET,MIN,51,0.09803921568627451,0.5882352941176471,-0.04611963632841489,0.07390537184332698,1313.0,14,25.745098039215687,2013
2013_01_NE_BUF,BUF,60,0.6833333333333333,0.43333333333333335,-0.07340853390659949,-0.12639451378575958,1226.0,14,20.433333333333334,2013
2013_01_NE_BUF,NE,87,0.08045977011494253,0.6206896551724138,-0.12639451378575958,-0.07340853390659949,2136.0,15,24.551724137931036,2013
2013_01_NYG_DAL,DAL,73,0.1643835616438356,0.6986301369863014,-0.11702592303947713,-0.0938214647182385,2116.0,14,28.986301369863014,2013
2013_01_NYG_DAL,NYG,58,0.10344827586206896,0.7758620689655172,-0.0938214647182385,-0.11702592303947713,1270.0,14,21.896551724137932,2013
2013_01_PHI_WAS,PHI,74,0.6081081081081081,0.36486486486486486,0.037563371384065694,0.022668965662418758,1798.0,14,24.2972972972973,2013
2013_01_PHI_WAS,WAS,70,0.15714285714285714,0.7428571428571429,0.022668965662418758,0.037563371384065694,1539.0,13,21.985714285714284,2013
2013_01_SEA_CAR,CAR,49,0.02040816326530612,0.4897959183673469,0.0003636260704785211,0.10798280852011913,1680.0,8,34.285714285714285,2013
2013_01_SEA_CAR,SEA,58,0.034482758620689655,0.603448275862069,0.10798280852011913,0.0003636260704785211,1733.0,9,29.879310344827587,2013
2013_01_TB_NYJ,NYJ,72,0.05555555555555555,0.5972222222222222,-0.10243206671294734,-0.1361026152000559,1777.0,13,24.680555555555557,2013
2013_01_TB_NYJ,TB,59,0.03389830508474576,0.576271186440678,-0.1361026152000559,-0.10243206671294734,1549.0,14,26.25423728813559,2013
2013_01_TEN_PIT,PIT,53,0.1509433962264151,0.7169811320754716,-0.21795483429718482,-0.07475445628635145,1430.0,11,26.9811320754717,2013
2013_01_TEN_PIT,TEN,61,0.01639344262295082,0.3442622950819672,-0.07475445628635145,-0.21795483429718482,1943.0,11,31.852459016393443,2013
2013_02_CAR_BUF,BUF,73,0.6164383561643836,0.5616438356164384,0.08703242303755677,-0.10188533415902767,1497.0,12,20.506849315068493,2013
2013_02_CAR_BUF,CAR,76,0.06578947368421052,0.5789473684210527,-0.10188533415902767,0.08703242303755677,1955.0,12,25.723684210526315,2013
2013_02_CLE_BAL,BAL,68,0.4852941176470588,0.5147058823529411,-0.030807376238466883,-0.25003634404413644,1711.0,13,25.16176470588235,2013
2013_02_CLE_BAL,CLE,62,0.06451612903225806,0.6774193548387096,-0.25003634404413644,-0.030807376238466883,1646.0,12,26.548387096774192,2013
2013_02_DAL_KC,DAL,60,0.18333333333333332,0.75,-0.11186938880702997,0.01869522904224458,1809.0,12,30.15,2013
2013_02_DAL_KC,KC,63,0.1746031746031746,0.6031746031746031,0.01869522904224458,-0.11186938880702997,1611.0,11,25.571428571428573,2013
2013_02_DEN_NYG,DEN,69,0.4782608695652174,0.6231884057971014,0.17200362187881452,-0.15645003580111055,1563.0,14,22.652173913043477,2013
2013_02_DEN_NYG,NYG,69,0.13043478260869565,0.7246376811594203,-0.15645003580111055,0.17200362187881452,1808.0,14,26.202898550724637,2013
2013_02_DET_ARI,ARI,65,0.015384615384615385,0.6461538461538462,-0.1418082388427207,-0.03382325882219491,1771.0,13,27.246153846153845,2013
2013_02_DET_ARI,DET,57,0.017543859649122806,0.6491228070175439,-0.03382325882219491,-0.1418082388427207,1635.0,12,28.68421052631579,2013
2013_02_JAX_OAK,JAX,62,0.46774193548387094,0.6935483870967742,-0.14439569626436072,-0.08090127989116377,1584.0,12,25.548387096774192,2013
2013_02_JAX_OAK,LV,60,0.03333333333333333,0.43333333333333335,-0.08090127989116377,-0.14439569626436072,1846.0,11,30.766666666666666,2013
2013_02_MIA_IND,IND,72,0.08333333333333333,0.6388888888888888,0.095205048868535,0.05874985245544526,1762.0,11,24.47222222222222,2013
2013_02_MIA_IND,MIA,64,0.03125,0.59375,0.05874985245544526,0.095205048868535,1660.0,12,25.9375,2013
2013_02_MIN_CHI,CHI,64,0.046875,0.609375,-0.05536810312726237,-0.08866079654457945,1764.0,12,27.5625,2013
2013_02_MIN_CHI,MIN,64,0.015625,0.484375,-0.08866079654457945,-0.05536810312726237,1692.0,11,26.4375,2013
2013_02_NO_TB,NO,66,0.0,0.696969696969697,-0.0251080241133102,-0.1514763350293176,1860.0,12,28.181818181818183,2013
2013_02_NO_TB,TB,56,0.0,0.4107142857142857,-0.1514763350293176,-0.0251080241133102,1542.0,11,27.535714285714285,2013
2013_02_NYJ_NE,NE,63,0.07936507936507936,0.6349206349206349,-0.2454903724457805,-0.18782016552843694,1405.0,17,22.3015873015873,2013
2013_02_NYJ_NE,NYJ,70,0.014285714285714285,0.5428571428571428,-0.18782016552843694,-0.2454903724457805,1895.0,15,27.071428571428573,2013
2013_02_PIT_CIN,CIN,79,0.0,0.569620253164557,0.07077209312153572,-0.2678885593888852,2054.0,12,26.0,2013
2013_02_PIT_CIN,PIT,54,0.0,0.7037037037037037,-0.2678885593888852,0.07077209312153572,1352.0,12,25.037037037037038,2013
2013_02_SD_PHI,LAC,78,0.1282051282051282,0.6153846153846154,0.24352094929545962,0.38892749546977173,2364.0,11,30.307692307692307,2013
2013_02_SD_PHI,PHI,58,0.5,0.6551724137931034,0.38892749546977173,0.24352094929545962,1137.0,11,19.603448275862068,2013
2013_02_SF_SEA,SEA,68,0.014705882352941176,0.3382352941176471,-0.030927710749343078,-0.5290364718753012,2087.0,13,30.691176470588236,2013
2013_02_SF_SEA,SF,50,0.14,0.6,-0.5290364718753012,-0.030927710749343078,1290.0,12,25.8,2013
2013_02_STL_ATL,ATL,61,0.06557377049180328,0.7377049180327869,0.2260902779708892,0.0431519634714908,1743.0,11,28.57377049180328,2013
2013_02_STL_ATL,LA,72,0.18055555555555555,0.7638888888888888,0.0431519634714908,0.2260902779708892,1698.0,12,23.583333333333332,2013
2013_02_TEN_HOU,HOU,79,0.0,0.6329113924050633,0.002879615520849106,-0.08386698512435659,1866.0,16,23.620253164556964,2013
2013_02_TEN_HOU,TEN,67,0.0,0.5074626865671642,-0.08386698512435659,0.002879615520849106,1791.0,14,26.73134328358209,2013
2013_02_WAS_GB,GB,67,0.3283582089552239,0.6865671641791045,0.38197236779051635,0.2144047726038488,1874.0,11,27.970149253731343,2013
2013_02_WAS_GB,WAS,58,0.017241379310344827,0.7241379310344828,0.2144047726038488,0.38197236779051635,1589.0,11,27.396551724137932,2013
2013_03_ARI_NO,ARI,55,0.0,0.7090909090909091,-0.19419650044939607,0.21649137367946705,1362.0,11,24.763636363636362,2013
2013_03_ARI_NO,NO,68,0.0,0.7058823529411765,0.21649137367946705,-0.19419650044939607,2008.0,12,29.529411764705884,2013
2013_03_ATL_MIA,ATL,68,0.014705882352941176,0.5588235294117647,0.11816946796642765,-0.0032858065603178703,2192.0,9,32.23529411764706,2013
2013_03_ATL_MIA,MIA,54,0.16666666666666666,0.7407407407407407,-0.0032858065603178703,0.11816946796642765,1273.0,11,23.574074074074073,2013
2013_03_BUF_NYJ,BUF,75,0.18666666666666668,0.6666666666666666,-0.2204618429370179,0.11835879462690671,1462.0,15,19.493333333333332,2013
2013_03_BUF_NYJ,NYJ,69,0.028985507246376812,0.4057971014492754,0.11835879462690671,-0.2204618429370179,1943.0,15,28.159420289855074,2013
2013_03_CHI_PIT,CHI,57,0.0,0.5614035087719298,0.05180062764085047,-0.21599192716150162,1800.0,12,31.57894736842105,2013
2013_03_CHI_PIT,PIT,64,0.0625,0.671875,-0.21599192716150162,0.05180062764085047,1622.0,13,25.34375,2013
2013_03_CLE_MIN,CLE,74,0.0,0.7702702702702703,-0.037133687208077255,-0.10391200018191978,1656.0,14,22.37837837837838,2013
2013_03_CLE_MIN,MIN,79,0.0,0.6075949367088608,-0.10391200018191978,-0.037133687208077255,1755.0,17,22.21518987341772,2013
2013_03_DET_WAS,DET,66,0.045454545454545456,0.6515151515151515,0.14347532728834725,0.028633036593032082,1658.0,13,25.12121212121212,2013
2013_03_DET_WAS,WAS,74,0.05405405405405406,0.7027027027027027,0.028633036593032082,0.14347532728834725,1783.0,12,24.094594594594593,2013
2013_03_GB_CIN,CIN,54,0.0,0.5925925925925926,-0.11182722497179963,-0.15133351417368535,1576.0,13,29.185185185185187,2013
2013_03_GB_CIN,GB,77,0.0,0.6103896103896104,-0.15133351417368535,-0.11182722497179963,1841.0,13,23.90909090909091,2013
2013_03_HOU_BAL,BAL,57,0.47368421052631576,0.45614035087719296,0.04391242388914625,-0.24876095841254436,1711.0,8,30.017543859649123,2013
2013_03_HOU_BAL,HOU,61,0.13114754098360656,0.6229508196721312,-0.24876095841254436,0.04391242388914625,1720.0,11,28.19672131147541,2013
2013_03_IND_SF,IND,66,0.030303030303030304,0.42424242424242425,0.13774270328677185,-0.1395430108928598,2104.0,11,31.87878787878788,2013
2013_03_IND_SF,SF,52,0.07692307692307693,0.5769230769230769,-0.1395430108928598,0.13774270328677185,1317.0,11,25.326923076923077,2013
2013_03_JAX_SEA,JAX,66,0.030303030303030304,0.6363636363636364,-0.3062219199051892,0.1776029808786367,1534.0,14,23.242424242424242,2013
2013_03_JAX_SEA,SEA,65,0.0,0.47692307692307695,0.1776029808786367,-0.3062219199051892,1851.0,14,28.476923076923075,2013
2013_03_KC_PHI,KC,74,0.04054054054054054,0.527027027027027,-0.026279338937282147,-0.14872158745057407,2209.0,14,29.85135135135135,2013
2013_03_KC_PHI,PHI,64,0.484375,0.546875,-0.14872158745057407,-0.026279338937282147,1172.0,13,18.3125,2013
2013_03_LV_DEN,DEN,71,0.7323943661971831,0.5352112676056338,0.28101702947022655,0.13035360541976732,2040.0,11,28.732394366197184,2013
2013_03_LV_DEN,LV,51,0.0,0.6666666666666666,0.13035360541976732,0.28101702947022655,1401.0,11,27.470588235294116,2013
2013_03_NYG_CAR,CAR,72,0.013888888888888888,0.3888888888888889,0.17668404291131434,-0.5030277058928407,2155.0,11,29.930555555555557,2013
2013_03_NYG_CAR,NYG,49,0.08163265306122448,0.673469387755102,-0.5030277058928407,0.17668404291131434,1288.0,12,26.285714285714285,2013
2013_03_SD_TEN,LAC,53,0.3018867924528302,0.49056603773584906,0.1589944180566928,0.17361753170351069,1639.0,10,30.92452830188679,2013
2013_03_SD_TEN,TEN,67,0.04477611940298507,0.5671641791044776,0.17361753170351069,0.1589944180566928,1844.0,9,27.52238805970149,2013
2013_03_STL_DAL,DAL,59,0.03389830508474576,0.423728813559322,0.2660235398772069,-0.3604133641398477,1943.0,10,32.932203389830505,2013
2013_03_STL_DAL,LA,67,0.1791044776119403,0.8208955223880597,-0.3604133641398477,0.2660235398772069,1495.0,12,22.313432835820894,2013
2013_03_TB_NE,NE,64,0.0625,0.578125,0.026867997856131358,-0.22780702911582568,1784.0,10,27.875,2013
2013_03_TB_NE,TB,66,0.09090909090909091,0.6666666666666666,-0.22780702911582568,0.026867997856131358,1552.0,10,23.515151515151516,2013
2013_04_ARI_TB,ARI,56,0.017857142857142856,0.6785714285714286,-0.2157459372525967,-0.19168167692376523,1436.0,14,25.642857142857142,2013
2013_04_ARI_TB,TB,74,0.0,0.5945945945945946,-0.19168167692376523,-0.2157459372525967,1897.0,14,25.635135135135137,2013
2013_04_BAL_BUF,BAL,63,0.1746031746031746,0.8571428571428571,-0.32346056683458696,-0.1395185408470326,1292.0,17,20.50793650793651,2013
2013_04_BAL_BUF,BUF,74,0.05405405405405406,0.32432432432432434,-0.1395185408470326,-0.32346056683458696,2049.0,17,27.68918918918919,2013
2013_04_CHI_DET,CHI,68,0.22058823529411764,0.7647058823529411,-0.05379935423456949,-0.038306641163270226,1599.0,15,23.514705882352942,2013
2013_04_CHI_DET,DET,63,0.06349206349206349,0.5714285714285714,-0.038306641163270226,-0.05379935423456949,1806.0,14,28.666666666666668,2013
2013_04_CIN_CLE,CIN,64,0.078125,0.6875,-0.2796320237140954,0.12025288002755312,1662.0,10,25.96875,2013
2013_04_CIN_CLE,CLE,68,0.058823529411764705,0.6029411764705882,0.12025288002755312,-0.2796320237140954,1784.0,11,26.235294117647058,2013
2013_04_DAL_SD,DAL,56,0.0,0.7142857142857143,0.04572858929783759,0.16186971847345846,1487.0,10,26.553571428571427,2013
2013_04_DAL_SD,LAC,70,0.0,0.6142857142857143,0.16186971847345846,0.04572858929783759,1976.0,11,28.228571428571428,2013
2013_04_IND_JAX,IND,70,0.04285714285714286,0.5857142857142857,0.1509438304433007,-0.5722241561490921,2146.0,11,30.65714285714286,2013
2013_04_IND_JAX,JAX,53,0.11320754716981132,0.660377358490566,-0.5722241561490921,0.1509438304433007,1257.0,12,23.71698113207547,2013
2013_04_MIA_NO,MIA,57,0.0,0.6842105263157895,-0.12708399559554595,0.31587819041258025,1466.0,12,25.719298245614034,2013
2013_04_MIA_NO,NO,62,0.0,0.6612903225806451,0.31587819041258025,-0.12708399559554595,1948.0,12,31.419354838709676,2013
2013_04_NE_ATL,ATL,71,0.3380281690140845,0.7887323943661971,0.09834833230983947,0.31245967806175706,1695.0,11,23.87323943661972,2013
2013_04_NE_ATL,NE,59,0.0,0.5254237288135594,0.31245967806175706,0.09834833230983947,1736.0,12,29.423728813559322,2013
2013_04_NYG_KC,KC,67,0.07462686567164178,0.6268656716417911,-0.0026224017022588113,-0.2418388812810787,2054.0,14,30.65671641791045,2013
2013_04_NYG_KC,NYG,60,0.2,0.65,-0.2418388812810787,-0.0026224017022588113,1304.0,14,21.733333333333334,2013
2013_04_NYJ_TEN,NYJ,62,0.3387096774193548,0.6290322580645161,-0.3004588670316524,0.11325607471436366,1658.0,14,26.741935483870968,2013
2013_04_NYJ_TEN,TEN,63,0.015873015873015872,0.5396825396825397,0.11325607471436366,-0.3004588670316524,1734.0,13,27.523809523809526,2013
2013_04_PHI_DEN,DEN,70,0.6285714285714286,0.5428571428571428,0.3342413646983497,0.17734687407551375,1940.0,10,27.714285714285715,2013
2013_04_PHI_DEN,PHI,68,0.75,0.5,0.17734687407551375,0.3342413646983497,1531.0,11,22.514705882352942,2013
2013_04_PIT_MIN,MIN,50,0.0,0.52,0.37551258869632936,0.12402870621353738,1365.0,12,27.3,2013
2013_04_PIT_MIN,PIT,74,0.10810810810810811,0.7162162162162162,0.12402870621353738,0.37551258869632936,2101.0,12,28.39189189189189,2013
2013_04_SEA_HOU,HOU,88,0.0,0.6022727272727273,-0.08804530616784004,-0.1538827371627433,2240.0,14,25.454545454545453,2013
2013_04_SEA_HOU,SEA,57,0.0,0.49122807017543857,-0.1538827371627433,-0.08804530616784004,1811.0,14,31.771929824561404,2013
2013_04_SF_STL,LA,62,0.0,0.7258064516129032,-0.38444811874617946,-0.014093697037592381,1528.0,16,24.64516129032258,2013
2013_04_SF_STL,SF,65,0.0,0.38461538461538464,-0.014093697037592381,-0.38444811874617946,1786.0,17,27.476923076923075,2013
2013_04_WAS_OAK,LV,65,0.03076923076923077,0.6,-0.32925664480429634,-0.12715304082693127,1802.0,14,27.723076923076924,2013
2013_04_WAS_OAK,WAS,63,0.2698412698412698,0.49206349206349204,-0.12715304082693127,-0.32925664480429634,1574.0,13,24.984126984126984,2013
2013_05_BAL_MIA,BAL,73,0.1917808219178082,0.4657534246575342,-0.07848932303370372,-0.1678469045119004,2032.0,15,27.835616438356166,2013
2013_05_BAL_MIA,MIA,56,0.07142857142857142,0.8035714285714286,-0.1678469045119004,-0.07848932303370372,1322.0,13,23.607142857142858,2013
2013_05_BUF_CLE,BUF,75,0.17333333333333334,0.5866666666666667,-0.12489663482429675,-0.04492945789863172,1559.0,14,20.786666666666665,2013
2013_05_BUF_CLE,CLE,62,0.0,0.5161290322580645,-0.04492945789863172,-0.12489663482429675,1855.0,13,29.919354838709676,2013
2013_05_CAR_ARI,ARI,54,0.0,0.5370370370370371,-0.10604031853512598,-0.2926338669630534,1641.0,12,30.38888888888889,2013
2013_05_CAR_ARI,CAR,66,0.015151515151515152,0.696969696969697,-0.2926338669630534,-0.10604031853512598,1760.0,12,26.666666666666668,2013
2013_05_DEN_DAL,DAL,55,0.0,0.7272727272727273,0.5219089673357191,0.399968174925021,1609.0,11,29.254545454545454,2013
2013_05_DEN_DAL,DEN,71,0.5352112676056338,0.5915492957746479,0.399968174925021,0.5219089673357191,1922.0,11,27.070422535211268,2013
2013_05_DET_GB,DET,64,0.203125,0.71875,-0.04440722826575484,0.1632888176586812,1576.0,10,24.625,2013
2013_05_DET_GB,GB,63,0.5873015873015873,0.49206349206349204,0.1632888176586812,-0.04440722826575484,1882.0,10,29.873015873015873,2013
2013_05_HOU_SF,HOU,71,0.014084507042253521,0.5774647887323944,-0.3419431039452765,0.09365300913346239,1906.0,12,26.845070422535212,2013
2013_05_HOU_SF,SF,49,0.0,0.32653061224489793,0.09365300913346239,-0.3419431039452765,1510.0,10,30.816326530612244,2013
2013_05_JAX_STL,JAX,59,0.288135593220339,0.576271186440678,-0.34359648908756957,0.04256463332040985,1344.0,14,22.779661016949152,2013
2013_05_JAX_STL,LA,69,0.0,0.5217391304347826,0.04256463332040985,-0.34359648908756957,1995.0,13,28.91304347826087,2013
2013_05_KC_TEN,KC,67,0.19402985074626866,0.6119402985074627,-0.15410717078369585,-0.1735613141445872,1776.0,13,26.507462686567163,2013
2013_05_KC_TEN,TEN,65,0.03076923076923077,0.676923076923077,-0.1735613141445872,-0.15410717078369585,1611.0,14,24.784615384615385,2013
2013_05_NE_CIN,CIN,68,0.0,0.45588235294117646,-0.02565683161149574,-0.28520344546100446,1940.0,13,28.529411764705884,2013
2013_05_NE_CIN,NE,59,0.0,0.6949152542372882,-0.28520344546100446,-0.02565683161149574,1432.0,12,24.271186440677965,2013
2013_05_NO_CHI,CHI,55,0.03636363636363636,0.6545454545454545,0.04427607728774187,0.09894178464029602,1358.0,11,24.69090909090909,2013
2013_05_NO_CHI,NO,65,0.0,0.5692307692307692,0.09894178464029602,0.04427607728774187,2109.0,10,32.44615384615385,2013
2013_05_NYJ_ATL,ATL,69,0.08695652173913043,0.6811594202898551,0.09063020359264763,0.15138914532761266,2081.0,9,30.159420289855074,2013
2013_05_NYJ_ATL,NYJ,46,0.06521739130434782,0.5217391304347826,0.15138914532761266,0.09063020359264763,1427.0,9,31.02173913043478,2013
2013_05_PHI_NYG,NYG,67,0.04477611940298507,0.746268656716418,-0.07791420585744602,0.07611644200110848,1547.0,14,23.08955223880597,2013
2013_05_PHI_NYG,PHI,75,0.8533333333333334,0.5333333333333333,0.07611644200110848,-0.07791420585744602,1797.0,15,23.96,2013
2013_05_SD_OAK,LAC,70,0.5714285714285714,0.7285714285714285,-0.01160478453310403,0.10932085441040344,1744.0,11,24.914285714285715,2013
2013_05_SD_OAK,LV,53,0.018867924528301886,0.5094339622641509,0.10932085441040344,-0.01160478453310403,1657.0,11,31.264150943396228,2013
2013_05_SEA_IND,IND,60,0.0,0.55,0.06304250318450696,0.1529299451172061,1625.0,10,27.083333333333332,2013
2013_05_SEA_IND,SEA,67,0.0,0.4925373134328358,0.1529299451172061,0.06304250318450696,1813.0,11,27.059701492537314,2013
2013_06_ARI_SF,ARI,64,0.0625,0.671875,-0.09649068264167425,-0.013719965669601906,1430.0,15,22.34375,2013
2013_06_ARI_SF,SF,68,0.0,0.45588235294117646,-0.013719965669601906,-0.09649068264167425,1944.0,15,28.58823529411765,2013
2013_06_CAR_MIN,CAR,63,0.0,0.42857142857142855,0.37491822371998973,-0.15666336278126416,2121.0,10,33.666666666666664,2013
2013_06_CAR_MIN,MIN,60,0.0,0.7833333333333333,-0.15666336278126416,0.37491822371998973,1333.0,9,22.216666666666665,2013
2013_06_CIN_BUF,BUF,68,0.20588235294117646,0.5441176470588235,0.05661016589364371,0.15811170867788635,1434.0,12,21.08823529411765,2013
2013_06_CIN_BUF,CIN,81,0.037037037037037035,0.5185185185185185,0.15811170867788635,0.05661016589364371,2493.0,13,30.77777777777778,2013
2013_06_DET_CLE,CLE,64,0.046875,0.671875,0.0232392429681756,0.11735933955039257,1514.0,12,23.65625,2013
2013_06_DET_CLE,DET,71,0.04225352112676056,0.6197183098591549,0.11735933955039257,0.0232392429681756,1939.0,12,27.309859154929576,2013
2013_06_GB_BAL,BAL,61,0.32786885245901637,0.639344262295082,-0.17662696618164542,0.045223491354589286,1604.0,14,26.295081967213115,2013
2013_06_GB_BAL,GB,63,0.2698412698412698,0.5555555555555556,0.045223491354589286,-0.17662696618164542,1766.0,14,28.03174603174603,2013
2013_06_IND_SD,IND,47,0.0,0.6382978723404256,-0.04524353369894057,0.11574715312997956,1219.0,9,25.93617021276596,2013
2013_06_IND_SD,LAC,72,0.0,0.4861111111111111,0.11574715312997956,-0.04524353369894057,2243.0,9,31.15277777777778,2013
2013_06_JAX_DEN,DEN,69,0.6376811594202898,0.6086956521739131,0.12992240694199367,-0.1123773196193174,1597.0,13,23.144927536231883,2013
2013_06_JAX_DEN,JAX,70,0.05714285714285714,0.6285714285714286,-0.1123773196193174,0.12992240694199367,1801.0,11,25.728571428571428,2013
2013_06_LV_KC,KC,61,0.06557377049180328,0.5573770491803278,-0.22645905729621635,-0.27302096157407535,1454.0,13,23.83606557377049,2013
2013_06_LV_KC,LV,71,0.014084507042253521,0.6197183098591549,-0.27302096157407535,-0.22645905729621635,1924.0,14,27.098591549295776,2013
2013_06_NO_NE,NE,81,0.5308641975308642,0.5679012345679012,0.0040988131048864725,0.09991927961622572,1844.0,13,22.765432098765434,2013
2013_06_NO_NE,NO,63,0.0,0.5873015873015873,0.09991927961622572,0.0040988131048864725,1611.0,13,25.571428571428573,2013
2013_06_NYG_CHI,CHI,64,0.03125,0.546875,0.2197422932063994,0.011738505662785116,1894.0,9,29.59375,2013
2013_06_NYG_CHI,NYG,53,0.0,0.5094339622641509,0.011738505662785116,0.2197422932063994,1562.0,10,29.471698113207548,2013
2013_06_PHI_TB,PHI,64,0.5625,0.5,0.1629879917679839,0.039876411376622095,1471.0,12,22.984375,2013
2013_06_PHI_TB,TB,65,0.03076923076923077,0.676923076923077,0.039876411376622095,0.1629879917679839,1946.0,11,29.93846153846154,2013
2013_06_PIT_NYJ,NYJ,57,0.10526315789473684,0.6491228070175439,-0.29176947273975606,0.05374741537370391,1349.0,12,23.666666666666668,2013
2013_06_PIT_NYJ,PIT,61,0.0,0.5737704918032787,0.05374741537370391,-0.29176947273975606,2078.0,12,34.0655737704918,2013
2013_06_STL_HOU,HOU,73,0.0136986301369863,0.589041095890411,-0.06651840841606098,0.18820078988017258,2004.0,10,27.45205479452055,2013
2013_06_STL_HOU,LA,41,0.0,0.3902439024390244,0.18820078988017258,-0.06651840841606098,1384.0,9,33.75609756097561,2013
2013_06_TEN_SEA,SEA,62,0.0,0.5161290322580645,-0.023782576530080594,-0.15637901744521698,1936.0,10,31.225806451612904,2013
2013_06_TEN_SEA,TEN,52,0.17307692307692307,0.6153846153846154,-0.15637901744521698,-0.023782576530080594,1529.0,9,29.403846153846153,2013
2013_06_WAS_DAL,DAL,50,0.0,0.62,-0.02887203786868219,-0.005058116025620003,1461.0,10,29.22,2013
2013_06_WAS_DAL,WAS,75,0.08,0.56,-0.005058116025620003,-0.02887203786868219,1989.0,12,26.52,2013
2013_07_BAL_PIT,BAL,61,0.45901639344262296,0.5737704918032787,0.1333830622129301,0.11537418043504193,1702.0,7,27.901639344262296,2013
2013_07_BAL_PIT,PIT,54,0.0,0.48148148148148145,0.11537418043504193,0.1333830622129301,1825.0,8,33.7962962962963,2013
2013_07_BUF_MIA,BUF,65,0.07692307692307693,0.5538461538461539,-0.07966284441065241,-0.1311869143152495,1701.0,14,26.16923076923077,2013
2013_07_BUF_MIA,MIA,64,0.0625,0.609375,-0.1311869143152495,-0.07966284441065241,1706.0,14,26.65625,2013
2013_07_CHI_WAS,CHI,51,0.0,0.5882352941176471,0.11417078835881417,0.253966838019848,1473.0,14,28.88235294117647,2013
2013_07_CHI_WAS,WAS,73,0.1917808219178082,0.410958904109589,0.253966838019848,0.11417078835881417,1950.0,12,26.71232876712329,2013
2013_07_CIN_DET,CIN,53,0.05660377358490566,0.660377358490566,0.3480352677974539,0.2522453410710515,1483.0,10,27.9811320754717,2013
2013_07_CIN_DET,DET,75,0.05333333333333334,0.6666666666666666,0.2522453410710515,0.3480352677974539,2006.0,10,26.746666666666666,2013
2013_07_CLE_GB,CLE,68,0.058823529411764705,0.6617647058823529,-0.22907378842318563,0.2707066645442038,1543.0,11,22.691176470588236,2013
2013_07_CLE_GB,GB,65,0.35384615384615387,0.5692307692307692,0.2707066645442038,-0.22907378842318563,1957.0,11,30.107692307692307,2013
2013_07_DAL_PHI,DAL,73,0.0273972602739726,0.6712328767123288,-0.07850791007939406,-0.32269335790241144,2059.0,15,28.205479452054796,2013
2013_07_DAL_PHI,PHI,74,0.6351351351351351,0.6891891891891891,-0.32269335790241144,-0.07850791007939406,1302.0,14,17.594594594594593,2013
2013_07_DEN_IND,DEN,73,0.2328767123287671,0.7397260273972602,0.03302833137043151,-0.08248288807359537,1580.0,17,21.643835616438356,2013
2013_07_DEN_IND,IND,70,0.05714285714285714,0.5714285714285714,-0.08248288807359537,0.03302833137043151,1780.0,18,25.428571428571427,2013
2013_07_HOU_KC,HOU,54,0.0,0.5555555555555556,-0.14465320542372004,0.03947224230363453,1603.0,11,29.685185185185187,2013
2013_07_HOU_KC,KC,65,0.03076923076923077,0.5538461538461539,0.03947224230363453,-0.14465320542372004,1837.0,11,28.26153846153846,2013
2013_07_MIN_NYG,MIN,68,0.04411764705882353,0.7941176470588235,-0.37322784909670204,-0.10631705825918554,1250.0,14,18.38235294117647,2013
2013_07_MIN_NYG,NYG,72,0.013888888888888888,0.5694444444444444,-0.10631705825918554,-0.37322784909670204,2036.0,15,28.27777777777778,2013
2013_07_NE_NYJ,NE,70,0.15714285714285714,0.7142857142857143,-0.13330997481224757,-0.0569499236620987,1327.0,13,18.957142857142856,2013
2013_07_NE_NYJ,NYJ,88,0.011363636363636364,0.42045454545454547,-0.0569499236620987,-0.13330997481224757,2659.0,14,30.21590909090909,2013
2013_07_SD_JAX,JAX,59,0.3898305084745763,0.711864406779661,-0.11856053809936712,0.2763158253574206,1237.0,8,20.966101694915253,2013
2013_07_SD_JAX,LAC,64,0.453125,0.421875,0.2763158253574206,-0.11856053809936712,2160.0,9,33.75,2013
2013_07_SEA_ARI,ARI,71,0.04225352112676056,0.7464788732394366,-0.28117762818668335,-0.017789593158776127,1838.0,13,25.887323943661972,2013
2013_07_SEA_ARI,SEA,63,0.015873015873015872,0.5079365079365079,-0.017789593158776127,-0.28117762818668335,1566.0,13,24.857142857142858,2013
2013_07_SF_TEN,SF,61,0.06557377049180328,0.3770491803278688,0.20839714054922143,0.05701996754947258,2043.0,11,33.49180327868852,2013
2013_07_SF_TEN,TEN,56,0.16071428571428573,0.7678571428571429,0.05701996754947258,0.20839714054922143,1342.0,11,23.964285714285715,2013
2013_07_STL_CAR,CAR,53,0.0,0.3584905660377358,0.05542878744049725,-0.23654369410541534,1910.0,11,36.0377358490566,2013
2013_07_STL_CAR,LA,59,0.1016949152542373,0.6440677966101694,-0.23654369410541534,0.05542878744049725,1501.0,11,25.440677966101696,2013
2013_07_TB_ATL,ATL,40,0.0,0.625,0.29010252072355913,-0.028030496312972417,1248.0,9,31.2,2013
2013_07_TB_ATL,TB,75,0.04,0.6266666666666667,-0.028030496312972417,0.29010252072355913,2195.0,11,29.266666666666666,2013
2013_08_ATL_ARI,ARI,51,0.0,0.4117647058823529,0.16348327782384764,-0.1856368369377548,1481.0,12,29.03921568627451,2013
2013_08_ATL_ARI,ATL,78,0.038461538461538464,0.8205128205128205,-0.1856368369377548,0.16348327782384764,1948.0,13,24.974358974358974,2013
2013_08_BUF_NO,BUF,68,0.0,0.6323529411764706,-0.19619027625766403,0.2192000490633974,1558.0,12,22.91176470588235,2013
2013_08_BUF_NO,NO,61,0.0,0.6229508196721312,0.2192000490633974,-0.19619027625766403,1869.0,12,30.639344262295083,2013
2013_08_CAR_TB,CAR,60,0.0,0.5833333333333334,0.16090224008483922,-0.16968534845895783,2001.0,12,33.35,2013
2013_08_CAR_TB,TB,67,0.208955223880597,0.7910447761194029,-0.16968534845895783,0.16090224008483922,1448.0,11,21.611940298507463,2013
2013_08_CLE_KC,CLE,52,0.038461538461538464,0.7115384615384616,0.07865034997823056,0.0784674899035845,1334.0,11,25.653846153846153,2013
2013_08_CLE_KC,KC,70,0.02857142857142857,0.6,0.0784674899035845,0.07865034997823056,2084.0,12,29.771428571428572,2013
2013_08_DAL_DET,DAL,55,0.01818181818181818,0.5454545454545454,-0.06315635654096059,0.06391061053792327,1386.0,15,25.2,2013
2013_08_DAL_DET,DET,76,0.02631578947368421,0.618421052631579,0.06391061053792327,-0.06315635654096059,1999.0,14,26.30263157894737,2013
2013_08_GB_MIN,GB,71,0.0,0.43661971830985913,0.4026074919923232,0.211151988476926,2398.0,9,33.774647887323944,2013
2013_08_GB_MIN,MIN,43,0.0,0.5581395348837209,0.211151988476926,0.4026074919923232,1093.0,9,25.41860465116279,2013
2013_08_MIA_NE,MIA,79,0.05063291139240506,0.6075949367088608,-0.034158405278226375,-0.07821510754719718,2016.0,12,25.518987341772153,2013
2013_08_MIA_NE,NE,59,0.2542372881355932,0.423728813559322,-0.07821510754719718,-0.034158405278226375,1389.0,13,23.54237288135593,2013
2013_08_NYG_PHI,NYG,69,0.014492753623188406,0.5652173913043478,-0.16114456119716994,-0.285217818578694,2195.0,13,31.81159420289855,2013
2013_08_NYG_PHI,PHI,56,0.7142857142857143,0.6607142857142857,-0.285217818578694,-0.16114456119716994,1220.0,11,21.785714285714285,2013
2013_08_NYJ_CIN,CIN,56,0.0,0.5535714285714286,0.28352076815972466,-0.4502444549270693,1553.0,10,27.732142857142858,2013
2013_08_NYJ_CIN,NYJ,65,0.0,0.6307692307692307,-0.4502444549270693,0.28352076815972466,1839.0,13,28.29230769230769,2013
2013_08_PIT_OAK,LV,58,0.0,0.3620689655172414,-0.14905409136038883,-0.14675497824010464,1685.0,15,29.051724137931036,2013
2013_08_PIT_OAK,PIT,69,0.17391304347826086,0.7101449275362319,-0.14675497824010464,-0.14905409136038883,1678.0,15,24.318840579710145,2013
2013_08_SEA_STL,LA,69,0.0,0.463768115942029,-0.19571327212964557,-0.2892525561081386,2203.0,11,31.92753623188406,2013
2013_08_SEA_STL,SEA,40,0.0,0.625,-0.2892525561081386,-0.19571327212964557,1214.0,11,30.35,2013
2013_08_SF_JAX,JAX,70,0.05714285714285714,0.6428571428571429,-0.10820909059105825,0.4117955937747296,1825.0,9,26.071428571428573,2013
2013_08_SF_JAX,SF,55,0.0,0.3090909090909091,0.4117955937747296,-0.10820909059105825,1648.0,9,29.963636363636365,2013
2013_08_WAS_DEN,DEN,76,0.7105263157894737,0.6052631578947368,0.07887774243844381,-0.3640130301890376,1783.0,15,23.460526315789473,2013
2013_08_WAS_DEN,WAS,69,0.13043478260869565,0.5942028985507246,-0.3640130301890376,0.07887774243844381,1584.0,14,22.956521739130434,2013
2013_09_ATL_CAR,ATL,47,0.1702127659574468,0.5957446808510638,-0.20259573107148424,0.10345622646987526,1314.0,12,27.95744680851064,2013
2013_09_ATL_CAR,CAR,70,0.08571428571428572,0.5285714285714286,0.10345622646987526,-0.20259573107148424,2136.0,10,30.514285714285716,2013
2013_09_BAL_CLE,BAL,68,0.07352941176470588,0.6911764705882353,-0.0393786305508542,-0.024632123489568676,1682.0,12,24.735294117647058,2013
2013_09_BAL_CLE,CLE,67,0.0,0.582089552238806,-0.024632123489568676,-0.0393786305508542,1770.0,13,26.417910447761194,2013
2013_09_CHI_GB,CHI,75,0.04,0.56,0.15820584200595353,-0.04151081807657757,1932.0,12,25.76,2013
2013_09_CHI_GB,GB,55,0.09090909090909091,0.4727272727272727,-0.04151081807657757,0.15820584200595353,1526.0,12,27.745454545454546,2013
2013_09_CIN_MIA,CIN,91,0.0989010989010989,0.6373626373626373,-0.06620821930087738,-0.07037119946248678,2312.0,15,25.406593406593405,2013
2013_09_CIN_MIA,MIA,61,0.04918032786885246,0.5081967213114754,-0.07037119946248678,-0.06620821930087738,1577.0,13,25.852459016393443,2013
2013_09_IND_HOU,HOU,67,0.0,0.5074626865671642,0.20336529398182382,0.0665478320534851,2101.0,12,31.35820895522388,2013
2013_09_IND_HOU,IND,59,0.1016949152542373,0.7627118644067796,0.0665478320534851,0.20336529398182382,1324.0,12,22.440677966101696,2013
2013_09_KC_BUF,BUF,77,0.22077922077922077,0.5064935064935064,-0.1545340827353059,-0.15509718567405312,1707.0,12,22.16883116883117,2013
2013_09_KC_BUF,KC,51,0.0196078431372549,0.6078431372549019,-0.15509718567405312,-0.1545340827353059,1671.0,10,32.76470588235294,2013
2013_09_MIN_DAL,DAL,62,0.06451612903225806,0.8548387096774194,0.13319038095105892,0.041723193845550455,1645.0,10,26.532258064516128,2013
2013_09_MIN_DAL,MIN,68,0.08823529411764706,0.5735294117647058,0.041723193845550455,0.13319038095105892,1799.0,12,26.455882352941178,2013
2013_09_NO_NYJ,NO,65,0.13846153846153847,0.8153846153846154,-0.04458244546071574,0.03541179363071089,1688.0,12,25.96923076923077,2013
2013_09_NO_NYJ,NYJ,57,0.0,0.38596491228070173,0.03541179363071089,-0.04458244546071574,1744.0,12,30.596491228070175,2013
2013_09_PHI_OAK,LV,91,0.054945054945054944,0.6373626373626373,0.006677896305694531,0.5719419370101513,2168.0,14,23.824175824175825,2013
2013_09_PHI_OAK,PHI,55,0.6545454545454545,0.6,0.5719419370101513,0.006677896305694531,1239.0,15,22.527272727272727,2013
2013_09_PIT_NE,NE,70,0.2571428571428571,0.5142857142857142,0.39873630570847857,0.0584677055192298,1610.0,14,23.0,2013
2013_09_PIT_NE,PIT,72,0.4722222222222222,0.7361111111111112,0.0584677055192298,0.39873630570847857,1798.0,14,24.97222222222222,2013
2013_09_SD_WAS,LAC,62,0.46774193548387094,0.7419354838709677,0.2075811239239868,0.30451496574396875,1494.0,9,24.096774193548388,2013
2013_09_SD_WAS,WAS,71,0.0,0.4507042253521127,0.30451496574396875,0.2075811239239868,2345.0,12,33.028169014084504,2013
2013_09_TB_SEA,SEA,59,0.01694915254237288,0.423728813559322,0.33822004407667977,0.1763005751834138,1741.0,11,29.508474576271187,2013
2013_09_TB_SEA,TB,64,0.03125,0.421875,0.1763005751834138,0.33822004407667977,2124.0,12,33.1875,2013
2013_09_TEN_STL,LA,68,0.0,0.5294117647058824,0.07023485682245234,0.15593125472941935,1908.0,12,28.058823529411764,2013
2013_09_TEN_STL,TEN,60,0.016666666666666666,0.43333333333333335,0.15593125472941935,0.07023485682245234,1549.0,13,25.816666666666666,2013
2013_10_BUF_PIT,BUF,62,0.2903225806451613,0.6451612903225806,-0.2260884124828977,-0.15285352353583806,1388.0,12,22.387096774193548,2013
2013_10_BUF_PIT,PIT,67,0.05970149253731343,0.5074626865671642,-0.15285352353583806,-0.2260884124828977,2024.0,13,30.208955223880597,2013
2013_10_CAR_SF,CAR,65,0.0,0.5538461538461539,-0.18001064480192047,-0.4595865181862289,1815.0,12,27.923076923076923,2013
2013_10_CAR_SF,SF,52,0.038461538461538464,0.5384615384615384,-0.4595865181862289,-0.18001064480192047,1536.0,13,29.53846153846154,2013
2013_10_CIN_BAL,BAL,71,0.5211267605633803,0.5774647887323944,-0.3400181911222544,-0.1787527894699219,1760.0,15,24.788732394366196,2013
2013_10_CIN_BAL,CIN,84,0.16666666666666666,0.6428571428571429,-0.1787527894699219,-0.3400181911222544,2136.0,16,25.428571428571427,2013
2013_10_DAL_NO,DAL,42,0.0,0.6190476190476191,-0.12180954487025122,0.5905909211622118,1137.0,12,27.071428571428573,2013
2013_10_DAL_NO,NO,78,0.0,0.5384615384615384,0.5905909211622118,-0.12180954487025122,2321.0,11,29.756410256410255,2013
2013_10_DEN_SD,DEN,60,0.0,0.6333333333333333,0.2153581217270628,0.0453711206463259,1226.0,11,20.433333333333334,2013
2013_10_DEN_SD,LAC,68,0.0,0.4852941176470588,0.0453711206463259,0.2153581217270628,2196.0,11,32.294117647058826,2013
2013_10_DET_CHI,CHI,72,0.013888888888888888,0.7083333333333334,-0.07434672334451499,0.06201762404541699,1835.0,11,25.48611111111111,2013
2013_10_DET_CHI,DET,60,0.0,0.5833333333333334,0.06201762404541699,-0.07434672334451499,1586.0,12,26.433333333333334,2013
2013_10_HOU_ARI,ARI,60,0.0,0.55,-0.07693547338270774,-0.16295639520669886,1741.0,13,29.016666666666666,2013
2013_10_HOU_ARI,HOU,66,0.06060606060606061,0.6818181818181818,-0.16295639520669886,-0.07693547338270774,1624.0,14,24.606060606060606,2013
2013_10_JAX_TEN,JAX,55,0.05454545454545454,0.4727272727272727,-0.2770314635675695,-0.13719418105959125,1609.0,15,29.254545454545454,2013
2013_10_JAX_TEN,TEN,70,0.014285714285714285,0.6142857142857143,-0.13719418105959125,-0.2770314635675695,1717.0,15,24.52857142857143,2013
2013_10_LV_NYG,LV,54,0.0,0.5370370370370371,-0.30337075475552483,-0.19523325966745148,1572.0,11,29.11111111111111,2013
2013_10_LV_NYG,NYG,60,0.05,0.4166666666666667,-0.19523325966745148,-0.30337075475552483,1795.0,12,29.916666666666668,2013
2013_10_MIA_TB,MIA,59,0.0847457627118644,0.7627118644067796,-0.08255254474718543,-0.04582803853630499,1426.0,11,24.16949152542373,2013
2013_10_MIA_TB,TB,58,0.0,0.39655172413793105,-0.04582803853630499,-0.08255254474718543,1946.0,12,33.55172413793103,2013
2013_10_PHI_GB,GB,75,0.02666666666666667,0.6,-0.08472704644445266,0.25141128658772743,1992.0,10,26.56,2013
2013_10_PHI_GB,PHI,55,0.6909090909090909,0.38181818181818183,0.25141128658772743,-0.08472704644445266,1463.0,11,26.6,2013
2013_10_SEA_ATL,ATL,53,0.11320754716981132,0.7169811320754716,-0.03664643711682022,0.3559212005669329,1387.0,10,26.169811320754718,2013
2013_10_SEA_ATL,SEA,69,0.014492753623188406,0.391304347826087,0.3559212005669329,-0.03664643711682022,2094.0,9,30.347826086956523,2013
2013_10_STL_IND,IND,69,0.2608695652173913,0.8115942028985508,-0.33823288346136143,0.04456964082563721,1609.0,14,23.318840579710145,2013
2013_10_STL_IND,LA,54,0.0,0.3333333333333333,0.04456964082563721,-0.33823288346136143,1742.0,12,32.25925925925926,2013
2013_10_WAS_MIN,MIN,50,0.0,0.56,0.27028834805309243,0.16054863121852922,1382.0,10,27.64,2013
2013_10_WAS_MIN,WAS,76,0.0,0.5263157894736842,0.16054863121852922,0.27028834805309243,2112.0,9,27.789473684210527,2013
2013_11_ARI_JAX,ARI,65,0.015384615384615385,0.676923076923077,0.17111159131255474,-0.1216553534984851,2053.0,14,31.584615384615386,2013
2013_11_ARI_JAX,JAX,58,0.3103448275862069,0.7241379310344828,-0.1216553534984851,0.17111159131255474,1341.0,14,23.120689655172413,2013
2013_11_ATL_TB,ATL,66,0.42424242424242425,0.696969696969697,-0.023638508557739427,0.1557856433632249,1501.0,13,22.742424242424242,2013
2013_11_ATL_TB,TB,65,0.015384615384615385,0.4153846153846154,0.1557856433632249,-0.023638508557739427,1925.0,12,29.615384615384617,2013
2013_11_BAL_CHI,BAL,75,0.3466666666666667,0.4533333333333333,-0.10443543676999538,0.07754118998077014,2067.0,11,27.56,2013
2013_11_BAL_CHI,CHI,58,0.034482758620689655,0.5689655172413793,0.07754118998077014,-0.10443543676999538,1766.0,12,30.448275862068964,2013
2013_11_CLE_CIN,CIN,56,0.0,0.5,-0.3531241183760672,-0.33917191843298816,1516.0,17,27.071428571428573,2013
2013_11_CLE_CIN,CLE,77,0.0,0.7532467532467533,-0.33917191843298816,-0.3531241183760672,1802.0,18,23.4025974025974,2013
2013_11_DET_PIT,DET,72,0.013888888888888888,0.6527777777777778,-0.05787218222539403,0.16939912880797975,1583.0,13,21.98611111111111,2013
2013_11_DET_PIT,PIT,69,0.4927536231884058,0.6666666666666666,0.16939912880797975,-0.05787218222539403,1837.0,14,26.6231884057971,2013
2013_11_GB_NYG,GB,52,0.1346153846153846,0.6153846153846154,-0.18037985729875403,0.06761486914791726,1380.0,12,26.53846153846154,2013
2013_11_GB_NYG,NYG,63,0.0,0.6190476190476191,0.06761486914791726,-0.18037985729875403,2027.0,10,32.17460317460318,2013
2013_11_IND_TEN,IND,66,0.06060606060606061,0.5606060606060606,0.19878647917595044,0.290676749979828,1870.0,10,28.333333333333332,2013
2013_11_IND_TEN,TEN,54,0.3333333333333333,0.5555555555555556,0.290676749979828,0.19878647917595044,1612.0,9,29.85185185185185,2013
2013_11_KC_DEN,DEN,76,0.618421052631579,0.5263157894736842,0.07230820320217193,-0.1963369803048951,1710.0,13,22.5,2013
2013_11_KC_DEN,KC,72,0.013888888888888888,0.6527777777777778,-0.1963369803048951,0.07230820320217193,1701.0,14,23.625,2013
2013_11_LV_HOU,HOU,71,0.11267605633802817,0.704225352112676,-0.23493576388401138,-0.0063704899657221915,1577.0,16,22.211267605633804,2013
2013_11_LV_HOU,LV,62,0.0,0.5483870967741935,-0.0063704899657221915,-0.23493576388401138,1698.0,18,27.387096774193548,2013
2013_11_MIN_SEA,MIN,69,0.028985507246376812,0.5362318840579711,-0.26905380771664855,0.18872418398985044,1956.0,13,28.347826086956523,2013
2013_11_MIN_SEA,SEA,48,0.0,0.4375,0.18872418398985044,-0.26905380771664855,1464.0,12,30.5,2013
2013_11_NE_CAR,CAR,54,0.018518518518518517,0.5740740740740741,0.27157613952419185,0.16976442474610595,1685.0,7,31.203703703703702,2013
2013_11_NE_CAR,NE,66,0.06060606060606061,0.6212121212121212,0.16976442474610595,0.27157613952419185,1816.0,7,27.515151515151516,2013
2013_11_NYJ_BUF,BUF,64,0.28125,0.453125,0.0509212741835752,-0.4284317884437708,1896.0,14,29.625,2013
2013_11_NYJ_BUF,NYJ,55,0.01818181818181818,0.5818181818181818,-0.4284317884437708,0.0509212741835752,1475.0,14,26.818181818181817,2013
2013_11_SD_MIA,LAC,62,0.14516129032258066,0.5806451612903226,0.08186143603781072,0.038075633749283376,1827.0,10,29.467741935483872,2013
2013_11_SD_MIA,MIA,58,0.034482758620689655,0.6724137931034483,0.038075633749283376,0.08186143603781072,1628.0,10,28.06896551724138,2013
2013_11_SF_NO,NO,65,0.0,0.6615384615384615,0.09444245258916634,-0.10734023370879191,2006.0,11,30.861538461538462,2013
2013_11_SF_NO,SF,56,0.0,0.6071428571428571,-0.10734023370879191,0.09444245258916634,1437.0,12,25.660714285714285,2013
2013_11_WAS_PHI,PHI,61,0.6229508196721312,0.47540983606557374,0.1654354903103386,0.012342583278026323,1485.0,12,24.34426229508197,2013
2013_11_WAS_PHI,WAS,78,0.10256410256410256,0.5128205128205128,0.012342583278026323,0.1654354903103386,1924.0,12,24.666666666666668,2013
2013_12_CAR_MIA,CAR,67,0.08955223880597014,0.5671641791044776,0.01452873493095821,-0.09661837771600659,1699.0,13,25.35820895522388,2013
2013_12_CAR_MIA,MIA,61,0.06557377049180328,0.7213114754098361,-0.09661837771600659,0.01452873493095821,1693.0,13,27.75409836065574,2013
2013_12_CHI_STL,CHI,73,0.0,0.6438356164383562,0.02278495175415271,0.4111347310200464,2109.0,10,28.89041095890411,2013
2013_12_CHI_STL,LA,51,0.0,0.49019607843137253,0.4111347310200464,0.02278495175415271,1352.0,10,26.50980392156863,2013
2013_12_DAL_NYG,DAL,60,0.016666666666666666,0.7,0.030762054396292576,-0.13393796881795056,1677.0,11,27.95,2013
2013_12_DAL_NYG,NYG,63,0.015873015873015872,0.5079365079365079,-0.13393796881795056,0.030762054396292576,1734.0,12,27.523809523809526,2013
2013_12_DEN_NE,DEN,85,0.09411764705882353,0.43529411764705883,-0.00034063308209429736,-0.15307410007970362,2236.0,14,26.305882352941175,2013
2013_12_DEN_NE,NE,84,0.047619047619047616,0.6309523809523809,-0.15307410007970362,-0.00034063308209429736,1912.0,18,22.761904761904763,2013
2013_12_IND_ARI,ARI,71,0.014084507042253521,0.5774647887323944,0.22372889637110466,-0.27277563268279365,2170.0,10,30.56338028169014,2013
2013_12_IND_ARI,IND,56,0.125,0.7321428571428571,-0.27277563268279365,0.22372889637110466,1270.0,11,22.678571428571427,2013
2013_12_JAX_HOU,HOU,56,0.05357142857142857,0.625,-0.268649571368733,0.016135754091309656,1464.0,11,26.142857142857142,2013
2013_12_JAX_HOU,JAX,63,0.0,0.5714285714285714,0.016135754091309656,-0.268649571368733,1872.0,12,29.714285714285715,2013
2013_12_MIN_GB,GB,89,0.2247191011235955,0.6292134831460674,0.06261747950169567,0.05707614474162895,1977.0,15,22.213483146067414,2013
2013_12_MIN_GB,MIN,79,0.012658227848101266,0.45569620253164556,0.05707614474162895,0.06261747950169567,2356.0,14,29.82278481012658,2013
2013_12_NO_ATL,ATL,66,0.30303030303030304,0.6666666666666666,0.10299958592488795,0.19533570244095444,1970.0,9,29.848484848484848,2013
2013_12_NO_ATL,NO,57,0.0,0.5964912280701754,0.19533570244095444,0.10299958592488795,1516.0,9,26.596491228070175,2013
2013_12_NYJ_BAL,BAL,62,0.46774193548387094,0.5,-0.10675435967342532,-0.3695704390665614,1916.0,13,30.903225806451612,2013
2013_12_NYJ_BAL,NYJ,55,0.14545454545454545,0.4909090909090909,-0.3695704390665614,-0.10675435967342532,1417.0,13,25.763636363636362,2013
2013_12_PIT_CLE,CLE,73,0.0821917808219178,0.7945205479452054,-0.27643174094574685,-0.03120517249649335,1479.0,14,20.26027397260274,2013
2013_12_PIT_CLE,PIT,65,0.3230769230769231,0.5076923076923077,-0.03120517249649335,-0.27643174094574685,1887.0,13,29.03076923076923,2013
2013_12_SD_KC,KC,58,0.017241379310344827,0.7068965517241379,0.2401470795945165,0.3376816930031155,1675.0,13,28.879310344827587,2013
2013_12_SD_KC,LAC,67,0.07462686567164178,0.5970149253731343,0.3376816930031155,0.2401470795945165,1796.0,12,26.80597014925373,2013
2013_12_SF_WAS,SF,56,0.017857142857142856,0.4642857142857143,-0.08371542207954427,-0.43482381539844916,1781.0,12,31.803571428571427,2013
2013_12_SF_WAS,WAS,58,0.1724137931034483,0.5344827586206896,-0.43482381539844916,-0.08371542207954427,1569.0,12,27.051724137931036,2013
2013_12_TB_DET,DET,72,0.05555555555555555,0.6666666666666666,-0.1378079417697562,0.0358932587617634,1910.0,12,26.52777777777778,2013
2013_12_TB_DET,TB,45,0.0,0.5555555555555556,0.0358932587617634,-0.1378079417697562,1480.0,12,32.888888888888886,2013
2013_12_TEN_OAK,LV,55,0.0,0.5818181818181818,0.02967818806176143,0.19313978029282977,1391.0,11,25.29090909090909,2013
2013_12_TEN_OAK,TEN,73,0.1643835616438356,0.6027397260273972,0.19313978029282977,0.02967818806176143,2092.0,10,28.65753424657534,2013
2013_13_ARI_PHI,ARI,67,0.04477611940298507,0.6865671641791045,-0.047529925025016885,-0.04115608174793576,1738.0,13,25.940298507462686,2013
2013_13_ARI_PHI,PHI,70,0.6714285714285714,0.5571428571428572,-0.04115608174793576,-0.047529925025016885,1656.0,13,23.65714285714286,2013
2013_13_ATL_BUF,ATL,83,0.060240963855421686,0.6385542168674698,0.0365026830589244,0.051684878786289024,2184.0,15,26.313253012048193,2013
2013_13_ATL_BUF,BUF,63,0.5079365079365079,0.5079365079365079,0.051684878786289024,0.0365026830589244,1392.0,14,22.095238095238095,2013
2013_13_CHI_MIN,CHI,65,0.0,0.6153846153846154,0.11198341804453955,0.03641705363119185,1957.0,14,30.107692307692307,2013
2013_13_CHI_MIN,MIN,86,0.0,0.5348837209302325,0.03641705363119185,0.11198341804453955,2249.0,14,26.151162790697676,2013
2013_13_CIN_SD,CIN,60,0.0,0.36666666666666664,0.10258426104017655,-0.02344062722386139,1669.0,10,27.816666666666666,2013
2013_13_CIN_SD,LAC,63,0.0,0.6190476190476191,-0.02344062722386139,0.10258426104017655,1731.0,10,27.476190476190474,2013
2013_13_DEN_KC,DEN,63,0.36507936507936506,0.5555555555555556,0.4068671072452462,0.2349073381703396,1574.0,12,24.984126984126984,2013
2013_13_DEN_KC,KC,66,0.015151515151515152,0.6212121212121212,0.2349073381703396,0.4068671072452462,1860.0,11,28.181818181818183,2013
2013_13_GB_DET,DET,75,0.013333333333333334,0.4533333333333333,0.28164581068334343,-0.5636800943609629,2341.0,13,31.213333333333335,2013
2013_13_GB_DET,GB,42,0.0,0.6428571428571429,-0.5636800943609629,0.28164581068334343,1074.0,11,25.571428571428573,2013
2013_13_JAX_CLE,CLE,73,0.0273972602739726,0.589041095890411,0.07109310187577468,0.027666389624032617,1696.0,14,23.232876712328768,2013
2013_13_JAX_CLE,JAX,72,0.041666666666666664,0.5972222222222222,0.027666389624032617,0.07109310187577468,1747.0,14,24.26388888888889,2013
2013_13_LV_DAL,DAL,63,0.06349206349206349,0.5396825396825397,0.17485403196513588,-0.0740301084540715,1835.0,13,29.126984126984127,2013
2013_13_LV_DAL,LV,54,0.037037037037037035,0.5555555555555556,-0.0740301084540715,0.17485403196513588,1568.0,11,29.037037037037038,2013
2013_13_MIA_NYJ,MIA,79,0.012658227848101266,0.5569620253164557,0.007426338726703487,-0.48432960001823533,2236.0,13,28.303797468354432,2013
2013_13_MIA_NYJ,NYJ,54,0.09259259259259259,0.5925925925925926,-0.48432960001823533,0.007426338726703487,1171.0,13,21.685185185185187,2013
2013_13_NE_HOU,HOU,58,0.0,0.5344827586206896,0.20359483197509667,0.18368605221788176,1492.0,12,25.724137931034484,2013
2013_13_NE_HOU,NE,69,0.028985507246376812,0.6086956521739131,0.18368605221788176,0.20359483197509667,1977.0,11,28.652173913043477,2013
2013_13_NO_SEA,NO,55,0.09090909090909091,0.7090909090909091,-0.36690428739133046,0.14427751888104906,1492.0,11,27.12727272727273,2013
2013_13_NO_SEA,SEA,68,0.058823529411764705,0.45588235294117646,0.14427751888104906,-0.36690428739133046,1962.0,10,28.852941176470587,2013
2013_13_NYG_WAS,NYG,52,0.057692307692307696,0.5961538461538461,-0.002134678725116673,-0.07326927549352315,1583.0,12,30.442307692307693,2013
2013_13_NYG_WAS,WAS,67,0.2537313432835821,0.5373134328358209,-0.07326927549352315,-0.002134678725116673,1807.0,12,26.970149253731343,2013
2013_13_PIT_BAL,BAL,59,0.7457627118644068,0.6271186440677966,0.09061792009596989,0.15455686451505352,1700.0,9,28.8135593220339,2013
2013_13_PIT_BAL,PIT,63,0.42857142857142855,0.7142857142857143,0.15455686451505352,0.09061792009596989,1749.0,8,27.761904761904763,2013
2013_13_STL_SF,LA,67,0.05970149253731343,0.6119402985074627,-0.17780957282046164,0.051875095260292034,1545.0,11,23.059701492537314,2013
2013_13_STL_SF,SF,61,0.0,0.5245901639344263,0.051875095260292034,-0.17780957282046164,1853.0,12,30.37704918032787,2013
2013_13_TB_CAR,CAR,63,0.07936507936507936,0.4603174603174603,0.1230031190979269,-0.34680880952101734,1982.0,11,31.46031746031746,2013
2013_13_TB_CAR,TB,45,0.1111111111111111,0.5777777777777777,-0.34680880952101734,0.1230031190979269,1423.0,11,31.622222222222224,2013
2013_13_TEN_IND,IND,60,0.016666666666666666,0.6166666666666667,-0.07986001521333325,-0.125338238924104,1463.0,13,24.383333333333333,2013
2013_13_TEN_IND,TEN,74,0.02702702702702703,0.5135135135135135,-0.125338238924104,-0.07986001521333325,1942.0,12,26.243243243243242,2013
2013_14_ATL_GB,ATL,59,0.11864406779661017,0.6101694915254238,-0.04422737901251386,-0.07128090190803289,1528.0,10,25.89830508474576,2013
2013_14_ATL_GB,GB,70,0.4,0.5428571428571428,-0.07128090190803289,-0.04422737901251386,1944.0,12,27.771428571428572,2013
2013_14_BUF_TB,BUF,61,0.2786885245901639,0.6557377049180327,-0.564730506537168,-0.3360975942978378,1529.0,15,25.065573770491802,2013
2013_14_BUF_TB,TB,62,0.0,0.41935483870967744,-0.3360975942978378,-0.564730506537168,1795.0,15,28.951612903225808,2013
2013_14_CAR_NO,CAR,62,0.0,0.6290322580645161,-0.037589001999905516,0.24461325140620974,1865.0,10,30.080645161290324,2013
2013_14_CAR_NO,NO,59,0.0,0.7457627118644068,0.24461325140620974,-0.037589001999905516,1569.0,10,26.593220338983052,2013
2013_14_CLE_NE,CLE,69,0.014492753623188406,0.6231884057971014,0.2360492681113976,0.1418454887500244,1843.0,13,26.71014492753623,2013
2013_14_CLE_NE,NE,76,0.05263157894736842,0.7236842105263158,0.1418454887500244,0.2360492681113976,1620.0,13,21.31578947368421,2013
2013_14_DAL_CHI,CHI,69,0.0,0.5507246376811594,0.4955403850219826,0.24243137038821114,2184.0,9,31.652173913043477,2013
2013_14_DAL_CHI,DAL,54,0.0,0.5,0.24243137038821114,0.4955403850219826,1356.0,9,25.11111111111111,2013
2013_14_DET_PHI,DET,58,0.017241379310344827,0.4482758620689655,-0.3481763876195524,0.07614494592678114,1590.0,13,27.413793103448278,2013
2013_14_DET_PHI,PHI,71,0.5070422535211268,0.352112676056338,0.07614494592678114,-0.3481763876195524,1773.0,14,24.971830985915492,2013
2013_14_HOU_JAX,HOU,80,0.1375,0.7625,-0.009585399890013733,0.059529755175050485,2024.0,14,25.3,2013
2013_14_HOU_JAX,JAX,56,0.14285714285714285,0.5,0.059529755175050485,-0.009585399890013733,1393.0,13,24.875,2013
2013_14_IND_CIN,CIN,67,0.0,0.5223880597014925,0.3770319793481797,0.16825289780527491,2152.0,13,32.11940298507463,2013
2013_14_IND_CIN,IND,58,0.0,0.7931034482758621,0.16825289780527491,0.3770319793481797,1246.0,12,21.482758620689655,2013
2013_14_KC_WAS,KC,58,0.0,0.39655172413793105,0.1271565318124891,-0.400106241765751,1966.0,13,33.89655172413793,2013
2013_14_KC_WAS,WAS,64,0.078125,0.734375,-0.400106241765751,0.1271565318124891,1411.0,14,22.046875,2013
2013_14_LV_NYJ,LV,65,0.03076923076923077,0.6,0.12232122932074205,0.15306824074911,1794.0,11,27.6,2013
2013_14_LV_NYJ,NYJ,58,0.0,0.4482758620689655,0.15306824074911,0.12232122932074205,1681.0,10,28.982758620689655,2013
2013_14_MIA_PIT,MIA,44,0.022727272727272728,0.6136363636363636,0.06139733130887545,0.19628681663942374,1206.0,10,27.40909090909091,2013
2013_14_MIA_PIT,PIT,45,0.24444444444444444,0.6,0.19628681663942374,0.06139733130887545,1380.0,8,30.666666666666668,2013
2013_14_MIN_BAL,BAL,79,0.4810126582278481,0.6582278481012658,-0.19446536961626176,-0.017212448895862723,1832.0,16,23.189873417721518,2013
2013_14_MIN_BAL,MIN,64,0.03125,0.609375,-0.017212448895862723,-0.19446536961626176,1549.0,16,24.203125,2013
2013_14_NYG_SD,LAC,70,0.0,0.42857142857142855,0.22420731508714004,-0.1812477431881345,2154.0,10,30.771428571428572,2013
2013_14_NYG_SD,NYG,54,0.0,0.6296296296296297,-0.1812477431881345,0.22420731508714004,1321.0,10,24.462962962962962,2013
2013_14_SEA_SF,SEA,50,0.0,0.54,0.04850750817707777,-0.08022489679498354,1576.0,11,31.52,2013
2013_14_SEA_SF,SF,63,0.0,0.49206349206349204,-0.08022489679498354,0.04850750817707777,1872.0,11,29.714285714285715,2013
2013_14_STL_ARI,ARI,64,0.015625,0.515625,0.12934017791383262,-0.3287296671743324,2031.0,11,31.734375,2013
2013_14_STL_ARI,LA,50,0.02,0.62,-0.3287296671743324,0.12934017791383262,1406.0,12,28.12,2013
2013_14_TEN_DEN,DEN,87,0.6436781609195402,0.6666666666666666,0.3531666744719957,-0.05088432835273455,2293.0,13,26.35632183908046,2013
2013_14_TEN_DEN,TEN,48,0.0,0.5416666666666666,-0.05088432835273455,0.3531666744719957,1166.0,11,24.291666666666668,2013
2013_15_ARI_TEN,ARI,67,0.014925373134328358,0.47761194029850745,0.11752337435789327,0.12384438485503564,1790.0,13,26.71641791044776,2013
2013_15_ARI_TEN,TEN,77,0.09090909090909091,0.7532467532467533,0.12384438485503564,0.11752337435789327,1958.0,13,25.428571428571427,2013
2013_15_BAL_DET,BAL,60,0.1,0.65,-0.12816405900091354,0.03005277715872606,1547.0,12,25.783333333333335,2013
2013_15_BAL_DET,DET,63,0.015873015873015872,0.5555555555555556,0.03005277715872606,-0.12816405900091354,1882.0,11,29.873015873015873,2013
2013_15_BUF_JAX,BUF,70,0.4714285714285714,0.4,-0.021762825368446526,-0.21696039885192514,1837.0,14,26.242857142857144,2013
2013_15_BUF_JAX,JAX,72,0.2916666666666667,0.5694444444444444,-0.21696039885192514,-0.021762825368446526,1561.0,12,21.680555555555557,2013
2013_15_CHI_CLE,CHI,62,0.016129032258064516,0.532258064516129,0.022852167943807084,-0.010553381848777013,1966.0,12,31.70967741935484,2013
2013_15_CHI_CLE,CLE,56,0.07142857142857142,0.6964285714285714,-0.010553381848777013,0.022852167943807084,1438.0,11,25.678571428571427,2013
2013_15_CIN_PIT,CIN,68,0.11764705882352941,0.6764705882352942,-0.12673621693512244,0.049420039964743194,1615.0,11,23.75,2013
2013_15_CIN_PIT,PIT,62,0.45161290322580644,0.41935483870967744,0.049420039964743194,-0.12673621693512244,1815.0,10,29.274193548387096,2013
2013_15_GB_DAL,DAL,69,0.014492753623188406,0.7391304347826086,0.13091181522829456,0.1949050961698671,1836.0,12,26.608695652173914,2013
2013_15_GB_DAL,GB,66,0.07575757575757576,0.6363636363636364,0.1949050961698671,0.13091181522829456,1568.0,13,23.757575757575758,2013
2013_15_HOU_IND,HOU,63,0.031746031746031744,0.6031746031746031,-0.3805276192323364,-0.13206064392504907,1465.0,14,23.253968253968253,2013
2013_15_HOU_IND,IND,68,0.07352941176470588,0.4852941176470588,-0.13206064392504907,-0.3805276192323364,1893.0,14,27.83823529411765,2013
2013_15_KC_OAK,KC,50,0.0,0.54,0.33879024745924957,-0.04554363525856378,1477.0,13,29.54,2013
2013_15_KC_OAK,LV,72,0.041666666666666664,0.5416666666666666,-0.04554363525856378,0.33879024745924957,1919.0,14,26.65277777777778,2013
2013_15_NE_MIA,MIA,63,0.06349206349206349,0.6507936507936508,0.16446910915186322,0.16202391535264707,1679.0,10,26.650793650793652,2013
2013_15_NE_MIA,NE,77,0.0,0.7142857142857143,0.16202391535264707,0.16446910915186322,1813.0,10,23.545454545454547,2013
2013_15_NO_STL,LA,52,0.0,0.38461538461538464,0.20808287162635158,0.09039747951835939,1621.0,12,31.173076923076923,2013
2013_15_NO_STL,NO,81,0.0,0.7407407407407407,0.09039747951835939,0.20808287162635158,1874.0,11,23.135802469135804,2013
2013_15_NYJ_CAR,CAR,60,0.05,0.43333333333333335,0.19272169637109407,0.07857406315231148,1910.0,9,31.833333333333332,2013
2013_15_NYJ_CAR,NYJ,59,0.3898305084745763,0.5254237288135594,0.07857406315231148,0.19272169637109407,1557.0,10,26.389830508474578,2013
2013_15_PHI_MIN,MIN,73,0.0,0.5205479452054794,0.20352466083310766,0.10098723704031412,2141.0,12,29.328767123287673,2013
2013_15_PHI_MIN,PHI,67,0.8656716417910447,0.8059701492537313,0.10098723704031412,0.20352466083310766,1318.0,13,19.671641791044777,2013
2013_15_SD_DEN,DEN,53,0.660377358490566,0.7924528301886793,0.10708021107385761,0.16377163179495227,1207.0,9,22.77358490566038,2013
2013_15_SD_DEN,LAC,64,0.15625,0.34375,0.16377163179495227,0.10708021107385761,2257.0,10,35.265625,2013
2013_15_SEA_NYG,NYG,53,0.2641509433962264,0.7358490566037735,-0.530133274116744,-0.009874090334020631,1404.0,14,26.49056603773585,2013
2013_15_SEA_NYG,SEA,67,0.0,0.4925373134328358,-0.009874090334020631,-0.530133274116744,1934.0,13,28.865671641791046,2013
2013_15_SF_TB,SF,68,0.014705882352941176,0.45588235294117646,0.13161097366421934,-0.20039041529025167,2272.0,12,33.411764705882355,2013
2013_15_SF_TB,TB,49,0.14285714285714285,0.7551020408163265,-0.20039041529025167,0.13161097366421934,1111.0,12,22.6734693877551,2013
2013_15_WAS_ATL,ATL,61,0.0,0.6721311475409836,-0.15948595088628156,-0.115157130811498,1917.0,15,31.42622950819672,2013
2013_15_WAS_ATL,WAS,67,0.04477611940298507,0.6865671641791045,-0.115157130811498,-0.15948595088628156,1473.0,14,21.98507462686567,2013
2013_16_ARI_SEA,ARI,67,0.014925373134328358,0.40298507462686567,-0.22876394554272506,-0.2795875335879231,2094.0,15,31.253731343283583,2013
2013_16_ARI_SEA,SEA,51,0.0196078431372549,0.6078431372549019,-0.2795875335879231,-0.22876394554272506,1253.0,14,24.568627450980394,2013
2013_16_ATL_SF,ATL,69,0.10144927536231885,0.7101449275362319,0.04444031044076609,0.33327752600365285,1751.0,11,25.3768115942029,2013
2013_16_ATL_SF,SF,54,0.0,0.4444444444444444,0.33327752600365285,0.04444031044076609,1710.0,10,31.666666666666668,2013
2013_16_CHI_PHI,CHI,62,0.016129032258064516,0.6935483870967742,-0.18033775673637195,0.46261527641812067,1662.0,12,26.806451612903224,2013
2013_16_CHI_PHI,PHI,61,0.7540983606557377,0.4426229508196721,0.46261527641812067,-0.18033775673637195,1744.0,11,28.59016393442623,2013
2013_16_CLE_NYJ,CLE,64,0.0,0.671875,-0.17506212954696493,0.1940865025132891,1578.0,9,24.65625,2013
2013_16_CLE_NYJ,NYJ,73,0.0,0.5068493150684932,0.1940865025132891,-0.17506212954696493,1893.0,10,25.931506849315067,2013
2013_16_DAL_WAS,DAL,51,0.0196078431372549,0.5686274509803921,0.07033702337897804,-0.009439842614300663,1428.0,11,28.0,2013
2013_16_DAL_WAS,WAS,64,0.046875,0.5625,-0.009439842614300663,0.07033702337897804,1961.0,10,30.640625,2013
2013_16_DEN_HOU,DEN,70,0.3,0.7428571428571429,0.21100625319571253,-0.2107962590011582,1636.0,14,23.37142857142857,2013
2013_16_DEN_HOU,HOU,65,0.03076923076923077,0.6,-0.2107962590011582,0.21100625319571253,1692.0,14,26.03076923076923,2013
2013_16_IND_KC,IND,68,0.22058823529411764,0.5441176470588235,0.09830217056474078,-0.32519890337978963,2199.0,12,32.338235294117645,2013
2013_16_IND_KC,KC,52,0.038461538461538464,0.6153846153846154,-0.32519890337978963,0.09830217056474078,1205.0,11,23.173076923076923,2013
2013_16_LV_SD,LAC,67,0.0,0.44776119402985076,0.02174256773591885,-0.13099129530993203,2014.0,11,30.059701492537314,2013
2013_16_LV_SD,LV,54,0.0,0.6851851851851852,-0.13099129530993203,0.02174256773591885,1430.0,11,26.48148148148148,2013
2013_16_MIA_BUF,BUF,73,0.410958904109589,0.3561643835616438,0.010330456157499508,-0.5757187758455058,2089.0,14,28.616438356164384,2013
2013_16_MIA_BUF,MIA,52,0.019230769230769232,0.7692307692307693,-0.5757187758455058,0.010330456157499508,1278.0,13,24.576923076923077,2013
2013_16_MIN_CIN,CIN,75,0.0,0.5333333333333333,0.1579643759340025,-0.5865637063532576,2271.0,13,30.28,2013
2013_16_MIN_CIN,MIN,48,0.0,0.6458333333333334,-0.5865637063532576,0.1579643759340025,1124.0,13,23.416666666666668,2013
2013_16_NE_BAL,BAL,73,0.6986301369863014,0.6301369863013698,-0.42314255120620675,-0.0074268590264821455,1531.0,15,20.972602739726028,2013
2013_16_NE_BAL,NE,62,0.03225806451612903,0.45161290322580644,-0.0074268590264821455,-0.42314255120620675,1836.0,12,29.612903225806452,2013
2013_16_NO_CAR,CAR,42,0.047619047619047616,0.5952380952380952,-0.1453043403622812,-0.14541687427133632,1144.0,14,27.238095238095237,2013
2013_16_NO_CAR,NO,81,0.012345679012345678,0.6296296296296297,-0.14541687427133632,-0.1453043403622812,2178.0,14,26.88888888888889,2013
2013_16_NYG_DET,DET,80,0.0375,0.5625,-0.08094685635175247,-0.14972585613574274,2154.0,14,26.925,2013
2013_16_NYG_DET,NYG,65,0.03076923076923077,0.676923076923077,-0.14972585613574274,-0.08094685635175247,1691.0,13,26.015384615384615,2013
2013_16_PIT_GB,GB,72,0.20833333333333334,0.5833333333333334,-0.0124281188543961,0.17078379356379403,1919.0,14,26.65277777777778,2013
2013_16_PIT_GB,PIT,58,0.43103448275862066,0.5,0.17078379356379403,-0.0124281188543961,1540.0,12,26.551724137931036,2013
2013_16_TB_STL,LA,60,0.0,0.35,-0.15162799941929642,-0.266687069160851,1990.0,10,33.166666666666664,2013
2013_16_TB_STL,TB,56,0.0,0.5892857142857143,-0.266687069160851,-0.15162799941929642,1439.0,11,25.696428571428573,2013
2013_16_TEN_JAX,JAX,57,0.21052631578947367,0.631578947368421,-0.07745018623003365,0.05819414064592044,1410.0,10,24.736842105263158,2013
2013_16_TEN_JAX,TEN,71,0.028169014084507043,0.4084507042253521,0.05819414064592044,-0.07745018623003365,2018.0,11,28.422535211267604,2013
2013_17_BAL_CIN,BAL,66,0.0,0.7727272727272727,-0.3773527716690476,0.013247994758322902,1451.0,14,21.984848484848484,2013
2013_17_BAL_CIN,CIN,63,0.0,0.5555555555555556,0.013247994758322902,-0.3773527716690476,1914.0,14,30.38095238095238,2013
2013_17_BUF_NE,BUF,68,0.4852941176470588,0.4852941176470588,-0.0030955016681441286,0.1450760794214076,1571.0,11,23.102941176470587,2013
2013_17_BUF_NE,NE,66,0.045454545454545456,0.3939393939393939,0.1450760794214076,-0.0030955016681441286,1876.0,12,28.424242424242426,2013
2013_17_CAR_ATL,ATL,68,0.029411764705882353,0.7205882352941176,-0.020690839714201752,-0.023820337540139687,1974.0,12,29.029411764705884,2013
2013_17_CAR_ATL,CAR,57,0.03508771929824561,0.49122807017543857,-0.023820337540139687,-0.020690839714201752,1450.0,10,25.43859649122807,2013
2013_17_CLE_PIT,CLE,64,0.09375,0.6875,-0.25148939621655864,-0.0381567969273216,1704.0,11,26.625,2013
2013_17_CLE_PIT,PIT,59,0.2542372881355932,0.5423728813559322,-0.0381567969273216,-0.25148939621655864,1721.0,12,29.16949152542373,2013
2013_17_DEN_OAK,DEN,72,0.4305555555555556,0.6111111111111112,0.28820682093607614,-0.16128634565467695,2042.0,11,28.36111111111111,2013
2013_17_DEN_OAK,LV,56,0.08928571428571429,0.6785714285714286,-0.16128634565467695,0.28820682093607614,1362.0,12,24.321428571428573,2013
2013_17_DET_MIN,DET,59,0.0,0.6271186440677966,-0.1017582749441395,-0.039091332024531134,1859.0,11,31.508474576271187,2013
2013_17_DET_MIN,MIN,53,0.0,0.6792452830188679,-0.039091332024531134,-0.1017582749441395,1524.0,11,28.754716981132077,2013
2013_17_GB_CHI,CHI,49,0.0,0.5102040816326531,0.2483834009867674,0.22270847179230654,1426.0,11,29.102040816326532,2013
2013_17_GB_CHI,GB,77,0.11688311688311688,0.5584415584415584,0.22270847179230654,0.2483834009867674,2054.0,10,26.675324675324674,2013
2013_17_HOU_TEN,HOU,57,0.07017543859649122,0.6140350877192983,-0.19429257718057774,-0.010116992715189583,1583.0,11,27.771929824561404,2013
2013_17_HOU_TEN,TEN,59,0.01694915254237288,0.423728813559322,-0.010116992715189583,-0.19429257718057774,1835.0,12,31.10169491525424,2013
2013_17_JAX_IND,IND,69,0.2898550724637681,0.6086956521739131,0.1496472605180337,-0.17200647690916746,1951.0,12,28.27536231884058,2013
2013_17_JAX_IND,JAX,69,0.14492753623188406,0.7681159420289855,-0.17200647690916746,0.1496472605180337,1491.0,11,21.608695652173914,2013
2013_17_KC_SD,KC,69,0.0,0.463768115942029,0.038916101209447516,0.11142337335421887,1976.0,12,28.63768115942029,2013
2013_17_KC_SD,LAC,72,0.0,0.5,0.11142337335421887,0.038916101209447516,2164.0,12,30.055555555555557,2013
2013_17_NYJ_MIA,MIA,58,0.06896551724137931,0.6379310344827587,-1.788116435070666e-05,0.14804418788079352,1578.0,11,27.20689655172414,2013
2013_17_NYJ_MIA,NYJ,67,0.029850746268656716,0.417910447761194,0.14804418788079352,-1.788116435070666e-05,1858.0,11,27.73134328358209,2013
2013_17_PHI_DAL,DAL,65,0.015384615384615385,0.7230769230769231,-0.08634689249541533,0.08844780604256781,1743.0,12,26.815384615384616,2013
2013_17_PHI_DAL,PHI,62,0.8870967741935484,0.5,0.08844780604256781,-0.08634689249541533,1677.0,13,27.048387096774192,2013
2013_17_SF_ARI,ARI,70,0.0,0.7,0.06492761548426816,-0.047117032125421815,1847.0,13,26.385714285714286,2013
2013_17_SF_ARI,SF,59,0.0,0.6101694915254238,-0.047117032125421815,0.06492761548426816,1580.0,13,26.779661016949152,2013
2013_17_STL_SEA,LA,49,0.20408163265306123,0.6530612244897959,-0.36889785720574064,0.05193781933069811,1491.0,12,30.428571428571427,2013
2013_17_STL_SEA,SEA,59,0.0,0.4406779661016949,0.05193781933069811,-0.36889785720574064,1896.0,11,32.13559322033898,2013
2013_17_TB_NO,NO,58,0.0,0.5517241379310345,0.4616031375022952,-0.1293830917297256,1852.0,13,31.93103448275862,2013
2013_17_TB_NO,TB,60,0.0,0.7,-0.1293830917297256,0.4616031375022952,1443.0,12,24.05,2013
2013_17_WAS_NYG,NYG,67,0.0,0.4925373134328358,-0.32327139747813627,-0.48155099777946286,1755.0,18,26.19402985074627,2013
2013_17_WAS_NYG,WAS,75,0.02666666666666667,0.6933333333333334,-0.48155099777946286,-0.32327139747813627,1541.0,17,20.546666666666667,2013
2014_01_BUF_CHI,BUF,53,0.0,0.41509433962264153,0.10478360032135058,0.1299699961889796,1732.0,12,32.679245283018865,2014
2014_01_BUF_CHI,CHI,67,0.08955223880597014,0.7313432835820896,0.1299699961889796,0.10478360032135058,1963.0,12,29.29850746268657,2014
2014_01_CAR_TB,CAR,66,0.0,0.5,0.1063931454432442,-0.12937333059157644,2016.0,11,30.545454545454547,2014
2014_01_CAR_TB,TB,55,0.2,0.6909090909090909,-0.12937333059157644,0.1063931454432442,1393.0,11,25.327272727272728,2014
2014_01_CIN_BAL,BAL,86,0.18604651162790697,0.7558139534883721,-0.04555625367464008,0.10284911251789909,1700.0,12,19.767441860465116,2014
2014_01_CIN_BAL,CIN,63,0.6349206349206349,0.6190476190476191,0.10284911251789909,-0.04555625367464008,1701.0,12,27.0,2014
2014_01_CLE_PIT,CLE,64,0.40625,0.53125,0.17927683544483464,0.20671409310475558,1573.0,12,24.578125,2014
2014_01_CLE_PIT,PIT,64,0.359375,0.5625,0.20671409310475558,0.17927683544483464,1859.0,13,29.046875,2014
2014_01_GB_SEA,GB,58,0.06896551724137931,0.6379310344827587,-0.09255734959561758,0.2518073145749992,1530.0,10,26.379310344827587,2014
2014_01_GB_SEA,SEA,63,0.015873015873015872,0.4603174603174603,0.2518073145749992,-0.09255734959561758,1945.0,10,30.873015873015873,2014
2014_01_IND_DEN,DEN,65,0.6307692307692307,0.5692307692307692,0.233168861430337,0.051227902975529836,1820.0,13,28.0,2014
2014_01_IND_DEN,IND,70,0.24285714285714285,0.8,0.051227902975529836,0.233168861430337,1580.0,12,22.571428571428573,2014
2014_01_JAX_PHI,JAX,71,0.2535211267605634,0.647887323943662,-0.2544614307757302,-0.09621230100024285,1633.0,16,23.0,2014
2014_01_JAX_PHI,PHI,81,0.5679012345679012,0.6049382716049383,-0.09621230100024285,-0.2544614307757302,1768.0,15,21.82716049382716,2014
2014_01_LV_NYJ,LV,48,0.14583333333333334,0.7083333333333334,-0.25777382675539434,0.01537946998160912,1399.0,12,29.145833333333332,2014
2014_01_LV_NYJ,NYJ,64,0.03125,0.5,0.01537946998160912,-0.25777382675539434,1986.0,12,31.03125,2014
2014_01_MIN_STL,LA,62,0.12903225806451613,0.6612903225806451,-0.2560376161035932,0.11794873632604244,1786.0,12,28.806451612903224,2014
2014_01_MIN_STL,MIN,54,0.0,0.48148148148148145,0.11794873632604244,-0.2560376161035932,1592.0,11,29.48148148148148,2014
2014_01_NE_MIA,MIA,69,0.13043478260869565,0.4782608695652174,0.002449364477551486,-0.12355616063725913,1754.0,14,25.420289855072465,2014
2014_01_NE_MIA,NE,80,0.1125,0.75,-0.12355616063725913,0.002449364477551486,1636.0,14,20.45,2014
2014_01_NO_ATL,ATL,68,0.04411764705882353,0.6323529411764706,0.3238527780469793,0.2008271497377454,1827.0,11,26.86764705882353,2014
2014_01_NO_ATL,NO,70,0.0,0.6,0.2008271497377454,0.3238527780469793,1770.0,10,25.285714285714285,2014
2014_01_NYG_DET,DET,61,0.0,0.5573770491803278,0.34592003688372397,-0.2934167601742064,2052.0,11,33.63934426229508,2014
2014_01_NYG_DET,NYG,57,0.42105263157894735,0.6140350877192983,-0.2934167601742064,0.34592003688372397,1355.0,10,23.771929824561404,2014
2014_01_SD_ARI,ARI,66,0.0,0.6060606060606061,0.017973986363843206,-0.12560429750467278,1822.0,12,27.606060606060606,2014
2014_01_SD_ARI,LAC,60,0.16666666666666666,0.6,-0.12560429750467278,0.017973986363843206,1624.0,11,27.066666666666666,2014
2014_01_SF_DAL,DAL,63,0.1111111111111111,0.6349206349206349,-0.09575738240471958,0.20276335888051294,1773.0,10,28.142857142857142,2014
2014_01_SF_DAL,SF,52,0.0,0.46153846153846156,0.20276335888051294,-0.09575738240471958,1651.0,10,31.75,2014
2014_01_TEN_KC,KC,55,0.07272727272727272,0.6909090909090909,-0.2013911476824902,0.11886139058609328,1248.0,13,22.69090909090909,2014
2014_01_TEN_KC,TEN,73,0.0410958904109589,0.5068493150684932,0.11886139058609328,-0.2013911476824902,2162.0,13,29.616438356164384,2014
2014_01_WAS_HOU,HOU,54,0.0,0.42592592592592593,0.03704068837837759,-0.07033692640899877,1625.0,10,30.09259259259259,2014
2014_01_WAS_HOU,WAS,62,0.0,0.6290322580645161,-0.07033692640899877,0.03704068837837759,1757.0,11,28.338709677419356,2014
2014_02_ARI_NYG,ARI,59,0.0,0.559322033898305,-0.05650690552157332,-0.06092861805746388,1581.0,11,26.796610169491526,2014
2014_02_ARI_NYG,NYG,68,0.4411764705882353,0.6029411764705882,-0.06092861805746388,-0.05650690552157332,1863.0,11,27.397058823529413,2014
2014_02_ATL_CIN,ATL,63,0.0,0.6984126984126984,-0.154979793905848,0.2317199180830918,1526.0,12,24.22222222222222,2014
2014_02_ATL_CIN,CIN,68,0.0,0.35294117647058826,0.2317199180830918,-0.154979793905848,1892.0,12,27.823529411764707,2014
2014_02_CHI_SF,CHI,50,0.06,0.7,-0.03134718501897929,-0.00795134956371113,1475.0,11,29.5,2014
2014_02_CHI_SF,SF,64,0.0,0.578125,-0.00795134956371113,-0.03134718501897929,1968.0,11,30.75,2014
2014_02_DAL_TEN,DAL,76,0.0,0.4342105263157895,0.04594393873666812,-0.10146745478672563,2394.0,11,31.5,2014
2014_02_DAL_TEN,TEN,49,0.32653061224489793,0.7346938775510204,-0.10146745478672563,0.04594393873666812,1044.0,12,21.306122448979593,2014
2014_02_DET_CAR,CAR,63,0.09523809523809523,0.6349206349206349,0.005968224599677465,-0.08689831519315339,1666.0,13,26.444444444444443,2014
2014_02_DET_CAR,DET,70,0.07142857142857142,0.7428571428571429,-0.08689831519315339,0.005968224599677465,1755.0,12,25.071428571428573,2014
2014_02_HOU_OAK,HOU,64,0.03125,0.296875,0.20711228576029778,-0.20160136679396243,2266.0,10,35.40625,2014
2014_02_HOU_OAK,LV,59,0.288135593220339,0.711864406779661,-0.20160136679396243,0.20711228576029778,1197.0,10,20.28813559322034,2014
2014_02_JAX_WAS,JAX,48,0.16666666666666666,0.7916666666666666,-0.49721084893007345,0.22006416247014368,1111.0,12,23.145833333333332,2014
2014_02_JAX_WAS,WAS,80,0.0375,0.4875,0.22006416247014368,-0.49721084893007345,2262.0,14,28.275,2014
2014_02_KC_DEN,DEN,45,0.6,0.6,0.35031504550480885,0.10956171773389257,1382.0,8,30.711111111111112,2014
2014_02_KC_DEN,KC,75,0.0,0.5866666666666667,0.10956171773389257,0.35031504550480885,2131.0,8,28.413333333333334,2014
2014_02_MIA_BUF,BUF,58,0.0,0.4482758620689655,-0.02523352914993204,-0.1823836344442159,1656.0,13,28.551724137931036,2014
2014_02_MIA_BUF,MIA,74,0.13513513513513514,0.7162162162162162,-0.1823836344442159,-0.02523352914993204,1789.0,12,24.175675675675677,2014
2014_02_NE_MIN,MIN,59,0.15254237288135594,0.6949152542372882,-0.2819481150952132,-0.05567345278416328,1557.0,13,26.389830508474578,2014
2014_02_NE_MIN,NE,60,0.016666666666666666,0.38333333333333336,-0.05567345278416328,-0.2819481150952132,1842.0,12,30.7,2014
2014_02_NO_CLE,CLE,72,0.2638888888888889,0.5833333333333334,0.07821175290491207,0.09434514933776195,1640.0,10,22.77777777777778,2014
2014_02_NO_CLE,NO,68,0.058823529411764705,0.6029411764705882,0.09434514933776195,0.07821175290491207,1807.0,11,26.573529411764707,2014
2014_02_NYJ_GB,GB,66,0.5151515151515151,0.696969696969697,0.05710167611645592,0.0019993865070219003,1684.0,12,25.515151515151516,2014
2014_02_NYJ_GB,NYJ,70,0.6285714285714286,0.4857142857142857,0.0019993865070219003,0.05710167611645592,1761.0,12,25.15714285714286,2014
2014_02_PHI_IND,IND,71,0.08450704225352113,0.4788732394366197,0.0026494634585735094,0.23157175044630007,2073.0,12,29.197183098591548,2014
2014_02_PHI_IND,PHI,65,0.7230769230769231,0.5692307692307692,0.23157175044630007,0.0026494634585735094,1350.0,12,20.76923076923077,2014
2014_02_PIT_BAL,BAL,63,0.0,0.4603174603174603,0.17595180045078218,-0.23453487998208492,2010.0,10,31.904761904761905,2014
2014_02_PIT_BAL,PIT,57,0.42105263157894735,0.6842105263157895,-0.23453487998208492,0.17595180045078218,1414.0,9,24.80701754385965,2014
2014_02_SEA_SD,LAC,75,0.0,0.5066666666666667,0.1997832707338815,0.31508574286799956,2487.0,10,33.16,2014
2014_02_SEA_SD,SEA,39,0.0,0.6666666666666666,0.31508574286799956,0.1997832707338815,1002.0,10,25.692307692307693,2014
2014_02_STL_TB,LA,60,0.0,0.5166666666666667,0.10916771432777767,0.12694646565646328,1849.0,8,30.816666666666666,2014
2014_02_STL_TB,TB,51,0.0196078431372549,0.4117647058823529,0.12694646565646328,0.10916771432777767,1595.0,9,31.274509803921568,2014
2014_03_BAL_CLE,BAL,62,0.0,0.4838709677419355,0.04455764142592676,0.3264844279389277,1798.0,10,29.0,2014
2014_03_BAL_CLE,CLE,55,0.05454545454545454,0.4727272727272727,0.3264844279389277,0.04455764142592676,1679.0,10,30.527272727272727,2014
2014_03_CHI_NYJ,CHI,60,0.06666666666666667,0.7,-0.07132517097536839,0.01209224385040254,1565.0,12,26.083333333333332,2014
2014_03_CHI_NYJ,NYJ,71,0.04225352112676056,0.6338028169014085,0.01209224385040254,-0.07132517097536839,1840.0,11,25.91549295774648,2014
2014_03_DAL_STL,DAL,50,0.02,0.46,0.06070907355285231,0.14132416188334423,1558.0,10,31.16,2014
2014_03_DAL_STL,LA,71,0.07042253521126761,0.5915492957746479,0.14132416188334423,0.06070907355285231,1930.0,10,27.183098591549296,2014
2014_03_DEN_SEA,DEN,70,0.15714285714285714,0.7285714285714285,-0.12340280813638234,0.058990893405045576,1533.0,14,21.9,2014
2014_03_DEN_SEA,SEA,74,0.02702702702702703,0.5135135135135135,0.058990893405045576,-0.12340280813638234,2163.0,15,29.22972972972973,2014
2014_03_GB_DET,DET,70,0.0,0.5,0.03959108305955347,-0.25946739685725506,2197.0,10,31.385714285714286,2014
2014_03_GB_DET,GB,51,0.27450980392156865,0.5686274509803921,-0.25946739685725506,0.03959108305955347,1246.0,9,24.431372549019606,2014
2014_03_HOU_NYG,HOU,61,0.19672131147540983,0.5901639344262295,-0.0992938308878278,0.030916822480471014,1535.0,13,25.16393442622951,2014
2014_03_HOU_NYG,NYG,70,0.4142857142857143,0.4142857142857143,0.030916822480471014,-0.0992938308878278,1869.0,13,26.7,2014
2014_03_IND_JAX,IND,73,0.0410958904109589,0.6164383561643836,0.3360950976915606,-0.11182942097056014,2169.0,11,29.71232876712329,2014
2014_03_IND_JAX,JAX,55,0.09090909090909091,0.6363636363636364,-0.11182942097056014,0.3360950976915606,1270.0,12,23.09090909090909,2014
2014_03_KC_MIA,KC,72,0.0,0.4305555555555556,0.07182183917123801,-0.16871313337710855,1936.0,13,26.88888888888889,2014
2014_03_KC_MIA,MIA,67,0.11940298507462686,0.7014925373134329,-0.16871313337710855,0.07182183917123801,1460.0,14,21.791044776119403,2014
2014_03_LV_NE,LV,56,0.16071428571428573,0.6071428571428571,-0.12620842840548255,0.04073309272011081,1635.0,9,29.196428571428573,2014
2014_03_LV_NE,NE,68,0.14705882352941177,0.5735294117647058,0.04073309272011081,-0.12620842840548255,1833.0,10,26.955882352941178,2014
2014_03_MIN_NO,MIN,52,0.0,0.6153846153846154,0.0021074544454051233,0.2619956148145084,1514.0,8,29.115384615384617,2014
2014_03_MIN_NO,NO,66,0.0,0.5454545454545454,0.2619956148145084,0.0021074544454051233,1932.0,8,29.272727272727273,2014
2014_03_PIT_CAR,CAR,55,0.23636363636363636,0.8181818181818182,0.12611161274825722,0.2874696268157092,1455.0,9,26.454545454545453,2014
2014_03_PIT_CAR,PIT,62,0.1774193548387097,0.4838709677419355,0.2874696268157092,0.12611161274825722,2003.0,10,32.306451612903224,2014
2014_03_SD_BUF,BUF,64,0.15625,0.65625,-0.07507536932727198,0.11314772850869748,1622.0,11,25.34375,2014
2014_03_SD_BUF,LAC,63,0.015873015873015872,0.4126984126984127,0.11314772850869748,-0.07507536932727198,1834.0,10,29.11111111111111,2014
2014_03_SF_ARI,ARI,58,0.0,0.5862068965517241,0.1983028630484372,0.13361217034570935,1615.0,8,27.844827586206897,2014
2014_03_SF_ARI,SF,62,0.16129032258064516,0.6129032258064516,0.13361217034570935,0.1983028630484372,1875.0,8,30.241935483870968,2014
2014_03_TB_ATL,ATL,65,0.07692307692307693,0.4461538461538462,0.19324566494253342,-0.47382098417849616,1892.0,13,29.107692307692307,2014
2014_03_TB_ATL,TB,56,0.0,0.6785714285714286,-0.47382098417849616,0.19324566494253342,1500.0,14,26.785714285714285,2014
2014_03_TEN_CIN,CIN,56,0.0,0.4642857142857143,0.057022923897384385,-0.06683535348914978,1646.0,12,29.392857142857142,2014
2014_03_TEN_CIN,TEN,63,0.0,0.5714285714285714,-0.06683535348914978,0.057022923897384385,1776.0,12,28.19047619047619,2014
2014_03_WAS_PHI,PHI,66,0.6818181818181818,0.6363636363636364,0.04622337803545625,0.1922679025378373,1436.0,13,21.757575757575758,2014
2014_03_WAS_PHI,WAS,75,0.04,0.64,0.1922679025378373,0.04622337803545625,2023.0,14,26.973333333333333,2014
2014_04_ATL_MIN,ATL,63,0.031746031746031744,0.6507936507936508,0.2416121860284413,0.3164746850697407,1566.0,12,24.857142857142858,2014
2014_04_ATL_MIN,MIN,75,0.06666666666666667,0.41333333333333333,0.3164746850697407,0.2416121860284413,1939.0,11,25.85333333333333,2014
2014_04_BUF_HOU,BUF,68,0.0,0.6617647058823529,-0.30142088118702764,-0.22416734471591646,1625.0,15,23.897058823529413,2014
2014_04_BUF_HOU,HOU,61,0.0,0.639344262295082,-0.22416734471591646,-0.30142088118702764,1699.0,14,27.852459016393443,2014
2014_04_CAR_BAL,BAL,60,0.06666666666666667,0.5,0.4404709923639819,0.12034142460009359,1806.0,8,30.1,2014
2014_04_CAR_BAL,CAR,62,0.3225806451612903,0.5806451612903226,0.12034142460009359,0.4404709923639819,1725.0,8,27.822580645161292,2014
2014_04_DET_NYJ,DET,61,0.0,0.6065573770491803,0.14740893119682688,-0.08111673488612622,1993.0,13,32.67213114754098,2014
2014_04_DET_NYJ,NYJ,62,0.06451612903225806,0.5645161290322581,-0.08111673488612622,0.14740893119682688,1430.0,12,23.06451612903226,2014
2014_04_GB_CHI,CHI,77,0.1038961038961039,0.4675324675324675,0.06519407939831202,0.506094834166731,2115.0,8,27.467532467532468,2014
2014_04_GB_CHI,GB,47,0.2127659574468085,0.6170212765957447,0.506094834166731,0.06519407939831202,2211.0,7,47.04255319148936,2014
2014_04_JAX_SD,JAX,64,0.0,0.609375,-0.1051687982446403,0.2536781953900002,1749.0,11,27.328125,2014
2014_04_JAX_SD,LAC,60,0.0,0.6666666666666666,0.2536781953900002,-0.1051687982446403,1723.0,10,28.716666666666665,2014
2014_04_MIA_OAK,LV,62,0.22580645161290322,0.7096774193548387,-0.23936130591982369,0.10646134324585788,1628.0,13,26.258064516129032,2014
2014_04_MIA_OAK,MIA,66,0.015151515151515152,0.4696969696969697,0.10646134324585788,-0.23936130591982369,1743.0,12,26.40909090909091,2014
2014_04_NE_KC,KC,64,0.0,0.4375,0.29198680596723475,-0.07799447964516702,2106.0,11,32.90625,2014
2014_04_NE_KC,NE,48,0.0,0.6666666666666666,-0.07799447964516702,0.29198680596723475,1300.0,11,27.083333333333332,2014
2014_04_NO_DAL,DAL,62,0.016129032258064516,0.4838709677419355,0.3853962492100797,0.07869139217898968,1926.0,11,31.06451612903226,2014
2014_04_NO_DAL,NO,59,0.1016949152542373,0.7796610169491526,0.07869139217898968,0.3853962492100797,1379.0,11,23.372881355932204,2014
2014_04_NYG_WAS,NYG,78,0.358974358974359,0.5128205128205128,0.23746201206987502,-0.20612887494904172,2169.0,13,27.807692307692307,2014
2014_04_NYG_WAS,WAS,51,0.0196078431372549,0.6666666666666666,-0.20612887494904172,0.23746201206987502,1231.0,13,24.137254901960784,2014
2014_04_PHI_SF,PHI,56,0.6607142857142857,0.7857142857142857,-0.3280296146411263,-0.02437514468400791,962.0,11,17.178571428571427,2014
2014_04_PHI_SF,SF,74,0.02702702702702703,0.4594594594594595,-0.02437514468400791,-0.3280296146411263,2396.0,15,32.37837837837838,2014
2014_04_TB_PIT,PIT,72,0.3333333333333333,0.625,0.17490016811287112,0.1141077968930059,1996.0,11,27.72222222222222,2014
2014_04_TB_PIT,TB,63,0.015873015873015872,0.6825396825396826,0.1141077968930059,0.17490016811287112,1490.0,10,23.650793650793652,2014
2014_04_TEN_IND,IND,78,0.07692307692307693,0.5256410256410257,0.28739371340295017,-0.08896313161095389,2444.0,14,31.333333333333332,2014
2014_04_TEN_IND,TEN,47,0.2765957446808511,0.6595744680851063,-0.08896313161095389,0.28739371340295017,961.0,13,20.4468085106383,2014
2014_05_ARI_DEN,ARI,56,0.0,0.6607142857142857,-0.23292027219087436,0.19896180313963763,1270.0,15,22.678571428571427,2014
2014_05_ARI_DEN,DEN,74,0.6216216216216216,0.6486486486486487,0.19896180313963763,-0.23292027219087436,1988.0,16,26.864864864864863,2014
2014_05_ATL_NYG,ATL,66,0.22727272727272727,0.6818181818181818,0.033408891713619285,0.14909840141782377,1617.0,12,24.5,2014
2014_05_ATL_NYG,NYG,63,0.4444444444444444,0.49206349206349204,0.14909840141782377,0.033408891713619285,1829.0,11,29.03174603174603,2014
2014_05_BAL_IND,BAL,56,0.05357142857142857,0.7321428571428571,-0.32700899858995874,-0.07563941456091726,1181.0,12,21.089285714285715,2014
2014_05_BAL_IND,IND,79,0.0759493670886076,0.6329113924050633,-0.07563941456091726,-0.32700899858995874,2216.0,12,28.050632911392405,2014
2014_05_BUF_DET,BUF,68,0.014705882352941176,0.6617647058823529,-0.1353100321375467,-0.17788814630927086,1842.0,14,27.08823529411765,2014
2014_05_BUF_DET,DET,56,0.0,0.6607142857142857,-0.17788814630927086,-0.1353100321375467,1553.0,14,27.732142857142858,2014
2014_05_CHI_CAR,CAR,62,0.1774193548387097,0.5967741935483871,-0.057745154768392364,-0.0633951503788567,1456.0,13,23.483870967741936,2014
2014_05_CHI_CAR,CHI,61,0.03278688524590164,0.6557377049180327,-0.0633951503788567,-0.057745154768392364,1860.0,14,30.491803278688526,2014
2014_05_CIN_NE,CIN,47,0.3617021276595745,0.6170212765957447,-0.17148939251181222,0.23179200206057032,1144.0,13,24.340425531914892,2014
2014_05_CIN_NE,NE,78,0.0641025641025641,0.44871794871794873,0.23179200206057032,-0.17148939251181222,2244.0,12,28.76923076923077,2014
2014_05_CLE_TEN,CLE,74,0.2702702702702703,0.5135135135135135,0.16461253672352258,0.19137732717714165,1692.0,11,22.864864864864863,2014
2014_05_CLE_TEN,TEN,64,0.078125,0.546875,0.19137732717714165,0.16461253672352258,1767.0,12,27.609375,2014
2014_05_HOU_DAL,DAL,74,0.02702702702702703,0.5540540540540541,0.13958200159438636,0.04908929558775889,2050.0,11,27.7027027027027,2014
2014_05_HOU_DAL,HOU,55,0.10909090909090909,0.45454545454545453,0.04908929558775889,0.13958200159438636,1768.0,12,32.14545454545455,2014
2014_05_KC_SF,KC,50,0.0,0.62,0.10321273052289616,0.0771580719631547,1383.0,9,27.66,2014
2014_05_KC_SF,SF,67,0.0,0.44776119402985076,0.0771580719631547,0.10321273052289616,2077.0,9,31.0,2014
2014_05_MIN_GB,GB,51,0.35294117647058826,0.47058823529411764,0.12677559747660877,-0.2903839388283571,1589.0,13,31.15686274509804,2014
2014_05_MIN_GB,MIN,75,0.22666666666666666,0.6666666666666666,-0.2903839388283571,0.12677559747660877,1803.0,14,24.04,2014
2014_05_NYJ_SD,LAC,71,0.0,0.43661971830985913,0.19430225834212198,-0.4798780800514028,3153.0,12,44.40845070422535,2014
2014_05_NYJ_SD,NYJ,53,0.0,0.6037735849056604,-0.4798780800514028,0.19430225834212198,1137.0,12,21.452830188679247,2014
2014_05_PIT_JAX,JAX,52,0.17307692307692307,0.7115384615384616,-0.1888857266115377,0.0732121877171655,1387.0,10,26.673076923076923,2014
2014_05_PIT_JAX,PIT,65,0.15384615384615385,0.6153846153846154,0.0732121877171655,-0.1888857266115377,2006.0,11,30.861538461538462,2014
2014_05_SEA_WAS,SEA,63,0.015873015873015872,0.42857142857142855,0.1716828165028451,-0.019875789768684947,2021.0,12,32.07936507936508,2014
2014_05_SEA_WAS,WAS,54,0.09259259259259259,0.6851851851851852,-0.019875789768684947,0.1716828165028451,1396.0,12,25.85185185185185,2014
2014_05_STL_PHI,LA,76,0.10526315789473684,0.6973684210526315,-0.02229780953941519,-0.03743513020631027,1871.0,14,24.61842105263158,2014
2014_05_STL_PHI,PHI,69,0.7246376811594203,0.5362318840579711,-0.03743513020631027,-0.02229780953941519,1493.0,12,21.63768115942029,2014
2014_05_TB_NO,NO,86,0.0,0.6744186046511628,0.08041125227792204,0.10374284971471515,2231.0,13,25.941860465116278,2014
2014_05_TB_NO,TB,54,0.0,0.6111111111111112,0.10374284971471515,0.08041125227792204,1562.0,11,28.925925925925927,2014
2014_06_BAL_TB,BAL,59,0.01694915254237288,0.4576271186440678,0.37138934170795695,-0.06667154263712156,1859.0,13,31.508474576271187,2014
2014_06_BAL_TB,TB,67,0.373134328358209,0.7313432835820896,-0.06667154263712156,0.37138934170795695,1588.0,12,23.70149253731343,2014
2014_06_CAR_CIN,CAR,79,0.0,0.569620253164557,0.21292176840809898,0.22026659379301794,2322.0,11,29.39240506329114,2014
2014_06_CAR_CIN,CIN,75,0.0,0.5866666666666667,0.22026659379301794,0.21292176840809898,2074.0,11,27.653333333333332,2014
2014_06_CHI_ATL,ATL,53,0.09433962264150944,0.7735849056603774,-0.07813092431894307,0.31214803617258907,1345.0,11,25.37735849056604,2014
2014_06_CHI_ATL,CHI,67,0.0,0.6268656716417911,0.31214803617258907,-0.07813092431894307,2086.0,11,31.134328358208954,2014
2014_06_DAL_SEA,DAL,69,0.0,0.4782608695652174,0.17004060592710693,-0.13599638097230898,2176.0,11,31.536231884057973,2014
2014_06_DAL_SEA,SEA,48,0.041666666666666664,0.625,-0.13599638097230898,0.17004060592710693,1269.0,11,26.4375,2014
2014_06_DEN_NYJ,DEN,67,0.11940298507462686,0.5074626865671642,0.13208908228149469,-0.2469199350418571,1936.0,13,28.895522388059703,2014
2014_06_DEN_NYJ,NYJ,62,0.0,0.7580645161290323,-0.2469199350418571,0.13208908228149469,1513.0,13,24.403225806451612,2014
2014_06_DET_MIN,DET,65,0.0,0.5692307692307692,-0.12569641495259976,-0.4252179456119622,1853.0,13,28.50769230769231,2014
2014_06_DET_MIN,MIN,62,0.1935483870967742,0.7258064516129032,-0.4252179456119622,-0.12569641495259976,1555.0,14,25.080645161290324,2014
2014_06_GB_MIA,GB,77,0.22077922077922077,0.5714285714285714,0.13282433848438818,0.10991385593961968,2131.0,11,27.675324675324674,2014
2014_06_GB_MIA,MIA,55,0.09090909090909091,0.5818181818181818,0.10991385593961968,0.13282433848438818,1290.0,11,23.454545454545453,2014
2014_06_IND_HOU,HOU,52,0.0,0.5384615384615384,-0.037887061916787736,-0.006558473079281093,1294.0,12,24.884615384615383,2014
2014_06_IND_HOU,IND,80,0.0125,0.5875,-0.006558473079281093,-0.037887061916787736,2120.0,13,26.5,2014
2014_06_JAX_TEN,JAX,74,0.28378378378378377,0.6891891891891891,-0.025574701328092694,-0.05816497459971254,1773.0,11,23.95945945945946,2014
2014_06_JAX_TEN,TEN,53,0.07547169811320754,0.5660377358490566,-0.05816497459971254,-0.025574701328092694,1636.0,12,30.867924528301888,2014
2014_06_NE_BUF,BUF,67,0.08955223880597014,0.6567164179104478,0.032153603587732345,0.2860871353434849,1708.0,12,25.492537313432837,2014
2014_06_NE_BUF,NE,65,0.015384615384615385,0.6,0.2860871353434849,0.032153603587732345,1735.0,14,26.692307692307693,2014
2014_06_NYG_PHI,NYG,59,0.3389830508474576,0.6101694915254238,-0.31655841605805085,0.06644405229144312,1521.0,14,25.779661016949152,2014
2014_06_NYG_PHI,PHI,71,0.7746478873239436,0.49295774647887325,0.06644405229144312,-0.31655841605805085,1871.0,13,26.35211267605634,2014
2014_06_PIT_CLE,CLE,56,0.14285714285714285,0.32142857142857145,0.07532780028856008,-0.17245351830084268,1550.0,12,27.678571428571427,2014
2014_06_PIT_CLE,PIT,75,0.26666666666666666,0.5733333333333334,-0.17245351830084268,0.07532780028856008,1905.0,13,25.4,2014
2014_06_SD_OAK,LAC,66,0.5757575757575758,0.5454545454545454,0.2633681807140345,0.3123319523833672,2116.0,10,32.06060606060606,2014
2014_06_SD_OAK,LV,53,0.07547169811320754,0.6226415094339622,0.3123319523833672,0.2633681807140345,1326.0,10,25.0188679245283,2014
2014_06_SF_STL,LA,68,0.029411764705882353,0.6617647058823529,-0.1282571358969823,-0.001034650912337452,1770.0,14,26.029411764705884,2014
2014_06_SF_STL,SF,65,0.0,0.5384615384615384,-0.001034650912337452,-0.1282571358969823,1637.0,12,25.184615384615384,2014
2014_06_WAS_ARI,ARI,68,0.0,0.6617647058823529,0.005676958741243282,-0.24736673798975264,1983.0,13,29.16176470588235,2014
2014_06_WAS_ARI,WAS,57,0.05263157894736842,0.7017543859649122,-0.24736673798975264,0.005676958741243282,1412.0,14,24.771929824561404,2014
2014_07_ARI_OAK,ARI,69,0.0,0.463768115942029,0.07680331627050334,-0.07249060802304769,2149.0,10,31.144927536231883,2014
2014_07_ARI_OAK,LV,47,0.02127659574468085,0.6170212765957447,-0.07249060802304769,0.07680331627050334,1308.0,11,27.829787234042552,2014
2014_07_ATL_BAL,ATL,65,0.13846153846153847,0.7538461538461538,-0.21627741385590585,0.14607328664010327,1518.0,12,23.353846153846153,2014
2014_07_ATL_BAL,BAL,61,0.0,0.4098360655737705,0.14607328664010327,-0.21627741385590585,1934.0,11,31.704918032786885,2014
2014_07_CAR_GB,CAR,67,0.19402985074626866,0.6268656716417911,-0.11240686640354075,0.29174262211436064,1718.0,12,25.64179104477612,2014
2014_07_CAR_GB,GB,53,0.4528301886792453,0.49056603773584906,0.29174262211436064,-0.11240686640354075,1724.0,12,32.528301886792455,2014
2014_07_CIN_IND,CIN,54,0.2777777777777778,0.7777777777777778,-0.47256025508580357,0.11673434487623426,1061.0,14,19.64814814814815,2014
2014_07_CIN_IND,IND,78,0.02564102564102564,0.5641025641025641,0.11673434487623426,-0.47256025508580357,2285.0,13,29.294871794871796,2014
2014_07_CLE_JAX,CLE,73,0.1780821917808219,0.6027397260273972,-0.450075027249681,-0.19591663083581481,1564.0,15,21.424657534246574,2014
2014_07_CLE_JAX,JAX,67,0.16417910447761194,0.4925373134328358,-0.19591663083581481,-0.450075027249681,1770.0,16,26.417910447761194,2014
2014_07_HOU_PIT,HOU,62,0.3064516129032258,0.532258064516129,0.026305462283170374,0.07082863026476131,1596.0,12,25.741935483870968,2014
2014_07_HOU_PIT,PIT,59,0.11864406779661017,0.6271186440677966,0.07082863026476131,0.026305462283170374,1842.0,12,31.220338983050848,2014
2014_07_KC_SD,KC,70,0.0,0.44285714285714284,0.14942827966761518,-0.03616644560950073,2262.0,11,32.31428571428572,2014
2014_07_KC_SD,LAC,49,0.0,0.673469387755102,-0.03616644560950073,0.14942827966761518,1170.0,10,23.877551020408163,2014
2014_07_MIA_CHI,CHI,51,0.0392156862745098,0.7254901960784313,-0.2444196580069924,0.24692011516600634,1286.0,9,25.215686274509803,2014
2014_07_MIA_CHI,MIA,66,0.015151515151515152,0.5303030303030303,0.24692011516600634,-0.2444196580069924,2180.0,10,33.03030303030303,2014
2014_07_MIN_BUF,BUF,65,0.07692307692307693,0.7230769230769231,-0.06366902543956393,-0.190251767262714,1561.0,13,24.015384615384615,2014
2014_07_MIN_BUF,MIN,60,0.0,0.5166666666666667,-0.190251767262714,-0.06366902543956393,1845.0,13,30.75,2014
2014_07_NO_DET,DET,66,0.030303030303030304,0.6515151515151515,-0.00768204003414007,0.003749808195984011,1845.0,12,27.954545454545453,2014
2014_07_NO_DET,NO,66,0.13636363636363635,0.6818181818181818,0.003749808195984011,-0.00768204003414007,1594.0,12,24.151515151515152,2014
2014_07_NYG_DAL,DAL,59,0.03389830508474576,0.423728813559322,0.3654901791003964,0.07713782146515522,1933.0,11,32.76271186440678,2014
2014_07_NYG_DAL,NYG,59,0.3728813559322034,0.559322033898305,0.07713782146515522,0.3654901791003964,1504.0,11,25.491525423728813,2014
2014_07_NYJ_NE,NE,52,0.15384615384615385,0.7115384615384616,0.18063340995308158,0.10217756185706554,1085.0,10,20.865384615384617,2014
2014_07_NYJ_NE,NYJ,80,0.0125,0.4625,0.10217756185706554,0.18063340995308158,2407.0,10,30.0875,2014
2014_07_SEA_STL,LA,47,0.0,0.46808510638297873,0.21129148383570223,0.2889073145204873,1540.0,9,32.765957446808514,2014
2014_07_SEA_STL,SEA,69,0.07246376811594203,0.5797101449275363,0.2889073145204873,0.21129148383570223,1891.0,9,27.405797101449274,2014
2014_07_SF_DEN,DEN,53,0.39622641509433965,0.5471698113207547,0.4272677065331373,-0.1148988710321552,1599.0,12,30.169811320754718,2014
2014_07_SF_DEN,SF,70,0.11428571428571428,0.7428571428571429,-0.1148988710321552,0.4272677065331373,1839.0,11,26.271428571428572,2014
2014_07_TEN_WAS,TEN,49,0.02040816326530612,0.5510204081632653,-0.0032186271263817366,-0.024105400842933306,1791.0,10,36.55102040816327,2014
2014_07_TEN_WAS,WAS,55,0.03636363636363636,0.5454545454545454,-0.024105400842933306,-0.0032186271263817366,1633.0,11,29.69090909090909,2014
2014_08_BAL_CIN,BAL,61,0.0,0.5737704918032787,-0.06834568926414832,0.05691061770511444,1687.0,11,27.65573770491803,2014
2014_08_BAL_CIN,CIN,63,0.0,0.47619047619047616,0.05691061770511444,-0.06834568926414832,1769.0,11,28.07936507936508,2014
2014_08_BUF_NYJ,BUF,52,0.0,0.40384615384615385,0.04987871177798331,-0.22388961510414335,1559.0,15,29.98076923076923,2014
2014_08_BUF_NYJ,NYJ,79,0.0379746835443038,0.5822784810126582,-0.22388961510414335,0.04987871177798331,1819.0,15,23.025316455696203,2014
2014_08_CHI_NE,CHI,66,0.030303030303030304,0.6060606060606061,0.06243259103973217,0.4232012494976468,1557.0,11,23.59090909090909,2014
2014_08_CHI_NE,NE,70,0.08571428571428572,0.5571428571428572,0.4232012494976468,0.06243259103973217,1913.0,10,27.32857142857143,2014
2014_08_DET_ATL,ATL,55,0.0,0.5272727272727272,0.06779862104284282,0.11849706543411477,1671.0,9,30.381818181818183,2014
2014_08_DET_ATL,DET,68,0.029411764705882353,0.6617647058823529,0.11849706543411477,0.06779862104284282,1797.0,9,26.426470588235293,2014
2014_08_GB_NO,GB,63,0.0,0.6984126984126984,0.14373284903609698,0.36659420077140265,1623.0,10,25.761904761904763,2014
2014_08_GB_NO,NO,65,0.0,0.5230769230769231,0.36659420077140265,0.14373284903609698,1871.0,10,28.784615384615385,2014
2014_08_HOU_TEN,HOU,78,0.21794871794871795,0.5128205128205128,0.12727172766073988,-0.08020312415748491,2011.0,13,25.78205128205128,2014
2014_08_HOU_TEN,TEN,56,0.23214285714285715,0.7678571428571429,-0.08020312415748491,0.12727172766073988,1368.0,13,24.428571428571427,2014
2014_08_IND_PIT,IND,55,0.2,0.8363636363636363,0.17081480052129458,0.37586870509065357,1145.0,13,20.818181818181817,2014
2014_08_IND_PIT,PIT,81,0.08641975308641975,0.6049382716049383,0.37586870509065357,0.17081480052129458,2333.0,11,28.80246913580247,2014
2014_08_LV_CLE,CLE,53,0.07547169811320754,0.5471698113207547,-0.025418845459198848,-0.12685413706897278,1423.0,13,26.849056603773583,2014
2014_08_LV_CLE,LV,78,0.0641025641025641,0.717948717948718,-0.12685413706897278,-0.025418845459198848,1961.0,13,25.141025641025642,2014
2014_08_MIA_JAX,JAX,68,0.22058823529411764,0.5588235294117647,-0.20629256378021557,-0.05312436932904339,1814.0,12,26.676470588235293,2014
2014_08_MIA_JAX,MIA,55,0.05454545454545454,0.5818181818181818,-0.05312436932904339,-0.20629256378021557,1561.0,10,28.381818181818183,2014
2014_08_MIN_TB,MIN,64,0.03125,0.65625,-0.0352062719813929,-0.20880010718895134,1735.0,12,27.109375,2014
2014_08_MIN_TB,TB,56,0.0,0.5892857142857143,-0.20880010718895134,-0.0352062719813929,1665.0,12,29.732142857142858,2014
2014_08_PHI_ARI,ARI,65,0.015384615384615385,0.6461538461538462,0.0657127139377074,0.006993461515788479,1634.0,13,25.138461538461538,2014
2014_08_PHI_ARI,PHI,88,0.6136363636363636,0.7045454545454546,0.006993461515788479,0.0657127139377074,1760.0,14,20.0,2014
2014_08_SD_DEN,DEN,65,0.4153846153846154,0.5384615384615384,0.3438509582169516,0.061280727718800374,1807.0,10,27.8,2014
2014_08_SD_DEN,LAC,57,0.631578947368421,0.7368421052631579,0.061280727718800374,0.3438509582169516,1629.0,11,28.57894736842105,2014
2014_08_SEA_CAR,CAR,55,0.01818181818181818,0.45454545454545453,-0.22314975836370585,-0.0575751263625308,1807.0,9,32.85454545454545,2014
2014_08_SEA_CAR,SEA,58,0.06896551724137931,0.5689655172413793,-0.0575751263625308,-0.22314975836370585,1535.0,9,26.46551724137931,2014
2014_08_STL_KC,KC,64,0.0,0.46875,0.14444711206894414,-0.2328740014799884,2074.0,11,32.40625,2014
2014_08_STL_KC,LA,51,0.13725490196078433,0.6274509803921569,-0.2328740014799884,0.14444711206894414,1360.0,12,26.666666666666668,2014
2014_08_WAS_DAL,DAL,63,0.06349206349206349,0.6031746031746031,0.029407450446400692,0.14653766614514963,1615.0,11,25.634920634920636,2014
2014_08_WAS_DAL,WAS,63,0.0,0.5238095238095238,0.14653766614514963,0.029407450446400692,2241.0,11,35.57142857142857,2014
2014_09_ARI_DAL,ARI,63,0.0,0.5714285714285714,0.10741293715005097,-0.20225780444563088,1804.0,11,28.634920634920636,2014
2014_09_ARI_DAL,DAL,59,0.1016949152542373,0.576271186440678,-0.20225780444563088,0.10741293715005097,1648.0,10,27.93220338983051,2014
2014_09_BAL_PIT,BAL,66,0.045454545454545456,0.7272727272727273,-0.16695258649187023,0.2263574733694052,1614.0,14,24.454545454545453,2014
2014_09_BAL_PIT,PIT,66,0.015151515151515152,0.6212121212121212,0.2263574733694052,-0.16695258649187023,1821.0,13,27.59090909090909,2014
2014_09_DEN_NE,DEN,74,0.24324324324324326,0.7837837837837838,-0.10466649251977092,0.07842140375076415,1709.0,15,23.094594594594593,2014
2014_09_DEN_NE,NE,79,0.17721518987341772,0.6835443037974683,0.07842140375076415,-0.10466649251977092,1697.0,14,21.481012658227847,2014
2014_09_IND_NYG,IND,71,0.11267605633802817,0.6619718309859155,0.19259769673718752,0.01050572963140246,1871.0,15,26.35211267605634,2014
2014_09_IND_NYG,NYG,75,0.6,0.7333333333333333,0.01050572963140246,0.19259769673718752,1497.0,15,19.96,2014
2014_09_JAX_CIN,CIN,67,0.0,0.4925373134328358,0.12948166922240803,0.04111175885801702,1882.0,12,28.08955223880597,2014
2014_09_JAX_CIN,JAX,61,0.0,0.5901639344262295,0.04111175885801702,0.12948166922240803,1532.0,13,25.114754098360656,2014
2014_09_LV_SEA,LV,59,0.0,0.6949152542372882,-0.23146196294570973,0.0019088851321883294,1385.0,13,23.47457627118644,2014
2014_09_LV_SEA,SEA,71,0.0,0.5070422535211268,0.0019088851321883294,-0.23146196294570973,1982.0,13,27.91549295774648,2014
2014_09_NO_CAR,CAR,55,0.14545454545454545,0.5818181818181818,-0.15082638157091,0.06998012427388516,1392.0,11,25.30909090909091,2014
2014_09_NO_CAR,NO,72,0.09722222222222222,0.5138888888888888,0.06998012427388516,-0.15082638157091,2025.0,11,28.125,2014
2014_09_NYJ_KC,KC,56,0.0,0.5714285714285714,0.2783821734383928,-0.0001953249309664771,1664.0,8,29.714285714285715,2014
2014_09_NYJ_KC,NYJ,69,0.0,0.5652173913043478,-0.0001953249309664771,0.2783821734383928,1825.0,9,26.44927536231884,2014
2014_09_PHI_HOU,HOU,59,0.0,0.5254237288135594,0.026995602925354172,0.10370717163913344,1581.0,11,26.796610169491526,2014
2014_09_PHI_HOU,PHI,77,0.0,0.5064935064935064,0.10370717163913344,0.026995602925354172,1836.0,12,23.844155844155843,2014
2014_09_SD_MIA,LAC,49,0.08163265306122448,0.6122448979591837,-0.44199901132028935,0.1648432010525298,1300.0,11,26.53061224489796,2014
2014_09_SD_MIA,MIA,74,0.0,0.527027027027027,0.1648432010525298,-0.44199901132028935,2091.0,11,28.256756756756758,2014
2014_09_STL_SF,LA,51,0.0,0.49019607843137253,-0.24399786528809556,-0.2051854238448565,1565.0,12,30.686274509803923,2014
2014_09_STL_SF,SF,62,0.06451612903225806,0.6612903225806451,-0.2051854238448565,-0.24399786528809556,1855.0,12,29.919354838709676,2014
2014_09_TB_CLE,CLE,66,0.10606060606060606,0.5757575757575758,-0.1330412537300982,-0.11333388150055909,1695.0,13,25.681818181818183,2014
2014_09_TB_CLE,TB,60,0.0,0.5666666666666667,-0.11333388150055909,-0.1330412537300982,1754.0,12,29.233333333333334,2014
2014_09_WAS_MIN,MIN,72,0.013888888888888888,0.6111111111111112,0.17155942704146196,0.10238927045222687,1773.0,11,24.625,2014
2014_09_WAS_MIN,WAS,62,0.016129032258064516,0.532258064516129,0.10238927045222687,0.17155942704146196,1690.0,12,27.258064516129032,2014
2014_10_ATL_TB,ATL,59,0.11864406779661017,0.5423728813559322,0.12260308716939482,0.09335461818760239,1717.0,10,29.10169491525424,2014
2014_10_ATL_TB,TB,68,0.0,0.6617647058823529,0.09335461818760239,0.12260308716939482,1751.0,9,25.75,2014
2014_10_CAR_PHI,CAR,81,0.07407407407407407,0.6049382716049383,-0.2861153351286129,0.07826236123282523,2157.0,16,26.62962962962963,2014
2014_10_CAR_PHI,PHI,57,0.5087719298245614,0.6666666666666666,0.07826236123282523,-0.2861153351286129,1197.0,15,21.0,2014
2014_10_CHI_GB,CHI,67,0.014925373134328358,0.6567164179104478,-0.42824358728588874,0.2271411666675731,1732.0,14,25.850746268656717,2014
2014_10_CHI_GB,GB,64,0.21875,0.5,0.2271411666675731,-0.42824358728588874,1697.0,13,26.515625,2014
2014_10_CLE_CIN,CIN,63,0.0,0.6507936507936508,-0.5499444531360901,0.10287441210027444,1286.0,14,20.41269841269841,2014
2014_10_CLE_CIN,CLE,75,0.0,0.30666666666666664,0.10287441210027444,-0.5499444531360901,2072.0,12,27.626666666666665,2014
2014_10_DAL_JAX,DAL,59,0.0,0.4915254237288136,0.1464149113637437,-0.09241178248185945,1773.0,14,30.050847457627118,2014
2014_10_DAL_JAX,JAX,65,0.09230769230769231,0.6307692307692307,-0.09241178248185945,0.1464149113637437,1592.0,13,24.49230769230769,2014
2014_10_DEN_OAK,DEN,73,0.4383561643835616,0.6575342465753424,0.16741239391499485,-0.2316577301866949,1844.0,15,25.26027397260274,2014
2014_10_DEN_OAK,LV,61,0.18032786885245902,0.7540983606557377,-0.2316577301866949,0.16741239391499485,1538.0,15,25.21311475409836,2014
2014_10_KC_BUF,BUF,71,0.014084507042253521,0.6901408450704225,-0.055194090568794485,-0.08227794378284073,1752.0,12,24.676056338028168,2014
2014_10_KC_BUF,KC,59,0.0,0.5932203389830508,-0.08227794378284073,-0.055194090568794485,1612.0,13,27.322033898305083,2014
2014_10_MIA_DET,DET,62,0.03225806451612903,0.7096774193548387,0.060755966094345686,-0.14631608541098312,1824.0,11,29.419354838709676,2014
2014_10_MIA_DET,MIA,58,0.034482758620689655,0.6724137931034483,-0.14631608541098312,0.060755966094345686,1624.0,11,28.0,2014
2014_10_NYG_SEA,NYG,62,0.1935483870967742,0.7258064516129032,-0.06331450076940696,0.3509949068460425,1534.0,11,24.741935483870968,2014
2014_10_NYG_SEA,SEA,62,0.0,0.3064516129032258,0.3509949068460425,-0.06331450076940696,1922.0,11,31.0,2014
2014_10_PIT_NYJ,NYJ,55,0.0,0.4,0.07927669321452742,-0.13294965397830766,1756.0,12,31.927272727272726,2014
2014_10_PIT_NYJ,PIT,60,0.11666666666666667,0.7166666666666667,-0.13294965397830766,0.07927669321452742,1698.0,11,28.3,2014
2014_10_SF_NO,NO,79,0.05063291139240506,0.6075949367088608,0.056901667940860205,0.047661461399324846,2060.0,14,26.075949367088608,2014
2014_10_SF_NO,SF,67,0.0,0.5373134328358209,0.047661461399324846,0.056901667940860205,1950.0,14,29.104477611940297,2014
2014_10_STL_ARI,ARI,65,0.015384615384615385,0.676923076923077,-0.08756550815636488,-0.47659347706470073,1896.0,12,29.16923076923077,2014
2014_10_STL_ARI,LA,57,0.07017543859649122,0.631578947368421,-0.47659347706470073,-0.08756550815636488,1479.0,15,25.94736842105263,2014
2014_10_TEN_BAL,BAL,60,0.0,0.4666666666666667,0.13985582393766888,-0.2123804896153004,1701.0,12,28.35,2014
2014_10_TEN_BAL,TEN,53,0.07547169811320754,0.5849056603773585,-0.2123804896153004,0.13985582393766888,1647.0,11,31.07547169811321,2014
2014_11_ATL_CAR,ATL,73,0.3698630136986301,0.6301369863013698,-0.053442052186763005,-0.04202904773003449,1817.0,13,24.89041095890411,2014
2014_11_ATL_CAR,CAR,64,0.140625,0.609375,-0.04202904773003449,-0.053442052186763005,1598.0,14,24.96875,2014
2014_11_BUF_MIA,BUF,58,0.034482758620689655,0.6896551724137931,-0.16236369354869137,0.12246757144878537,1546.0,10,26.655172413793103,2014
2014_11_BUF_MIA,MIA,62,0.016129032258064516,0.6290322580645161,0.12246757144878537,-0.16236369354869137,1854.0,10,29.903225806451612,2014
2014_11_CIN_NO,CIN,56,0.0,0.4107142857142857,0.36821658624725806,0.11248470724738718,1686.0,8,30.107142857142858,2014
2014_11_CIN_NO,NO,67,0.16417910447761194,0.6119402985074627,0.11248470724738718,0.36821658624725806,1796.0,7,26.80597014925373,2014
2014_11_DEN_STL,DEN,64,0.46875,0.859375,-0.11585385909936242,-0.06235845253149331,1345.0,13,21.015625,2014
2014_11_DEN_STL,LA,65,0.0,0.49230769230769234,-0.06235845253149331,-0.11585385909936242,2081.0,12,32.01538461538462,2014
2014_11_DET_ARI,ARI,54,0.0,0.5925925925925926,0.06579532787190631,-0.10774201027284305,1717.0,11,31.796296296296298,2014
2014_11_DET_ARI,DET,53,0.018867924528301886,0.6415094339622641,-0.10774201027284305,0.06579532787190631,1670.0,10,31.50943396226415,2014
2014_11_HOU_CLE,CLE,74,0.24324324324324326,0.6891891891891891,-0.19469833442847478,0.07610932041444664,1479.0,13,19.986486486486488,2014
2014_11_HOU_CLE,HOU,82,0.24390243902439024,0.36585365853658536,0.07610932041444664,-0.19469833442847478,1897.0,13,23.134146341463413,2014
2014_11_LV_SD,LAC,68,0.0,0.5294117647058824,-0.15005462459574076,-0.29199710746266977,1991.0,13,29.279411764705884,2014
2014_11_LV_SD,LV,54,0.0,0.6481481481481481,-0.29199710746266977,-0.15005462459574076,1407.0,13,26.055555555555557,2014
2014_11_MIN_CHI,CHI,72,0.027777777777777776,0.5833333333333334,0.19041624112240396,-0.04341430212817692,1577.0,10,21.90277777777778,2014
2014_11_MIN_CHI,MIN,45,0.06666666666666667,0.6666666666666666,-0.04341430212817692,0.19041624112240396,1146.0,10,25.466666666666665,2014
2014_11_NE_IND,IND,57,0.10526315789473684,0.7017543859649122,-0.0020695555662721106,0.4617269160681069,1470.0,10,25.789473684210527,2014
2014_11_NE_IND,NE,71,0.0,0.4225352112676056,0.4617269160681069,-0.0020695555662721106,1989.0,11,28.014084507042252,2014
2014_11_PHI_GB,GB,60,0.5333333333333333,0.6333333333333333,0.3870391490273039,-0.16293761199355905,1898.0,10,31.633333333333333,2014
2014_11_PHI_GB,PHI,77,0.7012987012987013,0.5974025974025974,-0.16293761199355905,0.3870391490273039,1543.0,13,20.038961038961038,2014
2014_11_PIT_TEN,PIT,71,0.0,0.5211267605633803,0.13454421272124725,0.11056693489620621,2303.0,9,32.436619718309856,2014
2014_11_PIT_TEN,TEN,39,0.0,0.6153846153846154,0.11056693489620621,0.13454421272124725,1159.0,9,29.71794871794872,2014
2014_11_SEA_KC,KC,44,0.0,0.36363636363636365,0.14052012910972883,0.02028466859324548,1350.0,9,30.681818181818183,2014
2014_11_SEA_KC,SEA,71,0.014084507042253521,0.4788732394366197,0.02028466859324548,0.14052012910972883,2111.0,9,29.732394366197184,2014
2014_11_SF_NYG,NYG,67,0.6268656716417911,0.6865671641791045,-0.2897275795435347,-0.0757678115576253,1403.0,12,20.940298507462686,2014
2014_11_SF_NYG,SF,66,0.0,0.4696969696969697,-0.0757678115576253,-0.2897275795435347,1986.0,13,30.09090909090909,2014
2014_11_TB_WAS,TB,45,0.0,0.5555555555555556,0.28245416132377577,-0.14360949085546537,1496.0,9,33.24444444444445,2014
2014_11_TB_WAS,WAS,69,0.18840579710144928,0.5507246376811594,-0.14360949085546537,0.28245416132377577,1919.0,11,27.81159420289855,2014
2014_12_ARI_SEA,ARI,49,0.02040816326530612,0.5918367346938775,-0.27035120332513507,-0.03641297623755315,1384.0,10,28.244897959183675,2014
2014_12_ARI_SEA,SEA,56,0.0,0.5178571428571429,-0.03641297623755315,-0.27035120332513507,2017.0,11,36.017857142857146,2014
2014_12_BAL_NO,BAL,56,0.0,0.44642857142857145,0.36806435577607327,0.16493936179084673,1722.0,10,30.75,2014
2014_12_BAL_NO,NO,69,0.13043478260869565,0.6956521739130435,0.16493936179084673,0.36806435577607327,1728.0,10,25.043478260869566,2014
2014_12_CIN_HOU,CIN,77,0.0,0.45454545454545453,-0.04168205198536725,-0.1298220078179953,2281.0,11,29.623376623376622,2014
2014_12_CIN_HOU,HOU,63,0.0,0.6984126984126984,-0.1298220078179953,-0.04168205198536725,1169.0,10,18.555555555555557,2014
2014_12_CLE_ATL,ATL,68,0.058823529411764705,0.6617647058823529,0.035908808726478815,0.07630620794921003,1705.0,10,25.073529411764707,2014
2014_12_CLE_ATL,CLE,70,0.05714285714285714,0.5857142857142857,0.07630620794921003,0.035908808726478815,1773.0,11,25.32857142857143,2014
2014_12_DAL_NYG,DAL,51,0.0784313725490196,0.5294117647058824,0.2677903777764133,0.1701360051090662,1391.0,11,27.274509803921568,2014
2014_12_DAL_NYG,NYG,73,0.5068493150684932,0.5616438356164384,0.1701360051090662,0.2677903777764133,2018.0,11,27.643835616438356,2014
2014_12_DET_NE,DET,71,0.028169014084507043,0.6619718309859155,-0.1322732605668534,0.10565174256219353,1688.0,12,23.774647887323944,2014
2014_12_DET_NE,NE,73,0.1917808219178082,0.726027397260274,0.10565174256219353,-0.1322732605668534,1726.0,12,23.643835616438356,2014
2014_12_GB_MIN,GB,59,0.1694915254237288,0.5084745762711864,0.20265141957080202,0.019760405132100662,1806.0,10,30.610169491525422,2014
2014_12_GB_MIN,MIN,63,0.031746031746031744,0.6031746031746031,0.019760405132100662,0.20265141957080202,1642.0,9,26.063492063492063,2014
2014_12_JAX_IND,IND,70,0.11428571428571428,0.5285714285714286,-0.007410208871393085,-0.4859273570422824,1938.0,12,27.685714285714287,2014
2014_12_JAX_IND,JAX,53,0.18867924528301888,0.5849056603773585,-0.4859273570422824,-0.007410208871393085,1426.0,12,26.90566037735849,2014
2014_12_KC_OAK,KC,62,0.016129032258064516,0.6129032258064516,-0.0740661116230643,0.13082861440027793,1721.0,12,27.758064516129032,2014
2014_12_KC_OAK,LV,65,0.015384615384615385,0.5538461538461539,0.13082861440027793,-0.0740661116230643,1675.0,12,25.76923076923077,2014
2014_12_MIA_DEN,DEN,70,0.4857142857142857,0.5285714285714286,0.40901349404544707,0.18510475838462306,2013.0,9,28.757142857142856,2014
2014_12_MIA_DEN,MIA,58,0.034482758620689655,0.6379310344827587,0.18510475838462306,0.40901349404544707,1476.0,10,25.448275862068964,2014
2014_12_NYJ_BUF,BUF,62,0.0,0.532258064516129,0.1686923207889233,-0.3613464131948783,1794.0,10,28.93548387096774,2014
2014_12_NYJ_BUF,NYJ,57,0.12280701754385964,0.6666666666666666,-0.3613464131948783,0.1686923207889233,1644.0,12,28.842105263157894,2014
2014_12_STL_SD,LA,61,0.0,0.6065573770491803,-0.15774247823423163,0.23629945142707973,1643.0,12,26.934426229508198,2014
2014_12_STL_SD,LAC,58,0.0,0.6206896551724138,0.23629945142707973,-0.15774247823423163,1712.0,11,29.517241379310345,2014
2014_12_TB_CHI,CHI,56,0.017857142857142856,0.5357142857142857,-0.21499393694890365,-0.26518594116691413,1690.0,15,30.178571428571427,2014
2014_12_TB_CHI,TB,75,0.013333333333333334,0.7066666666666667,-0.26518594116691413,-0.21499393694890365,1685.0,15,22.466666666666665,2014
2014_12_TEN_PHI,PHI,79,0.6455696202531646,0.569620253164557,0.0014673962859812091,-0.2809195703278896,1921.0,15,24.31645569620253,2014
2014_12_TEN_PHI,TEN,60,0.11666666666666667,0.7166666666666667,-0.2809195703278896,0.0014673962859812091,1473.0,16,24.55,2014
2014_12_WAS_SF,SF,58,0.0,0.5344827586206896,-0.058784809233943254,-0.2759662037143379,1692.0,13,29.17241379310345,2014
2014_12_WAS_SF,WAS,52,0.019230769230769232,0.4807692307692308,-0.2759662037143379,-0.058784809233943254,1698.0,12,32.65384615384615,2014
2014_13_ARI_ATL,ARI,51,0.09803921568627451,0.7647058823529411,-0.11164424587276205,0.06050743076036436,1274.0,10,24.980392156862745,2014
2014_13_ARI_ATL,ATL,74,0.0945945945945946,0.5675675675675675,0.06050743076036436,-0.11164424587276205,2111.0,12,28.527027027027028,2014
2014_13_CAR_MIN,CAR,71,0.19718309859154928,0.5492957746478874,-0.008612176098049509,-0.0012965374544424244,2041.0,12,28.746478873239436,2014
2014_13_CAR_MIN,MIN,46,0.043478260869565216,0.4782608695652174,-0.0012965374544424244,-0.008612176098049509,1389.0,9,30.195652173913043,2014
2014_13_CHI_DET,CHI,58,0.06896551724137931,0.8793103448275862,-0.005450554394875447,0.2032045609458455,1504.0,12,25.93103448275862,2014
2014_13_CHI_DET,DET,70,0.04285714285714286,0.6714285714285714,0.2032045609458455,-0.005450554394875447,1945.0,11,27.785714285714285,2014
2014_13_CIN_TB,CIN,57,0.2807017543859649,0.5263157894736842,-0.14656372307612175,-0.16532991492561358,1738.0,12,30.49122807017544,2014
2014_13_CIN_TB,TB,55,0.03636363636363636,0.5454545454545454,-0.16532991492561358,-0.14656372307612175,1677.0,12,30.490909090909092,2014
2014_13_CLE_BUF,BUF,61,0.01639344262295082,0.5081967213114754,-0.21647560141433475,-0.22791069538479208,1769.0,13,29.0,2014
2014_13_CLE_BUF,CLE,65,0.23076923076923078,0.6,-0.22791069538479208,-0.21647560141433475,1599.0,14,24.6,2014
2014_13_DEN_KC,DEN,79,0.05063291139240506,0.4430379746835443,0.028845824091022508,-0.4055905393650355,2241.0,13,28.367088607594937,2014
2014_13_DEN_KC,KC,44,0.13636363636363635,0.6818181818181818,-0.4055905393650355,0.028845824091022508,1175.0,12,26.704545454545453,2014
2014_13_LV_STL,LA,48,0.0,0.4791666666666667,0.18927331585122442,-0.5329302792372425,1319.0,14,27.479166666666668,2014
2014_13_LV_STL,LV,75,0.2,0.72,-0.5329302792372425,0.18927331585122442,2017.0,15,26.893333333333334,2014
2014_13_MIA_NYJ,MIA,54,0.0,0.6851851851851852,-0.08013530307360706,0.027864538210396972,1546.0,11,28.62962962962963,2014
2014_13_MIA_NYJ,NYJ,64,0.03125,0.234375,0.027864538210396972,-0.08013530307360706,1906.0,10,29.78125,2014
2014_13_NE_GB,GB,67,0.5671641791044776,0.6119402985074627,0.2735810593800845,0.21017784094009187,2128.0,9,31.761194029850746,2014
2014_13_NE_GB,NE,53,0.0,0.6792452830188679,0.21017784094009187,0.2735810593800845,1369.0,9,25.830188679245282,2014
2014_13_NO_PIT,NO,54,0.0,0.5185185185185185,0.3276336013999328,0.15328477292909853,1502.0,11,27.814814814814813,2014
2014_13_NO_PIT,PIT,83,0.1566265060240964,0.7228915662650602,0.15328477292909853,0.3276336013999328,1970.0,12,23.734939759036145,2014
2014_13_NYG_JAX,JAX,64,0.265625,0.671875,-0.11838100360021855,-0.14896332850388974,1398.0,12,21.84375,2014
2014_13_NYG_JAX,NYG,73,0.2191780821917808,0.5205479452054794,-0.14896332850388974,-0.11838100360021855,1988.0,13,27.232876712328768,2014
2014_13_PHI_DAL,DAL,57,0.12280701754385964,0.5789473684210527,-0.23459885592327734,0.1778272226567196,1663.0,12,29.17543859649123,2014
2014_13_PHI_DAL,PHI,73,0.4383561643835616,0.410958904109589,0.1778272226567196,-0.23459885592327734,1734.0,12,23.753424657534246,2014
2014_13_SD_BAL,BAL,63,0.0,0.49206349206349204,0.12748921672055097,0.2282202174755435,1773.0,10,28.142857142857142,2014
2014_13_SD_BAL,LAC,65,0.7076923076923077,0.7230769230769231,0.2282202174755435,0.12748921672055097,1753.0,10,26.96923076923077,2014
2014_13_SEA_SF,SEA,60,0.0,0.43333333333333335,0.023267003113642094,-0.4165036036702247,2051.0,10,34.18333333333333,2014
2014_13_SEA_SF,SF,51,0.0784313725490196,0.6470588235294118,-0.4165036036702247,0.023267003113642094,1400.0,10,27.45098039215686,2014
2014_13_TEN_HOU,HOU,67,0.0,0.4925373134328358,0.24229719607025985,-0.2510904877273564,1919.0,13,28.64179104477612,2014
2014_13_TEN_HOU,TEN,56,0.017857142857142856,0.6071428571428571,-0.2510904877273564,0.24229719607025985,1487.0,12,26.553571428571427,2014
2014_13_WAS_IND,IND,47,0.1276595744680851,0.574468085106383,0.3539644854471435,-0.04637160689599293,1339.0,13,28.48936170212766,2014
2014_13_WAS_IND,WAS,73,0.0,0.7123287671232876,-0.04637160689599293,0.3539644854471435,2071.0,14,28.36986301369863,2014
2014_14_ATL_GB,ATL,65,0.3076923076923077,0.6153846153846154,0.3245315256692108,0.44544336550962726,1570.0,10,24.153846153846153,2014
2014_14_ATL_GB,GB,66,0.5151515151515151,0.5606060606060606,0.44544336550962726,0.3245315256692108,1960.0,10,29.696969696969695,2014
2014_14_BAL_MIA,BAL,61,0.03278688524590164,0.5409836065573771,0.3080069267667817,-0.07919193451172907,1663.0,10,27.262295081967213,2014
2014_14_BAL_MIA,MIA,54,0.07407407407407407,0.7222222222222222,-0.07919193451172907,0.3080069267667817,1598.0,10,29.59259259259259,2014
2014_14_BUF_DEN,BUF,77,0.0,0.7922077922077922,-0.003964048867378479,0.13524863803194426,1919.0,11,24.92207792207792,2014
2014_14_BUF_DEN,DEN,45,0.2,0.4,0.13524863803194426,-0.003964048867378479,1478.0,11,32.84444444444444,2014
2014_14_CAR_NO,CAR,72,0.3472222222222222,0.4444444444444444,0.27872961334299623,-0.15323640131872146,2089.0,12,29.01388888888889,2014
2014_14_CAR_NO,NO,68,0.23529411764705882,0.75,-0.15323640131872146,0.27872961334299623,1337.0,12,19.66176470588235,2014
2014_14_DAL_CHI,CHI,61,0.21311475409836064,0.7540983606557377,0.11685226033480685,0.35335058941339625,1580.0,11,25.901639344262296,2014
2014_14_DAL_CHI,DAL,60,0.03333333333333333,0.45,0.35335058941339625,0.11685226033480685,1887.0,11,31.45,2014
2014_14_HOU_JAX,HOU,60,0.08333333333333333,0.35,0.07717453942804393,-0.24518123377221382,1856.0,11,30.933333333333334,2014
2014_14_HOU_JAX,JAX,66,0.21212121212121213,0.6666666666666666,-0.24518123377221382,0.07717453942804393,1579.0,11,23.924242424242426,2014
2014_14_IND_CLE,CLE,62,0.12903225806451613,0.5161290322580645,-0.2904633031280294,-0.27049167511526073,1773.0,15,28.596774193548388,2014
2014_14_IND_CLE,IND,77,0.11688311688311688,0.7532467532467533,-0.27049167511526073,-0.2904633031280294,1552.0,17,20.155844155844157,2014
2014_14_KC_ARI,ARI,65,0.0,0.5076923076923077,0.06997192594236244,-0.032803891274989797,1717.0,11,26.415384615384614,2014
2014_14_KC_ARI,KC,60,0.05,0.7333333333333333,-0.032803891274989797,0.06997192594236244,1719.0,11,28.65,2014
2014_14_NE_SD,LAC,54,0.0,0.6851851851851852,-0.17399841010736244,-0.09128343103007526,1425.0,12,26.38888888888889,2014
2014_14_NE_SD,NE,73,0.0,0.6164383561643836,-0.09128343103007526,-0.17399841010736244,1958.0,13,26.82191780821918,2014
2014_14_NYG_TEN,NYG,71,0.19718309859154928,0.6056338028169014,-0.02838366285947621,-0.4176766602113701,1990.0,13,28.028169014084508,2014
2014_14_NYG_TEN,TEN,55,0.2545454545454545,0.7636363636363637,-0.4176766602113701,-0.02838366285947621,1404.0,13,25.527272727272727,2014
2014_14_NYJ_MIN,MIN,59,0.05084745762711865,0.5254237288135594,0.2612372691709686,-0.06644433328683212,1668.0,12,28.271186440677965,2014
2014_14_NYJ_MIN,NYJ,74,0.02702702702702703,0.43243243243243246,-0.06644433328683212,0.2612372691709686,2089.0,12,28.22972972972973,2014
2014_14_PIT_CIN,CIN,58,0.0,0.6551724137931034,-0.0012187956314604726,0.3311614660294976,1526.0,14,26.310344827586206,2014
2014_14_PIT_CIN,PIT,69,0.0,0.5652173913043478,0.3311614660294976,-0.0012187956314604726,1865.0,14,27.028985507246375,2014
2014_14_SEA_PHI,PHI,44,0.6590909090909091,0.5,-0.33178690102248376,0.030693328627895637,983.0,13,22.34090909090909,2014
2014_14_SEA_PHI,SEA,82,0.036585365853658534,0.4634146341463415,0.030693328627895637,-0.33178690102248376,2423.0,13,29.548780487804876,2014
2014_14_SF_OAK,LV,60,0.0,0.48333333333333334,0.10587137932805833,-0.1546811633532852,1912.0,11,31.866666666666667,2014
2014_14_SF_OAK,SF,56,0.08928571428571429,0.6785714285714286,-0.1546811633532852,0.10587137932805833,1542.0,11,27.535714285714285,2014
2014_14_STL_WAS,LA,56,0.0,0.48214285714285715,0.1559506965888764,-0.2876127861337124,1884.0,10,33.642857142857146,2014
2014_14_STL_WAS,WAS,55,0.10909090909090909,0.7818181818181819,-0.2876127861337124,0.1559506965888764,1523.0,10,27.69090909090909,2014
2014_14_TB_DET,DET,66,0.015151515151515152,0.5757575757575758,0.15103101066841185,-0.2402039486883581,2109.0,14,31.954545454545453,2014
2014_14_TB_DET,TB,59,0.1016949152542373,0.7627118644067796,-0.2402039486883581,0.15103101066841185,1312.0,13,22.23728813559322,2014
2014_15_ARI_STL,ARI,63,0.0,0.49206349206349204,-0.15100433748040257,-0.24717425659372286,1966.0,13,31.206349206349206,2014
2014_15_ARI_STL,LA,61,0.09836065573770492,0.6721311475409836,-0.24717425659372286,-0.15100433748040257,1430.0,13,23.442622950819672,2014
2014_15_CIN_CLE,CIN,70,0.014285714285714285,0.35714285714285715,0.1698688550020118,-0.5827966722844962,2256.0,10,32.22857142857143,2014
2014_15_CIN_CLE,CLE,37,0.10810810810810811,0.5405405405405406,-0.5827966722844962,0.1698688550020118,1157.0,10,31.27027027027027,2014
2014_15_DAL_PHI,DAL,73,0.0410958904109589,0.4657534246575342,0.12231303671003499,0.008416055158299986,2416.0,13,33.0958904109589,2014
2014_15_DAL_PHI,PHI,53,0.6226415094339622,0.6037735849056604,0.008416055158299986,0.12231303671003499,1028.0,12,19.39622641509434,2014
2014_15_DEN_SD,DEN,61,0.0,0.36065573770491804,0.014687825386207757,-0.10985106673916752,1862.0,11,30.524590163934427,2014
2014_15_DEN_SD,LAC,61,0.0,0.6721311475409836,-0.10985106673916752,0.014687825386207757,1564.0,10,25.639344262295083,2014
2014_15_GB_BUF,BUF,59,0.01694915254237288,0.4915254237288136,-0.14985053412409108,-0.11252306671555923,1807.0,13,30.627118644067796,2014
2014_15_GB_BUF,GB,68,0.029411764705882353,0.6323529411764706,-0.11252306671555923,-0.14985053412409108,1515.0,13,22.279411764705884,2014
2014_15_HOU_IND,HOU,67,0.05970149253731343,0.3880597014925373,-0.2992729282547588,-0.2159016812782709,1772.0,12,26.44776119402985,2014
2014_15_HOU_IND,IND,61,0.09836065573770492,0.5901639344262295,-0.2159016812782709,-0.2992729282547588,1590.0,14,26.065573770491802,2014
2014_15_JAX_BAL,BAL,54,0.018518518518518517,0.5555555555555556,-0.033105983173491255,-0.21350746957224828,1604.0,14,29.703703703703702,2014
2014_15_JAX_BAL,JAX,69,0.37681159420289856,0.6666666666666666,-0.21350746957224828,-0.033105983173491255,1793.0,13,25.985507246376812,2014
2014_15_LV_KC,KC,58,0.017241379310344827,0.5517241379310345,0.0645312814615773,-0.2805734545160879,1679.0,15,28.948275862068964,2014
2014_15_LV_KC,LV,75,0.06666666666666667,0.7733333333333333,-0.2805734545160879,0.0645312814615773,1654.0,16,22.053333333333335,2014
2014_15_MIA_NE,MIA,74,0.08108108108108109,0.6891891891891891,-0.13297416256459513,0.22932613572386681,1932.0,12,26.10810810810811,2014
2014_15_MIA_NE,NE,63,0.07936507936507936,0.5555555555555556,0.22932613572386681,-0.13297416256459513,1494.0,12,23.714285714285715,2014
2014_15_MIN_DET,DET,50,0.0,0.56,-0.06427465149348666,-0.01549480524615725,1445.0,10,28.9,2014
2014_15_MIN_DET,MIN,64,0.0625,0.671875,-0.01549480524615725,-0.06427465149348666,2023.0,10,31.609375,2014
2014_15_NO_CHI,CHI,59,0.1016949152542373,0.6610169491525424,-0.23015014841461653,0.23470985177976902,1475.0,13,25.0,2014
2014_15_NO_CHI,NO,63,0.06349206349206349,0.6031746031746031,0.23470985177976902,-0.23015014841461653,1909.0,13,30.3015873015873,2014
2014_15_NYJ_TEN,NYJ,59,0.4576271186440678,0.5084745762711864,-0.06206368134766602,-0.12424552543789837,1700.0,12,28.8135593220339,2014
2014_15_NYJ_TEN,TEN,62,0.03225806451612903,0.5645161290322581,-0.12424552543789837,-0.06206368134766602,1707.0,13,27.532258064516128,2014
2014_15_PIT_ATL,ATL,57,0.07017543859649122,0.6491228070175439,0.1315905512174272,0.2638387518841014,1697.0,9,29.771929824561404,2014
2014_15_PIT_ATL,PIT,55,0.03636363636363636,0.6363636363636364,0.2638387518841014,0.1315905512174272,1769.0,8,32.163636363636364,2014
2014_15_SF_SEA,SEA,59,0.06779661016949153,0.4915254237288136,0.13804262349850116,-0.06686706148583807,1640.0,9,27.796610169491526,2014
2014_15_SF_SEA,SF,57,0.017543859649122806,0.43859649122807015,-0.06686706148583807,0.13804262349850116,1805.0,8,31.666666666666668,2014
2014_15_TB_CAR,CAR,74,0.35135135135135137,0.581081081081081,0.042021818556503665,-0.08375383620339424,2187.0,12,29.554054054054053,2014
2014_15_TB_CAR,TB,54,0.037037037037037035,0.5740740740740741,-0.08375383620339424,0.042021818556503665,1290.0,11,23.88888888888889,2014
2014_15_WAS_NYG,NYG,57,0.3333333333333333,0.6140350877192983,0.05664655219337901,-0.021030376917698212,1576.0,11,27.649122807017545,2014
2014_15_WAS_NYG,WAS,68,0.058823529411764705,0.6029411764705882,-0.021030376917698212,0.05664655219337901,1845.0,13,27.13235294117647,2014
2014_16_ATL_NO,ATL,62,0.06451612903225806,0.6451612903225806,0.18507494700420477,-0.15720073909969412,1868.0,10,30.129032258064516,2014
2014_16_ATL_NO,NO,67,0.13432835820895522,0.746268656716418,-0.15720073909969412,0.18507494700420477,1578.0,11,23.55223880597015,2014
2014_16_BAL_HOU,BAL,68,0.0,0.7647058823529411,-0.39552006058435196,-0.13047855439017805,1323.0,17,19.455882352941178,2014
2014_16_BAL_HOU,HOU,82,0.0,0.5365853658536586,-0.13047855439017805,-0.39552006058435196,1990.0,16,24.26829268292683,2014
2014_16_BUF_OAK,BUF,64,0.21875,0.796875,-0.08791119184630096,-0.006578207244982632,1471.0,14,22.984375,2014
2014_16_BUF_OAK,LV,69,0.0,0.5072463768115942,-0.006578207244982632,-0.08791119184630096,1918.0,14,27.797101449275363,2014
2014_16_CLE_CAR,CAR,75,0.36,0.4266666666666667,0.10503664061301388,-0.10125007944228002,2211.0,10,29.48,2014
2014_16_CLE_CAR,CLE,45,0.1111111111111111,0.5111111111111111,-0.10125007944228002,0.10503664061301388,1218.0,11,27.066666666666666,2014
2014_16_DEN_CIN,CIN,60,0.0,0.4166666666666667,-0.0634081495436729,-0.07670888116848873,1796.0,15,29.933333333333334,2014
2014_16_DEN_CIN,DEN,64,0.0,0.703125,-0.07670888116848873,-0.0634081495436729,1587.0,14,24.796875,2014
2014_16_DET_CHI,CHI,62,0.03225806451612903,0.6451612903225806,-0.02517430928555979,0.07157268202883293,1614.0,10,26.032258064516128,2014
2014_16_DET_CHI,DET,66,0.015151515151515152,0.6515151515151515,0.07157268202883293,-0.02517430928555979,1824.0,10,27.636363636363637,2014
2014_16_GB_TB,GB,69,0.4057971014492754,0.5942028985507246,0.13229678487954596,-0.45993943629237927,2203.0,10,31.92753623188406,2014
2014_16_GB_TB,TB,47,0.02127659574468085,0.7021276595744681,-0.45993943629237927,0.13229678487954596,1189.0,10,25.29787234042553,2014
2014_16_IND_DAL,DAL,62,0.0,0.3548387096774194,0.3529673971559359,-0.44234530523686516,2089.0,10,33.693548387096776,2014
2014_16_IND_DAL,IND,56,0.16071428571428573,0.8214285714285714,-0.44234530523686516,0.3529673971559359,1380.0,11,24.642857142857142,2014
2014_16_KC_PIT,KC,66,0.06060606060606061,0.7878787878787878,0.008974596192467547,0.20609378216286312,1827.0,7,27.681818181818183,2014
2014_16_KC_PIT,PIT,48,0.08333333333333333,0.5416666666666666,0.20609378216286312,0.008974596192467547,1646.0,8,34.291666666666664,2014
2014_16_MIN_MIA,MIA,73,0.0273972602739726,0.6712328767123288,0.30636627825839224,0.18863164528185214,1902.0,12,26.054794520547944,2014
2014_16_MIN_MIA,MIN,57,0.017543859649122806,0.5087719298245614,0.18863164528185214,0.30636627825839224,1548.0,11,27.157894736842106,2014
2014_16_NE_NYJ,NE,59,0.0,0.6610169491525424,-0.056992661935939035,-0.045536185973055296,1553.0,11,26.322033898305083,2014
2014_16_NE_NYJ,NYJ,61,0.0,0.47540983606557374,-0.045536185973055296,-0.056992661935939035,1868.0,10,30.62295081967213,2014
2014_16_NYG_STL,LA,54,0.2037037037037037,0.6296296296296297,0.04736018946458344,0.38106625008292727,1445.0,12,26.75925925925926,2014
2014_16_NYG_STL,NYG,64,0.21875,0.515625,0.38106625008292727,0.04736018946458344,1993.0,12,31.140625,2014
2014_16_PHI_WAS,PHI,84,0.6666666666666666,0.6309523809523809,0.18206117372907063,0.10805914876318885,1879.0,11,22.36904761904762,2014
2014_16_PHI_WAS,WAS,52,0.0,0.46153846153846156,0.10805914876318885,0.18206117372907063,1609.0,12,30.942307692307693,2014
2014_16_SD_SF,LAC,80,0.6375,0.7,0.01927838940888425,-0.03615017122793282,1983.0,13,24.7875,2014
2014_16_SD_SF,SF,66,0.030303030303030304,0.3939393939393939,-0.03615017122793282,0.01927838940888425,1771.0,13,26.833333333333332,2014
2014_16_SEA_ARI,ARI,64,0.125,0.765625,-0.3281560056493245,0.4050905038893029,1495.0,13,23.359375,2014
2014_16_SEA_ARI,SEA,66,0.045454545454545456,0.48484848484848486,0.4050905038893029,-0.3281560056493245,1929.0,13,29.227272727272727,2014
2014_16_TEN_JAX,JAX,56,0.19642857142857142,0.5535714285714286,0.07493388452920624,0.034693867499873327,1441.0,10,25.732142857142858,2014
2014_16_TEN_JAX,TEN,65,0.015384615384615385,0.5846153846153846,0.034693867499873327,0.07493388452920624,1983.0,11,30.50769230769231,2014
2014_17_ARI_SF,ARI,66,0.015151515151515152,0.6212121212121212,0.15900991931501984,0.23694739834583223,1778.0,9,26.939393939393938,2014
2014_17_ARI_SF,SF,57,0.017543859649122806,0.47368421052631576,0.23694739834583223,0.15900991931501984,1651.0,10,28.964912280701753,2014
2014_17_BUF_NE,BUF,56,0.0,0.44642857142857145,0.011915552376586395,-0.16144884962079592,1645.0,10,29.375,2014
2014_17_BUF_NE,NE,62,0.03225806451612903,0.5967741935483871,-0.16144884962079592,0.011915552376586395,1773.0,10,28.596774193548388,2014
2014_17_CAR_ATL,ATL,68,0.19117647058823528,0.7647058823529411,-0.3076583645353329,0.1304875319538048,1613.0,11,23.720588235294116,2014
2014_17_CAR_ATL,CAR,52,0.0,0.3269230769230769,0.1304875319538048,-0.3076583645353329,1784.0,9,34.30769230769231,2014
2014_17_CHI_MIN,CHI,59,0.06779661016949153,0.6440677966101694,-0.07631710183622203,-0.0393983293100809,1834.0,9,31.084745762711865,2014
2014_17_CHI_MIN,MIN,58,0.1206896551724138,0.4827586206896552,-0.0393983293100809,-0.07631710183622203,1615.0,10,27.844827586206897,2014
2014_17_CIN_PIT,CIN,70,0.04285714285714286,0.5857142857142857,-0.08273434270551605,-0.05398484934483277,2000.0,12,28.571428571428573,2014
2014_17_CIN_PIT,PIT,56,0.16071428571428573,0.6964285714285714,-0.05398484934483277,-0.08273434270551605,1440.0,11,25.714285714285715,2014
2014_17_CLE_BAL,BAL,63,0.0,0.5873015873015873,0.03772009929306871,-0.1741723645897287,1667.0,12,26.46031746031746,2014
2014_17_CLE_BAL,CLE,59,0.03389830508474576,0.5423728813559322,-0.1741723645897287,0.03772009929306871,1745.0,12,29.576271186440678,2014
2014_17_DAL_WAS,DAL,61,0.0,0.5737704918032787,0.1709360310171828,-0.19099844805309318,1734.0,13,28.42622950819672,2014
2014_17_DAL_WAS,WAS,67,0.1044776119402985,0.6417910447761194,-0.19099844805309318,0.1709360310171828,1658.0,14,24.746268656716417,2014
2014_17_DET_GB,DET,66,0.10606060606060606,0.6363636363636364,-0.04923564665609763,0.11653673699975553,1470.0,12,22.272727272727273,2014
2014_17_DET_GB,GB,62,0.45161290322580644,0.3870967741935484,0.11653673699975553,-0.04923564665609763,1982.0,11,31.967741935483872,2014
2014_17_IND_TEN,IND,63,0.06349206349206349,0.5714285714285714,0.06518073109829828,-0.37631211053289915,1939.0,13,30.77777777777778,2014
2014_17_IND_TEN,TEN,57,0.03508771929824561,0.5964912280701754,-0.37631211053289915,0.06518073109829828,1465.0,14,25.70175438596491,2014
2014_17_JAX_HOU,HOU,75,0.013333333333333334,0.5066666666666667,-0.04953367106557066,-0.1291239690952812,2252.0,13,30.026666666666667,2014
2014_17_JAX_HOU,JAX,53,0.018867924528301886,0.7358490566037735,-0.1291239690952812,-0.04953367106557066,1124.0,12,21.20754716981132,2014
2014_17_LV_DEN,DEN,73,0.1232876712328767,0.547945205479452,0.14347223742914925,-0.30801815273748595,1897.0,13,25.986301369863014,2014
2014_17_LV_DEN,LV,57,0.0,0.6842105263157895,-0.30801815273748595,0.14347223742914925,1479.0,13,25.94736842105263,2014
2014_17_NO_TB,NO,61,0.0,0.6557377049180327,0.09629438777744898,0.0343387265738072,1549.0,11,25.39344262295082,2014
2014_17_NO_TB,TB,64,0.015625,0.390625,0.0343387265738072,0.09629438777744898,1899.0,10,29.671875,2014
2014_17_NYJ_MIA,MIA,66,0.06060606060606061,0.696969696969697,0.017158899400513773,0.2381536386052859,1611.0,13,24.40909090909091,2014
2014_17_NYJ_MIA,NYJ,62,0.03225806451612903,0.45161290322580644,0.2381536386052859,0.017158899400513773,1769.0,13,28.532258064516128,2014
2014_17_PHI_NYG,NYG,78,0.5769230769230769,0.6794871794871795,0.039317506227743985,0.12303719755686353,1962.0,14,25.153846153846153,2014
2014_17_PHI_NYG,PHI,69,0.6086956521739131,0.5797101449275363,0.12303719755686353,0.039317506227743985,1412.0,14,20.463768115942027,2014
2014_17_SD_KC,KC,56,0.03571428571428571,0.5535714285714286,-0.06909032356004072,-0.09380665461340756,1634.0,12,29.178571428571427,2014
2014_17_SD_KC,LAC,65,0.6,0.6153846153846154,-0.09380665461340756,-0.06909032356004072,1778.0,12,27.353846153846153,2014
2014_17_STL_SEA,LA,60,0.1,0.6833333333333333,-0.43676019617177153,-0.12368922954045669,1641.0,11,27.35,2014
2014_17_STL_SEA,SEA,59,0.0,0.4745762711864407,-0.12368922954045669,-0.43676019617177153,1754.0,11,29.728813559322035,2014
2015_01_BAL_DEN,BAL,57,0.12280701754385964,0.5964912280701754,-0.4253239235987728,-0.23612196310965797,1272.0,11,22.31578947368421,2015
2015_01_BAL_DEN,DEN,68,0.19117647058823528,0.6470588235294118,-0.23612196310965797,-0.4253239235987728,2125.0,12,31.25,2015
2015_01_CAR_JAX,CAR,66,0.10606060606060606,0.5,-0.07509796867105208,-0.2974357097283714,1963.0,12,29.742424242424242,2015
2015_01_CAR_JAX,JAX,65,0.046153846153846156,0.676923076923077,-0.2974357097283714,-0.07509796867105208,1470.0,12,22.615384615384617,2015
2015_01_CIN_OAK,CIN,63,0.2222222222222222,0.5396825396825397,0.20383247741342897,-0.17291087453854212,1857.0,12,29.476190476190474,2015
2015_01_CIN_OAK,LV,61,0.18032786885245902,0.7377049180327869,-0.17291087453854212,0.20383247741342897,1567.0,12,25.688524590163933,2015
2015_01_CLE_NYJ,CLE,63,0.1111111111111111,0.5555555555555556,-0.19738513025613733,0.14771623494942746,1759.0,10,27.92063492063492,2015
2015_01_CLE_NYJ,NYJ,59,0.0,0.4067796610169492,0.14771623494942746,-0.19738513025613733,1613.0,11,27.338983050847457,2015
2015_01_DET_SD,DET,47,0.0,0.6595744680851063,-0.013568265234010755,0.08987815740651767,1242.0,11,26.425531914893618,2015
2015_01_DET_SD,LAC,74,0.0,0.5945945945945946,0.08987815740651767,-0.013568265234010755,2206.0,12,29.81081081081081,2015
2015_01_GB_CHI,CHI,69,0.4057971014492754,0.5217391304347826,0.24097572324198424,0.392777669953786,1873.0,8,27.144927536231883,2015
2015_01_GB_CHI,GB,51,0.3137254901960784,0.45098039215686275,0.392777669953786,0.24097572324198424,1627.0,9,31.901960784313726,2015
2015_01_IND_BUF,BUF,52,0.019230769230769232,0.36538461538461536,0.20930039368200937,0.10789044843836948,1775.0,11,34.13461538461539,2015
2015_01_IND_BUF,IND,68,0.20588235294117646,0.7647058823529411,0.10789044843836948,0.20930039368200937,2565.0,10,37.720588235294116,2015
2015_01_KC_HOU,HOU,73,0.0684931506849315,0.7123287671232876,-0.029973507911114763,0.02455967597916449,1355.0,14,18.561643835616437,2015
2015_01_KC_HOU,KC,64,0.0,0.546875,0.02455967597916449,-0.029973507911114763,1978.0,15,30.90625,2015
2015_01_MIA_WAS,MIA,54,0.07407407407407407,0.6851851851851852,-0.08969150176476193,-0.013538633625275898,1200.0,9,22.22222222222222,2015
2015_01_MIA_WAS,WAS,68,0.04411764705882353,0.47058823529411764,-0.013538633625275898,-0.08969150176476193,2141.0,10,31.485294117647058,2015
2015_01_MIN_SF,MIN,54,0.037037037037037035,0.6851851851851852,-0.33666317427527,0.226547822497234,1524.0,10,28.22222222222222,2015
2015_01_MIN_SF,SF,64,0.015625,0.421875,0.226547822497234,-0.33666317427527,1899.0,9,29.671875,2015
2015_01_NO_ARI,ARI,56,0.017857142857142856,0.5714285714285714,0.1968290919848648,0.007634960640886293,1508.0,12,26.928571428571427,2015
2015_01_NO_ARI,NO,70,0.014285714285714285,0.7142857142857143,0.007634960640886293,0.1968290919848648,1926.0,11,27.514285714285716,2015
2015_01_NYG_DAL,DAL,66,0.10606060606060606,0.6666666666666666,0.05605723013658836,0.056351381744742746,2150.0,11,32.57575757575758,2015
2015_01_NYG_DAL,NYG,61,0.5245901639344263,0.6065573770491803,0.056351381744742746,0.05605723013658836,1301.0,10,21.327868852459016,2015
2015_01_PHI_ATL,ATL,67,0.05970149253731343,0.5223880597014925,0.04157149572131171,0.12627820403110887,2009.0,13,29.98507462686567,2015
2015_01_PHI_ATL,PHI,68,0.7794117647058824,0.7647058823529411,0.12627820403110887,0.04157149572131171,1393.0,13,20.485294117647058,2015
2015_01_PIT_NE,NE,57,0.08771929824561403,0.5964912280701754,0.312637119952146,0.28958312644277656,1634.0,10,28.666666666666668,2015
2015_01_PIT_NE,PIT,67,0.13432835820895522,0.6268656716417911,0.28958312644277656,0.312637119952146,1882.0,9,28.08955223880597,2015
2015_01_SEA_STL,LA,55,0.0,0.5272727272727272,-0.006601594826328652,-0.05266035583439725,1649.0,11,29.98181818181818,2015
2015_01_SEA_STL,SEA,79,0.27848101265822783,0.5949367088607594,-0.05266035583439725,-0.006601594826328652,2158.0,11,27.31645569620253,2015
2015_01_TEN_TB,TB,63,0.19047619047619047,0.5873015873015873,-0.28178634448205014,0.28658048308029643,1591.0,12,25.253968253968253,2015
2015_01_TEN_TB,TEN,46,0.021739130434782608,0.3695652173913043,0.28658048308029643,-0.28178634448205014,1825.0,10,39.67391304347826,2015
2015_02_ARI_CHI,ARI,50,0.0,0.48,0.30578470575853667,-0.13173169457550177,1738.0,11,34.76,2015
2015_02_ARI_CHI,CHI,62,0.22580645161290322,0.5483870967741935,-0.13173169457550177,0.30578470575853667,1668.0,13,26.903225806451612,2015
2015_02_ATL_NYG,ATL,69,0.028985507246376812,0.6956521739130435,0.27137137102198616,0.1189395993390627,1781.0,11,25.81159420289855,2015
2015_02_ATL_NYG,NYG,65,0.6153846153846154,0.6461538461538462,0.1189395993390627,0.27137137102198616,1612.0,10,24.8,2015
2015_02_BAL_OAK,BAL,70,0.12857142857142856,0.6428571428571429,0.20816024360363578,0.28625521004943966,1775.0,11,25.357142857142858,2015
2015_02_BAL_OAK,LV,65,0.12307692307692308,0.7230769230769231,0.28625521004943966,0.20816024360363578,1710.0,11,26.307692307692307,2015
2015_02_DAL_PHI,DAL,68,0.029411764705882353,0.5441176470588235,-0.08327494621820562,-0.3900090346743967,2300.0,12,33.8235294117647,2015
2015_02_DAL_PHI,PHI,55,0.7090909090909091,0.6909090909090909,-0.3900090346743967,-0.08327494621820562,1081.0,12,19.654545454545456,2015
2015_02_DEN_KC,DEN,70,0.2,0.6857142857142857,-0.15384403152617065,-0.20235870675914858,1760.0,13,25.142857142857142,2015
2015_02_DEN_KC,KC,58,0.0,0.5,-0.20235870675914858,-0.15384403152617065,1634.0,13,28.17241379310345,2015
2015_02_DET_MIN,DET,71,0.09859154929577464,0.7605633802816901,-0.15442053925352622,0.09617236625386492,1664.0,10,23.43661971830986,2015
2015_02_DET_MIN,MIN,60,0.06666666666666667,0.31666666666666665,0.09617236625386492,-0.15442053925352622,1763.0,11,29.383333333333333,2015
2015_02_HOU_CAR,CAR,71,0.19718309859154928,0.5492957746478874,-0.05915969271735993,-0.1692453143573277,1811.0,15,25.507042253521128,2015
2015_02_HOU_CAR,HOU,81,0.2222222222222222,0.7160493827160493,-0.1692453143573277,-0.05915969271735993,1501.0,14,18.530864197530864,2015
2015_02_MIA_JAX,JAX,65,0.015384615384615385,0.5076923076923077,0.10537544073779201,0.0873274921960511,1722.0,13,26.49230769230769,2015
2015_02_MIA_JAX,MIA,61,0.0,0.7377049180327869,0.0873274921960511,0.10537544073779201,1708.0,12,28.0,2015
2015_02_NE_BUF,BUF,67,0.19402985074626866,0.582089552238806,0.010974068588578379,0.05581070428164788,1719.0,14,25.65671641791045,2015
2015_02_NE_BUF,NE,73,0.4794520547945205,0.8356164383561644,0.05581070428164788,0.010974068588578379,1690.0,15,23.15068493150685,2015
2015_02_NYJ_IND,IND,60,0.15,0.6,-0.12714708552094586,0.033433163086774,1597.0,11,26.616666666666667,2015
2015_02_NYJ_IND,NYJ,62,0.0,0.5645161290322581,0.033433163086774,-0.12714708552094586,1849.0,11,29.822580645161292,2015
2015_02_SD_CIN,CIN,60,0.0,0.43333333333333335,0.037943808029711625,0.04170234527817239,1638.0,12,27.3,2015
2015_02_SD_CIN,LAC,57,0.0,0.5614035087719298,0.04170234527817239,0.037943808029711625,1744.0,10,30.596491228070175,2015
2015_02_SEA_GB,GB,64,0.53125,0.5625,0.07916121381100233,-0.020678637022053407,1939.0,11,30.296875,2015
2015_02_SEA_GB,SEA,56,0.07142857142857142,0.5535714285714286,-0.020678637022053407,0.07916121381100233,1577.0,11,28.160714285714285,2015
2015_02_SF_PIT,PIT,50,0.5,0.58,0.5966238940034893,0.08753171117287069,1294.0,11,25.88,2015
2015_02_SF_PIT,SF,83,0.14457831325301204,0.6265060240963856,0.08753171117287069,0.5966238940034893,2161.0,10,26.03614457831325,2015
2015_02_STL_WAS,LA,46,0.0,0.717391304347826,-0.33113784575618616,0.10143604698710773,1242.0,12,27.0,2015
2015_02_STL_WAS,WAS,66,0.045454545454545456,0.4393939393939394,0.10143604698710773,-0.33113784575618616,2157.0,12,32.68181818181818,2015
2015_02_TB_NO,NO,69,0.028985507246376812,0.6231884057971014,-0.03477103739506152,-0.08832160872060535,1789.0,13,25.92753623188406,2015
2015_02_TB_NO,TB,59,0.03389830508474576,0.4067796610169492,-0.08832160872060535,-0.03477103739506152,1650.0,12,27.966101694915253,2015
2015_02_TEN_CLE,CLE,47,0.0,0.3617021276595745,0.02277894752039997,0.009526019080554195,1397.0,11,29.72340425531915,2015
2015_02_TEN_CLE,TEN,73,0.0547945205479452,0.589041095890411,0.009526019080554195,0.02277894752039997,2015.0,12,27.602739726027398,2015
2015_03_ATL_DAL,ATL,69,0.0,0.5507246376811594,0.338071553462918,0.18673348849806373,1970.0,11,28.55072463768116,2015
2015_03_ATL_DAL,DAL,49,0.10204081632653061,0.5714285714285714,0.18673348849806373,0.338071553462918,1503.0,10,30.6734693877551,2015
2015_03_BUF_MIA,BUF,62,0.0,0.46774193548387094,0.2510497468100903,-0.1589631186525287,1842.0,11,29.70967741935484,2015
2015_03_BUF_MIA,MIA,71,0.11267605633802817,0.7323943661971831,-0.1589631186525287,0.2510497468100903,1611.0,12,22.690140845070424,2015
2015_03_CHI_SEA,CHI,46,0.0,0.41304347826086957,-0.2903496745714352,0.11470807336766413,1543.0,10,33.54347826086956,2015
2015_03_CHI_SEA,SEA,61,0.03278688524590164,0.5573770491803278,0.11470807336766413,-0.2903496745714352,1868.0,11,30.62295081967213,2015
2015_03_CIN_BAL,BAL,67,0.11940298507462686,0.7313432835820896,0.08679382493705753,0.06641382718531984,1727.0,10,25.776119402985074,2015
2015_03_CIN_BAL,CIN,63,0.47619047619047616,0.5396825396825397,0.06641382718531984,0.08679382493705753,1739.0,12,27.603174603174605,2015
2015_03_DEN_DET,DEN,61,0.06557377049180328,0.7049180327868853,0.0789869626939512,-0.18729757302985786,1634.0,12,26.78688524590164,2015
2015_03_DEN_DET,DET,68,0.04411764705882353,0.7205882352941176,-0.18729757302985786,0.0789869626939512,1783.0,12,26.220588235294116,2015
2015_03_IND_TEN,IND,53,0.07547169811320754,0.6226415094339622,0.08046042663931649,0.030416273227746284,1415.0,13,26.69811320754717,2015
2015_03_IND_TEN,TEN,75,0.02666666666666667,0.6266666666666667,0.030416273227746284,0.08046042663931649,2028.0,13,27.04,2015
2015_03_JAX_NE,JAX,55,0.05454545454545454,0.6363636363636364,-0.03505914019891427,0.44213902404535493,1440.0,10,26.181818181818183,2015
2015_03_JAX_NE,NE,74,0.24324324324324326,0.5945945945945946,0.44213902404535493,-0.03505914019891427,2027.0,10,27.39189189189189,2015
2015_03_KC_GB,GB,68,0.5147058823529411,0.5294117647058824,0.20520018893245073,-9.946091462350643e-05,1953.0,12,28.720588235294116,2015
2015_03_KC_GB,KC,67,0.11940298507462686,0.7313432835820896,-9.946091462350643e-05,0.20520018893245073,1511.0,13,22.55223880597015,2015
2015_03_LV_CLE,CLE,68,0.08823529411764706,0.7941176470588235,0.07583469544773974,0.2311901494438893,1581.0,10,23.25,2015
2015_03_LV_CLE,LV,61,0.04918032786885246,0.5245901639344263,0.2311901494438893,0.07583469544773974,1861.0,11,30.508196721311474,2015
2015_03_NO_CAR,CAR,62,0.25806451612903225,0.5161290322580645,0.317074191302344,0.15726377854270532,1585.0,9,25.56451612903226,2015
2015_03_NO_CAR,NO,64,0.0,0.625,0.15726377854270532,0.317074191302344,1917.0,9,29.953125,2015
2015_03_PHI_NYJ,NYJ,75,0.10666666666666667,0.7866666666666666,-0.25942283090585444,-0.1779060287373924,1815.0,15,24.2,2015
2015_03_PHI_NYJ,PHI,65,0.6461538461538462,0.4461538461538462,-0.1779060287373924,-0.25942283090585444,1570.0,15,24.153846153846153,2015
2015_03_PIT_STL,LA,49,0.04081632653061224,0.6326530612244898,-0.18139306242361228,-0.061578881559363564,1598.0,9,32.61224489795919,2015
2015_03_PIT_STL,PIT,56,0.14285714285714285,0.6428571428571429,-0.061578881559363564,-0.18139306242361228,1828.0,10,32.642857142857146,2015
2015_03_SD_MIN,LAC,71,0.29577464788732394,0.6056338028169014,0.033404255338210384,0.00784186774585306,1912.0,11,26.929577464788732,2015
2015_03_SD_MIN,MIN,54,0.05555555555555555,0.4444444444444444,0.00784186774585306,0.033404255338210384,1472.0,11,27.25925925925926,2015
2015_03_SF_ARI,ARI,66,0.0,0.48484848484848486,0.35259425301489267,-0.5043011266489811,2102.0,12,31.848484848484848,2015
2015_03_SF_ARI,SF,50,0.0,0.42,-0.5043011266489811,0.35259425301489267,1305.0,12,26.1,2015
2015_03_TB_HOU,HOU,85,0.011764705882352941,0.47058823529411764,0.007012123445898421,-0.1787466389307953,2032.0,14,23.905882352941177,2015
2015_03_TB_HOU,TB,56,0.0,0.6428571428571429,-0.1787466389307953,0.007012123445898421,1324.0,13,23.642857142857142,2015
2015_03_WAS_NYG,NYG,63,0.5079365079365079,0.5079365079365079,0.19923077636760123,-0.027509929168031355,1837.0,10,29.158730158730158,2015
2015_03_WAS_NYG,WAS,71,0.1267605633802817,0.7183098591549296,-0.027509929168031355,0.19923077636760123,1637.0,11,23.056338028169016,2015
2015_04_BAL_PIT,BAL,77,0.012987012987012988,0.4935064935064935,-0.2155747142148073,-0.22966689798251186,2163.0,14,28.09090909090909,2015
2015_04_BAL_PIT,PIT,62,0.03225806451612903,0.4838709677419355,-0.22966689798251186,-0.2155747142148073,1845.0,15,29.758064516129032,2015
2015_04_CAR_TB,CAR,54,0.0,0.4444444444444444,0.0365027291289329,-0.06301375810471033,1581.0,13,29.27777777777778,2015
2015_04_CAR_TB,TB,72,0.1111111111111111,0.5833333333333334,-0.06301375810471033,0.0365027291289329,1849.0,13,25.680555555555557,2015
2015_04_CLE_SD,CLE,67,0.0,0.6865671641791045,0.10097648883366558,0.22311673794178002,1998.0,11,29.82089552238806,2015
2015_04_CLE_SD,LAC,61,0.0,0.6557377049180327,0.22311673794178002,0.10097648883366558,1486.0,12,24.360655737704917,2015
2015_04_DAL_NO,DAL,56,0.017857142857142856,0.5178571428571429,0.16551959740920383,0.16060664495763557,1681.0,10,30.017857142857142,2015
2015_04_DAL_NO,NO,69,0.08695652173913043,0.6376811594202898,0.16060664495763557,0.16551959740920383,1795.0,11,26.014492753623188,2015
2015_04_DET_SEA,DET,53,0.018867924528301886,0.660377358490566,-0.17417677621285096,-0.08837676412483501,1589.0,10,29.9811320754717,2015
2015_04_DET_SEA,SEA,60,0.0,0.5333333333333333,-0.08837676412483501,-0.17417677621285096,1810.0,11,30.166666666666668,2015
2015_04_GB_SF,GB,68,0.10294117647058823,0.5147058823529411,0.13477083685601468,-0.26526175527117973,2137.0,10,31.426470588235293,2015
2015_04_GB_SF,SF,50,0.0,0.62,-0.26526175527117973,0.13477083685601468,1314.0,10,26.28,2015
2015_04_HOU_ATL,ATL,63,0.0,0.4603174603174603,0.25022180276446276,-0.20498188475483312,2078.0,12,32.98412698412698,2015
2015_04_HOU_ATL,HOU,75,0.02666666666666667,0.7733333333333333,-0.20498188475483312,0.25022180276446276,1369.0,13,18.253333333333334,2015
2015_04_JAX_IND,IND,72,0.18055555555555555,0.6944444444444444,-0.1396711174538925,0.016226670800211077,1949.0,14,27.069444444444443,2015
2015_04_JAX_IND,JAX,78,0.02564102564102564,0.6410256410256411,0.016226670800211077,-0.1396711174538925,2079.0,13,26.653846153846153,2015
2015_04_KC_CIN,CIN,51,0.0,0.47058823529411764,0.5488467769133344,0.12205571583381143,1343.0,10,26.333333333333332,2015
2015_04_KC_CIN,KC,72,0.0,0.6805555555555556,0.12205571583381143,0.5488467769133344,2141.0,10,29.73611111111111,2015
2015_04_LV_CHI,CHI,74,0.36486486486486486,0.6081081081081081,0.015662258133622056,-0.18228249539929542,1909.0,12,25.7972972972973,2015
2015_04_LV_CHI,LV,57,0.03508771929824561,0.6140350877192983,-0.18228249539929542,0.015662258133622056,1520.0,12,26.666666666666668,2015
2015_04_MIN_DEN,DEN,51,0.11764705882352941,0.5686274509803921,0.017810497905748582,-0.0016188288948674205,1463.0,12,28.686274509803923,2015
2015_04_MIN_DEN,MIN,69,0.043478260869565216,0.6956521739130435,-0.0016188288948674205,0.017810497905748582,1971.0,11,28.565217391304348,2015
2015_04_NYG_BUF,BUF,68,0.10294117647058823,0.6470588235294118,-0.22534224804708736,-0.030074153187504216,1643.0,14,24.16176470588235,2015
2015_04_NYG_BUF,NYG,63,0.42857142857142855,0.5714285714285714,-0.030074153187504216,-0.22534224804708736,1726.0,15,27.396825396825395,2015
2015_04_NYJ_MIA,MIA,57,0.07017543859649122,0.8070175438596491,-0.3297237051044716,0.13360002868774173,1268.0,13,22.24561403508772,2015
2015_04_NYJ_MIA,NYJ,68,0.04411764705882353,0.4264705882352941,0.13360002868774173,-0.3297237051044716,2124.0,14,31.235294117647058,2015
2015_04_PHI_WAS,PHI,51,0.5882352941176471,0.6470588235294118,0.03776306377141522,0.06266817858139337,1055.0,12,20.686274509803923,2015
2015_04_PHI_WAS,WAS,79,0.012658227848101266,0.5949367088607594,0.06266817858139337,0.03776306377141522,2389.0,11,30.240506329113924,2015
2015_04_STL_ARI,ARI,69,0.014492753623188406,0.7101449275362319,0.03848740479069788,0.14104552735803158,1907.0,12,27.63768115942029,2015
2015_04_STL_ARI,LA,50,0.0,0.5,0.14104552735803158,0.03848740479069788,1502.0,12,30.04,2015
2015_05_ARI_DET,ARI,41,0.0,0.4878048780487805,0.38932648174648904,-0.14985183804317193,1286.0,14,31.365853658536587,2015
2015_05_ARI_DET,DET,89,0.15730337078651685,0.797752808988764,-0.14985183804317193,0.38932648174648904,2089.0,13,23.471910112359552,2015
2015_05_BUF_TEN,BUF,47,0.0425531914893617,0.46808510638297873,0.03967344285048806,-0.0875198799074539,1360.0,11,28.93617021276596,2015
2015_05_BUF_TEN,TEN,62,0.06451612903225806,0.5483870967741935,-0.0875198799074539,0.03967344285048806,2026.0,11,32.67741935483871,2015
2015_05_CHI_KC,CHI,74,0.527027027027027,0.6621621621621622,-0.032939012402650784,-0.04431267562474569,1943.0,12,26.256756756756758,2015
2015_05_CHI_KC,KC,58,0.0,0.5689655172413793,-0.04431267562474569,-0.032939012402650784,1506.0,11,25.96551724137931,2015
2015_05_CLE_BAL,BAL,67,0.08955223880597014,0.5373134328358209,0.11856645108808687,0.11712707364272126,1681.0,12,25.08955223880597,2015
2015_05_CLE_BAL,CLE,82,0.012195121951219513,0.6951219512195121,0.11712707364272126,0.11856645108808687,2277.0,13,27.76829268292683,2015
2015_05_DEN_OAK,DEN,55,0.07272727272727272,0.6727272727272727,-0.2507883234109083,-0.20888059508677442,1470.0,11,26.727272727272727,2015
2015_05_DEN_OAK,LV,67,0.08955223880597014,0.6417910447761194,-0.20888059508677442,-0.2507883234109083,1952.0,12,29.134328358208954,2015
2015_05_IND_HOU,HOU,70,0.0,0.6,0.12036246145414774,0.21280326477674574,1876.0,9,26.8,2015
2015_05_IND_HOU,IND,55,0.0,0.509090909090909,0.21280326477674574,0.12036246145414774,1579.0,9,28.70909090909091,2015
2015_05_JAX_TB,JAX,56,0.125,0.6964285714285714,0.009933066064338667,0.20000024948397538,1432.0,11,25.571428571428573,2015
2015_05_JAX_TB,TB,59,0.05084745762711865,0.3559322033898305,0.20000024948397538,0.009933066064338667,1974.0,11,33.45762711864407,2015
2015_05_NE_DAL,DAL,65,0.2,0.6461538461538462,-0.2903811514348743,0.17858799105092918,1891.0,12,29.092307692307692,2015
2015_05_NE_DAL,NE,53,0.1320754716981132,0.6037735849056604,0.17858799105092918,-0.2903811514348743,1518.0,12,28.641509433962263,2015
2015_05_NO_PHI,NO,68,0.2647058823529412,0.7058823529411765,-0.1421394103664656,0.12762098361205013,1476.0,14,21.705882352941178,2015
2015_05_NO_PHI,PHI,79,0.759493670886076,0.569620253164557,0.12762098361205013,-0.1421394103664656,1995.0,13,25.253164556962027,2015
2015_05_PIT_SD,LAC,69,0.0,0.7246376811594203,-0.03390618452090514,0.037281569400077895,1932.0,12,28.0,2015
2015_05_PIT_SD,PIT,55,0.0,0.509090909090909,0.037281569400077895,-0.03390618452090514,1499.0,12,27.254545454545454,2015
2015_05_SEA_CIN,CIN,78,0.0,0.6025641025641025,0.017459074642600214,0.09974714104080813,2355.0,13,30.192307692307693,2015
2015_05_SEA_CIN,SEA,57,0.0,0.47368421052631576,0.09974714104080813,0.017459074642600214,1735.0,12,30.43859649122807,2015
2015_05_SF_NYG,NYG,75,0.6933333333333334,0.72,0.24877947980710932,0.2497903187125369,1872.0,9,24.96,2015
2015_05_SF_NYG,SF,63,0.015873015873015872,0.5873015873015873,0.2497903187125369,0.24877947980710932,1622.0,10,25.746031746031747,2015
2015_05_STL_GB,GB,58,0.6551724137931034,0.5517241379310345,-0.23290999662815548,-0.35140654277015526,1448.0,13,24.96551724137931,2015
2015_05_STL_GB,LA,69,0.014492753623188406,0.4782608695652174,-0.35140654277015526,-0.23290999662815548,1955.0,13,28.333333333333332,2015
2015_05_WAS_ATL,ATL,78,0.08974358974358974,0.5897435897435898,0.06679309522288344,-0.1871119129434895,2032.0,10,26.05128205128205,2015
2015_05_WAS_ATL,WAS,58,0.0,0.5862068965517241,-0.1871119129434895,0.06679309522288344,1586.0,11,27.344827586206897,2015
2015_06_ARI_PIT,ARI,62,0.04838709677419355,0.6935483870967742,0.047792539338340434,0.015905579237327428,1788.0,12,28.838709677419356,2015
2015_06_ARI_PIT,PIT,53,0.0,0.41509433962264153,0.015905579237327428,0.047792539338340434,1656.0,12,31.245283018867923,2015
2015_06_ATL_NO,ATL,70,0.08571428571428572,0.7,-0.015205369426988698,0.19482609819620023,1583.0,12,22.614285714285714,2015
2015_06_ATL_NO,NO,71,0.014084507042253521,0.5633802816901409,0.19482609819620023,-0.015205369426988698,1881.0,11,26.492957746478872,2015
2015_06_BAL_SF,BAL,74,0.20270270270270271,0.7027027027027027,0.030335692009549647,0.1256827769890104,1907.0,11,25.77027027027027,2015
2015_06_BAL_SF,SF,56,0.0,0.5535714285714286,0.1256827769890104,0.030335692009549647,1521.0,12,27.160714285714285,2015
2015_06_CAR_SEA,CAR,70,0.07142857142857142,0.5428571428571428,0.06708951447758117,-0.015680257276501457,1833.0,13,26.185714285714287,2015
2015_06_CAR_SEA,SEA,60,0.0,0.5666666666666667,-0.015680257276501457,0.06708951447758117,1581.0,13,26.35,2015
2015_06_CHI_DET,CHI,74,0.1891891891891892,0.581081081081081,0.10075799003481235,0.26131228996318623,1898.0,14,25.64864864864865,2015
2015_06_CHI_DET,DET,75,0.0,0.5733333333333334,0.26131228996318623,0.10075799003481235,2267.0,12,30.226666666666667,2015
2015_06_CIN_BUF,BUF,65,0.16923076923076924,0.6461538461538462,0.16220792516033064,0.24827778894212638,1727.0,10,26.56923076923077,2015
2015_06_CIN_BUF,CIN,59,0.2711864406779661,0.559322033898305,0.24827778894212638,0.16220792516033064,1715.0,11,29.06779661016949,2015
2015_06_DEN_CLE,CLE,75,0.013333333333333334,0.5733333333333334,-0.36922561575999635,-0.1760351947218073,1885.0,16,25.133333333333333,2015
2015_06_DEN_CLE,DEN,80,0.0375,0.5875,-0.1760351947218073,-0.36922561575999635,2113.0,16,26.4125,2015
2015_06_HOU_JAX,HOU,66,0.06060606060606061,0.5606060606060606,0.24668456565828703,-0.03055833634334499,1715.0,11,25.984848484848484,2015
2015_06_HOU_JAX,JAX,77,0.0,0.7272727272727273,-0.03055833634334499,0.24668456565828703,1724.0,12,22.38961038961039,2015
2015_06_KC_MIN,KC,56,0.08928571428571429,0.6785714285714286,-0.0682461230963479,-0.06045300993984523,1549.0,11,27.660714285714285,2015
2015_06_KC_MIN,MIN,65,0.046153846153846156,0.5076923076923077,-0.06045300993984523,-0.0682461230963479,1829.0,12,28.138461538461538,2015
2015_06_MIA_TEN,MIA,63,0.015873015873015872,0.49206349206349204,0.18247298775547985,-0.27319886485410627,1860.0,10,29.523809523809526,2015
2015_06_MIA_TEN,TEN,64,0.09375,0.71875,-0.27319886485410627,0.18247298775547985,1587.0,12,24.796875,2015
2015_06_NE_IND,IND,74,0.10810810810810811,0.7162162162162162,0.06942450404994653,0.1826119066362541,1878.0,12,25.37837837837838,2015
2015_06_NE_IND,NE,62,0.0967741935483871,0.6290322580645161,0.1826119066362541,0.06942450404994653,1542.0,13,24.870967741935484,2015
2015_06_NYG_PHI,NYG,62,0.5967741935483871,0.6290322580645161,-0.40039533626244467,-0.09318724280585258,1657.0,14,26.725806451612904,2015
2015_06_NYG_PHI,PHI,73,0.7534246575342466,0.5205479452054794,-0.09318724280585258,-0.40039533626244467,1702.0,13,23.315068493150687,2015
2015_06_SD_GB,GB,48,0.2916666666666667,0.6666666666666666,0.19488521679730178,0.14449601275008234,1262.0,10,26.291666666666668,2015
2015_06_SD_GB,LAC,89,0.651685393258427,0.7640449438202247,0.14449601275008234,0.19488521679730178,2226.0,10,25.01123595505618,2015
2015_06_WAS_NYJ,NYJ,65,0.03076923076923077,0.4,0.12731564005529145,-0.26195227345053884,1869.0,14,28.753846153846155,2015
2015_06_WAS_NYJ,WAS,62,0.08064516129032258,0.7258064516129032,-0.26195227345053884,0.12731564005529145,1551.0,12,25.016129032258064,2015
2015_07_ATL_TEN,ATL,67,0.0,0.5671641791044776,-0.1006644600559812,-0.17759076003709043,2015.0,12,30.074626865671643,2015
2015_07_ATL_TEN,TEN,51,0.13725490196078433,0.6862745098039216,-0.17759076003709043,-0.1006644600559812,1420.0,11,27.84313725490196,2015
2015_07_BAL_ARI,ARI,57,0.0,0.5263157894736842,0.2697503875975683,0.045894940903043115,1708.0,11,29.964912280701753,2015
2015_07_BAL_ARI,BAL,59,0.03389830508474576,0.7288135593220338,0.045894940903043115,0.2697503875975683,1755.0,10,29.74576271186441,2015
2015_07_BUF_JAX,BUF,75,0.05333333333333334,0.6133333333333333,-0.19704004950855541,0.05674407360628438,1808.0,13,24.106666666666666,2015
2015_07_BUF_JAX,JAX,58,0.0,0.5172413793103449,0.05674407360628438,-0.19704004950855541,1599.0,13,27.56896551724138,2015
2015_07_CLE_STL,CLE,65,0.12307692307692308,0.6307692307692307,-0.271975379736643,-0.14113921216510264,2023.0,13,31.123076923076923,2015
2015_07_CLE_STL,LA,49,0.14285714285714285,0.5102040816326531,-0.14113921216510264,-0.271975379736643,1361.0,12,27.775510204081634,2015
2015_07_DAL_NYG,DAL,69,0.014492753623188406,0.4057971014492754,0.048877542476795745,0.09304689331243744,2208.0,10,32.0,2015
2015_07_DAL_NYG,NYG,47,0.5957446808510638,0.5531914893617021,0.09304689331243744,0.048877542476795745,1226.0,11,26.085106382978722,2015
2015_07_HOU_MIA,HOU,79,0.2911392405063291,0.6835443037974683,-0.11792923914668695,0.2885221101465973,1586.0,14,20.075949367088608,2015
2015_07_HOU_MIA,MIA,56,0.03571428571428571,0.42857142857142855,0.2885221101465973,-0.11792923914668695,1797.0,14,32.089285714285715,2015
2015_07_LV_SD,LAC,81,0.14814814814814814,0.7407407407407407,0.08003203852913553,0.2200240576195687,1668.0,12,20.59259259259259,2015
2015_07_LV_SD,LV,57,0.017543859649122806,0.5614035087719298,0.2200240576195687,0.08003203852913553,1803.0,12,31.63157894736842,2015
2015_07_MIN_DET,DET,50,0.04,0.66,-0.11607198331497298,0.08657653593208478,1339.0,11,26.78,2015
2015_07_MIN_DET,MIN,73,0.0273972602739726,0.5342465753424658,0.08657653593208478,-0.11607198331497298,2135.0,13,29.246575342465754,2015
2015_07_NO_IND,IND,61,0.09836065573770492,0.7868852459016393,-0.07962930226121567,0.0656540166221802,1147.0,16,18.80327868852459,2015
2015_07_NO_IND,NO,79,0.02531645569620253,0.5949367088607594,0.0656540166221802,-0.07962930226121567,2153.0,18,27.253164556962027,2015
2015_07_NYJ_NE,NE,66,0.3787878787878788,0.8636363636363636,0.1696069587136168,0.16268393938274425,1578.0,11,23.90909090909091,2015
2015_07_NYJ_NE,NYJ,70,0.02857142857142857,0.5857142857142857,0.16268393938274425,0.1696069587136168,1917.0,11,27.385714285714286,2015
2015_07_PHI_CAR,CAR,57,0.38596491228070173,0.43859649122807015,0.09397786232370993,-0.054339645233847836,1654.0,13,29.017543859649123,2015
2015_07_PHI_CAR,PHI,81,0.7037037037037037,0.6296296296296297,-0.054339645233847836,0.09397786232370993,1792.0,13,22.123456790123456,2015
2015_07_PIT_KC,KC,61,0.03278688524590164,0.5573770491803278,0.13926518128560436,-0.13248221491114784,1859.0,10,30.475409836065573,2015
2015_07_PIT_KC,PIT,54,0.05555555555555555,0.5740740740740741,-0.13248221491114784,0.13926518128560436,1581.0,10,29.27777777777778,2015
2015_07_SEA_SF,SEA,67,0.029850746268656716,0.43283582089552236,0.0992757364550433,-0.29484270380468336,2173.0,11,32.43283582089552,2015
2015_07_SEA_SF,SF,45,0.022222222222222223,0.6666666666666666,-0.29484270380468336,0.0992757364550433,1206.0,11,26.8,2015
2015_07_TB_WAS,TB,60,0.05,0.5,0.2814625792699086,0.14054233579649286,1804.0,10,30.066666666666666,2015
2015_07_TB_WAS,WAS,59,0.03389830508474576,0.6949152542372882,0.14054233579649286,0.2814625792699086,1653.0,11,28.016949152542374,2015
2015_08_ARI_CLE,ARI,74,0.0,0.5135135135135135,0.08675295480382501,-0.1676007524188948,1966.0,13,26.56756756756757,2015
2015_08_ARI_CLE,CLE,61,0.11475409836065574,0.6721311475409836,-0.1676007524188948,0.08675295480382501,1455.0,12,23.852459016393443,2015
2015_08_CIN_PIT,CIN,60,0.45,0.65,-0.15801263012349065,-0.04898195438743689,1699.0,12,28.316666666666666,2015
2015_08_CIN_PIT,PIT,67,0.26865671641791045,0.7164179104477612,-0.04898195438743689,-0.15801263012349065,1701.0,12,25.388059701492537,2015
2015_08_DET_KC,DET,58,0.15517241379310345,0.7586206896551724,-0.2183924995781691,0.20704212256098392,1423.0,12,24.53448275862069,2015
2015_08_DET_KC,KC,62,0.03225806451612903,0.5,0.20704212256098392,-0.2183924995781691,1987.0,13,32.04838709677419,2015
2015_08_GB_DEN,DEN,63,0.20634920634920634,0.4603174603174603,0.3460680687984446,-0.2778396309185768,1970.0,9,31.26984126984127,2015
2015_08_GB_DEN,GB,46,0.08695652173913043,0.5434782608695652,-0.2778396309185768,0.3460680687984446,1503.0,9,32.67391304347826,2015
2015_08_IND_CAR,CAR,73,0.3698630136986301,0.5068493150684932,-0.08872223673764129,-0.22662956801404452,1910.0,16,26.164383561643834,2015
2015_08_IND_CAR,IND,82,0.21951219512195122,0.573170731707317,-0.22662956801404452,-0.08872223673764129,2037.0,17,24.841463414634145,2015
2015_08_MIA_NE,MIA,62,0.20967741935483872,0.7903225806451613,-0.20262356821350186,0.2889109801285292,1533.0,13,24.725806451612904,2015
2015_08_MIA_NE,NE,66,0.12121212121212122,0.6060606060606061,0.2889109801285292,-0.20262356821350186,1902.0,12,28.818181818181817,2015
2015_08_MIN_CHI,CHI,59,0.288135593220339,0.576271186440678,0.11939577877806282,0.052232335965137,1892.0,10,32.067796610169495,2015
2015_08_MIN_CHI,MIN,56,0.05357142857142857,0.5535714285714286,0.052232335965137,0.11939577877806282,1539.0,10,27.482142857142858,2015
2015_08_NYG_NO,NO,76,0.039473684210526314,0.6578947368421053,0.4049602123593435,0.30185026202405457,2054.0,13,27.026315789473685,2015
2015_08_NYG_NO,NYG,65,0.18461538461538463,0.676923076923077,0.30185026202405457,0.4049602123593435,1444.0,11,22.215384615384615,2015
2015_08_NYJ_OAK,LV,59,0.0,0.6101694915254238,0.35018530112307644,0.01672701254319109,1734.0,12,29.389830508474578,2015
2015_08_NYJ_OAK,NYJ,71,0.23943661971830985,0.704225352112676,0.01672701254319109,0.35018530112307644,1693.0,11,23.845070422535212,2015
2015_08_SD_BAL,BAL,64,0.015625,0.625,0.19117716253560665,0.23496761333862812,1741.0,10,27.203125,2015
2015_08_SD_BAL,LAC,63,0.6984126984126984,0.5873015873015873,0.23496761333862812,0.19117716253560665,1759.0,9,27.92063492063492,2015
2015_08_SEA_DAL,DAL,56,0.0,0.48214285714285715,-0.12061136431749998,0.021849050315521704,1733.0,10,30.946428571428573,2015
2015_08_SEA_DAL,SEA,60,0.03333333333333333,0.5,0.021849050315521704,-0.12061136431749998,1712.0,10,28.533333333333335,2015
2015_08_SF_STL,LA,62,0.1935483870967742,0.3870967741935484,-0.08198045907359937,-0.3506013828758918,1773.0,15,28.596774193548388,2015
2015_08_SF_STL,SF,64,0.03125,0.6875,-0.3506013828758918,-0.08198045907359937,1528.0,15,23.875,2015
2015_08_TB_ATL,ATL,73,0.0684931506849315,0.6301369863013698,0.09483433387136582,0.039341399525527156,2264.0,10,31.013698630136986,2015
2015_08_TB_ATL,TB,62,0.0,0.5,0.039341399525527156,0.09483433387136582,1743.0,10,28.112903225806452,2015
2015_08_TEN_HOU,HOU,59,0.0,0.6271186440677966,-0.10688661987260335,-0.38616424903185753,1590.0,14,26.949152542372882,2015
2015_08_TEN_HOU,TEN,58,0.05172413793103448,0.6551724137931034,-0.38616424903185753,-0.10688661987260335,1721.0,14,29.67241379310345,2015
2015_09_ATL_SF,ATL,61,0.04918032786885246,0.7704918032786885,-0.0759675802724045,0.05705196717736434,1850.0,11,30.327868852459016,2015
2015_09_ATL_SF,SF,60,0.016666666666666666,0.4166666666666667,0.05705196717736434,-0.0759675802724045,1561.0,12,26.016666666666666,2015
2015_09_CHI_SD,CHI,68,0.014705882352941176,0.6029411764705882,0.1379103313781365,-0.010239550460425382,1937.0,11,28.485294117647058,2015
2015_09_CHI_SD,LAC,63,0.06349206349206349,0.6984126984126984,-0.010239550460425382,0.1379103313781365,1523.0,9,24.174603174603174,2015
2015_09_CLE_CIN,CIN,63,0.0,0.4603174603174603,0.2699655475429311,-0.12428655931734926,2093.0,10,33.22222222222222,2015
2015_09_CLE_CIN,CLE,53,0.0,0.6792452830188679,-0.12428655931734926,0.2699655475429311,1353.0,9,25.528301886792452,2015
2015_09_DEN_IND,DEN,51,0.11764705882352941,0.7254901960784313,-0.0032693016219417074,0.1517143280758159,1221.0,10,23.941176470588236,2015
2015_09_DEN_IND,IND,76,0.02631578947368421,0.4868421052631579,0.1517143280758159,-0.0032693016219417074,2235.0,11,29.407894736842106,2015
2015_09_GB_CAR,CAR,66,0.36363636363636365,0.45454545454545453,0.07982827524015916,-0.021665596563170988,1846.0,15,27.96969696969697,2015
2015_09_GB_CAR,GB,72,0.2222222222222222,0.7361111111111112,-0.021665596563170988,0.07982827524015916,1545.0,16,21.458333333333332,2015
2015_09_JAX_NYJ,JAX,65,0.0,0.7076923076923077,0.0068598945500987505,0.0569849109238531,1676.0,13,25.784615384615385,2015
2015_09_JAX_NYJ,NYJ,61,0.01639344262295082,0.5901639344262295,0.0569849109238531,0.0068598945500987505,1733.0,15,28.40983606557377,2015
2015_09_LV_PIT,LV,68,0.1323529411764706,0.6470588235294118,0.11871926877360849,0.2008614674744067,1547.0,17,22.75,2015
2015_09_LV_PIT,PIT,82,0.10975609756097561,0.6341463414634146,0.2008614674744067,0.11871926877360849,1860.0,15,22.682926829268293,2015
2015_09_MIA_BUF,BUF,48,0.0,0.3125,0.4776005455967441,0.12066807459299732,1773.0,9,36.9375,2015
2015_09_MIA_BUF,MIA,62,0.0967741935483871,0.6290322580645161,0.12066807459299732,0.4776005455967441,1688.0,9,27.225806451612904,2015
2015_09_NYG_TB,NYG,72,0.4722222222222222,0.5555555555555556,-0.051934002766627324,-0.13956775819881426,2034.0,11,28.25,2015
2015_09_NYG_TB,TB,60,0.21666666666666667,0.6166666666666667,-0.13956775819881426,-0.051934002766627324,1435.0,11,23.916666666666668,2015
2015_09_PHI_DAL,DAL,71,0.014084507042253521,0.5915492957746479,0.10835336127597953,0.1836681580725645,2244.0,10,31.6056338028169,2015
2015_09_PHI_DAL,PHI,71,0.6901408450704225,0.5211267605633803,0.1836681580725645,0.10835336127597953,1478.0,11,20.816901408450704,2015
2015_09_STL_MIN,LA,69,0.08695652173913043,0.463768115942029,-0.159268233608843,-0.07863267202158283,1858.0,14,26.92753623188406,2015
2015_09_STL_MIN,MIN,63,0.031746031746031744,0.4444444444444444,-0.07863267202158283,-0.159268233608843,1890.0,14,30.0,2015
2015_09_TEN_NO,NO,67,0.014925373134328358,0.6417910447761194,0.20976533559309593,0.1782565961988373,1888.0,12,28.17910447761194,2015
2015_09_TEN_NO,TEN,68,0.058823529411764705,0.5882352941176471,0.1782565961988373,0.20976533559309593,1859.0,13,27.33823529411765,2015
2015_09_WAS_NE,NE,74,0.013513513513513514,0.527027027027027,0.13850568519651632,-0.19482442234775946,2147.0,11,29.013513513513512,2015
2015_09_WAS_NE,WAS,56,0.125,0.7321428571428571,-0.19482442234775946,0.13850568519651632,1311.0,10,23.410714285714285,2015
2015_10_ARI_SEA,ARI,79,0.02531645569620253,0.620253164556962,-0.018062749815198967,0.0770287921670604,2244.0,14,28.40506329113924,2015
2015_10_ARI_SEA,SEA,51,0.09803921568627451,0.6470588235294118,0.0770287921670604,-0.018062749815198967,1187.0,12,23.274509803921568,2015
2015_10_BUF_NYJ,BUF,63,0.0,0.49206349206349204,-0.16686791225685182,-0.18684538228008513,1885.0,14,29.92063492063492,2015
2015_10_BUF_NYJ,NYJ,59,0.03389830508474576,0.5932203389830508,-0.18684538228008513,-0.16686791225685182,1497.0,16,25.372881355932204,2015
2015_10_CAR_TEN,CAR,62,0.03225806451612903,0.4838709677419355,0.1492374690141317,-0.13249452125148403,2081.0,10,33.564516129032256,2015
2015_10_CAR_TEN,TEN,46,0.06521739130434782,0.5434782608695652,-0.13249452125148403,0.1492374690141317,1356.0,10,29.47826086956522,2015
2015_10_CHI_STL,CHI,61,0.13114754098360656,0.4262295081967213,0.15363853663721383,-0.3130282639410697,1977.0,13,32.40983606557377,2015
2015_10_CHI_STL,LA,59,0.13559322033898305,0.6440677966101694,-0.3130282639410697,0.15363853663721383,1450.0,14,24.576271186440678,2015
2015_10_CLE_PIT,CLE,65,0.07692307692307693,0.7846153846153846,-0.043560370928850074,0.13205522204446807,1850.0,11,28.46153846153846,2015
2015_10_CLE_PIT,PIT,58,0.3103448275862069,0.6724137931034483,0.13205522204446807,-0.043560370928850074,1553.0,11,26.775862068965516,2015
2015_10_DAL_TB,DAL,52,0.019230769230769232,0.5961538461538461,-0.15809399136306224,-0.06333906691292746,1713.0,10,32.94230769230769,2015
2015_10_DAL_TB,TB,65,0.07692307692307693,0.6307692307692307,-0.06333906691292746,-0.15809399136306224,1707.0,11,26.26153846153846,2015
2015_10_DET_GB,DET,64,0.015625,0.59375,-0.0672458949320224,0.050617973946926444,1762.0,13,27.53125,2015
2015_10_DET_GB,GB,80,0.6375,0.7875,0.050617973946926444,-0.0672458949320224,1657.0,14,20.7125,2015
2015_10_HOU_CIN,CIN,62,0.0,0.6612903225806451,-0.15648948544684516,-0.09761979848644844,1793.0,11,28.919354838709676,2015
2015_10_HOU_CIN,HOU,59,0.0,0.6101694915254238,-0.09761979848644844,-0.15648948544684516,1578.0,12,26.74576271186441,2015
2015_10_JAX_BAL,BAL,68,0.058823529411764705,0.6911764705882353,-0.04627528327330198,-0.15582525301062575,1680.0,13,24.705882352941178,2015
2015_10_JAX_BAL,JAX,71,0.04225352112676056,0.6901408450704225,-0.15582525301062575,-0.04627528327330198,1734.0,14,24.422535211267604,2015
2015_10_KC_DEN,DEN,65,0.12307692307692308,0.7384615384615385,-0.31986875720544405,-0.08659645784800742,1472.0,13,22.646153846153847,2015
2015_10_KC_DEN,KC,63,0.0,0.5238095238095238,-0.08659645784800742,-0.31986875720544405,1828.0,14,29.015873015873016,2015
2015_10_MIA_PHI,MIA,64,0.03125,0.625,0.0028410208979090298,-0.04719222559970773,1608.0,14,25.125,2015
2015_10_MIA_PHI,PHI,88,0.7045454545454546,0.5909090909090909,-0.04719222559970773,0.0028410208979090298,1775.0,14,20.170454545454547,2015
2015_10_MIN_OAK,LV,64,0.109375,0.703125,0.005094873504238076,0.1695559307885783,1535.0,11,23.984375,2015
2015_10_MIN_OAK,MIN,59,0.01694915254237288,0.4406779661016949,0.1695559307885783,0.005094873504238076,1936.0,11,32.813559322033896,2015
2015_10_NE_NYG,NE,66,0.030303030303030304,0.6666666666666666,0.0914700142675505,0.0713225068563824,1813.0,12,27.46969696969697,2015
2015_10_NE_NYG,NYG,70,0.6285714285714286,0.6714285714285714,0.0713225068563824,0.0914700142675505,1588.0,12,22.685714285714287,2015
2015_10_NO_WAS,NO,55,0.05454545454545454,0.5454545454545454,-0.08189335233036402,0.4183877836152982,1470.0,11,26.727272727272727,2015
2015_10_NO_WAS,WAS,59,0.03389830508474576,0.4745762711864407,0.4183877836152982,-0.08189335233036402,1981.0,10,33.57627118644068,2015
2015_11_BUF_NE,BUF,67,0.014925373134328358,0.5671641791044776,-0.07662249288940322,0.02908943896931086,1875.0,13,27.98507462686567,2015
2015_11_BUF_NE,NE,62,0.0967741935483871,0.6451612903225806,0.02908943896931086,-0.07662249288940322,1530.0,13,24.677419354838708,2015
2015_11_CIN_ARI,ARI,56,0.017857142857142856,0.5714285714285714,0.19873084394364232,0.0380919898887291,1653.0,12,29.517857142857142,2015
2015_11_CIN_ARI,CIN,71,0.0,0.6056338028169014,0.0380919898887291,0.19873084394364232,1772.0,13,24.95774647887324,2015
2015_11_DAL_MIA,DAL,66,0.015151515151515152,0.4393939393939394,0.12578348957226487,-0.12996797656037135,2245.0,10,34.015151515151516,2015
2015_11_DAL_MIA,MIA,41,0.07317073170731707,0.6585365853658537,-0.12996797656037135,0.12578348957226487,1190.0,11,29.024390243902438,2015
2015_11_DEN_CHI,CHI,60,0.18333333333333332,0.5666666666666667,-0.08264490342409972,0.11775846620345759,1535.0,11,25.583333333333332,2015
2015_11_DEN_CHI,DEN,67,0.0,0.47761194029850745,0.11775846620345759,-0.08264490342409972,1896.0,12,28.29850746268657,2015
2015_11_GB_MIN,GB,69,0.10144927536231885,0.5362318840579711,0.02336588590652857,-0.08920733763194119,1729.0,12,25.057971014492754,2015
2015_11_GB_MIN,MIN,62,0.04838709677419355,0.7096774193548387,-0.08920733763194119,0.02336588590652857,1706.0,12,27.516129032258064,2015
2015_11_IND_ATL,ATL,71,0.08450704225352113,0.6619718309859155,-0.0901615683820951,-0.17895339809597827,1544.0,13,21.746478873239436,2015
2015_11_IND_ATL,IND,61,0.0,0.5573770491803278,-0.17895339809597827,-0.0901615683820951,1854.0,12,30.39344262295082,2015
2015_11_KC_SD,KC,59,0.03389830508474576,0.4745762711864407,0.16880303298771973,-0.2888719693698697,1954.0,11,33.11864406779661,2015
2015_11_KC_SD,LAC,57,0.19298245614035087,0.5789473684210527,-0.2888719693698697,0.16880303298771973,1478.0,11,25.92982456140351,2015
2015_11_LV_DET,DET,67,0.08955223880597014,0.5671641791044776,0.10329407283297772,-0.09407824496330933,2055.0,10,30.671641791044777,2015
2015_11_LV_DET,LV,47,0.0851063829787234,0.5531914893617021,-0.09407824496330933,0.10329407283297772,1360.0,10,28.93617021276596,2015
2015_11_NYJ_HOU,HOU,70,0.0,0.5142857142857142,0.020299529856610637,-0.1661544047610955,1865.0,14,26.642857142857142,2015
2015_11_NYJ_HOU,NYJ,62,0.0,0.6774193548387096,-0.1661544047610955,0.020299529856610637,1484.0,14,23.93548387096774,2015
2015_11_SF_SEA,SEA,71,0.028169014084507043,0.43661971830985913,0.39833515710483,0.001306270064871931,2174.0,11,30.619718309859156,2015
2015_11_SF_SEA,SF,52,0.07692307692307693,0.6923076923076923,0.001306270064871931,0.39833515710483,1274.0,10,24.5,2015
2015_11_STL_BAL,BAL,72,0.0,0.6111111111111112,-0.2197189262439401,-0.44778037015600475,1883.0,16,26.15277777777778,2015
2015_11_STL_BAL,LA,56,0.0,0.48214285714285715,-0.44778037015600475,-0.2197189262439401,1531.0,14,27.339285714285715,2015
2015_11_TB_PHI,PHI,72,0.7777777777777778,0.6111111111111112,-0.06344876082588408,0.38541449325716287,1353.0,13,18.791666666666668,2015
2015_11_TB_PHI,TB,69,0.13043478260869565,0.43478260869565216,0.38541449325716287,-0.06344876082588408,2067.0,12,29.956521739130434,2015
2015_11_TEN_JAX,JAX,58,0.05172413793103448,0.603448275862069,-0.06519967479662932,-0.06316385413670117,1636.0,11,28.20689655172414,2015
2015_11_TEN_JAX,TEN,63,0.031746031746031744,0.5873015873015873,-0.06316385413670117,-0.06519967479662932,1811.0,12,28.746031746031747,2015
2015_11_WAS_CAR,CAR,75,0.2,0.48,0.1297894740931559,-0.527272185701068,2234.0,13,29.786666666666665,2015
2015_11_WAS_CAR,WAS,47,0.14893617021276595,0.7446808510638298,-0.527272185701068,0.1297894740931559,1206.0,13,25.659574468085108,2015
2015_12_ARI_SF,ARI,68,0.0,0.6029411764705882,-0.04285591470730393,0.029662534862414366,2165.0,10,31.83823529411765,2015
2015_12_ARI_SF,SF,55,0.12727272727272726,0.6909090909090909,0.029662534862414366,-0.04285591470730393,1293.0,9,23.509090909090908,2015
2015_12_BAL_CLE,BAL,57,0.0,0.5964912280701754,0.02624914097277657,0.08809956951390137,1690.0,11,29.649122807017545,2015
2015_12_BAL_CLE,CLE,68,0.029411764705882353,0.7352941176470589,0.08809956951390137,0.02624914097277657,1759.0,11,25.86764705882353,2015
2015_12_BUF_KC,BUF,68,0.0,0.5882352941176471,0.047180276363152,0.2660225514813362,1786.0,10,26.264705882352942,2015
2015_12_BUF_KC,KC,57,0.017543859649122806,0.543859649122807,0.2660225514813362,0.047180276363152,1691.0,12,29.666666666666668,2015
2015_12_CAR_DAL,CAR,64,0.140625,0.4375,0.06894312605591485,-0.32057391419073006,2033.0,9,31.765625,2015
2015_12_CAR_DAL,DAL,55,0.18181818181818182,0.7454545454545455,-0.32057391419073006,0.06894312605591485,1408.0,10,25.6,2015
2015_12_CHI_GB,CHI,62,0.46774193548387094,0.5161290322580645,-0.04431928155336483,-0.229758564625448,1774.0,12,28.612903225806452,2015
2015_12_CHI_GB,GB,73,0.6027397260273972,0.6164383561643836,-0.229758564625448,-0.04431928155336483,1656.0,12,22.684931506849313,2015
2015_12_LV_TEN,LV,68,0.014705882352941176,0.5735294117647058,0.02650203279975,-0.18728983862353338,1984.0,13,29.176470588235293,2015
2015_12_LV_TEN,TEN,57,0.03508771929824561,0.6842105263157895,-0.18728983862353338,0.02650203279975,1427.0,12,25.035087719298247,2015
2015_12_MIA_NYJ,MIA,70,0.04285714285714286,0.8714285714285714,-0.09008401929288158,0.1829888035389062,1611.0,14,23.014285714285716,2015
2015_12_MIA_NYJ,NYJ,71,0.056338028169014086,0.5352112676056338,0.1829888035389062,-0.09008401929288158,1814.0,14,25.549295774647888,2015
2015_12_MIN_ATL,ATL,56,0.14285714285714285,0.5892857142857143,-0.10822627690594985,0.10913125860392832,1529.0,9,27.303571428571427,2015
2015_12_MIN_ATL,MIN,64,0.0,0.4375,0.10913125860392832,-0.10822627690594985,1941.0,9,30.328125,2015
2015_12_NE_DEN,DEN,77,0.0,0.5844155844155844,0.04825456265387377,-0.021544455801972902,2082.0,15,27.038961038961038,2015
2015_12_NE_DEN,NE,61,0.0,0.7377049180327869,-0.021544455801972902,0.04825456265387377,1458.0,15,23.901639344262296,2015
2015_12_NO_HOU,HOU,62,0.0,0.43548387096774194,0.19452117164034163,-0.2940863269535949,2061.0,11,33.24193548387097,2015
2015_12_NO_HOU,NO,55,0.0,0.8181818181818182,-0.2940863269535949,0.19452117164034163,1327.0,10,24.12727272727273,2015
2015_12_NYG_WAS,NYG,67,0.7164179104477612,0.8059701492537313,-0.09761110838273254,0.0551755984056203,1319.0,13,19.686567164179106,2015
2015_12_NYG_WAS,WAS,64,0.03125,0.453125,0.0551755984056203,-0.09761110838273254,2044.0,13,31.9375,2015
2015_12_PHI_DET,DET,70,0.0,0.5714285714285714,0.34889154995759586,-0.12793155214862326,2187.0,11,31.242857142857144,2015
2015_12_PHI_DET,PHI,57,0.6842105263157895,0.5789473684210527,-0.12793155214862326,0.34889154995759586,1240.0,12,21.75438596491228,2015
2015_12_PIT_SEA,PIT,76,0.013157894736842105,0.8289473684210527,0.06339348894018496,0.2968866860814832,1850.0,13,24.342105263157894,2015
2015_12_PIT_SEA,SEA,59,0.0,0.5423728813559322,0.2968866860814832,0.06339348894018496,1580.0,13,26.779661016949152,2015
2015_12_SD_JAX,JAX,70,0.07142857142857142,0.7285714285714285,0.028531669691184206,0.17307466972218663,1629.0,12,23.271428571428572,2015
2015_12_SD_JAX,LAC,69,0.5652173913043478,0.6521739130434783,0.17307466972218663,0.028531669691184206,1781.0,12,25.81159420289855,2015
2015_12_STL_CIN,CIN,58,0.0,0.4827586206896552,0.12199031789965695,-0.19674979460569117,1710.0,11,29.482758620689655,2015
2015_12_STL_CIN,LA,71,0.0,0.7605633802816901,-0.19674979460569117,0.12199031789965695,1689.0,12,23.788732394366196,2015
2015_12_TB_IND,IND,68,0.07352941176470588,0.6617647058823529,0.045866241888329135,0.027084706773829247,1884.0,10,27.705882352941178,2015
2015_12_TB_IND,TB,62,0.0967741935483871,0.6612903225806451,0.027084706773829247,0.045866241888329135,1596.0,10,25.741935483870968,2015
2015_13_ARI_STL,ARI,75,0.013333333333333334,0.56,0.2525798114598803,-0.30123825621002437,2308.0,12,30.773333333333333,2015
2015_13_ARI_STL,LA,48,0.125,0.7291666666666666,-0.30123825621002437,0.2525798114598803,1091.0,13,22.729166666666668,2015
2015_13_ATL_TB,ATL,65,0.015384615384615385,0.7230769230769231,0.031138533345075048,0.1947033422778178,1658.0,10,25.50769230769231,2015
2015_13_ATL_TB,TB,63,0.1111111111111111,0.4603174603174603,0.1947033422778178,0.031138533345075048,1792.0,10,28.444444444444443,2015
2015_13_BAL_MIA,BAL,75,0.013333333333333334,0.6533333333333333,-0.16898116305952932,-0.2075567699543625,2173.0,13,28.973333333333333,2015
2015_13_BAL_MIA,MIA,46,0.08695652173913043,0.43478260869565216,-0.2075567699543625,-0.16898116305952932,1093.0,12,23.76086956521739,2015
2015_13_CAR_NO,CAR,73,0.0273972602739726,0.5616438356164384,0.14078759691973836,0.1040153598141339,2097.0,14,28.726027397260275,2015
2015_13_CAR_NO,NO,58,0.10344827586206896,0.7413793103448276,0.1040153598141339,0.14078759691973836,1348.0,12,23.24137931034483,2015
2015_13_CIN_CLE,CIN,56,0.0,0.4107142857142857,0.28472208115068576,-0.18467981209017081,1835.0,9,32.767857142857146,2015
2015_13_CIN_CLE,CLE,58,0.10344827586206896,0.6724137931034483,-0.18467981209017081,0.28472208115068576,1670.0,10,28.79310344827586,2015
2015_13_DAL_WAS,DAL,54,0.0,0.5555555555555556,-0.25268441671182573,-0.059161278704247214,1536.0,13,28.444444444444443,2015
2015_13_DAL_WAS,WAS,60,0.0,0.5666666666666667,-0.059161278704247214,-0.25268441671182573,1893.0,12,31.55,2015
2015_13_DEN_SD,DEN,65,0.0,0.4153846153846154,-0.07951199262848772,-0.3796903958858501,1888.0,11,29.046153846153846,2015
2015_13_DEN_SD,LAC,61,0.01639344262295082,0.6229508196721312,-0.3796903958858501,-0.07951199262848772,1547.0,11,25.360655737704917,2015
2015_13_GB_DET,DET,63,0.015873015873015872,0.6031746031746031,-0.0023598511855617097,0.024817675614019027,1914.0,12,30.38095238095238,2015
2015_13_GB_DET,GB,62,0.11290322580645161,0.6129032258064516,0.024817675614019027,-0.0023598511855617097,1536.0,13,24.774193548387096,2015
2015_13_HOU_BUF,BUF,58,0.0,0.3793103448275862,0.23826635833612436,0.12837054039838725,1618.0,12,27.896551724137932,2015
2015_13_HOU_BUF,HOU,71,0.07042253521126761,0.6338028169014085,0.12837054039838725,0.23826635833612436,1812.0,13,25.52112676056338,2015
2015_13_IND_PIT,IND,56,0.14285714285714285,0.6964285714285714,-0.3109763978758039,0.3261902260399206,1528.0,13,27.285714285714285,2015
2015_13_IND_PIT,PIT,70,0.4714285714285714,0.5571428571428572,0.3261902260399206,-0.3109763978758039,1894.0,12,27.057142857142857,2015
2015_13_JAX_TEN,JAX,59,0.05084745762711865,0.6610169491525424,0.18745271339552225,0.2163737590530139,1536.0,12,26.033898305084747,2015
2015_13_JAX_TEN,TEN,67,0.04477611940298507,0.4925373134328358,0.2163737590530139,0.18745271339552225,1949.0,11,29.08955223880597,2015
2015_13_KC_OAK,KC,47,0.0,0.574468085106383,-0.08549790715702718,-0.24176469630662237,1404.0,13,29.872340425531913,2015
2015_13_KC_OAK,LV,76,0.09210526315789473,0.6842105263157895,-0.24176469630662237,-0.08549790715702718,1973.0,13,25.960526315789473,2015
2015_13_NYJ_NYG,NYG,60,0.5333333333333333,0.6,-0.05563759037211735,0.07698513745649563,1711.0,11,28.516666666666666,2015
2015_13_NYJ_NYG,NYJ,77,0.06493506493506493,0.6883116883116883,0.07698513745649563,-0.05563759037211735,2217.0,12,28.792207792207794,2015
2015_13_PHI_NE,NE,84,0.10714285714285714,0.7142857142857143,-0.055694789938913365,-0.04222077716394266,1945.0,15,23.154761904761905,2015
2015_13_PHI_NE,PHI,57,0.7017543859649122,0.43859649122807015,-0.04222077716394266,-0.055694789938913365,1465.0,12,25.70175438596491,2015
2015_13_SEA_MIN,MIN,47,0.0425531914893617,0.6595744680851063,-0.2934974847116367,0.37517348626364844,1386.0,10,29.48936170212766,2015
2015_13_SEA_MIN,SEA,64,0.0,0.46875,0.37517348626364844,-0.2934974847116367,2037.0,10,31.828125,2015
2015_13_SF_CHI,CHI,74,0.21621621621621623,0.43243243243243246,-0.05857047809596846,-0.03531063019056796,2156.0,13,29.135135135135137,2015
2015_13_SF_CHI,SF,59,0.1016949152542373,0.6101694915254238,-0.03531063019056796,-0.05857047809596846,1357.0,13,23.0,2015
2015_14_ATL_CAR,ATL,60,0.13333333333333333,0.75,-0.31549631772816894,0.2986371504825874,1590.0,12,26.5,2015
2015_14_ATL_CAR,CAR,59,0.23728813559322035,0.4915254237288136,0.2986371504825874,-0.31549631772816894,1769.0,12,29.983050847457626,2015
2015_14_BUF_PHI,BUF,68,0.058823529411764705,0.5441176470588235,0.15000531145431112,-0.02119462811351196,2019.0,13,29.691176470588236,2015
2015_14_BUF_PHI,PHI,71,0.7323943661971831,0.5492957746478874,-0.02119462811351196,0.15000531145431112,1390.0,15,19.577464788732396,2015
2015_14_DAL_GB,DAL,51,0.17647058823529413,0.6078431372549019,-0.1982155658605977,0.1765199298079087,1241.0,12,24.333333333333332,2015
2015_14_DAL_GB,GB,79,0.6329113924050633,0.46835443037974683,0.1765199298079087,-0.1982155658605977,2179.0,12,27.582278481012658,2015
2015_14_DET_STL,DET,68,0.17647058823529413,0.7205882352941176,-0.08667377924340175,0.07562722070886503,1931.0,12,28.397058823529413,2015
2015_14_DET_STL,LA,51,0.0392156862745098,0.45098039215686275,0.07562722070886503,-0.08667377924340175,1463.0,11,28.686274509803923,2015
2015_14_IND_JAX,IND,69,0.08695652173913043,0.6666666666666666,-0.42151148653985887,0.038571163266708806,1669.0,15,24.18840579710145,2015
2015_14_IND_JAX,JAX,62,0.04838709677419355,0.532258064516129,0.038571163266708806,-0.42151148653985887,1671.0,13,26.951612903225808,2015
2015_14_LV_DEN,DEN,77,0.0,0.7272727272727273,-0.23231657949502807,-0.41046767647177407,2062.0,13,26.77922077922078,2015
2015_14_LV_DEN,LV,52,0.0,0.6346153846153846,-0.41046767647177407,-0.23231657949502807,1310.0,15,25.192307692307693,2015
2015_14_MIN_ARI,ARI,64,0.0,0.578125,0.2189613760953468,0.0466359080086,1864.0,10,29.125,2015
2015_14_MIN_ARI,MIN,63,0.031746031746031744,0.6190476190476191,0.0466359080086,0.2189613760953468,1630.0,9,25.873015873015873,2015
2015_14_NE_HOU,HOU,51,0.0,0.5882352941176471,-0.45334150219872577,0.03992614755282189,1358.0,13,26.627450980392158,2015
2015_14_NE_HOU,NE,61,0.0,0.5409836065573771,0.03992614755282189,-0.45334150219872577,2005.0,12,32.868852459016395,2015
2015_14_NO_TB,NO,76,0.039473684210526314,0.5657894736842105,0.170040856381142,0.08992420117123058,2152.0,10,28.31578947368421,2015
2015_14_NO_TB,TB,49,0.14285714285714285,0.6122448979591837,0.08992420117123058,0.170040856381142,1310.0,9,26.73469387755102,2015
2015_14_NYG_MIA,MIA,62,0.08064516129032258,0.6612903225806451,0.11091408592609255,0.24360555125075295,1683.0,12,27.14516129032258,2015
2015_14_NYG_MIA,NYG,61,0.5409836065573771,0.5081967213114754,0.24360555125075295,0.11091408592609255,1735.0,12,28.442622950819672,2015
2015_14_PIT_CIN,CIN,54,0.0,0.7222222222222222,0.18164484312038265,0.15649555033952545,1379.0,11,25.537037037037038,2015
2015_14_PIT_CIN,PIT,67,0.0,0.6119402985074627,0.15649555033952545,0.18164484312038265,2080.0,10,31.044776119402986,2015
2015_14_SD_KC,KC,50,0.0,0.5,0.16062594843823458,-0.0795504143251919,1680.0,8,33.6,2015
2015_14_SD_KC,LAC,66,0.18181818181818182,0.7272727272727273,-0.0795504143251919,0.16062594843823458,1789.0,10,27.106060606060606,2015
2015_14_SEA_BAL,BAL,54,0.2037037037037037,0.7592592592592593,-0.28854710013204576,0.41642004863036014,1391.0,10,25.75925925925926,2015
2015_14_SEA_BAL,SEA,66,0.015151515151515152,0.5,0.41642004863036014,-0.28854710013204576,2071.0,10,31.37878787878788,2015
2015_14_SF_CLE,CLE,70,0.014285714285714285,0.4714285714285714,0.16073844196259993,-0.23315027545778222,2147.0,12,30.67142857142857,2015
2015_14_SF_CLE,SF,54,0.037037037037037035,0.6851851851851852,-0.23315027545778222,0.16073844196259993,1269.0,11,23.5,2015
2015_14_TEN_NYJ,NYJ,71,0.0,0.5211267605633803,0.21925916604694068,-0.13852606429451886,2117.0,10,29.816901408450704,2015
2015_14_TEN_NYJ,TEN,58,0.13793103448275862,0.7758620689655172,-0.13852606429451886,0.21925916604694068,1349.0,11,23.25862068965517,2015
2015_14_WAS_CHI,CHI,56,0.32142857142857145,0.6071428571428571,0.18755196323465703,0.23413766875093556,1476.0,10,26.357142857142858,2015
2015_14_WAS_CHI,WAS,66,0.030303030303030304,0.5151515151515151,0.23413766875093556,0.18755196323465703,1947.0,11,29.5,2015
2015_15_ARI_PHI,ARI,72,0.027777777777777776,0.4861111111111111,0.2669305023440292,-0.16772520424062848,2172.0,12,30.166666666666668,2015
2015_15_ARI_PHI,PHI,63,0.7777777777777778,0.6825396825396826,-0.16772520424062848,0.2669305023440292,1282.0,12,20.349206349206348,2015
2015_15_ATL_JAX,ATL,67,0.1791044776119403,0.5373134328358209,0.011407446479944097,-0.07478021070735431,1980.0,12,29.55223880597015,2015
2015_15_ATL_JAX,JAX,59,0.0847457627118644,0.6610169491525424,-0.07478021070735431,0.011407446479944097,1447.0,11,24.52542372881356,2015
2015_15_BUF_WAS,BUF,64,0.109375,0.5,0.21700860640869904,0.45010674772047243,1802.0,10,28.15625,2015
2015_15_BUF_WAS,WAS,54,0.0,0.5370370370370371,0.45010674772047243,0.21700860640869904,1673.0,10,30.98148148148148,2015
2015_15_CAR_NYG,CAR,76,0.21052631578947367,0.618421052631579,0.1713486630847277,0.0628158731394136,1757.0,15,23.11842105263158,2015
2015_15_CAR_NYG,NYG,73,0.5753424657534246,0.6301369863013698,0.0628158731394136,0.1713486630847277,1638.0,15,22.438356164383563,2015
2015_15_CHI_MIN,CHI,62,0.25806451612903225,0.6774193548387096,-0.1352835186574762,0.3558876968457929,1606.0,11,25.903225806451612,2015
2015_15_CHI_MIN,MIN,57,0.0,0.3684210526315789,0.3558876968457929,-0.1352835186574762,1905.0,10,33.421052631578945,2015
2015_15_CIN_SF,CIN,61,0.03278688524590164,0.4098360655737705,-0.18409155274944797,-0.21384732611189908,1754.0,15,28.75409836065574,2015
2015_15_CIN_SF,SF,70,0.17142857142857143,0.7571428571428571,-0.21384732611189908,-0.18409155274944797,1595.0,16,22.785714285714285,2015
2015_15_CLE_SEA,CLE,52,0.019230769230769232,0.6730769230769231,0.05399044148651177,0.27036266118445895,1477.0,7,28.403846153846153,2015
2015_15_CLE_SEA,SEA,67,0.0,0.47761194029850745,0.27036266118445895,0.05399044148651177,2022.0,8,30.17910447761194,2015
2015_15_DEN_PIT,DEN,70,0.014285714285714285,0.6571428571428571,-0.04257798229815299,-0.0005817125612204249,1645.0,15,23.5,2015
2015_15_DEN_PIT,PIT,71,0.19718309859154928,0.8028169014084507,-0.0005817125612204249,-0.04257798229815299,1756.0,15,24.732394366197184,2015
2015_15_DET_NO,DET,49,0.0,0.5714285714285714,0.3491521443914401,0.16857819549854128,1730.0,10,35.30612244897959,2015
2015_15_DET_NO,NO,71,0.09859154929577464,0.7464788732394366,0.16857819549854128,0.3491521443914401,1775.0,11,25.0,2015
2015_15_GB_OAK,GB,68,0.3235294117647059,0.6029411764705882,-0.205440094496066,-0.1959985551333476,1683.0,14,24.75,2015
2015_15_GB_OAK,LV,74,0.0945945945945946,0.6621621621621622,-0.1959985551333476,-0.205440094496066,1733.0,14,23.41891891891892,2015
2015_15_HOU_IND,HOU,64,0.03125,0.46875,-0.10937068102388821,-0.18842123687831003,1913.0,12,29.890625,2015
2015_15_HOU_IND,IND,53,0.0,0.6415094339622641,-0.18842123687831003,-0.10937068102388821,1473.0,11,27.79245283018868,2015
2015_15_KC_BAL,BAL,67,0.26865671641791045,0.7014925373134329,-0.27695167490500544,0.15884982790024663,1563.0,12,23.328358208955223,2015
2015_15_KC_BAL,KC,54,0.0,0.5185185185185185,0.15884982790024663,-0.27695167490500544,1824.0,10,33.77777777777778,2015
2015_15_MIA_SD,LAC,72,0.0,0.5138888888888888,0.2360296470336459,-0.13136555627029192,2230.0,12,30.97222222222222,2015
2015_15_MIA_SD,MIA,55,0.0,0.6545454545454545,-0.13136555627029192,0.2360296470336459,1170.0,12,21.272727272727273,2015
2015_15_NYJ_DAL,DAL,56,0.0,0.625,-0.2171732367111848,0.0022996114252822448,1569.0,12,28.017857142857142,2015
2015_15_NYJ_DAL,NYJ,66,0.045454545454545456,0.6212121212121212,0.0022996114252822448,-0.2171732367111848,1839.0,13,27.863636363636363,2015
2015_15_TB_STL,LA,49,0.0,0.3877551020408163,0.2040584345855451,0.1588378640759711,1628.0,12,33.224489795918366,2015
2015_15_TB_STL,TB,76,0.14473684210526316,0.6447368421052632,0.1588378640759711,0.2040584345855451,1816.0,11,23.894736842105264,2015
2015_15_TEN_NE,NE,63,0.015873015873015872,0.5873015873015873,0.15819543456545054,-0.3005774610762905,1719.0,11,27.285714285714285,2015
2015_15_TEN_NE,TEN,60,0.06666666666666667,0.65,-0.3005774610762905,0.15819543456545054,1674.0,14,27.9,2015
2015_16_CAR_ATL,ATL,59,0.0,0.5254237288135594,0.16486038855287458,-0.010601987195071839,2040.0,9,34.57627118644068,2015
2015_16_CAR_ATL,CAR,52,0.019230769230769232,0.6153846153846154,-0.010601987195071839,0.16486038855287458,1413.0,8,27.173076923076923,2015
2015_16_CHI_TB,CHI,67,0.34328358208955223,0.417910447761194,0.04167487246489361,0.04085308108237352,2150.0,12,32.08955223880597,2015
2015_16_CHI_TB,TB,53,0.18867924528301888,0.5471698113207547,0.04085308108237352,0.04167487246489361,1294.0,12,24.41509433962264,2015
2015_16_CIN_DEN,CIN,69,0.0,0.5362318840579711,0.08095427927824277,0.09393832355166504,2165.0,11,31.3768115942029,2015
2015_16_CIN_DEN,DEN,63,0.14285714285714285,0.6666666666666666,0.09393832355166504,0.08095427927824277,1597.0,11,25.349206349206348,2015
2015_16_CLE_KC,CLE,66,0.0,0.45454545454545453,0.002988060472399523,-0.008859618644649838,1789.0,10,27.106060606060606,2015
2015_16_CLE_KC,KC,50,0.0,0.46,-0.008859618644649838,0.002988060472399523,1673.0,9,33.46,2015
2015_16_DAL_BUF,BUF,58,0.0,0.3620689655172414,0.03314948875090932,-0.07302359569110095,1781.0,10,30.70689655172414,2015
2015_16_DAL_BUF,DAL,55,0.0,0.5636363636363636,-0.07302359569110095,0.03314948875090932,1648.0,11,29.963636363636365,2015
2015_16_GB_ARI,ARI,54,0.0,0.5555555555555556,0.0969761229658247,-0.4618112939596363,1729.0,11,32.01851851851852,2015
2015_16_GB_ARI,GB,64,0.15625,0.609375,-0.4618112939596363,0.0969761229658247,1687.0,13,26.359375,2015
2015_16_HOU_TEN,HOU,66,0.0,0.4090909090909091,0.08419237054180588,-0.3015822480964499,2022.0,14,30.636363636363637,2015
2015_16_HOU_TEN,TEN,64,0.109375,0.828125,-0.3015822480964499,0.08419237054180588,1318.0,13,20.59375,2015
2015_16_IND_MIA,IND,53,0.018867924528301886,0.5849056603773585,0.04675402545406303,0.009881038420327273,1555.0,10,29.339622641509433,2015
2015_16_IND_MIA,MIA,70,0.1,0.6428571428571429,0.009881038420327273,0.04675402545406303,1901.0,9,27.15714285714286,2015
2015_16_JAX_NO,JAX,55,0.09090909090909091,0.7272727272727273,0.23656697037993696,0.5064105215242564,1270.0,11,23.09090909090909,2015
2015_16_JAX_NO,NO,68,0.029411764705882353,0.5294117647058824,0.5064105215242564,0.23656697037993696,2238.0,10,32.911764705882355,2015
2015_16_NE_NYJ,NE,54,0.0,0.6111111111111112,-0.03923045833163357,0.12388515437767966,1601.0,10,29.64814814814815,2015
2015_16_NE_NYJ,NYJ,69,0.0,0.6086956521739131,0.12388515437767966,-0.03923045833163357,1977.0,11,28.652173913043477,2015
2015_16_NYG_MIN,MIN,65,0.03076923076923077,0.4307692307692308,0.09155780216439768,-0.36027332183329247,1996.0,14,30.70769230769231,2015
2015_16_NYG_MIN,NYG,58,0.6379310344827587,0.6551724137931034,-0.36027332183329247,0.09155780216439768,1394.0,15,24.03448275862069,2015
2015_16_PIT_BAL,BAL,72,0.2361111111111111,0.5694444444444444,0.13305347949274712,-0.09727712201393302,1992.0,11,27.666666666666668,2015
2015_16_PIT_BAL,PIT,57,0.5614035087719298,0.6491228070175439,-0.09727712201393302,0.13305347949274712,1489.0,11,26.12280701754386,2015
2015_16_SD_OAK,LAC,74,0.3918918918918919,0.6621621621621622,-0.06743709806356825,-0.09186064281550714,2025.0,13,27.364864864864863,2015
2015_16_SD_OAK,LV,65,0.015384615384615385,0.6307692307692307,-0.09186064281550714,-0.06743709806356825,1908.0,14,29.353846153846153,2015
2015_16_SF_DET,DET,65,0.12307692307692308,0.6153846153846154,0.1410678499493515,-0.0719396169277544,2110.0,11,32.46153846153846,2015
2015_16_SF_DET,SF,59,0.13559322033898305,0.6101694915254238,-0.0719396169277544,0.1410678499493515,1352.0,10,22.915254237288135,2015
2015_16_STL_SEA,LA,51,0.0,0.45098039215686275,0.07989480258413084,-0.13457403646008242,1589.0,11,31.15686274509804,2015
2015_16_STL_SEA,SEA,67,0.05970149253731343,0.6716417910447762,-0.13457403646008242,0.07989480258413084,1842.0,11,27.492537313432837,2015
2015_16_WAS_PHI,PHI,76,0.868421052631579,0.7894736842105263,-0.0833811125229331,0.20922930689339844,1450.0,14,19.07894736842105,2015
2015_16_WAS_PHI,WAS,71,0.014084507042253521,0.6901408450704225,0.20922930689339844,-0.0833811125229331,1958.0,14,27.577464788732396,2015
2015_17_BAL_CIN,BAL,76,0.0,0.7236842105263158,-0.17230844445224636,0.1133918221555766,1679.0,12,22.092105263157894,2015
2015_17_BAL_CIN,CIN,56,0.0,0.5357142857142857,0.1133918221555766,-0.17230844445224636,1746.0,12,31.178571428571427,2015
2015_17_DET_CHI,CHI,52,0.23076923076923078,0.5192307692307693,0.0076041299576739,0.15845413412177364,1590.0,9,30.576923076923077,2015
2015_17_DET_CHI,DET,61,0.03278688524590164,0.7049180327868853,0.15845413412177364,0.0076041299576739,1884.0,10,30.885245901639344,2015
2015_17_JAX_HOU,HOU,74,0.0,0.581081081081081,0.019960741298432002,-0.6171508263765124,2050.0,12,27.7027027027027,2015
2015_17_JAX_HOU,JAX,54,0.0,0.7407407407407407,-0.6171508263765124,0.019960741298432002,1340.0,14,24.814814814814813,2015
2015_17_LV_KC,KC,63,0.0,0.3968253968253968,0.08890118434848952,-0.17976427738839973,2014.0,12,31.96825396825397,2015
2015_17_LV_KC,LV,54,0.12962962962962962,0.7037037037037037,-0.17976427738839973,0.08890118434848952,1400.0,11,25.925925925925927,2015
2015_17_MIN_GB,GB,74,0.47297297297297297,0.6621621621621622,-0.17941475045083433,-0.033777317557594055,2061.0,12,27.85135135135135,2015
2015_17_MIN_GB,MIN,49,0.02040816326530612,0.4489795918367347,-0.033777317557594055,-0.17941475045083433,1392.0,10,28.408163265306122,2015
2015_17_NE_MIA,MIA,71,0.28169014084507044,0.5492957746478874,0.09040404384693501,-0.23460611444525017,1756.0,12,24.732394366197184,2015
2015_17_NE_MIA,NE,53,0.03773584905660377,0.5094339622641509,-0.23460611444525017,0.09040404384693501,1604.0,12,30.264150943396228,2015
2015_17_NO_ATL,ATL,63,0.031746031746031744,0.5873015873015873,0.14944562842738232,0.16644199218802141,1775.0,8,28.174603174603174,2015
2015_17_NO_ATL,NO,63,0.0,0.6825396825396826,0.16644199218802141,0.14944562842738232,1711.0,9,27.158730158730158,2015
2015_17_NYJ_BUF,BUF,72,0.0,0.4166666666666667,-0.05821954632599266,-0.10246573086520928,2276.0,12,31.61111111111111,2015
2015_17_NYJ_BUF,NYJ,55,0.01818181818181818,0.6909090909090909,-0.10246573086520928,-0.05821954632599266,1160.0,12,21.09090909090909,2015
2015_17_PHI_NYG,NYG,80,0.75,0.55,0.07995760777004676,0.2639857413714909,1843.0,11,23.0375,2015
2015_17_PHI_NYG,PHI,63,0.6984126984126984,0.6190476190476191,0.2639857413714909,0.07995760777004676,1598.0,11,25.365079365079364,2015
2015_17_PIT_CLE,CLE,76,0.039473684210526314,0.6973684210526315,-0.32661064637811177,-0.04327335553743344,1949.0,13,25.644736842105264,2015
2015_17_PIT_CLE,PIT,54,0.037037037037037035,0.6851851851851852,-0.04327335553743344,-0.32661064637811177,1451.0,13,26.87037037037037,2015
2015_17_SD_DEN,DEN,63,0.30158730158730157,0.5238095238095238,-0.037594337152320134,-0.17242648227409213,1387.0,15,22.015873015873016,2015
2015_17_SD_DEN,LAC,67,0.07462686567164178,0.5671641791044776,-0.17242648227409213,-0.037594337152320134,1959.0,14,29.238805970149254,2015
2015_17_SEA_ARI,ARI,57,0.0,0.7719298245614035,-0.1871343221790192,0.21480836428874445,1288.0,11,22.596491228070175,2015
2015_17_SEA_ARI,SEA,68,0.014705882352941176,0.4852941176470588,0.21480836428874445,-0.1871343221790192,2119.0,11,31.16176470588235,2015
2015_17_STL_SF,LA,71,0.014084507042253521,0.5352112676056338,-0.00576900352057433,-0.04548147654047084,2235.0,12,31.47887323943662,2015
2015_17_STL_SF,SF,74,0.05405405405405406,0.6081081081081081,-0.04548147654047084,-0.00576900352057433,1885.0,14,25.472972972972972,2015
2015_17_TB_CAR,CAR,60,0.6,0.5,0.16927427329188033,-0.11460009350191583,1825.0,11,30.416666666666668,2015
2015_17_TB_CAR,TB,70,0.22857142857142856,0.6857142857142857,-0.11460009350191583,0.16927427329188033,1615.0,10,23.071428571428573,2015
2015_17_TEN_IND,IND,68,0.04411764705882353,0.5735294117647058,0.004336775222149084,-0.10924095978330679,1894.0,12,27.852941176470587,2015
2015_17_TEN_IND,TEN,56,0.017857142857142856,0.5357142857142857,-0.10924095978330679,0.004336775222149084,1503.0,13,26.839285714285715,2015
2015_17_WAS_DAL,DAL,68,0.22058823529411764,0.7647058823529411,0.006777012227043085,0.3208468168632757,1471.0,12,21.63235294117647,2015
2015_17_WAS_DAL,WAS,60,0.016666666666666666,0.45,0.3208468168632757,0.006777012227043085,1939.0,13,32.31666666666667,2015
2016_01_BUF_BAL,BAL,63,0.4444444444444444,0.6031746031746031,-0.044274723397941654,-0.16779494862879904,1841.0,10,29.22222222222222,2016
2016_01_BUF_BAL,BUF,48,0.0,0.5,-0.16779494862879904,-0.044274723397941654,1558.0,9,32.458333333333336,2016
2016_01_CAR_DEN,CAR,65,0.12307692307692308,0.5076923076923077,0.10532614487490294,0.06335822522546088,1873.0,10,28.815384615384616,2016
2016_01_CAR_DEN,DEN,55,0.0,0.509090909090909,0.06335822522546088,0.10532614487490294,1598.0,11,29.054545454545455,2016
2016_01_CHI_HOU,CHI,54,0.0,0.6296296296296297,-0.26213142122006927,0.03814062511673758,1331.0,12,24.64814814814815,2016
2016_01_CHI_HOU,HOU,70,0.014285714285714285,0.5285714285714286,0.03814062511673758,-0.26213142122006927,2097.0,13,29.957142857142856,2016
2016_01_CIN_NYJ,CIN,55,0.10909090909090909,0.6727272727272727,0.13439194520026831,0.03473997969252462,1411.0,11,25.654545454545456,2016
2016_01_CIN_NYJ,NYJ,65,0.0,0.5384615384615384,0.03473997969252462,0.13439194520026831,2044.0,10,31.446153846153845,2016
2016_01_CLE_PHI,CLE,50,0.06,0.58,-0.3467640242680406,0.08461005864434257,1140.0,13,22.8,2016
2016_01_CLE_PHI,PHI,73,0.0410958904109589,0.5342465753424658,0.08461005864434257,-0.3467640242680406,2300.0,12,31.506849315068493,2016
2016_01_DET_IND,DET,63,0.3968253968253968,0.6349206349206349,0.3660338389244834,0.307903241410863,1786.0,11,28.349206349206348,2016
2016_01_DET_IND,IND,68,0.058823529411764705,0.7205882352941176,0.307903241410863,0.3660338389244834,1708.0,11,25.11764705882353,2016
2016_01_GB_JAX,GB,58,0.25862068965517243,0.5862068965517241,0.16295855131936005,-0.017963714550004888,1662.0,10,28.655172413793103,2016
2016_01_GB_JAX,JAX,67,0.04477611940298507,0.6268656716417911,-0.017963714550004888,0.16295855131936005,1817.0,10,27.119402985074625,2016
2016_01_LA_SF,LA,59,0.11864406779661017,0.6271186440677966,-0.47268616916291006,-0.01025339326189952,1540.0,14,26.10169491525424,2016
2016_01_LA_SF,SF,76,0.6578947368421053,0.4605263157894737,-0.01025339326189952,-0.47268616916291006,1830.0,14,24.07894736842105,2016
2016_01_LV_NO,LV,65,0.07692307692307693,0.6,0.3107369033298015,0.3697783366587697,1769.0,11,27.215384615384615,2016
2016_01_LV_NO,NO,62,0.0,0.6451612903225806,0.3697783366587697,0.3107369033298015,1726.0,11,27.838709677419356,2016
2016_01_MIA_SEA,MIA,53,0.03773584905660377,0.6226415094339622,-0.2266058484644136,-0.1446877842463708,1417.0,12,26.735849056603772,2016
2016_01_MIA_SEA,SEA,78,0.0641025641025641,0.5897435897435898,-0.1446877842463708,-0.2266058484644136,1983.0,12,25.423076923076923,2016
2016_01_MIN_TEN,MIN,60,0.05,0.55,5.919769007894556e-05,-0.238990295934734,1692.0,10,28.2,2016
2016_01_MIN_TEN,TEN,66,0.19696969696969696,0.6666666666666666,-0.238990295934734,5.919769007894556e-05,1738.0,11,26.333333333333332,2016
2016_01_NE_ARI,ARI,59,0.05084745762711865,0.6779661016949152,0.20240541085511374,0.0968098167676528,1498.0,10,25.389830508474578,2016
2016_01_NE_ARI,NE,65,0.0,0.5384615384615384,0.0968098167676528,0.20240541085511374,1956.0,10,30.092307692307692,2016
2016_01_NYG_DAL,DAL,73,0.0136986301369863,0.589041095890411,0.03602859677881008,0.10671649640512236,2136.0,10,29.26027397260274,2016
2016_01_NYG_DAL,NYG,54,0.5555555555555556,0.5555555555555556,0.10671649640512236,0.03602859677881008,1341.0,9,24.833333333333332,2016
2016_01_PIT_WAS,PIT,67,0.373134328358209,0.5671641791044776,0.3028089061654362,0.05120401925624409,1943.0,10,29.0,2016
2016_01_PIT_WAS,WAS,54,0.14814814814814814,0.7777777777777778,0.05120401925624409,0.3028089061654362,1514.0,10,28.037037037037038,2016
2016_01_SD_KC,KC,70,0.17142857142857143,0.7285714285714285,0.1528632601349146,0.19394264103019426,1802.0,12,25.742857142857144,2016
2016_01_SD_KC,LAC,68,0.014705882352941176,0.5441176470588235,0.19394264103019426,0.1528632601349146,1974.0,12,29.029411764705884,2016
2016_01_TB_ATL,ATL,64,0.03125,0.671875,0.08251783692602344,0.1575787606682988,1866.0,12,29.15625,2016
2016_01_TB_ATL,TB,58,0.034482758620689655,0.5517241379310345,0.1575787606682988,0.08251783692602344,1556.0,12,26.82758620689655,2016
2016_02_ATL_OAK,ATL,65,0.36923076923076925,0.5384615384615384,0.3689045094702993,0.2177229848956497,1599.0,10,24.6,2016
2016_02_ATL_OAK,LV,70,0.08571428571428572,0.6428571428571429,0.2177229848956497,0.3689045094702993,1907.0,11,27.242857142857144,2016
2016_02_BAL_CLE,BAL,71,0.23943661971830985,0.6338028169014085,-0.0007458622537878633,0.11871769548625337,1786.0,12,25.154929577464788,2016
2016_02_BAL_CLE,CLE,58,0.10344827586206896,0.603448275862069,0.11871769548625337,-0.0007458622537878633,1679.0,11,28.948275862068964,2016
2016_02_CIN_PIT,CIN,73,0.1643835616438356,0.7534246575342466,-0.07318040724309503,0.025526181873644586,1518.0,15,20.794520547945204,2016
2016_02_CIN_PIT,PIT,74,0.22972972972972974,0.5135135135135135,0.025526181873644586,-0.07318040724309503,1891.0,14,25.554054054054053,2016
2016_02_DAL_WAS,DAL,64,0.03125,0.53125,0.16754122364186558,0.11072360917037487,1891.0,10,29.546875,2016
2016_02_DAL_WAS,WAS,64,0.140625,0.734375,0.11072360917037487,0.16754122364186558,1583.0,10,24.734375,2016
2016_02_GB_MIN,GB,64,0.109375,0.640625,-0.15143535474710176,-0.03169850245652806,1698.0,12,26.53125,2016
2016_02_GB_MIN,MIN,56,0.0,0.625,-0.03169850245652806,-0.15143535474710176,1751.0,11,31.267857142857142,2016
2016_02_IND_DEN,DEN,65,0.0,0.5230769230769231,0.032005373175551764,-0.21351395932826653,1796.0,9,27.630769230769232,2016
2016_02_IND_DEN,IND,65,0.0,0.6923076923076923,-0.21351395932826653,0.032005373175551764,1665.0,12,25.615384615384617,2016
2016_02_JAX_SD,JAX,63,0.0,0.8253968253968254,-0.08108893032768255,0.14348592325181828,1408.0,12,22.349206349206348,2016
2016_02_JAX_SD,LAC,63,0.0,0.4444444444444444,0.14348592325181828,-0.08108893032768255,2001.0,12,31.761904761904763,2016
2016_02_KC_HOU,HOU,66,0.0,0.5151515151515151,-0.13979249569607405,-0.44415984348984777,1917.0,14,29.045454545454547,2016
2016_02_KC_HOU,KC,60,0.0,0.6833333333333333,-0.44415984348984777,-0.13979249569607405,1445.0,13,24.083333333333332,2016
2016_02_MIA_NE,MIA,60,0.5166666666666667,0.7333333333333333,0.05388779208563753,0.2144769092043261,1320.0,12,22.0,2016
2016_02_MIA_NE,NE,74,0.0,0.5,0.2144769092043261,0.05388779208563753,2143.0,12,28.95945945945946,2016
2016_02_NO_NYG,NO,59,0.05084745762711865,0.7796610169491526,-0.060534359485701926,-0.06221486711766976,1459.0,11,24.728813559322035,2016
2016_02_NO_NYG,NYG,71,0.7323943661971831,0.6056338028169014,-0.06221486711766976,-0.060534359485701926,1962.0,11,27.633802816901408,2016
2016_02_NYJ_BUF,BUF,49,0.061224489795918366,0.6122448979591837,0.17574085814995033,0.22496338187126755,1192.0,10,24.3265306122449,2016
2016_02_NYJ_BUF,NYJ,70,0.0,0.5,0.22496338187126755,0.17574085814995033,2313.0,11,33.042857142857144,2016
2016_02_PHI_CHI,CHI,50,0.2,0.64,-0.29832988008673567,0.044559875562863505,1354.0,11,27.08,2016
2016_02_PHI_CHI,PHI,64,0.046875,0.546875,0.044559875562863505,-0.29832988008673567,2065.0,12,32.265625,2016
2016_02_SEA_LA,LA,56,0.0,0.5892857142857143,-0.0644362918127202,-0.0979086302072715,1698.0,10,30.321428571428573,2016
2016_02_SEA_LA,SEA,61,0.01639344262295082,0.6065573770491803,-0.0979086302072715,-0.0644362918127202,1709.0,10,28.016393442622952,2016
2016_02_SF_CAR,CAR,77,0.24675324675324675,0.5194805194805194,0.11342663487265535,-0.22603920910004452,2074.0,15,26.935064935064936,2016
2016_02_SF_CAR,SF,64,0.625,0.59375,-0.22603920910004452,0.11342663487265535,1316.0,18,20.5625,2016
2016_02_TB_ARI,ARI,65,0.06153846153846154,0.5538461538461539,0.20334541261330816,-0.2527455124191144,1670.0,12,25.692307692307693,2016
2016_02_TB_ARI,TB,75,0.13333333333333333,0.7333333333333333,-0.2527455124191144,0.20334541261330816,1740.0,14,23.2,2016
2016_02_TEN_DET,DET,67,0.44776119402985076,0.6567164179104478,0.04500634589747194,0.1661163260918823,1668.0,10,24.895522388059703,2016
2016_02_TEN_DET,TEN,60,0.1,0.6166666666666667,0.1661163260918823,0.04500634589747194,1779.0,10,29.65,2016
2016_03_ARI_BUF,ARI,78,0.16666666666666666,0.717948717948718,-0.3262390901597595,-0.036789607602328495,1937.0,14,24.833333333333332,2016
2016_03_ARI_BUF,BUF,59,0.05084745762711865,0.4915254237288136,-0.036789607602328495,-0.3262390901597595,1455.0,14,24.661016949152543,2016
2016_03_ATL_NO,ATL,61,0.03278688524590164,0.5245901639344263,0.44091584777693493,0.1182762820401432,1598.0,9,26.19672131147541,2016
2016_03_ATL_NO,NO,80,0.0375,0.7,0.1182762820401432,0.44091584777693493,1913.0,9,23.9125,2016
2016_03_BAL_JAX,BAL,63,0.09523809523809523,0.6666666666666666,-0.14467567498964384,-0.24829645128386774,1759.0,13,27.92063492063492,2016
2016_03_BAL_JAX,JAX,63,0.047619047619047616,0.6666666666666666,-0.24829645128386774,-0.14467567498964384,1641.0,13,26.047619047619047,2016
2016_03_CHI_DAL,CHI,62,0.1774193548387097,0.7580645161290323,0.0034952029586987664,0.26992140589259983,1417.0,12,22.85483870967742,2016
2016_03_CHI_DAL,DAL,65,0.07692307692307693,0.36923076923076925,0.26992140589259983,0.0034952029586987664,2050.0,10,31.53846153846154,2016
2016_03_CLE_MIA,CLE,74,0.05405405405405406,0.581081081081081,0.0033308531874157218,-0.0722447249069048,2126.0,13,28.72972972972973,2016
2016_03_CLE_MIA,MIA,63,0.4444444444444444,0.6031746031746031,-0.0722447249069048,0.0033308531874157218,1631.0,15,25.88888888888889,2016
2016_03_DEN_CIN,CIN,63,0.0,0.5555555555555556,-0.005093287596383061,0.07387755760676447,1838.0,11,29.174603174603174,2016
2016_03_DEN_CIN,DEN,60,0.0,0.6166666666666667,0.07387755760676447,-0.005093287596383061,1588.0,12,26.466666666666665,2016
2016_03_DET_GB,DET,67,0.6119402985074627,0.6567164179104478,0.20337199305203493,0.3033707450547696,2067.0,9,30.850746268656717,2016
2016_03_DET_GB,GB,47,0.3617021276595745,0.5531914893617021,0.3033707450547696,0.20337199305203493,1403.0,10,29.851063829787233,2016
2016_03_HOU_NE,HOU,70,0.17142857142857143,0.6142857142857143,-0.261601050948032,-0.10280550024972943,1749.0,13,24.985714285714284,2016
2016_03_HOU_NE,NE,57,0.0,0.3508771929824561,-0.10280550024972943,-0.261601050948032,1622.0,13,28.45614035087719,2016
2016_03_LA_TB,LA,61,0.04918032786885246,0.4426229508196721,-0.06316713143688242,0.04284409994716407,1506.0,12,24.688524590163933,2016
2016_03_LA_TB,TB,83,0.1566265060240964,0.7469879518072289,0.04284409994716407,-0.06316713143688242,1918.0,13,23.10843373493976,2016
2016_03_LV_TEN,LV,60,0.05,0.6,0.07353851129861884,-0.1075941348366016,1657.0,12,27.616666666666667,2016
2016_03_LV_TEN,TEN,63,0.07936507936507936,0.5396825396825397,-0.1075941348366016,0.07353851129861884,1757.0,12,27.88888888888889,2016
2016_03_MIN_CAR,CAR,72,0.4027777777777778,0.6111111111111112,-0.17445464244878406,-0.10345964445400825,1990.0,12,27.63888888888889,2016
2016_03_MIN_CAR,MIN,53,0.05660377358490566,0.5660377358490566,-0.10345964445400825,-0.17445464244878406,1404.0,12,26.49056603773585,2016
2016_03_NYJ_KC,KC,59,0.01694915254237288,0.5932203389830508,-0.05448852604019637,-0.41527184599830497,1805.0,10,30.593220338983052,2016
2016_03_NYJ_KC,NYJ,66,0.13636363636363635,0.6666666666666666,-0.41527184599830497,-0.05448852604019637,1583.0,11,23.984848484848484,2016
2016_03_PIT_PHI,PHI,61,0.03278688524590164,0.5081967213114754,0.3605079128710322,-0.2735863759053545,2060.0,10,33.77049180327869,2016
2016_03_PIT_PHI,PIT,58,0.08620689655172414,0.8275862068965517,-0.2735863759053545,0.3605079128710322,1373.0,11,23.67241379310345,2016
2016_03_SD_IND,IND,65,0.046153846153846156,0.6,0.0327319380252113,-0.032805613176182684,1899.0,11,29.215384615384615,2016
2016_03_SD_IND,LAC,58,0.1724137931034483,0.7068965517241379,-0.032805613176182684,0.0327319380252113,1582.0,10,27.275862068965516,2016
2016_03_SF_SEA,SEA,64,0.0,0.53125,0.10842417652504405,-0.12223288797078989,2057.0,13,32.140625,2016
2016_03_SF_SEA,SF,57,0.10526315789473684,0.43859649122807015,-0.12223288797078989,0.10842417652504405,1351.0,12,23.70175438596491,2016
2016_03_WAS_NYG,NYG,61,0.6557377049180327,0.6557377049180327,0.0945193193115665,0.10359937412892557,1510.0,11,24.75409836065574,2016
2016_03_WAS_NYG,WAS,65,0.046153846153846156,0.5692307692307692,0.10359937412892557,0.0945193193115665,1936.0,11,29.784615384615385,2016
2016_04_BUF_NE,BUF,72,0.05555555555555555,0.5555555555555556,0.16122288303353563,-0.13102147403362496,2108.0,9,29.27777777777778,2016
2016_04_BUF_NE,NE,52,0.07692307692307693,0.5769230769230769,-0.13102147403362496,0.16122288303353563,1359.0,10,26.134615384615383,2016
2016_04_CAR_ATL,ATL,63,0.0,0.6349206349206349,0.46711371404569,-0.0006774281215378016,1936.0,13,30.73015873015873,2016
2016_04_CAR_ATL,CAR,65,0.16923076923076924,0.7692307692307693,-0.0006774281215378016,0.46711371404569,1486.0,12,22.861538461538462,2016
2016_04_CLE_WAS,CLE,67,0.11940298507462686,0.582089552238806,0.09640846206733847,0.17622994683663498,1683.0,10,25.119402985074625,2016
2016_04_CLE_WAS,WAS,56,0.05357142857142857,0.5357142857142857,0.17622994683663498,0.09640846206733847,1813.0,9,32.375,2016
2016_04_DAL_SF,DAL,70,0.18571428571428572,0.4857142857142857,0.23991825462340388,0.05104331536126128,2123.0,10,30.32857142857143,2016
2016_04_DAL_SF,SF,52,0.7115384615384616,0.46153846153846156,0.05104331536126128,0.23991825462340388,1345.0,10,25.865384615384617,2016
2016_04_DEN_TB,DEN,64,0.015625,0.546875,0.03322831678890586,-0.38350543703769596,1780.0,13,27.8125,2016
2016_04_DEN_TB,TB,65,0.06153846153846154,0.6153846153846154,-0.38350543703769596,0.03322831678890586,1603.0,13,24.661538461538463,2016
2016_04_DET_CHI,CHI,64,0.109375,0.59375,0.12969694307030138,-0.1878943995638705,1893.0,11,29.578125,2016
2016_04_DET_CHI,DET,56,0.39285714285714285,0.6785714285714286,-0.1878943995638705,0.12969694307030138,1532.0,9,27.357142857142858,2016
2016_04_IND_JAX,IND,72,0.19444444444444445,0.6527777777777778,-0.06701049638877257,0.11271342231443213,1907.0,11,26.48611111111111,2016
2016_04_IND_JAX,JAX,65,0.03076923076923077,0.5538461538461539,0.11271342231443213,-0.06701049638877257,1576.0,11,24.246153846153845,2016
2016_04_KC_PIT,KC,72,0.19444444444444445,0.75,-0.09100112151065325,0.468129191458988,1762.0,12,24.47222222222222,2016
2016_04_KC_PIT,PIT,54,0.037037037037037035,0.5555555555555556,0.468129191458988,-0.09100112151065325,1701.0,13,31.5,2016
2016_04_LA_ARI,ARI,74,0.06756756756756757,0.6621621621621622,-0.07380275552689451,-0.07950326412412531,1836.0,12,24.81081081081081,2016
2016_04_LA_ARI,LA,54,0.0,0.5925925925925926,-0.07950326412412531,-0.07380275552689451,1563.0,12,28.944444444444443,2016
2016_04_LV_BAL,BAL,80,0.3125,0.675,0.0011340283402564376,-0.07341341886903673,1989.0,14,24.8625,2016
2016_04_LV_BAL,LV,52,0.19230769230769232,0.6730769230769231,-0.07341341886903673,0.0011340283402564376,1420.0,15,27.307692307692307,2016
2016_04_MIA_CIN,CIN,65,0.0,0.49230769230769234,0.009292113251809871,-0.2265216419412366,2164.0,12,33.292307692307695,2016
2016_04_MIA_CIN,MIA,42,0.0,0.6904761904761905,-0.2265216419412366,0.009292113251809871,1224.0,11,29.142857142857142,2016
2016_04_NO_SD,LAC,67,0.0,0.6865671641791045,-0.02558791539576086,0.03667849474734891,1573.0,13,23.47761194029851,2016
2016_04_NO_SD,NO,68,0.0,0.5588235294117647,0.03667849474734891,-0.02558791539576086,1846.0,14,27.147058823529413,2016
2016_04_NYG_MIN,MIN,67,0.029850746268656716,0.5373134328358209,0.1052412030446623,-0.14731321038270487,2052.0,13,30.62686567164179,2016
2016_04_NYG_MIN,NYG,63,0.23809523809523808,0.7142857142857143,-0.14731321038270487,0.1052412030446623,1384.0,11,21.96825396825397,2016
2016_04_SEA_NYJ,NYJ,64,0.140625,0.6875,0.026234271478385154,0.22062480490326522,1693.0,11,26.453125,2016
2016_04_SEA_NYJ,SEA,57,0.017543859649122806,0.5964912280701754,0.22062480490326522,0.026234271478385154,1776.0,12,31.157894736842106,2016
2016_04_TEN_HOU,HOU,61,0.0,0.6065573770491803,0.05834307697603741,-0.06945494160263668,1632.0,11,26.75409836065574,2016
2016_04_TEN_HOU,TEN,62,0.0,0.4838709677419355,-0.06945494160263668,0.05834307697603741,1814.0,13,29.258064516129032,2016
2016_05_ARI_SF,ARI,64,0.0,0.453125,0.0054719735800502056,-0.1570323746707178,1779.0,15,27.796875,2016
2016_05_ARI_SF,SF,74,0.6891891891891891,0.5135135135135135,-0.1570323746707178,0.0054719735800502056,1590.0,15,21.486486486486488,2016
2016_05_ATL_DEN,ATL,61,0.08196721311475409,0.4918032786885246,0.01257487605670471,-0.024412298621613145,1660.0,11,27.21311475409836,2016
2016_05_ATL_DEN,DEN,64,0.15625,0.625,-0.024412298621613145,0.01257487605670471,1794.0,12,28.03125,2016
2016_05_BUF_LA,BUF,51,0.09803921568627451,0.49019607843137253,0.047202711273194586,-0.17263687066504918,1391.0,11,27.274509803921568,2016
2016_05_BUF_LA,LA,64,0.0,0.546875,-0.17263687066504918,0.047202711273194586,2057.0,11,32.140625,2016
2016_05_CHI_IND,CHI,61,0.22950819672131148,0.7049180327868853,0.24741097350652155,0.11970374554762825,1737.0,11,28.475409836065573,2016
2016_05_CHI_IND,IND,62,0.3225806451612903,0.6935483870967742,0.11970374554762825,0.24741097350652155,1728.0,11,27.870967741935484,2016
2016_05_CIN_DAL,CIN,63,0.2222222222222222,0.6984126984126984,0.20427480007151388,0.40297847331765496,1884.0,8,29.904761904761905,2016
2016_05_CIN_DAL,DAL,50,0.0,0.5,0.40297847331765496,0.20427480007151388,1594.0,9,31.88,2016
2016_05_HOU_MIN,HOU,59,0.1016949152542373,0.7627118644067796,-0.2918089837242371,0.12596038006331417,1266.0,11,21.45762711864407,2016
2016_05_HOU_MIN,MIN,67,0.014925373134328358,0.47761194029850745,0.12596038006331417,-0.2918089837242371,2115.0,11,31.567164179104477,2016
2016_05_NE_CLE,CLE,59,0.06779661016949153,0.6440677966101694,-0.1488950157221748,0.22779114567958061,1405.0,13,23.8135593220339,2016
2016_05_NE_CLE,NE,75,0.12,0.56,0.22779114567958061,-0.1488950157221748,2022.0,12,26.96,2016
2016_05_NYG_GB,GB,73,0.1506849315068493,0.6027397260273972,0.10819978873036834,-0.2010070490268467,2104.0,13,28.82191780821918,2016
2016_05_NYG_GB,NYG,54,0.7407407407407407,0.7222222222222222,-0.2010070490268467,0.10819978873036834,1325.0,11,24.537037037037038,2016
2016_05_NYJ_PIT,NYJ,58,0.034482758620689655,0.7068965517241379,-0.011290077135017253,0.15977628134829613,1575.0,11,27.155172413793103,2016
2016_05_NYJ_PIT,PIT,70,0.18571428571428572,0.6857142857142857,0.15977628134829613,-0.011290077135017253,1844.0,11,26.34285714285714,2016
2016_05_PHI_DET,DET,54,0.018518518518518517,0.5370370370370371,0.08060195612068517,0.12166505593137192,1738.0,9,32.18518518518518,2016
2016_05_PHI_DET,PHI,57,0.03508771929824561,0.631578947368421,0.12166505593137192,0.08060195612068517,1732.0,9,30.385964912280702,2016
2016_05_SD_OAK,LAC,51,0.0196078431372549,0.6274509803921569,0.053784659225513655,0.0350324310650334,1345.0,12,26.372549019607842,2016
2016_05_SD_OAK,LV,69,0.028985507246376812,0.6376811594202898,0.0350324310650334,0.053784659225513655,2125.0,12,30.797101449275363,2016
2016_05_TB_CAR,CAR,53,0.3584905660377358,0.5283018867924528,-0.0074748731125077374,0.013655867308398063,1481.0,10,27.943396226415093,2016
2016_05_TB_CAR,TB,69,0.057971014492753624,0.4782608695652174,0.013655867308398063,-0.0074748731125077374,1975.0,12,28.6231884057971,2016
2016_05_TEN_MIA,MIA,40,0.05,0.575,-0.08100622345325122,0.21609396502496653,2200.0,10,55.0,2016
2016_05_TEN_MIA,TEN,68,0.08823529411764706,0.4264705882352941,0.21609396502496653,-0.08100622345325122,2109.0,12,31.014705882352942,2016
2016_05_WAS_BAL,BAL,69,0.08695652173913043,0.7246376811594203,-0.14382666555908213,-0.07675006852224704,1730.0,13,25.07246376811594,2016
2016_05_WAS_BAL,WAS,60,0.05,0.6833333333333333,-0.07675006852224704,-0.14382666555908213,1667.0,13,27.783333333333335,2016
2016_06_ATL_SEA,ATL,64,0.046875,0.71875,0.06281898130783536,0.11943571593402465,1695.0,12,26.484375,2016
2016_06_ATL_SEA,SEA,62,0.016129032258064516,0.6129032258064516,0.11943571593402465,0.06281898130783536,1748.0,12,28.193548387096776,2016
2016_06_BAL_NYG,BAL,76,0.05263157894736842,0.6578947368421053,-0.020511186684809293,0.08471909183260737,2026.0,12,26.657894736842106,2016
2016_06_BAL_NYG,NYG,64,0.703125,0.734375,0.08471909183260737,-0.020511186684809293,1415.0,12,22.109375,2016
2016_06_CAR_NO,CAR,76,0.15789473684210525,0.6578947368421053,0.07727561636934822,0.3098432301688947,1790.0,14,23.55263157894737,2016
2016_06_CAR_NO,NO,70,0.04285714285714286,0.7,0.3098432301688947,0.07727561636934822,1659.0,13,23.7,2016
2016_06_CIN_NE,CIN,65,0.13846153846153847,0.5076923076923077,0.14366322924415473,0.32415494382137344,1846.0,10,28.4,2016
2016_06_CIN_NE,NE,61,0.21311475409836064,0.6229508196721312,0.32415494382137344,0.14366322924415473,1640.0,9,26.885245901639344,2016
2016_06_CLE_TEN,CLE,64,0.15625,0.765625,0.06523342822381481,0.1848598468711861,1650.0,12,25.78125,2016
2016_06_CLE_TEN,TEN,56,0.0,0.4642857142857143,0.1848598468711861,0.06523342822381481,1763.0,13,31.482142857142858,2016
2016_06_DAL_GB,DAL,62,0.06451612903225806,0.46774193548387094,0.1088554927670762,-0.1911152169105905,1714.0,11,27.64516129032258,2016
2016_06_DAL_GB,GB,67,0.2537313432835821,0.6417910447761194,-0.1911152169105905,0.1088554927670762,1756.0,11,26.208955223880597,2016
2016_06_DEN_SD,DEN,68,0.0,0.7647058823529411,-0.1398364823964137,-0.018796721263190732,1442.0,14,21.205882352941178,2016
2016_06_DEN_SD,LAC,60,0.0,0.5166666666666667,-0.018796721263190732,-0.1398364823964137,1939.0,12,32.31666666666667,2016
2016_06_IND_HOU,HOU,67,0.0,0.5970149253731343,0.08967368870806816,0.032315365542922095,1724.0,13,25.73134328358209,2016
2016_06_IND_HOU,IND,67,0.0,0.5223880597014925,0.032315365542922095,0.08967368870806816,2116.0,12,31.582089552238806,2016
2016_06_JAX_CHI,CHI,77,0.11688311688311688,0.6493506493506493,0.04393393973284698,-0.05965494992178798,2078.0,11,26.98701298701299,2016
2016_06_JAX_CHI,JAX,54,0.2037037037037037,0.6481481481481481,-0.05965494992178798,0.04393393973284698,1312.0,12,24.296296296296298,2016
2016_06_KC_OAK,KC,62,0.0,0.3870967741935484,0.2533982460792125,-0.17773497596393686,2127.0,10,34.306451612903224,2016
2016_06_KC_OAK,LV,52,0.1346153846153846,0.6730769230769231,-0.17773497596393686,0.2533982460792125,1322.0,10,25.423076923076923,2016
2016_06_LA_DET,DET,56,0.017857142857142856,0.5714285714285714,0.3089593015516074,0.3608757687382499,1861.0,8,33.232142857142854,2016
2016_06_LA_DET,LA,55,0.01818181818181818,0.6,0.3608757687382499,0.3089593015516074,1642.0,8,29.854545454545455,2016
2016_06_NYJ_ARI,ARI,68,0.0,0.5147058823529411,0.20567830451257252,-0.273781712524033,2082.0,11,30.61764705882353,2016
2016_06_NYJ_ARI,NYJ,51,0.1568627450980392,0.7254901960784313,-0.273781712524033,0.20567830451257252,1347.0,10,26.41176470588235,2016
2016_06_PHI_WAS,PHI,47,0.19148936170212766,0.574468085106383,-0.0636613492340467,0.154177778459741,1475.0,10,31.382978723404257,2016
2016_06_PHI_WAS,WAS,66,0.030303030303030304,0.5151515151515151,0.154177778459741,-0.0636613492340467,1962.0,11,29.727272727272727,2016
2016_06_PIT_MIA,MIA,67,0.04477611940298507,0.47761194029850745,0.2989837127890917,-0.048871963506477774,2122.0,11,31.671641791044777,2016
2016_06_PIT_MIA,PIT,53,0.24528301886792453,0.7169811320754716,-0.048871963506477774,0.2989837127890917,1307.0,11,24.660377358490567,2016
2016_06_SF_BUF,BUF,74,0.08108108108108109,0.4189189189189189,0.1736634839436554,-0.11795777860751211,2033.0,13,27.472972972972972,2016
2016_06_SF_BUF,SF,59,0.6101694915254238,0.5423728813559322,-0.11795777860751211,0.1736634839436554,1387.0,13,23.508474576271187,2016
2016_07_BAL_NYJ,BAL,56,0.0,0.7857142857142857,-0.40664941854847797,-0.0340659774883794,1308.0,12,23.357142857142858,2016
2016_07_BAL_NYJ,NYJ,65,0.0,0.4153846153846154,-0.0340659774883794,-0.40664941854847797,2115.0,14,32.53846153846154,2016
2016_07_BUF_MIA,BUF,55,0.12727272727272726,0.6,0.04314740160064454,0.2184503770043762,1279.0,12,23.254545454545454,2016
2016_07_BUF_MIA,MIA,68,0.014705882352941176,0.39705882352941174,0.2184503770043762,0.04314740160064454,2108.0,12,31.0,2016
2016_07_CHI_GB,CHI,44,0.06818181818181818,0.6136363636363636,-0.2503402870991018,0.1649356762026462,1148.0,9,26.09090909090909,2016
2016_07_CHI_GB,GB,80,0.275,0.725,0.1649356762026462,-0.2503402870991018,2295.0,10,28.6875,2016
2016_07_CLE_CIN,CIN,61,0.0,0.5081967213114754,0.478809692757686,0.02813377770880075,1638.0,10,26.852459016393443,2016
2016_07_CLE_CIN,CLE,63,0.0,0.5873015873015873,0.02813377770880075,0.478809692757686,1835.0,10,29.126984126984127,2016
2016_07_HOU_DEN,DEN,59,0.0,0.423728813559322,0.10136177071412045,-0.29379168843320463,1737.0,13,29.440677966101696,2016
2016_07_HOU_DEN,HOU,67,0.05970149253731343,0.6268656716417911,-0.29379168843320463,0.10136177071412045,1678.0,12,25.044776119402986,2016
2016_07_IND_TEN,IND,63,0.031746031746031744,0.6507936507936508,0.2709112690228739,0.03223217237841065,1821.0,11,28.904761904761905,2016
2016_07_IND_TEN,TEN,68,0.11764705882352941,0.5882352941176471,0.03223217237841065,0.2709112690228739,1592.0,11,23.41176470588235,2016
2016_07_LV_JAX,JAX,59,0.3220338983050847,0.7457627118644068,-0.14650365086648257,0.050816449823279645,1490.0,12,25.25423728813559,2016
2016_07_LV_JAX,LV,69,0.057971014492753624,0.5362318840579711,0.050816449823279645,-0.14650365086648257,1899.0,14,27.52173913043478,2016
2016_07_MIN_PHI,MIN,73,0.1232876712328767,0.6438356164383562,-0.3135412984830553,-0.3203569757670003,1843.0,12,25.246575342465754,2016
2016_07_MIN_PHI,PHI,54,0.037037037037037035,0.5185185185185185,-0.3203569757670003,-0.3135412984830553,1564.0,13,28.962962962962962,2016
2016_07_NE_PIT,NE,54,0.018518518518518517,0.48148148148148145,0.24321549036018297,-0.03176457625375878,1586.0,12,29.37037037037037,2016
2016_07_NE_PIT,PIT,68,0.1323529411764706,0.6764705882352942,-0.03176457625375878,0.24321549036018297,1873.0,12,27.544117647058822,2016
2016_07_NO_KC,KC,50,0.0,0.48,0.24683391949782077,0.1467299545107985,1573.0,9,31.46,2016
2016_07_NO_KC,NO,71,0.056338028169014086,0.6901408450704225,0.1467299545107985,0.24683391949782077,1885.0,10,26.549295774647888,2016
2016_07_NYG_LA,LA,75,0.06666666666666667,0.7333333333333333,-0.11292567294332095,-0.16811298079688028,1981.0,13,26.413333333333334,2016
2016_07_NYG_LA,NYG,55,0.7454545454545455,0.6727272727272727,-0.16811298079688028,-0.11292567294332095,1365.0,13,24.818181818181817,2016
2016_07_SD_ATL,ATL,63,0.09523809523809523,0.5873015873015873,0.09810956906311542,0.10632461554061426,1749.0,11,27.761904761904763,2016
2016_07_SD_ATL,LAC,74,0.06756756756756757,0.6621621621621622,0.10632461554061426,0.09810956906311542,2069.0,11,27.95945945945946,2016
2016_07_SEA_ARI,ARI,90,0.011111111111111112,0.5888888888888889,-0.0452659642676662,-0.19761726334980254,2667.0,14,29.633333333333333,2016
2016_07_SEA_ARI,SEA,57,0.0,0.6666666666666666,-0.19761726334980254,-0.0452659642676662,1569.0,13,27.526315789473685,2016
2016_07_TB_SF,SF,66,0.6818181818181818,0.5757575757575758,-0.09259731595276824,0.2307242974768418,1487.0,12,22.53030303030303,2016
2016_07_TB_SF,TB,72,0.05555555555555555,0.4444444444444444,0.2307242974768418,-0.09259731595276824,1964.0,13,27.27777777777778,2016
2016_07_WAS_DET,DET,51,0.0392156862745098,0.6274509803921569,0.23960242846783558,0.12305193293645351,1461.0,8,28.647058823529413,2016
2016_07_WAS_DET,WAS,70,0.04285714285714286,0.5857142857142857,0.12305193293645351,0.23960242846783558,2054.0,9,29.34285714285714,2016
2016_08_ARI_CAR,ARI,64,0.140625,0.84375,-0.06215545976753966,-0.02168314267176033,1668.0,12,26.0625,2016
2016_08_ARI_CAR,CAR,64,0.21875,0.4375,-0.02168314267176033,-0.06215545976753966,1764.0,11,27.5625,2016
2016_08_DET_HOU,DET,56,0.0,0.75,-0.05834697310399928,-0.02401646338003777,1482.0,10,26.464285714285715,2016
2016_08_DET_HOU,HOU,60,0.0,0.5333333333333333,-0.02401646338003777,-0.05834697310399928,1932.0,11,32.2,2016
2016_08_GB_ATL,ATL,56,0.16071428571428573,0.6607142857142857,0.3135360685347018,0.23681255608637852,1678.0,9,29.964285714285715,2016
2016_08_GB_ATL,GB,61,0.04918032786885246,0.6721311475409836,0.23681255608637852,0.3135360685347018,1832.0,9,30.0327868852459,2016
2016_08_JAX_TEN,JAX,68,0.35294117647058826,0.8235294117647058,0.12004599362225814,0.26748811628753777,1469.0,10,21.602941176470587,2016
2016_08_JAX_TEN,TEN,66,0.07575757575757576,0.3484848484848485,0.26748811628753777,0.12004599362225814,2008.0,12,30.424242424242426,2016
2016_08_KC_IND,IND,61,0.14754098360655737,0.6721311475409836,-0.1282766243594013,0.1498539421163601,1464.0,13,24.0,2016
2016_08_KC_IND,KC,70,0.0,0.6285714285714286,0.1498539421163601,-0.1282766243594013,1944.0,13,27.771428571428572,2016
2016_08_LV_TB,LV,84,0.023809523809523808,0.7142857142857143,0.21897486157014256,-0.004875949076997557,2569.0,14,30.583333333333332,2016
2016_08_LV_TB,TB,62,0.016129032258064516,0.5645161290322581,-0.004875949076997557,0.21897486157014256,1622.0,13,26.161290322580644,2016
2016_08_MIN_CHI,CHI,61,0.01639344262295082,0.5245901639344263,0.16832979837329493,-0.029834178961047595,1905.0,10,31.229508196721312,2016
2016_08_MIN_CHI,MIN,60,0.16666666666666666,0.7,-0.029834178961047595,0.16832979837329493,1556.0,10,25.933333333333334,2016
2016_08_NE_BUF,BUF,69,0.014492753623188406,0.6231884057971014,0.061873439703103356,0.24183915720184918,1759.0,10,25.492753623188406,2016
2016_08_NE_BUF,NE,60,0.05,0.6333333333333333,0.24183915720184918,0.061873439703103356,1730.0,11,28.833333333333332,2016
2016_08_NYJ_CLE,CLE,71,0.5352112676056338,0.7464788732394366,0.07269553583974012,0.17511870041673297,1480.0,12,20.845070422535212,2016
2016_08_NYJ_CLE,NYJ,70,0.0,0.5142857142857142,0.17511870041673297,0.07269553583974012,1947.0,12,27.814285714285713,2016
2016_08_PHI_DAL,DAL,76,0.09210526315789473,0.5526315789473685,0.1265048814610193,-0.10071231221938752,1928.0,13,25.36842105263158,2016
2016_08_PHI_DAL,PHI,70,0.17142857142857143,0.6571428571428571,-0.10071231221938752,0.1265048814610193,1909.0,12,27.271428571428572,2016
2016_08_SD_DEN,DEN,62,0.016129032258064516,0.6290322580645161,-0.20382859883866952,-0.28766086977760114,1493.0,14,24.080645161290324,2016
2016_08_SD_DEN,LAC,77,0.0,0.6623376623376623,-0.28766086977760114,-0.20382859883866952,1879.0,14,24.4025974025974,2016
2016_08_SEA_NO,NO,73,0.0136986301369863,0.5205479452054794,-0.003848645323634031,0.058428420571435095,2121.0,9,29.054794520547944,2016
2016_08_SEA_NO,SEA,52,0.057692307692307696,0.6730769230769231,0.058428420571435095,-0.003848645323634031,1381.0,9,26.557692307692307,2016
2016_08_WAS_CIN,CIN,81,0.13580246913580246,0.5555555555555556,0.1306472066175114,0.237048812750543,2054.0,12,25.358024691358025,2016
2016_08_WAS_CIN,WAS,87,0.034482758620689655,0.6551724137931034,0.237048812750543,0.1306472066175114,2309.0,14,26.54022988505747,2016
2016_09_ATL_TB,ATL,69,0.10144927536231885,0.5362318840579711,0.299920964630276,0.11591186285866743,1928.0,11,27.942028985507246,2016
2016_09_ATL_TB,TB,72,0.2222222222222222,0.7222222222222222,0.11591186285866743,0.299920964630276,1539.0,10,21.375,2016
2016_09_BUF_SEA,BUF,82,0.012195121951219513,0.524390243902439,0.15637620367572044,0.21069922775614552,2366.0,10,28.853658536585368,2016
2016_09_BUF_SEA,SEA,41,0.024390243902439025,0.7317073170731707,0.21069922775614552,0.15637620367572044,1127.0,10,27.48780487804878,2016
2016_09_CAR_LA,CAR,61,0.0,0.6065573770491803,-0.10460738605222145,-0.08916139701616951,1937.0,11,31.75409836065574,2016
2016_09_CAR_LA,LA,67,0.04477611940298507,0.746268656716418,-0.08916139701616951,-0.10460738605222145,1470.0,11,21.940298507462686,2016
2016_09_DAL_CLE,CLE,44,0.5681818181818182,0.7045454545454546,-0.016627604903403693,0.3940237881959054,1166.0,8,26.5,2016
2016_09_DAL_CLE,DAL,67,0.0,0.417910447761194,0.3940237881959054,-0.016627604903403693,2319.0,9,34.61194029850746,2016
2016_09_DEN_OAK,DEN,50,0.12,0.76,-0.11630010011594896,0.08478104279148233,1027.0,12,20.54,2016
2016_09_DEN_OAK,LV,73,0.0,0.4520547945205479,0.08478104279148233,-0.11630010011594896,2403.0,12,32.917808219178085,2016
2016_09_DET_MIN,DET,61,0.0,0.5901639344262295,-0.09522470771331452,0.06666117683436046,1929.0,11,31.62295081967213,2016
2016_09_DET_MIN,MIN,67,0.11940298507462686,0.6268656716417911,0.06666117683436046,-0.09522470771331452,1938.0,10,28.925373134328357,2016
2016_09_IND_GB,GB,65,0.3230769230769231,0.7230769230769231,0.1408006643272735,0.039396495968830644,1734.0,12,26.676923076923078,2016
2016_09_IND_GB,IND,63,0.12698412698412698,0.6031746031746031,0.039396495968830644,0.1408006643272735,1670.0,12,26.50793650793651,2016
2016_09_JAX_KC,JAX,74,0.10810810810810811,0.5675675675675675,-0.05294486435444293,-0.19981109514862008,1687.0,12,22.7972972972973,2016
2016_09_JAX_KC,KC,53,0.0,0.6415094339622641,-0.19981109514862008,-0.05294486435444293,1703.0,14,32.132075471698116,2016
2016_09_NO_SF,NO,80,0.0125,0.5,0.3602916042522417,0.04938839803080911,2250.0,13,28.125,2016
2016_09_NO_SF,SF,56,0.7142857142857143,0.6964285714285714,0.04938839803080911,0.3602916042522417,1192.0,12,21.285714285714285,2016
2016_09_NYJ_MIA,MIA,61,0.01639344262295082,0.4918032786885246,0.036738438005245094,0.0048675550493987065,1714.0,11,28.098360655737704,2016
2016_09_NYJ_MIA,NYJ,54,0.0,0.6111111111111112,0.0048675550493987065,0.036738438005245094,1714.0,11,31.74074074074074,2016
2016_09_PHI_NYG,NYG,59,0.576271186440678,0.6271186440677966,-0.05336126828038594,-0.1341845590819603,1488.0,15,25.220338983050848,2016
2016_09_PHI_NYG,PHI,74,0.20270270270270271,0.6621621621621622,-0.1341845590819603,-0.05336126828038594,1847.0,15,24.95945945945946,2016
2016_09_PIT_BAL,BAL,60,0.03333333333333333,0.55,-0.1801407052681418,-0.21191979514346213,1806.0,14,30.1,2016
2016_09_PIT_BAL,PIT,64,0.578125,0.734375,-0.21191979514346213,-0.1801407052681418,1560.0,16,24.375,2016
2016_09_TEN_SD,LAC,70,0.0,0.4857142857142857,0.2543587939831383,-0.019585877543036995,2107.0,11,30.1,2016
2016_09_TEN_SD,TEN,61,0.0,0.6885245901639344,-0.019585877543036995,0.2543587939831383,1340.0,12,21.9672131147541,2016
2016_10_ATL_PHI,ATL,47,0.0851063829787234,0.723404255319149,-0.0724351695455792,0.11341396485150305,1243.0,12,26.4468085106383,2016
2016_10_ATL_PHI,PHI,74,0.12162162162162163,0.5135135135135135,0.11341396485150305,-0.0724351695455792,2208.0,12,29.83783783783784,2016
2016_10_CHI_TB,CHI,53,0.0,0.6226415094339622,-0.24022644363491666,0.09374082802940839,1265.0,13,23.867924528301888,2016
2016_10_CHI_TB,TB,68,0.058823529411764705,0.5441176470588235,0.09374082802940839,-0.24022644363491666,2165.0,11,31.83823529411765,2016
2016_10_CIN_NYG,CIN,55,0.09090909090909091,0.5818181818181818,-0.15418352851314132,-0.04152908196278523,1618.0,13,29.418181818181818,2016
2016_10_CIN_NYG,NYG,70,0.7,0.6428571428571429,-0.04152908196278523,-0.15418352851314132,1752.0,13,25.02857142857143,2016
2016_10_CLE_BAL,BAL,75,0.17333333333333334,0.5733333333333334,0.09621552527773725,-0.3578423678936535,2216.0,12,29.546666666666667,2016
2016_10_CLE_BAL,CLE,47,0.10638297872340426,0.723404255319149,-0.3578423678936535,0.09621552527773725,1194.0,12,25.404255319148938,2016
2016_10_DAL_PIT,DAL,61,0.0,0.5901639344262295,0.2840251424928862,0.13121614241946686,1775.0,11,29.098360655737704,2016
2016_10_DAL_PIT,PIT,70,0.17142857142857143,0.7285714285714285,0.13121614241946686,0.2840251424928862,1726.0,12,24.65714285714286,2016
2016_10_DEN_NO,DEN,81,0.012345679012345678,0.5679012345679012,-0.018563792263546697,-0.06410363833861532,2262.0,12,27.925925925925927,2016
2016_10_DEN_NO,NO,51,0.0,0.5882352941176471,-0.06410363833861532,-0.018563792263546697,1168.0,12,22.901960784313726,2016
2016_10_GB_TEN,GB,74,0.1891891891891892,0.8108108108108109,-0.01170056312977415,0.34720622788586814,1757.0,13,23.743243243243242,2016
2016_10_GB_TEN,TEN,59,0.0,0.5084745762711864,0.34720622788586814,-0.01170056312977415,1680.0,14,28.47457627118644,2016
2016_10_HOU_JAX,HOU,61,0.04918032786885246,0.45901639344262296,0.0635785677592247,-0.10115040066968484,1592.0,10,26.098360655737704,2016
2016_10_HOU_JAX,JAX,74,0.08108108108108109,0.7027027027027027,-0.10115040066968484,0.0635785677592247,1868.0,10,25.243243243243242,2016
2016_10_KC_CAR,CAR,68,0.3235294117647059,0.5882352941176471,-0.0296857851982341,-0.06779084040044006,2013.0,11,29.602941176470587,2016
2016_10_KC_CAR,KC,61,0.03278688524590164,0.6721311475409836,-0.06779084040044006,-0.0296857851982341,1411.0,10,23.131147540983605,2016
2016_10_LA_NYJ,LA,65,0.0,0.5076923076923077,-0.03889057620459892,-0.04648483751097579,1973.0,11,30.353846153846153,2016
2016_10_LA_NYJ,NYJ,58,0.0,0.5689655172413793,-0.04648483751097579,-0.03889057620459892,1445.0,11,24.913793103448278,2016
2016_10_MIA_SD,LAC,71,0.014084507042253521,0.6619718309859155,-0.22714672605415137,0.24260684380236186,1900.0,12,26.760563380281692,2016
2016_10_MIA_SD,MIA,49,0.0,0.5102040816326531,0.24260684380236186,-0.22714672605415137,1473.0,11,30.06122448979592,2016
2016_10_MIN_WAS,MIN,65,0.24615384615384617,0.676923076923077,0.03618420018713125,0.1836140945650056,1742.0,10,26.8,2016
2016_10_MIN_WAS,WAS,61,0.01639344262295082,0.5573770491803278,0.1836140945650056,0.03618420018713125,1748.0,10,28.65573770491803,2016
2016_10_SEA_NE,NE,62,0.0,0.5483870967741935,0.06363110018706346,0.21772402446397543,1719.0,10,27.725806451612904,2016
2016_10_SEA_NE,SEA,66,0.0,0.6060606060606061,0.21772402446397543,0.06363110018706346,1777.0,10,26.924242424242426,2016
2016_10_SF_ARI,ARI,73,0.0547945205479452,0.684931506849315,-0.12093635645871359,-0.06278681025239595,1846.0,13,25.28767123287671,2016
2016_10_SF_ARI,SF,61,0.32786885245901637,0.5409836065573771,-0.06278681025239595,-0.12093635645871359,1589.0,11,26.049180327868854,2016
2016_11_ARI_MIN,ARI,69,0.028985507246376812,0.5942028985507246,-0.18453868885772085,-0.06684772533696266,1770.0,12,25.652173913043477,2016
2016_11_ARI_MIN,MIN,53,0.0,0.5660377358490566,-0.06684772533696266,-0.18453868885772085,1618.0,13,30.528301886792452,2016
2016_11_BAL_DAL,BAL,52,0.15384615384615385,0.6923076923076923,0.17862633792601737,0.24849019025221183,1393.0,11,26.78846153846154,2016
2016_11_BAL_DAL,DAL,67,0.14925373134328357,0.5522388059701493,0.24849019025221183,0.17862633792601737,2085.0,9,31.119402985074625,2016
2016_11_BUF_CIN,BUF,63,0.0,0.4603174603174603,-0.016551820147741016,-0.06722840087363488,1866.0,11,29.61904761904762,2016
2016_11_BUF_CIN,CIN,70,0.0,0.6142857142857143,-0.06722840087363488,-0.016551820147741016,1585.0,11,22.642857142857142,2016
2016_11_CHI_NYG,CHI,59,0.0,0.576271186440678,0.00386295027703874,0.15862114148023085,1746.0,11,29.593220338983052,2016
2016_11_CHI_NYG,NYG,62,0.7258064516129032,0.5806451612903226,0.15862114148023085,0.00386295027703874,1646.0,12,26.548387096774192,2016
2016_11_GB_WAS,GB,65,0.07692307692307693,0.7076923076923077,0.1435652911012163,0.44392127854058405,1736.0,11,26.70769230769231,2016
2016_11_GB_WAS,WAS,62,0.06451612903225806,0.5161290322580645,0.44392127854058405,0.1435652911012163,1705.0,11,27.5,2016
2016_11_HOU_OAK,HOU,74,0.08108108108108109,0.5540540540540541,0.024356442710974195,0.1360522674151053,2125.0,11,28.716216216216218,2016
2016_11_HOU_OAK,LV,49,0.04081632653061224,0.6326530612244898,0.1360522674151053,0.024356442710974195,1320.0,11,26.93877551020408,2016
2016_11_JAX_DET,DET,56,0.125,0.6428571428571429,-0.13348188764583296,-0.24263950518721927,1549.0,11,27.660714285714285,2016
2016_11_JAX_DET,JAX,61,0.0,0.5737704918032787,-0.24263950518721927,-0.13348188764583296,1849.0,14,30.311475409836067,2016
2016_11_MIA_LA,LA,59,0.0,0.5423728813559322,-0.22697461829620688,-0.11472407308368587,1781.0,14,30.1864406779661,2016
2016_11_MIA_LA,MIA,57,0.017543859649122806,0.6666666666666666,-0.11472407308368587,-0.22697461829620688,1593.0,13,27.94736842105263,2016
2016_11_NE_SF,NE,68,0.0,0.5735294117647058,0.20509863676198692,-0.011431431107909805,1670.0,12,24.558823529411764,2016
2016_11_NE_SF,SF,62,0.11290322580645161,0.5645161290322581,-0.011431431107909805,0.20509863676198692,1762.0,11,28.419354838709676,2016
2016_11_NO_CAR,CAR,62,0.12903225806451613,0.5645161290322581,-0.062281050009599034,-0.003539811396465078,1589.0,11,25.629032258064516,2016
2016_11_NO_CAR,NO,71,0.04225352112676056,0.6619718309859155,-0.003539811396465078,-0.062281050009599034,1843.0,12,25.95774647887324,2016
2016_11_PHI_SEA,PHI,74,0.08108108108108109,0.6486486486486487,-0.12398048550325587,0.14604089803411316,1779.0,13,24.04054054054054,2016
2016_11_PHI_SEA,SEA,60,0.0,0.55,0.14604089803411316,-0.12398048550325587,1619.0,14,26.983333333333334,2016
2016_11_PIT_CLE,CLE,62,0.3870967741935484,0.7903225806451613,-0.12385147599988874,0.1365668948345773,1514.0,8,24.419354838709676,2016
2016_11_PIT_CLE,PIT,65,0.03076923076923077,0.5692307692307692,0.1365668948345773,-0.12385147599988874,1996.0,7,30.70769230769231,2016
2016_11_TB_KC,KC,51,0.0784313725490196,0.6078431372549019,0.14463823050707628,0.16302905560107803,1437.0,9,28.176470588235293,2016
2016_11_TB_KC,TB,74,0.0,0.5405405405405406,0.16302905560107803,0.14463823050707628,2076.0,8,28.054054054054053,2016
2016_11_TEN_IND,IND,54,0.0,0.5555555555555556,0.13627756978100491,-0.0054168919080322476,1634.0,11,30.25925925925926,2016
2016_11_TEN_IND,TEN,70,0.1,0.6142857142857143,-0.0054168919080322476,0.13627756978100491,1798.0,10,25.685714285714287,2016
2016_12_ARI_ATL,ARI,61,0.06557377049180328,0.7704918032786885,0.02970468828043214,0.1795745678254616,1476.0,10,24.19672131147541,2016
2016_12_ARI_ATL,ATL,65,0.07692307692307693,0.5692307692307692,0.1795745678254616,0.02970468828043214,1980.0,10,30.46153846153846,2016
2016_12_CAR_OAK,CAR,57,0.08771929824561403,0.5614035087719298,-0.017213441254316158,0.016326425073870665,1486.0,14,26.07017543859649,2016
2016_12_CAR_OAK,LV,70,0.0,0.6,0.016326425073870665,-0.017213441254316158,1921.0,13,27.442857142857143,2016
2016_12_CIN_BAL,BAL,67,0.4925373134328358,0.5522388059701493,-0.08031996744567657,-0.0624266268426358,1791.0,12,26.73134328358209,2016
2016_12_CIN_BAL,CIN,71,0.08450704225352113,0.7183098591549296,-0.0624266268426358,-0.08031996744567657,1610.0,11,22.676056338028168,2016
2016_12_GB_PHI,GB,64,0.03125,0.609375,0.31356651727849727,0.056565511591809045,2048.0,8,32.0,2016
2016_12_GB_PHI,PHI,58,0.25862068965517243,0.6896551724137931,0.056565511591809045,0.31356651727849727,1433.0,7,24.70689655172414,2016
2016_12_JAX_BUF,BUF,52,0.0,0.4423076923076923,0.16135373316532967,0.036450707507095254,1489.0,11,28.634615384615383,2016
2016_12_JAX_BUF,JAX,64,0.0,0.4375,0.036450707507095254,0.16135373316532967,1931.0,11,30.171875,2016
2016_12_KC_DEN,DEN,76,0.0,0.5131578947368421,0.15447727407045866,-0.07782809236790926,2148.0,14,28.263157894736842,2016
2016_12_KC_DEN,KC,75,0.013333333333333334,0.6666666666666666,-0.07782809236790926,0.15447727407045866,2148.0,15,28.64,2016
2016_12_LA_NO,LA,51,0.0784313725490196,0.6666666666666666,-0.21592071667809268,0.4154658747198335,1344.0,13,26.352941176470587,2016
2016_12_LA_NO,NO,69,0.014492753623188406,0.5362318840579711,0.4154658747198335,-0.21592071667809268,2106.0,13,30.52173913043478,2016
2016_12_MIN_DET,DET,58,0.017241379310344827,0.6896551724137931,-0.009306378714189302,-0.02435240521550591,1648.0,10,28.413793103448278,2016
2016_12_MIN_DET,MIN,53,0.03773584905660377,0.6981132075471698,-0.02435240521550591,-0.009306378714189302,1831.0,9,34.54716981132076,2016
2016_12_NE_NYJ,NE,69,0.014492753623188406,0.7391304347826086,0.08254157188910809,0.03065399550575869,1771.0,11,25.666666666666668,2016
2016_12_NE_NYJ,NYJ,54,0.0,0.5925925925925926,0.03065399550575869,0.08254157188910809,1691.0,11,31.314814814814813,2016
2016_12_NYG_CLE,CLE,71,0.07042253521126761,0.704225352112676,-0.29003778604291924,0.04413929223707662,1898.0,15,26.732394366197184,2016
2016_12_NYG_CLE,NYG,53,0.5471698113207547,0.5283018867924528,0.04413929223707662,-0.29003778604291924,1427.0,13,26.92452830188679,2016
2016_12_PIT_IND,IND,63,0.047619047619047616,0.6349206349206349,-0.08844808964967753,0.42382485122466257,1814.0,9,28.793650793650794,2016
2016_12_PIT_IND,PIT,50,0.2,0.42,0.42382485122466257,-0.08844808964967753,1653.0,9,33.06,2016
2016_12_SD_HOU,HOU,63,0.0,0.5714285714285714,-0.06302042668528927,0.0860948642843612,1712.0,12,27.174603174603174,2016
2016_12_SD_HOU,LAC,49,0.0,0.6326530612244898,0.0860948642843612,-0.06302042668528927,1712.0,12,34.93877551020408,2016
2016_12_SEA_TB,SEA,61,0.11475409836065574,0.639344262295082,-0.34728390856041313,0.010958812013381744,1462.0,11,23.9672131147541,2016
2016_12_SEA_TB,TB,60,0.016666666666666666,0.4666666666666667,0.010958812013381744,-0.34728390856041313,1903.0,12,31.716666666666665,2016
2016_12_SF_MIA,MIA,58,0.017241379310344827,0.5517241379310345,0.25853463325715437,0.17207291721004855,1723.0,11,29.70689655172414,2016
2016_12_SF_MIA,SF,72,0.6944444444444444,0.6527777777777778,0.17207291721004855,0.25853463325715437,1691.0,11,23.48611111111111,2016
2016_12_TEN_CHI,CHI,76,0.10526315789473684,0.7105263157894737,-0.010340417041022468,0.2550390496511599,1773.0,11,23.32894736842105,2016
2016_12_TEN_CHI,TEN,51,0.0196078431372549,0.45098039215686275,0.2550390496511599,-0.010340417041022468,1664.0,12,32.627450980392155,2016
2016_12_WAS_DAL,DAL,52,0.09615384615384616,0.4807692307692308,0.3864810096654127,0.3246809965877081,1545.0,9,29.71153846153846,2016
2016_12_WAS_DAL,WAS,73,0.1095890410958904,0.7397260273972602,0.3246809965877081,0.3864810096654127,1983.0,8,27.164383561643834,2016
2016_13_BUF_OAK,BUF,69,0.14492753623188406,0.5652173913043478,0.04915178920226119,0.15679638214599795,1744.0,12,25.27536231884058,2016
2016_13_BUF_OAK,LV,67,0.08955223880597014,0.5223880597014925,0.15679638214599795,0.04915178920226119,1720.0,12,25.671641791044777,2016
2016_13_CAR_SEA,CAR,54,0.0,0.6111111111111112,-0.2402588554824068,0.26930884552429185,1459.0,12,27.01851851851852,2016
2016_13_CAR_SEA,SEA,71,0.014084507042253521,0.5915492957746479,0.26930884552429185,-0.2402588554824068,2008.0,11,28.281690140845072,2016
2016_13_DAL_MIN,DAL,48,0.0,0.4375,-0.14710565346397378,0.012635996434197123,1485.0,13,30.9375,2016
2016_13_DAL_MIN,MIN,70,0.07142857142857142,0.7285714285714285,0.012635996434197123,-0.14710565346397378,1919.0,11,27.414285714285715,2016
2016_13_DEN_JAX,DEN,54,0.018518518518518517,0.48148148148148145,-0.24819115774332123,-0.2658377758712524,1422.0,14,26.333333333333332,2016
2016_13_DEN_JAX,JAX,80,0.0125,0.525,-0.2658377758712524,-0.24819115774332123,1944.0,16,24.3,2016
2016_13_DET_NO,DET,68,0.014705882352941176,0.6617647058823529,0.18843748254482076,0.041191319177747196,2175.0,9,31.985294117647058,2016
2016_13_DET_NO,NO,55,0.10909090909090909,0.7818181818181819,0.041191319177747196,0.18843748254482076,1339.0,10,24.345454545454544,2016
2016_13_HOU_GB,GB,57,0.07017543859649122,0.543859649122807,0.021737606022145778,-0.0612529323791237,1644.0,10,28.842105263157894,2016
2016_13_HOU_GB,HOU,64,0.09375,0.578125,-0.0612529323791237,0.021737606022145778,1808.0,11,28.25,2016
2016_13_IND_NYJ,IND,67,0.0,0.44776119402985076,0.21262933798684108,-0.2893664238476714,2222.0,12,33.16417910447761,2016
2016_13_IND_NYJ,NYJ,51,0.0196078431372549,0.7450980392156863,-0.2893664238476714,0.21262933798684108,1184.0,12,23.215686274509803,2016
2016_13_KC_ATL,ATL,68,0.10294117647058823,0.5588235294117647,0.06951098750672244,0.38061724186662393,1876.0,9,27.58823529411765,2016
2016_13_KC_ATL,KC,45,0.0,0.5777777777777777,0.38061724186662393,0.06951098750672244,1605.0,8,35.666666666666664,2016
2016_13_LA_NE,LA,48,0.08333333333333333,0.75,-0.4313801025559226,0.09999786705751797,1213.0,13,25.270833333333332,2016
2016_13_LA_NE,NE,73,0.0,0.6301369863013698,0.09999786705751797,-0.4313801025559226,2152.0,13,29.47945205479452,2016
2016_13_MIA_BAL,BAL,66,0.4393939393939394,0.7424242424242424,0.27890229182963394,-0.2234976336672414,1670.0,12,25.303030303030305,2016
2016_13_MIA_BAL,MIA,59,0.0847457627118644,0.7288135593220338,-0.2234976336672414,0.27890229182963394,1758.0,11,29.796610169491526,2016
2016_13_NYG_PIT,NYG,52,0.7115384615384616,0.75,-0.31009394789776107,0.06524972393719376,1441.0,12,27.71153846153846,2016
2016_13_NYG_PIT,PIT,69,0.028985507246376812,0.5797101449275363,0.06524972393719376,-0.31009394789776107,1964.0,12,28.463768115942027,2016
2016_13_PHI_CIN,CIN,63,0.0,0.49206349206349204,0.18818081955506516,-0.0015448416159192819,1615.0,11,25.634920634920636,2016
2016_13_PHI_CIN,PHI,78,0.0,0.7692307692307693,-0.0015448416159192819,0.18818081955506516,1840.0,11,23.58974358974359,2016
2016_13_SF_CHI,CHI,57,0.03508771929824561,0.3333333333333333,0.06287226343697763,-0.32035621091201755,1771.0,12,31.07017543859649,2016
2016_13_SF_CHI,SF,54,0.6111111111111112,0.3888888888888889,-0.32035621091201755,0.06287226343697763,1615.0,12,29.90740740740741,2016
2016_13_TB_SD,LAC,52,0.0,0.5192307692307693,0.07551483866803457,0.1610657581339989,1615.0,10,31.057692307692307,2016
2016_13_TB_SD,TB,58,0.0,0.5344827586206896,0.1610657581339989,0.07551483866803457,1821.0,9,31.396551724137932,2016
2016_13_WAS_ARI,ARI,70,0.02857142857142857,0.6714285714285714,0.24075673599573894,0.04082232907744459,1946.0,10,27.8,2016
2016_13_WAS_ARI,WAS,56,0.017857142857142856,0.6964285714285714,0.04082232907744459,0.24075673599573894,1523.0,10,27.196428571428573,2016
2016_14_ARI_MIA,ARI,63,0.0,0.5873015873015873,-0.2323237730917817,0.020537083058364648,1666.0,15,26.444444444444443,2016
2016_14_ARI_MIA,MIA,56,0.0,0.44642857142857145,0.020537083058364648,-0.2323237730917817,1695.0,14,30.267857142857142,2016
2016_14_ATL_LA,ATL,57,0.017543859649122806,0.5614035087719298,0.15996091916651115,-0.2716838705462432,1496.0,13,26.24561403508772,2016
2016_14_ATL_LA,LA,67,0.11940298507462686,0.6567164179104478,-0.2716838705462432,0.15996091916651115,1854.0,15,27.671641791044777,2016
2016_14_BAL_NE,BAL,68,0.07352941176470588,0.7941176470588235,0.0641428994643581,0.2723959657021891,1756.0,14,25.823529411764707,2016
2016_14_BAL_NE,NE,63,0.09523809523809523,0.6031746031746031,0.2723959657021891,0.0641428994643581,1657.0,14,26.3015873015873,2016
2016_14_CHI_DET,CHI,50,0.04,0.66,0.08001126757205348,0.0395772667953237,1466.0,8,29.32,2016
2016_14_CHI_DET,DET,64,0.0,0.578125,0.0395772667953237,0.08001126757205348,2002.0,9,31.28125,2016
2016_14_CIN_CLE,CIN,70,0.04285714285714286,0.45714285714285713,0.14474657669908475,-0.06971441274943585,2051.0,10,29.3,2016
2016_14_CIN_CLE,CLE,53,0.018867924528301886,0.5849056603773585,-0.06971441274943585,0.14474657669908475,1340.0,10,25.28301886792453,2016
2016_14_DAL_NYG,DAL,65,0.0,0.6153846153846154,-0.3721166328966889,-0.3056293497347117,1609.0,15,24.753846153846155,2016
2016_14_DAL_NYG,NYG,62,0.6612903225806451,0.5,-0.3056293497347117,-0.3721166328966889,1703.0,15,27.467741935483872,2016
2016_14_DEN_TEN,DEN,64,0.078125,0.859375,-0.13863571166774252,-0.042946722952082156,1563.0,11,24.421875,2016
2016_14_DEN_TEN,TEN,61,0.0,0.36065573770491804,-0.042946722952082156,-0.13863571166774252,1856.0,11,30.42622950819672,2016
2016_14_HOU_IND,HOU,64,0.015625,0.390625,-0.04783317605793845,-0.008452615587404138,2058.0,11,32.15625,2016
2016_14_HOU_IND,IND,60,0.16666666666666666,0.7666666666666667,-0.008452615587404138,-0.04783317605793845,1356.0,11,22.6,2016
2016_14_LV_KC,KC,51,0.0,0.5294117647058824,-0.060302631282876294,-0.24890096097703296,1600.0,12,31.372549019607842,2016
2016_14_LV_KC,LV,73,0.0410958904109589,0.5753424657534246,-0.24890096097703296,-0.060302631282876294,1792.0,13,24.54794520547945,2016
2016_14_MIN_JAX,JAX,65,0.06153846153846154,0.6307692307692307,-0.008808775351924172,-0.003465868899163207,1670.0,11,25.692307692307693,2016
2016_14_MIN_JAX,MIN,61,0.11475409836065574,0.5573770491803278,-0.003465868899163207,-0.008808775351924172,1800.0,11,29.508196721311474,2016
2016_14_NO_TB,NO,58,0.05172413793103448,0.7241379310344828,-0.13025278111096103,-0.025925092025915926,1527.0,10,26.32758620689655,2016
2016_14_NO_TB,TB,61,0.03278688524590164,0.45901639344262296,-0.025925092025915926,-0.13025278111096103,1912.0,10,31.34426229508197,2016
2016_14_NYJ_SF,NYJ,82,0.024390243902439025,0.5,0.023381834973755587,-0.007760056353188791,2433.0,13,29.670731707317074,2016
2016_14_NYJ_SF,SF,55,0.6545454545454545,0.509090909090909,-0.007760056353188791,0.023381834973755587,1380.0,13,25.09090909090909,2016
2016_14_PIT_BUF,BUF,47,0.1276595744680851,0.6170212765957447,0.032231824322120906,0.059794066807384826,1198.0,11,25.48936170212766,2016
2016_14_PIT_BUF,PIT,70,0.08571428571428572,0.44285714285714284,0.059794066807384826,0.032231824322120906,2222.0,11,31.742857142857144,2016
2016_14_SD_CAR,CAR,67,0.13432835820895522,0.43283582089552236,-0.1595610459295386,-0.2103818290636906,1856.0,13,27.70149253731343,2016
2016_14_SD_CAR,LAC,64,0.15625,0.6875,-0.2103818290636906,-0.1595610459295386,1532.0,13,23.9375,2016
2016_14_SEA_GB,GB,53,0.1320754716981132,0.49056603773584906,0.17639855757812647,-0.3637894978467134,1602.0,14,30.22641509433962,2016
2016_14_SEA_GB,SEA,68,0.11764705882352941,0.6176470588235294,-0.3637894978467134,0.17639855757812647,1820.0,13,26.764705882352942,2016
2016_14_WAS_PHI,PHI,76,0.09210526315789473,0.6578947368421053,-0.03746026632872466,0.14981161548267152,2150.0,9,28.289473684210527,2016
2016_14_WAS_PHI,WAS,45,0.044444444444444446,0.5333333333333333,0.14981161548267152,-0.03746026632872466,1319.0,11,29.31111111111111,2016
2016_15_CAR_WAS,CAR,70,0.3142857142857143,0.5428571428571428,0.07345046616061411,-0.2241164892621935,1956.0,14,27.942857142857143,2016
2016_15_CAR_WAS,WAS,60,0.15,0.8,-0.2241164892621935,0.07345046616061411,1396.0,14,23.266666666666666,2016
2016_15_CLE_BUF,BUF,66,0.045454545454545456,0.3939393939393939,0.296220406063715,-0.036470561407717386,2021.0,9,30.62121212121212,2016
2016_15_CLE_BUF,CLE,54,0.16666666666666666,0.6111111111111112,-0.036470561407717386,0.296220406063715,1471.0,10,27.24074074074074,2016
2016_15_DET_NYG,DET,59,0.06779661016949153,0.6779661016949152,-0.1856690995788204,0.03694040722572177,1667.0,11,28.25423728813559,2016
2016_15_DET_NYG,NYG,62,0.41935483870967744,0.4838709677419355,0.03694040722572177,-0.1856690995788204,1722.0,11,27.774193548387096,2016
2016_15_GB_CHI,CHI,63,0.031746031746031744,0.6984126984126984,0.09704484001128172,0.19683465442156733,1563.0,11,24.80952380952381,2016
2016_15_GB_CHI,GB,57,0.0,0.5964912280701754,0.19683465442156733,0.09704484001128172,1907.0,11,33.45614035087719,2016
2016_15_IND_MIN,IND,68,0.014705882352941176,0.4117647058823529,0.19850882860245958,-0.2369287975807309,2181.0,10,32.0735294117647,2016
2016_15_IND_MIN,MIN,56,0.2857142857142857,0.8392857142857143,-0.2369287975807309,0.19850882860245958,1279.0,10,22.839285714285715,2016
2016_15_JAX_HOU,HOU,77,0.06493506493506493,0.6103896103896104,-0.1313250908791766,-0.38712929344044333,2089.0,14,27.12987012987013,2016
2016_15_JAX_HOU,JAX,50,0.0,0.6,-0.38712929344044333,-0.1313250908791766,1259.0,14,25.18,2016
2016_15_LA_SEA,LA,56,0.05357142857142857,0.6964285714285714,-0.4460368455754439,0.16044435533168272,1586.0,9,28.321428571428573,2016
2016_15_LA_SEA,SEA,55,0.0,0.509090909090909,0.16044435533168272,-0.4460368455754439,1875.0,10,34.09090909090909,2016
2016_15_LV_SD,LAC,55,0.0,0.6,-0.04666774211836151,-0.05039926561302145,1567.0,11,28.490909090909092,2016
2016_15_LV_SD,LV,58,0.0,0.5517241379310345,-0.05039926561302145,-0.04666774211836151,1856.0,11,32.0,2016
2016_15_MIA_NYJ,MIA,45,0.0,0.4,0.217080883422489,-0.25608424677253766,2183.0,12,48.51111111111111,2016
2016_15_MIA_NYJ,NYJ,72,0.0,0.6805555555555556,-0.25608424677253766,0.217080883422489,1866.0,13,25.916666666666668,2016
2016_15_NE_DEN,DEN,60,0.43333333333333335,0.7166666666666667,-0.3072877033977318,-0.12923432223226852,1457.0,12,24.283333333333335,2016
2016_15_NE_DEN,NE,71,0.04225352112676056,0.4647887323943662,-0.12923432223226852,-0.3072877033977318,1919.0,13,27.028169014084508,2016
2016_15_NO_ARI,ARI,56,0.05357142857142857,0.7321428571428571,0.2656399907032875,0.21705199451687443,1327.0,10,23.696428571428573,2016
2016_15_NO_ARI,NO,81,0.012345679012345678,0.6296296296296297,0.21705199451687443,0.2656399907032875,2163.0,12,26.703703703703702,2016
2016_15_PHI_BAL,BAL,55,0.07272727272727272,0.5818181818181818,0.010906928110843367,-0.08512076089368897,1322.0,12,24.036363636363635,2016
2016_15_PHI_BAL,PHI,82,0.14634146341463414,0.5365853658536586,-0.08512076089368897,0.010906928110843367,2150.0,12,26.21951219512195,2016
2016_15_PIT_CIN,CIN,56,0.0,0.5,-0.08298933356506241,0.1455666368183225,1598.0,9,28.535714285714285,2016
2016_15_PIT_CIN,PIT,63,0.0,0.5873015873015873,0.1455666368183225,-0.08298933356506241,1881.0,9,29.857142857142858,2016
2016_15_SF_ATL,ATL,65,0.12307692307692308,0.38461538461538464,0.40923553443774424,-0.0435443035385663,2108.0,11,32.43076923076923,2016
2016_15_SF_ATL,SF,55,0.2,0.6363636363636364,-0.0435443035385663,0.40923553443774424,1323.0,11,24.054545454545455,2016
2016_15_TB_DAL,DAL,70,0.04285714285714286,0.5571428571428572,0.09949843200147203,-0.11302733981172389,2042.0,12,29.17142857142857,2016
2016_15_TB_DAL,TB,59,0.1694915254237288,0.6610169491525424,-0.11302733981172389,0.09949843200147203,1359.0,12,23.033898305084747,2016
2016_15_TEN_KC,KC,57,0.03508771929824561,0.5087719298245614,-0.05678679511275492,-0.029481763777237064,1690.0,11,29.649122807017545,2016
2016_15_TEN_KC,TEN,62,0.14516129032258066,0.5483870967741935,-0.029481763777237064,-0.05678679511275492,1731.0,12,27.919354838709676,2016
2016_16_ARI_SEA,ARI,56,0.0,0.5,0.05337415997881715,0.026100145018203378,1500.0,14,26.785714285714285,2016
2016_16_ARI_SEA,SEA,79,0.06329113924050633,0.6582278481012658,0.026100145018203378,0.05337415997881715,1963.0,13,24.848101265822784,2016
2016_16_ATL_CAR,ATL,61,0.13114754098360656,0.6065573770491803,0.26380793215789256,-0.16847506871049991,1912.0,11,31.34426229508197,2016
2016_16_ATL_CAR,CAR,67,0.3582089552238806,0.6716417910447762,-0.16847506871049991,0.26380793215789256,1511.0,12,22.55223880597015,2016
2016_16_BAL_PIT,BAL,73,0.0958904109589041,0.6438356164383562,0.09069779198709228,0.27025706780746706,2027.0,11,27.767123287671232,2016
2016_16_BAL_PIT,PIT,52,0.19230769230769232,0.5961538461538461,0.27025706780746706,0.09069779198709228,1459.0,11,28.057692307692307,2016
2016_16_CIN_HOU,CIN,63,0.0,0.6984126984126984,-0.1532562419357961,-0.18136054186152353,1643.0,12,26.07936507936508,2016
2016_16_CIN_HOU,HOU,57,0.0,0.5789473684210527,-0.18136054186152353,-0.1532562419357961,1767.0,11,31.0,2016
2016_16_DEN_KC,DEN,57,0.12280701754385964,0.7543859649122807,-0.22151145533916713,0.22111439506629588,1211.0,13,21.24561403508772,2016
2016_16_DEN_KC,KC,73,0.0136986301369863,0.5068493150684932,0.22111439506629588,-0.22151145533916713,2210.0,13,30.273972602739725,2016
2016_16_DET_DAL,DAL,52,0.019230769230769232,0.4230769230769231,0.4692282810195915,0.059918867430274456,1705.0,11,32.78846153846154,2016
2016_16_DET_DAL,DET,70,0.7,0.7142857142857143,0.059918867430274456,0.4692282810195915,1753.0,11,25.042857142857144,2016
2016_16_IND_OAK,IND,53,0.1320754716981132,0.5660377358490566,0.06668628030505216,0.2906249644043317,1366.0,11,25.77358490566038,2016
2016_16_IND_OAK,LV,67,0.05970149253731343,0.4925373134328358,0.2906249644043317,0.06668628030505216,2078.0,11,31.01492537313433,2016
2016_16_MIA_BUF,BUF,89,0.011235955056179775,0.4606741573033708,0.24165468741951412,0.24119472175983214,2344.0,14,26.337078651685392,2016
2016_16_MIA_BUF,MIA,66,0.015151515151515152,0.4393939393939394,0.24119472175983214,0.24165468741951412,1933.0,13,29.28787878787879,2016
2016_16_MIN_GB,GB,58,0.017241379310344827,0.7413793103448276,0.1973808635701616,0.05879349380617248,1684.0,13,29.03448275862069,2016
2016_16_MIN_GB,MIN,75,0.14666666666666667,0.72,0.05879349380617248,0.1973808635701616,1754.0,14,23.386666666666667,2016
2016_16_NYG_PHI,NYG,88,0.38636363636363635,0.7159090909090909,-0.055632791005750845,-0.02884106612995733,1976.0,12,22.454545454545453,2016
2016_16_NYG_PHI,PHI,53,0.0,0.4528301886792453,-0.02884106612995733,-0.055632791005750845,1487.0,12,28.056603773584907,2016
2016_16_NYJ_NE,NE,67,0.05970149253731343,0.44776119402985076,0.1610955228064151,-0.2704654375871751,2008.0,13,29.970149253731343,2016
2016_16_NYJ_NE,NYJ,54,0.0,0.46296296296296297,-0.2704654375871751,0.1610955228064151,1405.0,12,26.01851851851852,2016
2016_16_SD_CLE,CLE,66,0.015151515151515152,0.5606060606060606,-0.038510252279632,0.0891505315126664,1766.0,11,26.757575757575758,2016
2016_16_SD_CLE,LAC,63,0.047619047619047616,0.6984126984126984,0.0891505315126664,-0.038510252279632,1579.0,11,25.063492063492063,2016
2016_16_SF_LA,LA,56,0.017857142857142856,0.5,-0.2842866128300039,-0.06455987570445489,1654.0,14,29.535714285714285,2016
2016_16_SF_LA,SF,68,0.5735294117647058,0.6029411764705882,-0.06455987570445489,-0.2842866128300039,1753.0,14,25.779411764705884,2016
2016_16_TB_NO,NO,65,0.0,0.5538461538461539,0.29010280156871887,0.28735392322373154,1821.0,10,28.015384615384615,2016
2016_16_TB_NO,TB,56,0.10714285714285714,0.625,0.28735392322373154,0.29010280156871887,1653.0,9,29.517857142857142,2016
2016_16_TEN_JAX,JAX,67,0.014925373134328358,0.5970149253731343,0.10281420879697381,-0.165003273553386,1867.0,12,27.865671641791046,2016
2016_16_TEN_JAX,TEN,64,0.140625,0.703125,-0.165003273553386,0.10281420879697381,1569.0,13,24.515625,2016
2016_16_WAS_CHI,CHI,67,0.1044776119402985,0.6119402985074627,0.016855602230875812,0.3195520556875527,1570.0,11,23.432835820895523,2016
2016_16_WAS_CHI,WAS,63,0.031746031746031744,0.4603174603174603,0.3195520556875527,0.016855602230875812,1888.0,11,29.96825396825397,2016
2016_17_ARI_LA,ARI,67,0.014925373134328358,0.6417910447761194,-0.016157697864943435,-0.7962444701974245,1607.0,13,23.98507462686567,2016
2016_17_ARI_LA,LA,57,0.0,0.6140350877192983,-0.7962444701974245,-0.016157697864943435,1756.0,14,30.80701754385965,2016
2016_17_BAL_CIN,BAL,69,0.0,0.7681159420289855,-0.09482081876308418,0.1473600707738966,1686.0,11,24.434782608695652,2016
2016_17_BAL_CIN,CIN,64,0.0,0.4375,0.1473600707738966,-0.09482081876308418,1756.0,11,27.4375,2016
2016_17_BUF_NYJ,BUF,62,0.0,0.5483870967741935,-0.4007569070006698,-0.07603510631171034,1617.0,13,26.080645161290324,2016
2016_17_BUF_NYJ,NYJ,60,0.05,0.5166666666666667,-0.07603510631171034,-0.4007569070006698,1776.0,14,29.6,2016
2016_17_CAR_TB,CAR,66,0.10606060606060606,0.5151515151515151,-0.06696768434609145,-0.16249277995299607,1858.0,13,28.151515151515152,2016
2016_17_CAR_TB,TB,62,0.14516129032258066,0.6129032258064516,-0.16249277995299607,-0.06696768434609145,1562.0,12,25.193548387096776,2016
2016_17_CHI_MIN,CHI,59,0.0,0.3728813559322034,-0.22640042233600788,0.2589491964797569,1706.0,10,28.915254237288135,2016
2016_17_CHI_MIN,MIN,59,0.01694915254237288,0.576271186440678,0.2589491964797569,-0.22640042233600788,1741.0,10,29.508474576271187,2016
2016_17_CLE_PIT,CLE,76,0.02631578947368421,0.5657894736842105,0.033193533385307,0.042505538052330864,2232.0,13,29.36842105263158,2016
2016_17_CLE_PIT,PIT,69,0.043478260869565216,0.5942028985507246,0.042505538052330864,0.033193533385307,1855.0,14,26.884057971014492,2016
2016_17_DAL_PHI,DAL,52,0.07692307692307693,0.6153846153846154,-0.2451146358906968,0.0451239726539383,1377.0,12,26.48076923076923,2016
2016_17_DAL_PHI,PHI,75,0.12,0.6,0.0451239726539383,-0.2451146358906968,2083.0,11,27.773333333333333,2016
2016_17_GB_DET,DET,64,0.578125,0.671875,0.176642552912141,0.3284720867415164,1490.0,10,23.28125,2016
2016_17_GB_DET,GB,69,0.0,0.5942028985507246,0.3284720867415164,0.176642552912141,1991.0,11,28.855072463768117,2016
2016_17_HOU_TEN,HOU,72,0.2361111111111111,0.7083333333333334,-0.05152592037174007,-0.062050493655996034,1656.0,11,23.0,2016
2016_17_HOU_TEN,TEN,58,0.034482758620689655,0.5172413793103449,-0.062050493655996034,-0.05152592037174007,1774.0,10,30.586206896551722,2016
2016_17_JAX_IND,IND,64,0.03125,0.65625,0.05253672896519273,0.07892833366039453,1735.0,13,27.109375,2016
2016_17_JAX_IND,JAX,71,0.028169014084507043,0.5774647887323944,0.07892833366039453,0.05253672896519273,1699.0,13,23.929577464788732,2016
2016_17_KC_SD,KC,60,0.0,0.48333333333333334,0.08708055847363567,0.1129986963324067,1804.0,8,30.066666666666666,2016
2016_17_KC_SD,LAC,64,0.0,0.59375,0.1129986963324067,0.08708055847363567,1680.0,8,26.25,2016
2016_17_LV_DEN,DEN,65,0.0,0.4153846153846154,-0.02911155192610972,-0.5393573581899612,2010.0,14,30.923076923076923,2016
2016_17_LV_DEN,LV,51,0.0784313725490196,0.6862745098039216,-0.5393573581899612,-0.02911155192610972,1353.0,13,26.529411764705884,2016
2016_17_NE_MIA,MIA,57,0.017543859649122806,0.5964912280701754,-0.09415368968886643,0.31470983033024874,1580.0,10,27.719298245614034,2016
2016_17_NE_MIA,NE,62,0.0,0.532258064516129,0.31470983033024874,-0.09415368968886643,1843.0,10,29.725806451612904,2016
2016_17_NO_ATL,ATL,58,0.0,0.6379310344827587,0.43302743630794427,0.15709188142551475,1701.0,12,29.32758620689655,2016
2016_17_NO_ATL,NO,76,0.039473684210526314,0.6842105263157895,0.15709188142551475,0.43302743630794427,1719.0,12,22.61842105263158,2016
2016_17_NYG_WAS,NYG,67,0.4925373134328358,0.40298507462686567,-0.01868383059006104,-0.29339765610512936,2049.0,12,30.582089552238806,2016
2016_17_NYG_WAS,WAS,54,0.07407407407407407,0.7222222222222222,-0.29339765610512936,-0.01868383059006104,1344.0,13,24.88888888888889,2016
2016_17_SEA_SF,SEA,63,0.015873015873015872,0.6349206349206349,0.07962696840819812,-0.10679271417070017,1676.0,12,26.603174603174605,2016
2016_17_SEA_SF,SF,57,0.631578947368421,0.47368421052631576,-0.10679271417070017,0.07962696840819812,1758.0,12,30.842105263157894,2016
2017_01_ARI_DET,ARI,68,0.08823529411764706,0.7352941176470589,-0.28053885132231726,-0.03589460057953431,1508.0,12,22.176470588235293,2017
2017_01_ARI_DET,DET,70,0.4714285714285714,0.6142857142857143,-0.03589460057953431,-0.28053885132231726,1880.0,13,26.857142857142858,2017
2017_01_ATL_CHI,ATL,53,0.09433962264150944,0.6037735849056604,0.20016578554611314,0.024835295621616158,1764.0,10,33.283018867924525,2017
2017_01_ATL_CHI,CHI,63,0.047619047619047616,0.6984126984126984,0.024835295621616158,0.20016578554611314,1708.0,9,27.11111111111111,2017
2017_01_BAL_CIN,BAL,60,0.0,0.3,-0.08775959143474897,-0.5109447223589373,1962.0,12,32.7,2017
2017_01_BAL_CIN,CIN,58,0.0,0.6206896551724138,-0.5109447223589373,-0.08775959143474897,1424.0,12,24.551724137931036,2017
2017_01_CAR_SF,CAR,59,0.0,0.4067796610169492,-0.07812841370418434,-0.45075061912269104,1955.0,11,33.13559322033898,2017
2017_01_CAR_SF,SF,54,0.037037037037037035,0.7222222222222222,-0.45075061912269104,-0.07812841370418434,1464.0,10,27.11111111111111,2017
2017_01_IND_LA,IND,48,0.0,0.5208333333333334,-0.6180661786702636,0.1224714529389311,1394.0,15,29.041666666666668,2017
2017_01_IND_LA,LA,60,0.016666666666666666,0.5166666666666667,0.1224714529389311,-0.6180661786702636,1962.0,12,32.7,2017
2017_01_JAX_HOU,HOU,69,0.36231884057971014,0.6666666666666666,-0.5501974856123771,0.023695727681319435,1677.0,12,24.304347826086957,2017
2017_01_JAX_HOU,JAX,58,0.0,0.3620689655172414,0.023695727681319435,-0.5501974856123771,1714.0,11,29.551724137931036,2017
2017_01_KC_NE,KC,62,0.03225806451612903,0.6129032258064516,0.33954222707720905,-0.04239436069718513,1714.0,14,27.64516129032258,2017
2017_01_KC_NE,NE,73,0.1232876712328767,0.5342465753424658,-0.04239436069718513,0.33954222707720905,1694.0,14,23.205479452054796,2017
2017_01_LAC_DEN,DEN,67,0.0,0.47761194029850745,-0.016943164006063872,-0.08675389548765766,1958.0,12,29.223880597014926,2017
2017_01_LAC_DEN,LAC,56,0.125,0.6071428571428571,-0.08675389548765766,-0.016943164006063872,1477.0,11,26.375,2017
2017_01_LV_TEN,LV,62,0.016129032258064516,0.5483870967741935,0.1397853657131402,0.07396800401154484,1837.0,10,29.629032258064516,2017
2017_01_LV_TEN,TEN,63,0.06349206349206349,0.6666666666666666,0.07396800401154484,0.1397853657131402,1652.0,9,26.22222222222222,2017
2017_01_NO_MIN,MIN,61,0.03278688524590164,0.5409836065573771,0.39301833065994096,0.10317522795757622,1819.0,9,29.81967213114754,2017
2017_01_NO_MIN,NO,59,0.06779661016949153,0.6440677966101694,0.10317522795757622,0.39301833065994096,1669.0,9,28.28813559322034,2017
2017_01_NYG_DAL,DAL,70,0.1,0.5571428571428572,0.14599357696115398,-0.09983280386964863,2005.0,9,28.642857142857142,2017
2017_01_NYG_DAL,NYG,52,0.07692307692307693,0.7884615384615384,-0.09983280386964863,0.14599357696115398,1473.0,10,28.326923076923077,2017
2017_01_NYJ_BUF,BUF,68,0.014705882352941176,0.4264705882352941,0.22825353607248805,-0.22675562143462233,1870.0,12,27.5,2017
2017_01_NYJ_BUF,NYJ,55,0.0,0.7454545454545455,-0.22675562143462233,0.22825353607248805,1491.0,12,27.10909090909091,2017
2017_01_PHI_WAS,PHI,63,0.031746031746031744,0.6349206349206349,-0.05663198471096529,-0.2561029043943818,1967.0,12,31.22222222222222,2017
2017_01_PHI_WAS,WAS,61,0.06557377049180328,0.7213114754098361,-0.2561029043943818,-0.05663198471096529,1474.0,10,24.16393442622951,2017
2017_01_PIT_CLE,CLE,63,0.23809523809523808,0.5873015873015873,-0.16788973317452177,0.0017311867625926034,1775.0,11,28.174603174603174,2017
2017_01_PIT_CLE,PIT,51,0.058823529411764705,0.7254901960784313,0.0017311867625926034,-0.16788973317452177,1633.0,10,32.01960784313726,2017
2017_01_SEA_GB,GB,70,0.1,0.6428571428571429,0.15840118333178296,-0.28646743204773545,2258.0,11,32.25714285714286,2017
2017_01_SEA_GB,SEA,48,0.10416666666666667,0.625,-0.28646743204773545,0.15840118333178296,1165.0,10,24.270833333333332,2017
2017_02_ARI_IND,ARI,64,0.0,0.625,-0.047197521466300164,-0.09664761656353839,1644.0,12,25.6875,2017
2017_02_ARI_IND,IND,70,0.014285714285714285,0.5857142857142857,-0.09664761656353839,-0.047197521466300164,1886.0,12,26.942857142857143,2017
2017_02_BUF_CAR,BUF,51,0.0784313725490196,0.5490196078431373,-0.2606915971070558,-0.10466789885876522,1184.0,10,23.215686274509803,2017
2017_02_BUF_CAR,CAR,65,0.03076923076923077,0.5846153846153846,-0.10466789885876522,-0.2606915971070558,2249.0,10,34.6,2017
2017_02_CHI_TB,CHI,62,0.03225806451612903,0.7419354838709677,-0.2279908140724568,0.020099615797699928,1536.0,9,24.774193548387096,2017
2017_02_CHI_TB,TB,65,0.07692307692307693,0.5076923076923077,0.020099615797699928,-0.2279908140724568,1904.0,10,29.29230769230769,2017
2017_02_CLE_BAL,BAL,67,0.0,0.5373134328358209,0.0058917603743841845,-0.20320558912783093,1897.0,13,28.313432835820894,2017
2017_02_CLE_BAL,CLE,66,0.21212121212121213,0.6818181818181818,-0.20320558912783093,0.0058917603743841845,1509.0,13,22.863636363636363,2017
2017_02_DAL_DEN,DAL,66,0.3181818181818182,0.7878787878787878,-0.3640698627873915,0.13113336888521526,1417.0,13,21.46969696969697,2017
2017_02_DAL_DEN,DEN,71,0.0,0.4788732394366197,0.13113336888521526,-0.3640698627873915,1968.0,12,27.718309859154928,2017
2017_02_DET_NYG,DET,56,0.25,0.42857142857142855,-0.11769333543435945,-0.23089192989657337,1896.0,10,33.857142857142854,2017
2017_02_DET_NYG,NYG,55,0.2909090909090909,0.6727272727272727,-0.23089192989657337,-0.11769333543435945,1494.0,12,27.163636363636364,2017
2017_02_GB_ATL,ATL,58,0.017241379310344827,0.5344827586206896,0.26847981437384777,0.09602457999440137,1668.0,9,28.75862068965517,2017
2017_02_GB_ATL,GB,68,0.014705882352941176,0.7941176470588235,0.09602457999440137,0.26847981437384777,1786.0,11,26.264705882352942,2017
2017_02_HOU_CIN,CIN,61,0.0,0.6065573770491803,-0.2981523481339814,-0.13272501950337448,1567.0,13,25.688524590163933,2017
2017_02_HOU_CIN,HOU,62,0.0,0.43548387096774194,-0.13272501950337448,-0.2981523481339814,1828.0,13,29.483870967741936,2017
2017_02_MIA_LAC,LAC,54,0.0,0.7407407407407407,0.21850601713137033,0.1378641073573893,1544.0,9,28.59259259259259,2017
2017_02_MIA_LAC,MIA,67,0.0,0.5373134328358209,0.1378641073573893,0.21850601713137033,1945.0,10,29.029850746268657,2017
2017_02_MIN_PIT,MIN,60,0.13333333333333333,0.6666666666666666,-0.22684974302769007,0.02960501184978683,1422.0,12,23.7,2017
2017_02_MIN_PIT,PIT,67,0.2537313432835821,0.5522388059701493,0.02960501184978683,-0.22684974302769007,1969.0,12,29.388059701492537,2017
2017_02_NE_NO,NE,72,0.0,0.5694444444444444,0.3108280386821478,0.12227650973248223,2071.0,10,28.76388888888889,2017
2017_02_NE_NO,NO,62,0.04838709677419355,0.7258064516129032,0.12227650973248223,0.3108280386821478,1447.0,10,23.338709677419356,2017
2017_02_NYJ_OAK,LV,55,0.03636363636363636,0.509090909090909,0.456822483415731,0.03448488604831383,1829.0,10,33.25454545454546,2017
2017_02_NYJ_OAK,NYJ,52,0.0,0.5384615384615384,0.03448488604831383,0.456822483415731,1644.0,10,31.615384615384617,2017
2017_02_PHI_KC,KC,51,0.0,0.6274509803921569,0.25181050374535163,0.09627948318199304,1696.0,11,33.254901960784316,2017
2017_02_PHI_KC,PHI,69,0.014492753623188406,0.7536231884057971,0.09627948318199304,0.25181050374535163,1801.0,11,26.10144927536232,2017
2017_02_SF_SEA,SEA,75,0.05333333333333334,0.56,0.005431459279667588,-0.2516300641918238,2093.0,12,27.906666666666666,2017
2017_02_SF_SEA,SF,47,0.0,0.5957446808510638,-0.2516300641918238,0.005431459279667588,1292.0,11,27.48936170212766,2017
2017_02_TEN_JAX,JAX,62,0.14516129032258066,0.5967741935483871,-0.10171266377784607,0.1276255543349966,1675.0,11,27.016129032258064,2017
2017_02_TEN_JAX,TEN,62,0.016129032258064516,0.45161290322580644,0.1276255543349966,-0.10171266377784607,1777.0,12,28.661290322580644,2017
2017_02_WAS_LA,LA,48,0.041666666666666664,0.5833333333333334,0.027200414182420345,0.15322248547212092,1353.0,11,28.1875,2017
2017_02_WAS_LA,WAS,68,0.0,0.4264705882352941,0.15322248547212092,0.027200414182420345,2071.0,11,30.455882352941178,2017
2017_03_ATL_DET,ATL,64,0.0625,0.578125,0.004208714935725721,-0.05453323184570266,1884.0,12,29.4375,2017
2017_03_ATL_DET,DET,66,0.48484848484848486,0.7121212121212122,-0.05453323184570266,0.004208714935725721,1559.0,11,23.62121212121212,2017
2017_03_BAL_JAX,BAL,53,0.05660377358490566,0.5283018867924528,-0.5198013633981841,0.24952039040424004,1446.0,12,27.28301886792453,2017
2017_03_BAL_JAX,JAX,66,0.030303030303030304,0.5,0.24952039040424004,-0.5198013633981841,1961.0,13,29.71212121212121,2017
2017_03_CIN_GB,CIN,58,0.06896551724137931,0.5,0.07880553019086294,-0.06294235796899915,1973.0,11,34.01724137931034,2017
2017_03_CIN_GB,GB,65,0.13846153846153847,0.7384615384615385,-0.06294235796899915,0.07880553019086294,1696.0,13,26.092307692307692,2017
2017_03_CLE_IND,CLE,69,0.13043478260869565,0.6956521739130435,-0.0490442377809329,0.014651024711367696,1494.0,14,21.652173913043477,2017
2017_03_CLE_IND,IND,62,0.0,0.43548387096774194,0.014651024711367696,-0.0490442377809329,1871.0,14,30.177419354838708,2017
2017_03_DAL_ARI,ARI,75,0.06666666666666667,0.72,-0.046988488804810186,0.09437456564260972,2049.0,12,27.32,2017
2017_03_DAL_ARI,DAL,44,0.0,0.4318181818181818,0.09437456564260972,-0.046988488804810186,1323.0,13,30.068181818181817,2017
2017_03_DEN_BUF,BUF,59,0.03389830508474576,0.4915254237288136,-0.07008620597168438,-0.10333733572779304,1726.0,12,29.25423728813559,2017
2017_03_DEN_BUF,DEN,66,0.045454545454545456,0.6515151515151515,-0.10333733572779304,-0.07008620597168438,1692.0,12,25.636363636363637,2017
2017_03_HOU_NE,HOU,67,0.11940298507462686,0.5223880597014925,0.08641057404285302,0.16547328529076646,1933.0,12,28.850746268656717,2017
2017_03_HOU_NE,NE,61,0.09836065573770492,0.6721311475409836,0.16547328529076646,0.08641057404285302,1470.0,13,24.098360655737704,2017
2017_03_KC_LAC,KC,51,0.0,0.5098039215686274,0.055066111304138,-0.09879650721986595,1763.0,10,34.568627450980394,2017
2017_03_KC_LAC,LAC,67,0.0,0.6119402985074627,-0.09879650721986595,0.055066111304138,1694.0,11,25.28358208955224,2017
2017_03_LA_SF,LA,59,0.11864406779661017,0.4745762711864407,0.3222983966193257,0.047428445133989396,1736.0,12,29.423728813559322,2017
2017_03_LA_SF,SF,75,0.12,0.56,0.047428445133989396,0.3222983966193257,1731.0,13,23.08,2017
2017_03_LV_WAS,LV,47,0.0851063829787234,0.7446808510638298,-0.5151393451860953,0.1657424168152896,1195.0,14,25.425531914893618,2017
2017_03_LV_WAS,WAS,65,0.015384615384615385,0.47692307692307695,0.1657424168152896,-0.5151393451860953,2228.0,12,34.276923076923076,2017
2017_03_MIA_NYJ,MIA,63,0.25396825396825395,0.7619047619047619,-0.3261390154391414,-0.009270922090031762,1332.0,12,21.142857142857142,2017
2017_03_MIA_NYJ,NYJ,58,0.0,0.43103448275862066,-0.009270922090031762,-0.3261390154391414,2080.0,12,35.86206896551724,2017
2017_03_NO_CAR,CAR,59,0.288135593220339,0.6271186440677966,-0.12858827499028105,0.2770264585801522,1658.0,10,28.10169491525424,2017
2017_03_NO_CAR,NO,57,0.0,0.5263157894736842,0.2770264585801522,-0.12858827499028105,1819.0,10,31.912280701754387,2017
2017_03_NYG_PHI,NYG,64,0.375,0.734375,0.029968721009567118,0.015988920697247798,1298.0,12,20.28125,2017
2017_03_NYG_PHI,PHI,72,0.1388888888888889,0.4722222222222222,0.015988920697247798,0.029968721009567118,2134.0,13,29.63888888888889,2017
2017_03_PIT_CHI,CHI,62,0.0,0.3870967741935484,-0.09279928623777457,-0.04426809924628278,1956.0,13,31.548387096774192,2017
2017_03_PIT_CHI,PIT,59,0.22033898305084745,0.711864406779661,-0.04426809924628278,-0.09279928623777457,1567.0,11,26.559322033898304,2017
2017_03_SEA_TEN,SEA,72,0.125,0.6944444444444444,0.10135434456300516,0.039180088424588005,1540.0,13,21.38888888888889,2017
2017_03_SEA_TEN,TEN,65,0.015384615384615385,0.47692307692307695,0.039180088424588005,0.10135434456300516,1879.0,14,28.907692307692308,2017
2017_03_TB_MIN,MIN,67,0.0,0.4925373134328358,0.31271972517205665,0.025843455928812417,2200.0,11,32.83582089552239,2017
2017_03_TB_MIN,TB,50,0.32,0.82,0.025843455928812417,0.31271972517205665,1256.0,10,25.12,2017
2017_04_BUF_ATL,ATL,72,0.027777777777777776,0.5972222222222222,-0.044762293101256435,0.04991119713308422,1803.0,11,25.041666666666668,2017
2017_04_BUF_ATL,BUF,57,0.0,0.40350877192982454,0.04991119713308422,-0.044762293101256435,1641.0,10,28.789473684210527,2017
2017_04_CAR_NE,CAR,60,0.03333333333333333,0.5166666666666667,0.2956333371405345,0.21192942485531463,1699.0,9,28.316666666666666,2017
2017_04_CAR_NE,NE,67,0.0,0.7164179104477612,0.21192942485531463,0.2956333371405345,1826.0,9,27.253731343283583,2017
2017_04_CHI_GB,CHI,64,0.09375,0.53125,-0.13751163903902905,0.23777005402486048,1795.0,11,28.046875,2017
2017_04_CHI_GB,GB,51,0.0392156862745098,0.5686274509803921,0.23777005402486048,-0.13751163903902905,1626.0,12,31.88235294117647,2017
2017_04_CIN_CLE,CIN,63,0.015873015873015872,0.5238095238095238,0.10940093567343663,-0.30727993089588235,2028.0,11,32.19047619047619,2017
2017_04_CIN_CLE,CLE,61,0.11475409836065574,0.7213114754098361,-0.30727993089588235,0.10940093567343663,1406.0,11,23.049180327868854,2017
2017_04_DET_MIN,DET,66,0.07575757575757576,0.5757575757575758,-0.07458045684589024,-0.29521811256145236,2072.0,12,31.393939393939394,2017
2017_04_DET_MIN,MIN,54,0.037037037037037035,0.5925925925925926,-0.29521811256145236,-0.07458045684589024,1338.0,11,24.77777777777778,2017
2017_04_IND_SEA,IND,58,0.034482758620689655,0.5689655172413793,-0.30253898639201404,0.34561146220207983,1549.0,12,26.70689655172414,2017
2017_04_IND_SEA,SEA,63,0.015873015873015872,0.47619047619047616,0.34561146220207983,-0.30253898639201404,1895.0,10,30.07936507936508,2017
2017_04_JAX_NYJ,JAX,74,0.0,0.4864864864864865,-0.14032850112093548,-0.05883577306507739,2014.0,14,27.216216216216218,2017
2017_04_JAX_NYJ,NYJ,68,0.0,0.5294117647058824,-0.05883577306507739,-0.14032850112093548,1963.0,15,28.86764705882353,2017
2017_04_LA_DAL,DAL,65,0.07692307692307693,0.5846153846153846,0.20878737985400136,0.15313755780132313,1703.0,10,26.2,2017
2017_04_LA_DAL,LA,67,0.14925373134328357,0.5522388059701493,0.15313755780132313,0.20878737985400136,1750.0,12,26.119402985074625,2017
2017_04_LV_DEN,DEN,59,0.03389830508474576,0.5084745762711864,0.010817992688412211,-0.2791417614759894,1861.0,12,31.54237288135593,2017
2017_04_LV_DEN,LV,53,0.07547169811320754,0.7169811320754716,-0.2791417614759894,0.010817992688412211,1529.0,12,28.849056603773583,2017
2017_04_NO_MIA,MIA,47,0.10638297872340426,0.6808510638297872,-0.28564419559281584,0.11091026401735195,1447.0,9,30.78723404255319,2017
2017_04_NO_MIA,NO,69,0.028985507246376812,0.5942028985507246,0.11091026401735195,-0.28564419559281584,2020.0,9,29.27536231884058,2017
2017_04_NYG_TB,NYG,77,0.2727272727272727,0.6363636363636364,0.005208892730439342,0.0879362487539722,1978.0,12,25.68831168831169,2017
2017_04_NYG_TB,TB,61,0.26229508196721313,0.6557377049180327,0.0879362487539722,0.005208892730439342,1486.0,12,24.360655737704917,2017
2017_04_PHI_LAC,LAC,53,0.0,0.7547169811320755,0.23349338578709644,0.22479379542738157,1186.0,9,22.37735849056604,2017
2017_04_PHI_LAC,PHI,72,0.0,0.4444444444444444,0.22479379542738157,0.23349338578709644,2283.0,9,31.708333333333332,2017
2017_04_PIT_BAL,BAL,67,0.16417910447761194,0.7611940298507462,-0.24446681257632205,0.07659318490638257,1385.0,12,20.671641791044777,2017
2017_04_PIT_BAL,PIT,73,0.1780821917808219,0.4383561643835616,0.07659318490638257,-0.24446681257632205,2072.0,12,28.383561643835616,2017
2017_04_SF_ARI,ARI,77,0.09090909090909091,0.7272727272727273,-0.07978805405093302,-0.12218770978887994,2066.0,15,26.83116883116883,2017
2017_04_SF_ARI,SF,79,0.12658227848101267,0.6582278481012658,-0.12218770978887994,-0.07978805405093302,1893.0,14,23.962025316455698,2017
2017_04_TEN_HOU,HOU,78,0.0,0.46153846153846156,0.2686199852800645,-0.5706250180689604,2327.0,12,29.833333333333332,2017
2017_04_TEN_HOU,TEN,40,0.0,0.55,-0.5706250180689604,0.2686199852800645,1103.0,14,27.575,2017
2017_04_WAS_KC,KC,71,0.014084507042253521,0.5633802816901409,0.2155351447904352,0.05363805744077655,2185.0,9,30.774647887323944,2017
2017_04_WAS_KC,WAS,49,0.02040816326530612,0.4897959183673469,0.05363805744077655,0.2155351447904352,1325.0,10,27.040816326530614,2017
2017_05_ARI_PHI,ARI,60,0.03333333333333333,0.7666666666666667,-0.1272951623319329,0.2242096968373483,1347.0,11,22.45,2017
2017_05_ARI_PHI,PHI,62,0.04838709677419355,0.5,0.2242096968373483,-0.1272951623319329,2072.0,11,33.41935483870968,2017
2017_05_BAL_OAK,BAL,62,0.06451612903225806,0.41935483870967744,0.17748046929141992,-0.1253087715693098,1946.0,9,31.387096774193548,2017
2017_05_BAL_OAK,LV,54,0.07407407407407407,0.5370370370370371,-0.1253087715693098,0.17748046929141992,1487.0,11,27.537037037037038,2017
2017_05_BUF_CIN,BUF,67,0.0,0.6417910447761194,-0.1456165069307255,-0.016928617574662904,1715.0,12,25.597014925373134,2017
2017_05_BUF_CIN,CIN,60,0.0,0.6166666666666667,-0.016928617574662904,-0.1456165069307255,1672.0,13,27.866666666666667,2017
2017_05_CAR_DET,CAR,61,0.09836065573770492,0.5901639344262295,0.10572549956122744,-0.15080659384347533,2027.0,12,33.22950819672131,2017
2017_05_CAR_DET,DET,56,0.5714285714285714,0.7321428571428571,-0.15080659384347533,0.10572549956122744,1388.0,12,24.785714285714285,2017
2017_05_GB_DAL,DAL,71,0.0,0.5070422535211268,0.2668679024641023,0.35502069296097716,2062.0,9,29.04225352112676,2017
2017_05_GB_DAL,GB,58,0.034482758620689655,0.5689655172413793,0.35502069296097716,0.2668679024641023,1475.0,7,25.43103448275862,2017
2017_05_JAX_PIT,JAX,53,0.018867924528301886,0.3018867924528302,0.08546683172765805,-0.21308080863465778,1678.0,10,31.660377358490567,2017
2017_05_JAX_PIT,PIT,75,0.30666666666666664,0.7333333333333333,-0.21308080863465778,0.08546683172765805,1761.0,12,23.48,2017
2017_05_KC_HOU,HOU,58,0.017241379310344827,0.5862068965517241,0.2533199684881507,0.2560898340865864,1219.0,12,21.017241379310345,2017
2017_05_KC_HOU,KC,74,0.013513513513513514,0.527027027027027,0.2560898340865864,0.2533199684881507,2243.0,10,30.31081081081081,2017
2017_05_LAC_NYG,LAC,70,0.14285714285714285,0.6142857142857143,0.1077791295611434,-0.04884360637148205,1783.0,14,25.47142857142857,2017
2017_05_LAC_NYG,NYG,67,0.582089552238806,0.6268656716417911,-0.04884360637148205,0.1077791295611434,1575.0,14,23.507462686567163,2017
2017_05_MIN_CHI,CHI,57,0.03508771929824561,0.47368421052631576,-0.022719314639098525,0.006458343175854559,1619.0,12,28.403508771929825,2017
2017_05_MIN_CHI,MIN,67,0.1044776119402985,0.5373134328358209,0.006458343175854559,-0.022719314639098525,1793.0,12,26.761194029850746,2017
2017_05_NE_TB,NE,66,0.06060606060606061,0.6515151515151515,0.026000675320269548,0.05114476555950487,1772.0,11,26.848484848484848,2017
2017_05_NE_TB,TB,67,0.13432835820895522,0.7014925373134329,0.05114476555950487,0.026000675320269548,1674.0,12,24.98507462686567,2017
2017_05_NYJ_CLE,CLE,70,0.08571428571428572,0.5285714285714286,-0.027330720764968206,-0.08579340822195847,2000.0,10,28.571428571428573,2017
2017_05_NYJ_CLE,NYJ,48,0.08333333333333333,0.6875,-0.08579340822195847,-0.027330720764968206,1436.0,11,29.916666666666668,2017
2017_05_SEA_LA,LA,70,0.22857142857142856,0.6857142857142857,-0.19827105615911406,-0.25834951146154816,1646.0,11,23.514285714285716,2017
2017_05_SEA_LA,SEA,63,0.07936507936507936,0.6190476190476191,-0.25834951146154816,-0.19827105615911406,1784.0,13,28.317460317460316,2017
2017_05_SF_IND,IND,71,0.0,0.5352112676056338,0.030971605058184026,0.1236385057710498,2141.0,13,30.154929577464788,2017
2017_05_SF_IND,SF,69,0.17391304347826086,0.6811594202898551,0.1236385057710498,0.030971605058184026,1793.0,11,25.985507246376812,2017
2017_05_TEN_MIA,MIA,58,0.0,0.4827586206896552,-0.33739801310486867,-0.4100715117991728,1588.0,14,27.379310344827587,2017
2017_05_TEN_MIA,TEN,58,0.034482758620689655,0.6551724137931034,-0.4100715117991728,-0.33739801310486867,1658.0,15,28.586206896551722,2017
2017_06_CHI_BAL,BAL,70,0.12857142857142856,0.6285714285714286,-0.4389447462425886,-0.10971965157376573,1708.0,15,24.4,2017
2017_06_CHI_BAL,CHI,74,0.13513513513513514,0.28378378378378377,-0.10971965157376573,-0.4389447462425886,2085.0,16,28.175675675675677,2017
2017_06_CLE_HOU,CLE,61,0.01639344262295082,0.639344262295082,-0.30112945077528835,-0.07397375571227666,1743.0,13,28.57377049180328,2017
2017_06_CLE_HOU,HOU,62,0.03225806451612903,0.4838709677419355,-0.07397375571227666,-0.30112945077528835,1618.0,14,26.096774193548388,2017
2017_06_DET_NO,DET,75,0.04,0.7466666666666667,-0.3364386880875141,-0.08250213926257166,1542.0,17,20.56,2017
2017_06_DET_NO,NO,67,0.0,0.44776119402985076,-0.08250213926257166,-0.3364386880875141,1818.0,16,27.134328358208954,2017
2017_06_GB_MIN,GB,64,0.140625,0.625,-0.2891192729936383,-0.1347571774569038,1591.0,12,24.859375,2017
2017_06_GB_MIN,MIN,70,0.17142857142857143,0.5428571428571428,-0.1347571774569038,-0.2891192729936383,1839.0,13,26.271428571428572,2017
2017_06_IND_TEN,IND,56,0.05357142857142857,0.6428571428571429,-0.08552232434536013,0.17619464182090513,1363.0,10,24.339285714285715,2017
2017_06_IND_TEN,TEN,66,0.0,0.5,0.17619464182090513,-0.08552232434536013,2099.0,11,31.803030303030305,2017
2017_06_LAC_OAK,LAC,63,0.015873015873015872,0.5873015873015873,0.005652494828163836,-0.04451603950672875,1861.0,11,29.53968253968254,2017
2017_06_LAC_OAK,LV,52,0.28846153846153844,0.5769230769230769,-0.04451603950672875,0.005652494828163836,1602.0,10,30.807692307692307,2017
2017_06_LA_JAX,JAX,66,0.06060606060606061,0.6060606060606061,-0.031049954214088,-0.19800858707674293,1823.0,14,27.62121212121212,2017
2017_06_LA_JAX,LA,54,0.16666666666666666,0.4444444444444444,-0.19800858707674293,-0.031049954214088,1525.0,13,28.24074074074074,2017
2017_06_MIA_ATL,ATL,54,0.1111111111111111,0.6481481481481481,0.08624954529455074,0.019008116933001078,1479.0,9,27.38888888888889,2017
2017_06_MIA_ATL,MIA,63,0.0,0.5238095238095238,0.019008116933001078,0.08624954529455074,1984.0,9,31.49206349206349,2017
2017_06_NE_NYJ,NE,62,0.0,0.6129032258064516,0.15946924950432406,0.05727514768349254,1502.0,12,24.225806451612904,2017
2017_06_NE_NYJ,NYJ,73,0.0,0.684931506849315,0.05727514768349254,0.15946924950432406,1941.0,12,26.589041095890412,2017
2017_06_NYG_DEN,DEN,73,0.2602739726027397,0.7808219178082192,-0.24157174094461967,-0.11231479954332887,1667.0,13,22.835616438356166,2017
2017_06_NYG_DEN,NYG,54,0.0,0.4074074074074074,-0.11231479954332887,-0.24157174094461967,1754.0,11,32.48148148148148,2017
2017_06_PHI_CAR,CAR,79,0.16455696202531644,0.6835443037974683,-0.1554559928822742,0.0624916306483898,1812.0,13,22.936708860759495,2017
2017_06_PHI_CAR,PHI,58,0.1724137931034483,0.5517241379310345,0.0624916306483898,-0.1554559928822742,1596.0,13,27.517241379310345,2017
2017_06_PIT_KC,KC,53,0.1509433962264151,0.6981132075471698,-0.08883772665307599,0.20636517239976987,1305.0,11,24.62264150943396,2017
2017_06_PIT_KC,PIT,61,0.0,0.4262295081967213,0.20636517239976987,-0.08883772665307599,2098.0,11,34.39344262295082,2017
2017_06_SF_WAS,SF,70,0.18571428571428572,0.7142857142857143,0.019495485373604855,0.03516399368364571,1321.0,12,18.87142857142857,2017
2017_06_SF_WAS,WAS,70,0.014285714285714285,0.5428571428571428,0.03516399368364571,0.019495485373604855,2137.0,12,30.52857142857143,2017
2017_06_TB_ARI,ARI,55,0.01818181818181818,0.43636363636363634,0.11273991546796601,0.07534579909344284,1844.0,13,33.527272727272724,2017
2017_06_TB_ARI,TB,67,0.11940298507462686,0.6716417910447762,0.07534579909344284,0.11273991546796601,1597.0,11,23.83582089552239,2017
2017_07_ARI_LA,ARI,47,0.10638297872340426,0.7446808510638298,-0.3345761702289773,0.16998578438957845,1159.0,10,24.659574468085108,2017
2017_07_ARI_LA,LA,77,0.2987012987012987,0.4935064935064935,0.16998578438957845,-0.3345761702289773,2259.0,11,29.337662337662337,2017
2017_07_ATL_NE,ATL,56,0.23214285714285715,0.6071428571428571,0.05798705114147062,0.2353771845891317,1516.0,8,27.071428571428573,2017
2017_07_ATL_NE,NE,64,0.0,0.484375,0.2353771845891317,0.05798705114147062,1976.0,8,30.875,2017
2017_07_BAL_MIN,BAL,64,0.046875,0.6875,-0.21945431819164218,-0.016695668846372736,1591.0,11,24.859375,2017
2017_07_BAL_MIN,MIN,64,0.0625,0.484375,-0.016695668846372736,-0.21945431819164218,1868.0,10,29.1875,2017
2017_07_CAR_CHI,CAR,69,0.057971014492753624,0.5652173913043478,-0.4343863395304101,-0.3169183890771802,2215.0,11,32.10144927536232,2017
2017_07_CAR_CHI,CHI,34,0.029411764705882353,0.3235294117647059,-0.3169183890771802,-0.4343863395304101,1178.0,9,34.64705882352941,2017
2017_07_CIN_PIT,CIN,50,0.02,0.68,-0.2382137309341814,0.09220831027798607,1375.0,11,27.5,2017
2017_07_CIN_PIT,PIT,65,0.03076923076923077,0.38461538461538464,0.09220831027798607,-0.2382137309341814,2066.0,11,31.784615384615385,2017
2017_07_DAL_SF,DAL,70,0.014285714285714285,0.4,0.3194161234520365,-0.1941766444719798,1887.0,12,26.957142857142856,2017
2017_07_DAL_SF,SF,65,0.12307692307692308,0.6615384615384615,-0.1941766444719798,0.3194161234520365,1567.0,10,24.107692307692307,2017
2017_07_DEN_LAC,DEN,59,0.0,0.6779661016949152,-0.33819444915619623,-0.04358217945708414,1725.0,13,29.23728813559322,2017
2017_07_DEN_LAC,LAC,54,0.0,0.5185185185185185,-0.04358217945708414,-0.33819444915619623,1600.0,13,29.62962962962963,2017
2017_07_JAX_IND,IND,67,0.19402985074626866,0.7014925373134329,-0.25928662674945374,0.23467211217878622,1545.0,11,23.059701492537314,2017
2017_07_JAX_IND,JAX,64,0.0,0.4375,0.23467211217878622,-0.25928662674945374,1899.0,11,29.671875,2017
2017_07_KC_OAK,KC,60,0.0,0.6166666666666667,0.3200839971780915,0.2999171511780717,1797.0,9,29.95,2017
2017_07_KC_OAK,LV,73,0.0821917808219178,0.7123287671232876,0.2999171511780717,0.3200839971780915,1719.0,10,23.54794520547945,2017
2017_07_NO_GB,GB,50,0.02,0.52,0.051798372568460385,0.2505055987563186,1321.0,10,26.42,2017
2017_07_NO_GB,NO,72,0.013888888888888888,0.5416666666666666,0.2505055987563186,0.051798372568460385,2139.0,11,29.708333333333332,2017
2017_07_NYJ_MIA,MIA,65,0.03076923076923077,0.6153846153846154,-0.022467540981081058,0.09928950778377739,1835.0,13,28.23076923076923,2017
2017_07_NYJ_MIA,NYJ,49,0.0,0.5714285714285714,0.09928950778377739,-0.022467540981081058,1556.0,14,31.755102040816325,2017
2017_07_SEA_NYG,NYG,56,0.08928571428571429,0.6964285714285714,-0.2643036598843383,0.05891390505159727,1343.0,12,23.982142857142858,2017
2017_07_SEA_NYG,SEA,68,0.014705882352941176,0.5588235294117647,0.05891390505159727,-0.2643036598843383,2023.0,12,29.75,2017
2017_07_TB_BUF,BUF,67,0.014925373134328358,0.5074626865671642,0.22595765239707818,0.15820721301326265,1553.0,11,23.17910447761194,2017
2017_07_TB_BUF,TB,70,0.3142857142857143,0.6428571428571429,0.15820721301326265,0.22595765239707818,1930.0,11,27.571428571428573,2017
2017_07_TEN_CLE,CLE,65,0.06153846153846154,0.6153846153846154,-0.23627548850740904,-0.24347038268379292,1831.0,12,28.16923076923077,2017
2017_07_TEN_CLE,TEN,68,0.0,0.5294117647058824,-0.24347038268379292,-0.23627548850740904,2042.0,12,30.029411764705884,2017
2017_07_WAS_PHI,PHI,60,0.16666666666666666,0.4666666666666667,0.24092156722188923,0.02741110714991819,1715.0,12,28.583333333333332,2017
2017_07_WAS_PHI,WAS,61,0.13114754098360656,0.7213114754098361,0.02741110714991819,0.24092156722188923,1724.0,12,28.262295081967213,2017
2017_08_ATL_NYJ,ATL,62,0.0967741935483871,0.46774193548387094,-0.02309035066691362,0.0035174097379475264,1632.0,13,26.322580645161292,2017
2017_08_ATL_NYJ,NYJ,57,0.0,0.6140350877192983,0.0035174097379475264,-0.02309035066691362,1819.0,12,31.912280701754387,2017
2017_08_CAR_TB,CAR,61,0.04918032786885246,0.5245901639344263,-0.09788898434779304,-0.2479556592251118,1810.0,12,29.672131147540984,2017
2017_08_CAR_TB,TB,63,0.12698412698412698,0.6507936507936508,-0.2479556592251118,-0.09788898434779304,1562.0,12,24.793650793650794,2017
2017_08_CHI_NO,CHI,65,0.0,0.5230769230769231,-0.04368793425177096,0.0211782858502155,1638.0,11,25.2,2017
2017_08_CHI_NO,NO,57,0.0,0.5263157894736842,0.0211782858502155,-0.04368793425177096,1775.0,12,31.140350877192983,2017
2017_08_DAL_WAS,DAL,63,0.015873015873015872,0.38095238095238093,-0.002205111747952005,-0.1631534452641499,1940.0,11,30.793650793650794,2017
2017_08_DAL_WAS,WAS,58,0.08620689655172414,0.7413793103448276,-0.1631534452641499,-0.002205111747952005,1476.0,13,25.448275862068964,2017
2017_08_DEN_KC,DEN,71,0.09859154929577464,0.5633802816901409,-0.23861365202127877,-0.2835708466743268,1773.0,14,24.971830985915492,2017
2017_08_DEN_KC,KC,58,0.0,0.5689655172413793,-0.2835708466743268,-0.23861365202127877,1625.0,14,28.017241379310345,2017
2017_08_HOU_SEA,HOU,68,0.11764705882352941,0.5,0.2337940658855776,0.1825462583939643,1740.0,14,25.58823529411765,2017
2017_08_HOU_SEA,SEA,62,0.03225806451612903,0.6935483870967742,0.1825462583939643,0.2337940658855776,1704.0,14,27.483870967741936,2017
2017_08_IND_CIN,CIN,51,0.0,0.6274509803921569,-0.0005790990451311147,-0.058999861669635834,1505.0,10,29.50980392156863,2017
2017_08_IND_CIN,IND,71,0.0,0.6056338028169014,-0.058999861669635834,-0.0005790990451311147,1922.0,12,27.070422535211268,2017
2017_08_LAC_NE,LAC,51,0.19607843137254902,0.5882352941176471,0.22523225523806784,0.11630666828150424,1305.0,11,25.58823529411765,2017
2017_08_LAC_NE,NE,80,0.025,0.6125,0.11630666828150424,0.22523225523806784,2160.0,10,27.0,2017
2017_08_LV_BUF,BUF,62,0.0,0.43548387096774194,0.16716731584357156,-0.0844606090792922,2045.0,12,32.983870967741936,2017
2017_08_LV_BUF,LV,62,0.25806451612903225,0.7741935483870968,-0.0844606090792922,0.16716731584357156,1388.0,11,22.387096774193548,2017
2017_08_MIA_BAL,BAL,59,0.05084745762711865,0.3728813559322034,0.0510077851201191,-0.5778926946917187,1781.0,12,30.1864406779661,2017
2017_08_MIA_BAL,MIA,66,0.13636363636363635,0.7121212121212122,-0.5778926946917187,0.0510077851201191,1562.0,14,23.666666666666668,2017
2017_08_MIN_CLE,CLE,59,0.2033898305084746,0.6271186440677966,-0.16358005415847782,-0.006060963822774516,1246.0,13,21.11864406779661,2017
2017_08_MIN_CLE,MIN,79,0.05063291139240506,0.5569620253164557,-0.006060963822774516,-0.16358005415847782,2197.0,14,27.810126582278482,2017
2017_08_PIT_DET,DET,69,0.37681159420289856,0.6811594202898551,-0.03595601408723446,0.05032999671471642,1827.0,11,26.47826086956522,2017
2017_08_PIT_DET,PIT,57,0.03508771929824561,0.543859649122807,0.05032999671471642,-0.03595601408723446,1588.0,12,27.859649122807017,2017
2017_08_SF_PHI,PHI,64,0.1875,0.546875,-0.048555843867868306,-0.3821802179546935,1870.0,13,29.21875,2017
2017_08_SF_PHI,SF,64,0.046875,0.625,-0.3821802179546935,-0.048555843867868306,1503.0,14,23.484375,2017
2017_09_ARI_SF,ARI,70,0.0,0.42857142857142855,-0.09526681371957711,-0.31192544199268696,2049.0,15,29.271428571428572,2017
2017_09_ARI_SF,SF,73,0.1506849315068493,0.7671232876712328,-0.31192544199268696,-0.09526681371957711,1300.0,14,17.80821917808219,2017
2017_09_ATL_CAR,ATL,57,0.21052631578947367,0.7017543859649122,-0.12559192450246598,-0.0308505302547873,1520.0,12,26.666666666666668,2017
2017_09_ATL_CAR,CAR,63,0.09523809523809523,0.3968253968253968,-0.0308505302547873,-0.12559192450246598,1878.0,12,29.80952380952381,2017
2017_09_BAL_TEN,BAL,76,0.13157894736842105,0.7105263157894737,0.017387314399436225,-0.09045719983173457,1865.0,11,24.539473684210527,2017
2017_09_BAL_TEN,TEN,49,0.08163265306122448,0.6122448979591837,-0.09045719983173457,0.017387314399436225,1521.0,12,31.040816326530614,2017
2017_09_BUF_NYJ,BUF,69,0.18840579710144928,0.6811594202898551,-0.2269533864475856,0.20686416812627048,1498.0,13,21.71014492753623,2017
2017_09_BUF_NYJ,NYJ,59,0.0,0.3559322033898305,0.20686416812627048,-0.2269533864475856,1908.0,14,32.33898305084746,2017
2017_09_CIN_JAX,CIN,35,0.02857142857142857,0.5714285714285714,-0.18277491187813194,0.13073812071199875,1056.0,10,30.17142857142857,2017
2017_09_CIN_JAX,JAX,77,0.025974025974025976,0.4935064935064935,0.13073812071199875,-0.18277491187813194,2384.0,8,30.961038961038962,2017
2017_09_DEN_PHI,DEN,59,0.0847457627118644,0.6779661016949152,-0.25813656357969267,0.2153525274998938,1711.0,12,29.0,2017
2017_09_DEN_PHI,PHI,66,0.10606060606060606,0.45454545454545453,0.2153525274998938,-0.25813656357969267,1735.0,14,26.28787878787879,2017
2017_09_DET_GB,DET,66,0.2727272727272727,0.5,0.18341789830424518,-0.03727822104762686,2184.0,8,33.09090909090909,2017
2017_09_DET_GB,GB,58,0.27586206896551724,0.7068965517241379,-0.03727822104762686,0.18341789830424518,1337.0,9,23.051724137931036,2017
2017_09_IND_HOU,HOU,67,0.14925373134328357,0.6865671641791045,-0.07968771395375007,-0.008118812391422729,1647.0,11,24.582089552238806,2017
2017_09_IND_HOU,IND,60,0.0,0.55,-0.008118812391422729,-0.07968771395375007,1773.0,12,29.55,2017
2017_09_KC_DAL,DAL,65,0.015384615384615385,0.5230769230769231,0.23571806594089534,0.040271150283707424,1832.0,9,28.184615384615384,2017
2017_09_KC_DAL,KC,55,0.16363636363636364,0.6545454545454545,0.040271150283707424,0.23571806594089534,1649.0,10,29.98181818181818,2017
2017_09_LA_NYG,LA,60,0.26666666666666666,0.36666666666666664,0.38277200204792805,-0.09211017415085213,1790.0,12,29.833333333333332,2017
2017_09_LA_NYG,NYG,65,0.13846153846153847,0.6153846153846154,-0.09211017415085213,0.38277200204792805,1654.0,13,25.446153846153845,2017
2017_09_LV_MIA,LV,55,0.01818181818181818,0.5636363636363636,0.13301180302323,0.13412938636701133,1753.0,12,31.87272727272727,2017
2017_09_LV_MIA,MIA,62,0.1774193548387097,0.6935483870967742,0.13412938636701133,0.13301180302323,1669.0,11,26.919354838709676,2017
2017_09_TB_NO,NO,57,0.0,0.49122807017543857,0.2254138494303739,-0.1793930982809063,1837.0,10,32.228070175438596,2017
2017_09_TB_NO,TB,55,0.0,0.5454545454545454,-0.1793930982809063,0.2254138494303739,1589.0,11,28.89090909090909,2017
2017_09_WAS_SEA,SEA,74,0.04054054054054054,0.6216216216216216,0.0071204824752900825,-0.2252519889725286,1854.0,14,25.054054054054053,2017
2017_09_WAS_SEA,WAS,60,0.0,0.6166666666666667,-0.2252519889725286,0.0071204824752900825,1569.0,13,26.15,2017
2017_10_CIN_TEN,CIN,48,0.020833333333333332,0.7083333333333334,-0.1382843595737616,-0.08837422990002769,1102.0,13,22.958333333333332,2017
2017_10_CIN_TEN,TEN,84,0.03571428571428571,0.5714285714285714,-0.08837422990002769,-0.1382843595737616,2313.0,13,27.535714285714285,2017
2017_10_CLE_DET,CLE,77,0.12987012987012986,0.5714285714285714,-0.05883544340662093,0.1998723731793866,1977.0,12,25.675324675324674,2017
2017_10_CLE_DET,DET,47,0.48936170212765956,0.6382978723404256,0.1998723731793866,-0.05883544340662093,1436.0,11,30.5531914893617,2017
2017_10_DAL_ATL,ATL,64,0.0,0.46875,0.08508665248134027,-0.1848814005757294,1876.0,10,29.3125,2017
2017_10_DAL_ATL,DAL,59,0.05084745762711865,0.6440677966101694,-0.1848814005757294,0.08508665248134027,1588.0,10,26.915254237288135,2017
2017_10_GB_CHI,CHI,57,0.05263157894736842,0.7017543859649122,-0.15822685147542254,0.12160334670964763,1454.0,11,25.50877192982456,2017
2017_10_GB_CHI,GB,64,0.0,0.4375,0.12160334670964763,-0.15822685147542254,1953.0,11,30.515625,2017
2017_10_HOU_LA,HOU,63,0.20634920634920634,0.6190476190476191,-0.3266632188348501,0.17309388789453956,1595.0,13,25.317460317460316,2017
2017_10_HOU_LA,LA,62,0.12903225806451613,0.6451612903225806,0.17309388789453956,-0.3266632188348501,1789.0,13,28.85483870967742,2017
2017_10_LAC_JAX,JAX,81,0.012345679012345678,0.6666666666666666,-0.051988684567667025,-0.07983292666696994,1977.0,17,24.40740740740741,2017
2017_10_LAC_JAX,LAC,65,0.16923076923076924,0.5538461538461539,-0.07983292666696994,-0.051988684567667025,1783.0,16,27.43076923076923,2017
2017_10_MIA_CAR,CAR,69,0.07246376811594203,0.5072463768115942,0.5244339206581045,0.1661101916386306,2076.0,10,30.08695652173913,2017
2017_10_MIA_CAR,MIA,52,0.1346153846153846,0.6923076923076923,0.1661101916386306,0.5244339206581045,1393.0,10,26.78846153846154,2017
2017_10_MIN_WAS,MIN,59,0.11864406779661017,0.5084745762711864,0.26259754381081557,0.053444502498637164,1656.0,11,28.06779661016949,2017
2017_10_MIN_WAS,WAS,72,0.08333333333333333,0.6388888888888888,0.053444502498637164,0.26259754381081557,1800.0,11,25.0,2017
2017_10_NE_DEN,DEN,60,0.05,0.55,0.03693513961275497,0.16109614893707727,1730.0,10,28.833333333333332,2017
2017_10_NE_DEN,NE,67,0.04477611940298507,0.5671641791044776,0.16109614893707727,0.03693513961275497,1757.0,10,26.223880597014926,2017
2017_10_NO_BUF,BUF,45,0.1111111111111111,0.6666666666666666,-0.24786636415115484,0.4264461963570459,1037.0,10,23.044444444444444,2017
2017_10_NO_BUF,NO,69,0.0,0.36231884057971014,0.4264461963570459,-0.24786636415115484,2405.0,11,34.85507246376812,2017
2017_10_NYG_SF,NYG,64,0.125,0.625,0.11768502413420101,0.29133893464922644,1778.0,10,27.78125,2017
2017_10_NYG_SF,SF,55,0.07272727272727272,0.45454545454545453,0.29133893464922644,0.11768502413420101,1680.0,10,30.545454545454547,2017
2017_10_NYJ_TB,NYJ,64,0.140625,0.703125,-0.1950395707761507,-0.1301082682378387,1574.0,12,24.59375,2017
2017_10_NYJ_TB,TB,66,0.0,0.5303030303030303,-0.1301082682378387,-0.1950395707761507,1817.0,12,27.53030303030303,2017
2017_10_PIT_IND,IND,55,0.0,0.4909090909090909,-0.0837575747492955,0.04011701257062822,1684.0,12,30.618181818181817,2017
2017_10_PIT_IND,PIT,63,0.12698412698412698,0.5238095238095238,0.04011701257062822,-0.0837575747492955,1697.0,12,26.936507936507937,2017
2017_10_SEA_ARI,ARI,71,0.08450704225352113,0.676056338028169,-0.2015705902106863,-0.05082761330491301,1668.0,13,23.492957746478872,2017
2017_10_SEA_ARI,SEA,58,0.0,0.6206896551724138,-0.05082761330491301,-0.2015705902106863,1741.0,13,30.017241379310345,2017
2017_11_ARI_HOU,ARI,54,0.0,0.6666666666666666,-0.11880949611113441,0.08242137863246214,1467.0,14,27.166666666666668,2017
2017_11_ARI_HOU,HOU,67,0.0,0.4925373134328358,0.08242137863246214,-0.11880949611113441,1938.0,13,28.925373134328357,2017
2017_11_ATL_SEA,ATL,56,0.017857142857142856,0.5,0.18384146422290826,0.05448176023958827,1780.0,11,31.785714285714285,2017
2017_11_ATL_SEA,SEA,69,0.07246376811594203,0.6666666666666666,0.05448176023958827,0.18384146422290826,1727.0,11,25.028985507246375,2017
2017_11_BAL_GB,BAL,56,0.017857142857142856,0.5535714285714286,-0.20002652981480024,-0.4716431856582028,1697.0,14,30.303571428571427,2017
2017_11_BAL_GB,GB,66,0.22727272727272727,0.6212121212121212,-0.4716431856582028,-0.20002652981480024,1703.0,13,25.803030303030305,2017
2017_11_BUF_LAC,BUF,62,0.0,0.6451612903225806,-0.23407488528936807,0.2522722063570138,1344.0,13,21.677419354838708,2017
2017_11_BUF_LAC,LAC,69,0.0,0.5362318840579711,0.2522722063570138,-0.23407488528936807,2091.0,12,30.304347826086957,2017
2017_11_CIN_DEN,CIN,51,0.0196078431372549,0.5294117647058824,-0.07284093148881254,-0.1636480327958129,1375.0,12,26.96078431372549,2017
2017_11_CIN_DEN,DEN,79,0.1518987341772152,0.569620253164557,-0.1636480327958129,-0.07284093148881254,2018.0,12,25.544303797468356,2017
2017_11_DET_CHI,CHI,61,0.01639344262295082,0.5081967213114754,0.11200933976232015,0.10584098096540322,1697.0,11,27.81967213114754,2017
2017_11_DET_CHI,DET,57,0.19298245614035087,0.5964912280701754,0.10584098096540322,0.11200933976232015,1774.0,10,31.12280701754386,2017
2017_11_JAX_CLE,CLE,54,0.05555555555555555,0.6851851851851852,-0.6364122166084761,-0.21102282058221797,1248.0,15,23.11111111111111,2017
2017_11_JAX_CLE,JAX,75,0.0,0.4266666666666667,-0.21102282058221797,-0.6364122166084761,2111.0,16,28.14666666666667,2017
2017_11_KC_NYG,KC,70,0.014285714285714285,0.5857142857142857,-0.09616185532989842,-0.052456004244405885,2124.0,12,30.34285714285714,2017
2017_11_KC_NYG,NYG,66,0.045454545454545456,0.5303030303030303,-0.052456004244405885,-0.09616185532989842,1761.0,12,26.681818181818183,2017
2017_11_LA_MIN,LA,54,0.5,0.7037037037037037,-0.12429260295774454,0.25168740713013393,1283.0,10,23.75925925925926,2017
2017_11_LA_MIN,MIN,72,0.08333333333333333,0.5277777777777778,0.25168740713013393,-0.12429260295774454,2193.0,10,30.458333333333332,2017
2017_11_NE_OAK,LV,71,0.2676056338028169,0.704225352112676,0.004323046779875054,0.3165266749790457,1872.0,9,26.366197183098592,2017
2017_11_NE_OAK,NE,58,0.1896551724137931,0.6551724137931034,0.3165266749790457,0.004323046779875054,1621.0,9,27.948275862068964,2017
2017_11_PHI_DAL,DAL,61,0.06557377049180328,0.5737704918032787,-0.3961119364250735,0.2973832942314952,1726.0,13,28.295081967213115,2017
2017_11_PHI_DAL,PHI,58,0.10344827586206896,0.46551724137931033,0.2973832942314952,-0.3961119364250735,1668.0,12,28.75862068965517,2017
2017_11_TB_MIA,MIA,58,0.05172413793103448,0.6724137931034483,0.14395460144177366,0.014225044465428605,1606.0,13,27.689655172413794,2017
2017_11_TB_MIA,TB,62,0.016129032258064516,0.6129032258064516,0.014225044465428605,0.14395460144177366,1834.0,12,29.580645161290324,2017
2017_11_TEN_PIT,PIT,66,0.3484848484848485,0.7272727272727273,0.16830118997339988,-0.1701897493202862,1856.0,12,28.12121212121212,2017
2017_11_TEN_PIT,TEN,57,0.03508771929824561,0.6842105263157895,-0.1701897493202862,0.16830118997339988,1582.0,13,27.75438596491228,2017
2017_11_WAS_NO,NO,66,0.09090909090909091,0.6363636363636364,0.29905318556463645,0.3635277991486274,1777.0,11,26.924242424242426,2017
2017_11_WAS_NO,WAS,65,0.015384615384615385,0.49230769230769234,0.3635277991486274,0.29905318556463645,1871.0,11,28.784615384615385,2017
2017_12_BUF_KC,BUF,66,0.0,0.4696969696969697,-0.11597985959054968,-0.30948038171202363,1883.0,13,28.53030303030303,2017
2017_12_BUF_KC,KC,56,0.017857142857142856,0.6785714285714286,-0.30948038171202363,-0.11597985959054968,1488.0,13,26.571428571428573,2017
2017_12_CAR_NYJ,CAR,65,0.0,0.49230769230769234,-0.062022804344513655,-0.07692591584312455,1812.0,12,27.876923076923077,2017
2017_12_CAR_NYJ,NYJ,63,0.015873015873015872,0.5873015873015873,-0.07692591584312455,-0.062022804344513655,1595.0,14,25.317460317460316,2017
2017_12_CHI_PHI,CHI,48,0.0625,0.7291666666666666,-0.4670854068152437,0.11732744263005605,1271.0,12,26.479166666666668,2017
2017_12_CHI_PHI,PHI,70,0.02857142857142857,0.5714285714285714,0.11732744263005605,-0.4670854068152437,2150.0,11,30.714285714285715,2017
2017_12_CLE_CIN,CIN,57,0.0,0.5087719298245614,0.19413644787351336,0.1236345358391351,1781.0,9,31.24561403508772,2017
2017_12_CLE_CIN,CLE,66,0.0,0.5303030303030303,0.1236345358391351,0.19413644787351336,1711.0,9,25.924242424242426,2017
2017_12_DEN_OAK,DEN,57,0.03508771929824561,0.7017543859649122,-0.1445982301565058,0.02686413337668776,1323.0,12,23.210526315789473,2017
2017_12_DEN_OAK,LV,60,0.06666666666666667,0.43333333333333335,0.02686413337668776,-0.1445982301565058,2064.0,12,34.4,2017
2017_12_GB_PIT,GB,54,0.018518518518518517,0.5555555555555556,0.14290065828609494,0.16519405627083478,1493.0,11,27.64814814814815,2017
2017_12_GB_PIT,PIT,71,0.23943661971830985,0.6619718309859155,0.16519405627083478,0.14290065828609494,1973.0,11,27.788732394366196,2017
2017_12_HOU_BAL,BAL,63,0.07936507936507936,0.5396825396825397,-0.0622531154934615,-0.14711532153431722,1673.0,12,26.555555555555557,2017
2017_12_HOU_BAL,HOU,64,0.34375,0.609375,-0.14711532153431722,-0.0622531154934615,1732.0,12,27.0625,2017
2017_12_JAX_ARI,ARI,70,0.0,0.5714285714285714,-0.11424892851912481,-0.25433707980721687,1978.0,16,28.257142857142856,2017
2017_12_JAX_ARI,JAX,57,0.14035087719298245,0.6140350877192983,-0.25433707980721687,-0.11424892851912481,1424.0,14,24.982456140350877,2017
2017_12_LAC_DAL,DAL,50,0.32,0.6,-0.2117360727616811,0.40439546922165404,1366.0,8,27.32,2017
2017_12_LAC_DAL,LAC,62,0.016129032258064516,0.532258064516129,0.40439546922165404,-0.2117360727616811,2094.0,8,33.774193548387096,2017
2017_12_MIA_NE,MIA,59,0.05084745762711865,0.6779661016949152,-0.27392044827382717,0.13312518435539317,1561.0,11,26.45762711864407,2017
2017_12_MIA_NE,NE,63,0.047619047619047616,0.4603174603174603,0.13312518435539317,-0.27392044827382717,1887.0,13,29.952380952380953,2017
2017_12_MIN_DET,DET,53,0.3584905660377358,0.7169811320754716,-0.09775950367461093,0.18973840796211716,1438.0,11,27.132075471698112,2017
2017_12_MIN_DET,MIN,70,0.12857142857142856,0.45714285714285713,0.18973840796211716,-0.09775950367461093,2000.0,12,28.571428571428573,2017
2017_12_NO_LA,LA,69,0.13043478260869565,0.6811594202898551,0.10365668593354407,0.03932390532852423,2037.0,12,29.52173913043478,2017
2017_12_NO_LA,NO,52,0.0,0.6730769230769231,0.03932390532852423,0.10365668593354407,1389.0,11,26.71153846153846,2017
2017_12_NYG_WAS,NYG,55,0.07272727272727272,0.5818181818181818,-0.36552125477539515,-0.1477211141537709,1397.0,13,25.4,2017
2017_12_NYG_WAS,WAS,66,0.030303030303030304,0.5606060606060606,-0.1477211141537709,-0.36552125477539515,1953.0,14,29.59090909090909,2017
2017_12_SEA_SF,SEA,63,0.031746031746031744,0.5396825396825397,0.03370186160842998,-0.17958583948123125,1705.0,13,27.063492063492063,2017
2017_12_SEA_SF,SF,65,0.12307692307692308,0.6307692307692307,-0.17958583948123125,0.03370186160842998,1746.0,13,26.861538461538462,2017
2017_12_TB_ATL,ATL,63,0.047619047619047616,0.5555555555555556,0.3186168431112783,0.07142485354559698,1767.0,9,28.047619047619047,2017
2017_12_TB_ATL,TB,68,0.04411764705882353,0.6617647058823529,0.07142485354559698,0.3186168431112783,1723.0,9,25.33823529411765,2017
2017_12_TEN_IND,IND,61,0.03278688524590164,0.6065573770491803,-0.15192810625825776,-0.028790502126081786,1810.0,10,29.672131147540984,2017
2017_12_TEN_IND,TEN,51,0.0196078431372549,0.49019607843137253,-0.028790502126081786,-0.15192810625825776,1600.0,11,31.372549019607842,2017
2017_13_CAR_NO,CAR,53,0.0,0.5660377358490566,-0.022203097797184573,0.21920349044346843,1531.0,11,28.88679245283019,2017
2017_13_CAR_NO,NO,60,0.0,0.5833333333333334,0.21920349044346843,-0.022203097797184573,1897.0,12,31.616666666666667,2017
2017_13_CLE_LAC,CLE,57,0.0,0.6140350877192983,-0.11307639249665631,0.20685282082568987,1445.0,8,25.350877192982455,2017
2017_13_CLE_LAC,LAC,67,0.0,0.6567164179104478,0.20685282082568987,-0.11307639249665631,2021.0,9,30.16417910447761,2017
2017_13_DEN_MIA,DEN,66,0.18181818181818182,0.6515151515151515,-0.4268858692084759,-0.06752230072608235,1413.0,17,21.40909090909091,2017
2017_13_DEN_MIA,MIA,63,0.047619047619047616,0.5238095238095238,-0.06752230072608235,-0.4268858692084759,1930.0,16,30.634920634920636,2017
2017_13_DET_BAL,BAL,63,0.015873015873015872,0.5873015873015873,0.14322222473569485,-0.08700412028179946,1705.0,13,27.063492063492063,2017
2017_13_DET_BAL,DET,61,0.4262295081967213,0.6065573770491803,-0.08700412028179946,0.14322222473569485,1718.0,13,28.16393442622951,2017
2017_13_HOU_TEN,HOU,73,0.0547945205479452,0.7123287671232876,0.06557156412596621,0.24201662988818376,1962.0,11,26.876712328767123,2017
2017_13_HOU_TEN,TEN,50,0.0,0.5,0.24201662988818376,0.06557156412596621,1520.0,9,30.4,2017
2017_13_IND_JAX,IND,64,0.03125,0.59375,-0.02771016225387977,0.3267740882717855,1514.0,9,23.65625,2017
2017_13_IND_JAX,JAX,66,0.0,0.5909090909090909,0.3267740882717855,-0.02771016225387977,1966.0,9,29.78787878787879,2017
2017_13_KC_NYJ,KC,46,0.043478260869565216,0.7608695652173914,0.40835654895608386,0.2613089398959196,1003.0,10,21.804347826086957,2017
2017_13_KC_NYJ,NYJ,84,0.047619047619047616,0.42857142857142855,0.2613089398959196,0.40835654895608386,2521.0,10,30.011904761904763,2017
2017_13_LA_ARI,ARI,62,0.08064516129032258,0.6129032258064516,-0.18810781301635585,-0.07017216482333964,1741.0,12,28.080645161290324,2017
2017_13_LA_ARI,LA,56,0.10714285714285714,0.5714285714285714,-0.07017216482333964,-0.18810781301635585,1683.0,11,30.053571428571427,2017
2017_13_MIN_ATL,ATL,51,0.0,0.5686274509803921,-0.04208217888956502,0.06880611238530113,1502.0,8,29.45098039215686,2017
2017_13_MIN_ATL,MIN,60,0.06666666666666667,0.5333333333333333,0.06880611238530113,-0.04208217888956502,1951.0,9,32.516666666666666,2017
2017_13_NE_BUF,BUF,64,0.109375,0.59375,-0.25352481019469225,0.27724022324076014,1484.0,10,23.1875,2017
2017_13_NE_BUF,NE,65,0.0,0.49230769230769234,0.27724022324076014,-0.25352481019469225,1957.0,10,30.107692307692307,2017
2017_13_NYG_OAK,LV,65,0.03076923076923077,0.5692307692307692,0.0015519225064215812,-0.20685880095258088,1774.0,13,27.29230769230769,2017
2017_13_NYG_OAK,NYG,60,0.11666666666666667,0.6,-0.20685880095258088,0.0015519225064215812,1643.0,12,27.383333333333333,2017
2017_13_PHI_SEA,PHI,74,0.13513513513513514,0.6486486486486487,0.004331042383867198,0.22923954605089417,1849.0,10,24.986486486486488,2017
2017_13_PHI_SEA,SEA,56,0.0,0.5714285714285714,0.22923954605089417,0.004331042383867198,1637.0,10,29.232142857142858,2017
2017_13_PIT_CIN,CIN,60,0.0,0.6333333333333333,0.2134334405100013,0.1899939445113392,1754.0,9,29.233333333333334,2017
2017_13_PIT_CIN,PIT,62,0.0,0.6451612903225806,0.1899939445113392,0.2134334405100013,1730.0,10,27.903225806451612,2017
2017_13_SF_CHI,CHI,36,0.0,0.4722222222222222,-0.11383302337123566,0.09865441020604468,1196.0,8,33.22222222222222,2017
2017_13_SF_CHI,SF,71,0.16901408450704225,0.5352112676056338,0.09865441020604468,-0.11383302337123566,2258.0,8,31.802816901408452,2017
2017_13_TB_GB,GB,51,0.0,0.45098039215686275,0.13764439722376695,-0.0039305063846919236,1521.0,11,29.823529411764707,2017
2017_13_TB_GB,TB,74,0.0945945945945946,0.527027027027027,-0.0039305063846919236,0.13764439722376695,2175.0,10,29.39189189189189,2017
2017_13_WAS_DAL,DAL,65,0.2,0.35384615384615387,0.046374693200349947,-0.016709682207165302,1893.0,11,29.123076923076923,2017
2017_13_WAS_DAL,WAS,59,0.13559322033898305,0.6779661016949152,-0.016709682207165302,0.046374693200349947,1520.0,11,25.76271186440678,2017
2017_14_BAL_PIT,BAL,60,0.08333333333333333,0.5666666666666667,0.3104679634558671,0.2402006095858716,1512.0,12,25.2,2017
2017_14_BAL_PIT,PIT,84,0.40476190476190477,0.7976190476190477,0.2402006095858716,0.3104679634558671,1993.0,11,23.726190476190474,2017
2017_14_CHI_CIN,CHI,71,0.0,0.4647887323943662,0.2174463854303432,-0.25909059417562497,2247.0,11,31.64788732394366,2017
2017_14_CHI_CIN,CIN,53,0.0,0.7547169811320755,-0.25909059417562497,0.2174463854303432,1208.0,11,22.79245283018868,2017
2017_14_DAL_NYG,DAL,58,0.1206896551724138,0.5172413793103449,0.35002248996120394,-0.07563829620046757,1529.0,13,26.362068965517242,2017
2017_14_DAL_NYG,NYG,75,0.5333333333333333,0.6133333333333333,-0.07563829620046757,0.35002248996120394,1881.0,12,25.08,2017
2017_14_DET_TB,DET,62,0.16129032258064516,0.7096774193548387,0.09015414974437524,-0.029092344769143165,1719.0,12,27.725806451612904,2017
2017_14_DET_TB,TB,68,0.10294117647058823,0.6029411764705882,-0.029092344769143165,0.09015414974437524,1717.0,13,25.25,2017
2017_14_GB_CLE,CLE,56,0.125,0.5357142857142857,0.16166932344857274,0.14468458577747997,1627.0,10,29.053571428571427,2017
2017_14_GB_CLE,GB,72,0.08333333333333333,0.6388888888888888,0.14468458577747997,0.16166932344857274,2113.0,10,29.34722222222222,2017
2017_14_IND_BUF,BUF,65,0.015384615384615385,0.23076923076923078,-0.13153154994472593,-0.14436447647595643,1858.0,13,28.584615384615386,2017
2017_14_IND_BUF,IND,66,0.0,0.3181818181818182,-0.14436447647595643,-0.13153154994472593,2061.0,12,31.227272727272727,2017
2017_14_LV_KC,KC,70,0.02857142857142857,0.5428571428571428,0.1322331151043173,-0.15922389688511515,2090.0,13,29.857142857142858,2017
2017_14_LV_KC,LV,56,0.017857142857142856,0.8035714285714286,-0.15922389688511515,0.1322331151043173,1293.0,12,23.089285714285715,2017
2017_14_MIN_CAR,CAR,60,0.13333333333333333,0.45,0.1285162030317811,-0.10365902121239826,1753.0,14,29.216666666666665,2017
2017_14_MIN_CAR,MIN,72,0.3194444444444444,0.7083333333333334,-0.10365902121239826,0.1285162030317811,1642.0,13,22.805555555555557,2017
2017_14_NE_MIA,MIA,67,0.04477611940298507,0.5970149253731343,0.04494756637929011,-0.20017952194513647,2036.0,14,30.388059701492537,2017
2017_14_NE_MIA,NE,55,0.01818181818181818,0.8181818181818182,-0.20017952194513647,0.04494756637929011,1339.0,13,24.345454545454544,2017
2017_14_NO_ATL,ATL,63,0.047619047619047616,0.4444444444444444,-0.01043263667869429,0.042778126773040714,1971.0,10,31.285714285714285,2017
2017_14_NO_ATL,NO,52,0.0,0.7115384615384616,0.042778126773040714,-0.01043263667869429,1466.0,10,28.192307692307693,2017
2017_14_NYJ_DEN,DEN,67,0.0,0.4925373134328358,-0.06581726759912286,-0.5854459055113496,2160.0,12,32.23880597014925,2017
2017_14_NYJ_DEN,NYJ,47,0.1276595744680851,0.5319148936170213,-0.5854459055113496,-0.06581726759912286,1206.0,12,25.659574468085108,2017
2017_14_PHI_LA,LA,44,0.06818181818181818,0.6363636363636364,0.0322058351418393,0.13874981261529842,1191.0,12,27.068181818181817,2017
2017_14_PHI_LA,PHI,84,0.011904761904761904,0.6190476190476191,0.13874981261529842,0.0322058351418393,2291.0,13,27.273809523809526,2017
2017_14_SEA_JAX,JAX,61,0.01639344262295082,0.4426229508196721,0.2247531222751557,0.10766766958781523,1880.0,14,30.81967213114754,2017
2017_14_SEA_JAX,SEA,55,0.07272727272727272,0.5636363636363636,0.10766766958781523,0.2247531222751557,1527.0,13,27.763636363636362,2017
2017_14_SF_HOU,HOU,63,0.0,0.6349206349206349,-0.07366911675575534,0.10865420536141322,1425.0,12,22.61904761904762,2017
2017_14_SF_HOU,SF,61,0.0,0.5409836065573771,0.10865420536141322,-0.07366911675575534,1996.0,13,32.721311475409834,2017
2017_14_TEN_ARI,ARI,61,0.03278688524590164,0.5573770491803278,-0.11014209067870469,-0.31782654551493505,1901.0,12,31.16393442622951,2017
2017_14_TEN_ARI,TEN,55,0.07272727272727272,0.6,-0.31782654551493505,-0.11014209067870469,1472.0,12,26.763636363636362,2017
2017_14_WAS_LAC,LAC,71,0.0,0.5070422535211268,0.032605166248028214,-0.31512128669106,2031.0,13,28.6056338028169,2017
2017_14_WAS_LAC,WAS,50,0.0,0.58,-0.31512128669106,0.032605166248028214,1363.0,12,27.26,2017
2017_15_ARI_WAS,ARI,78,0.038461538461538464,0.5641025641025641,-0.18639132974538777,-0.13990195676843756,2041.0,13,26.166666666666668,2017
2017_15_ARI_WAS,WAS,46,0.043478260869565216,0.5869565217391305,-0.13990195676843756,-0.18639132974538777,1325.0,13,28.804347826086957,2017
2017_15_ATL_TB,ATL,67,0.11940298507462686,0.47761194029850745,0.24228782465418688,0.2539548806780912,1944.0,9,29.01492537313433,2017
2017_15_ATL_TB,TB,53,0.1509433962264151,0.660377358490566,0.2539548806780912,0.24228782465418688,1532.0,10,28.90566037735849,2017
2017_15_BAL_CLE,BAL,72,0.013888888888888888,0.5972222222222222,0.047684912909680216,-0.34760419584430713,2114.0,11,29.36111111111111,2017
2017_15_BAL_CLE,CLE,57,0.017543859649122806,0.6666666666666666,-0.34760419584430713,0.047684912909680216,1268.0,12,22.24561403508772,2017
2017_15_CHI_DET,CHI,63,0.06349206349206349,0.7619047619047619,-0.04775924287836102,0.029318389343953248,1778.0,10,28.22222222222222,2017
2017_15_CHI_DET,DET,56,0.5,0.6607142857142857,0.029318389343953248,-0.04775924287836102,1663.0,11,29.696428571428573,2017
2017_15_CIN_MIN,CIN,51,0.0196078431372549,0.6078431372549019,-0.5217054442158163,0.040873573533080285,1347.0,13,26.41176470588235,2017
2017_15_CIN_MIN,MIN,58,0.08620689655172414,0.46551724137931033,0.040873573533080285,-0.5217054442158163,2004.0,13,34.55172413793103,2017
2017_15_DAL_OAK,DAL,59,0.0847457627118644,0.4915254237288136,0.06461572121274374,0.035387205242091845,1877.0,9,31.8135593220339,2017
2017_15_DAL_OAK,LV,61,0.09836065573770492,0.6229508196721312,0.035387205242091845,0.06461572121274374,1606.0,9,26.327868852459016,2017
2017_15_DEN_IND,DEN,73,0.0821917808219178,0.3972602739726027,0.2326744825453431,-0.0385213629640614,2172.0,9,29.753424657534246,2017
2017_15_DEN_IND,IND,52,0.038461538461538464,0.5961538461538461,-0.0385213629640614,0.2326744825453431,1319.0,9,25.365384615384617,2017
2017_15_GB_CAR,CAR,67,0.208955223880597,0.47761194029850745,0.1827057617572646,0.10844735921823799,1948.0,12,29.074626865671643,2017
2017_15_GB_CAR,GB,65,0.27692307692307694,0.7076923076923077,0.10844735921823799,0.1827057617572646,1497.0,11,23.03076923076923,2017
2017_15_HOU_JAX,HOU,56,0.0,0.625,-0.27889464940581105,0.2576500206107768,1492.0,14,26.642857142857142,2017
2017_15_HOU_JAX,JAX,66,0.0,0.45454545454545453,0.2576500206107768,-0.27889464940581105,1908.0,14,28.90909090909091,2017
2017_15_LAC_KC,KC,63,0.031746031746031744,0.49206349206349204,0.20273097470215337,-0.1509766137753641,1958.0,10,31.07936507936508,2017
2017_15_LAC_KC,LAC,60,0.08333333333333333,0.6333333333333333,-0.1509766137753641,0.20273097470215337,1511.0,11,25.183333333333334,2017
2017_15_LA_SEA,LA,68,0.014705882352941176,0.36764705882352944,0.033671066497153304,-0.4665619446086364,2142.0,14,31.5,2017
2017_15_LA_SEA,SEA,53,0.1509433962264151,0.6792452830188679,-0.4665619446086364,0.033671066497153304,1201.0,15,22.660377358490567,2017
2017_15_MIA_BUF,BUF,60,0.06666666666666667,0.5166666666666667,0.07658027682477955,-0.08521372275394674,1569.0,12,26.15,2017
2017_15_MIA_BUF,MIA,73,0.1095890410958904,0.7123287671232876,-0.08521372275394674,0.07658027682477955,1828.0,12,25.041095890410958,2017
2017_15_NE_PIT,NE,54,0.037037037037037035,0.6851851851851852,0.2549721066866371,0.24878101071366146,1430.0,10,26.48148148148148,2017
2017_15_NE_PIT,PIT,63,0.12698412698412698,0.5079365079365079,0.24878101071366146,0.2549721066866371,2067.0,9,32.80952380952381,2017
2017_15_NYJ_NO,NO,63,0.0,0.5714285714285714,0.09723482159373491,-0.07418222777899888,1682.0,13,26.6984126984127,2017
2017_15_NYJ_NO,NYJ,69,0.11594202898550725,0.5942028985507246,-0.07418222777899888,0.09723482159373491,1761.0,13,25.52173913043478,2017
2017_15_PHI_NYG,NYG,81,0.5925925925925926,0.7160493827160493,0.15653075225501342,0.12431563337250094,1682.0,12,20.765432098765434,2017
2017_15_PHI_NYG,PHI,65,0.06153846153846154,0.6,0.12431563337250094,0.15653075225501342,1776.0,12,27.323076923076922,2017
2017_15_TEN_SF,SF,67,0.13432835820895522,0.6716417910447762,0.14718025787060388,0.10419551758122364,1888.0,9,28.17910447761194,2017
2017_15_TEN_SF,TEN,62,0.3548387096774194,0.5483870967741935,0.10419551758122364,0.14718025787060388,1603.0,8,25.85483870967742,2017
2017_16_ATL_NO,ATL,60,0.06666666666666667,0.6833333333333333,-0.13591007574670103,-0.07547980781541402,1472.0,13,24.533333333333335,2017
2017_16_ATL_NO,NO,57,0.0,0.5087719298245614,-0.07547980781541402,-0.13591007574670103,1945.0,12,34.12280701754386,2017
2017_16_BUF_NE,BUF,68,0.07352941176470588,0.6470588235294118,-0.10999884144572177,0.21049326185021863,1638.0,9,24.08823529411765,2017
2017_16_BUF_NE,NE,66,0.07575757575757576,0.45454545454545453,0.21049326185021863,-0.10999884144572177,1838.0,10,27.848484848484848,2017
2017_16_CLE_CHI,CHI,58,0.034482758620689655,0.46551724137931033,-0.039641362547254325,-0.3903741761903655,1871.0,12,32.258620689655174,2017
2017_16_CLE_CHI,CLE,57,0.03508771929824561,0.6491228070175439,-0.3903741761903655,-0.039641362547254325,1485.0,12,26.05263157894737,2017
2017_16_DEN_WAS,DEN,71,0.09859154929577464,0.5915492957746479,-0.23253213230347936,0.022042944159745566,1728.0,13,24.338028169014084,2017
2017_16_DEN_WAS,WAS,64,0.015625,0.578125,0.022042944159745566,-0.23253213230347936,1664.0,13,26.0,2017
2017_16_DET_CIN,CIN,76,0.0,0.5789473684210527,0.005458736951912966,-0.09471450105361094,1861.0,12,24.486842105263158,2017
2017_16_DET_CIN,DET,59,0.0,0.6271186440677966,-0.09471450105361094,0.005458736951912966,1585.0,11,26.864406779661017,2017
2017_16_IND_BAL,BAL,68,0.029411764705882353,0.5735294117647058,0.13622855513099807,0.031184252369267137,2067.0,9,30.397058823529413,2017
2017_16_IND_BAL,IND,59,0.06779661016949153,0.5932203389830508,0.031184252369267137,0.13622855513099807,1403.0,9,23.779661016949152,2017
2017_16_JAX_SF,JAX,80,0.1125,0.65,0.012937989239187063,0.28077471542395066,1758.0,13,21.975,2017
2017_16_JAX_SF,SF,65,0.1076923076923077,0.47692307692307695,0.28077471542395066,0.012937989239187063,1710.0,12,26.307692307692307,2017
2017_16_LAC_NYJ,LAC,69,0.057971014492753624,0.5652173913043478,0.048449972927441916,-0.2660791955238525,1866.0,13,27.043478260869566,2017
2017_16_LAC_NYJ,NYJ,61,0.0,0.5081967213114754,-0.2660791955238525,0.048449972927441916,1520.0,14,24.918032786885245,2017
2017_16_LA_TEN,LA,65,0.06153846153846154,0.6153846153846154,0.10165029236273782,-0.048695671688552544,1688.0,13,25.96923076923077,2017
2017_16_LA_TEN,TEN,66,0.15151515151515152,0.6060606060606061,-0.048695671688552544,0.10165029236273782,1714.0,11,25.96969696969697,2017
2017_16_LV_PHI,LV,62,0.0,0.4838709677419355,-0.5558358757238614,-0.3792121131437481,1949.0,15,31.43548387096774,2017
2017_16_LV_PHI,PHI,61,0.06557377049180328,0.6557377049180327,-0.3792121131437481,-0.5558358757238614,1439.0,14,23.59016393442623,2017
2017_16_MIA_KC,KC,72,0.0,0.5555555555555556,0.14115610145659138,-0.11317902724371051,2206.0,11,30.63888888888889,2017
2017_16_MIA_KC,MIA,52,0.09615384615384616,0.7115384615384616,-0.11317902724371051,0.14115610145659138,1265.0,11,24.326923076923077,2017
2017_16_MIN_GB,GB,64,0.109375,0.625,-0.3873491821228859,-0.12053195377255202,1610.0,12,25.15625,2017
2017_16_MIN_GB,MIN,58,0.10344827586206896,0.4827586206896552,-0.12053195377255202,-0.3873491821228859,1781.0,12,30.70689655172414,2017
2017_16_NYG_ARI,ARI,63,0.031746031746031744,0.5873015873015873,-0.13876348174441905,-0.4317403935245373,1879.0,13,29.825396825396826,2017
2017_16_NYG_ARI,NYG,66,0.4090909090909091,0.696969696969697,-0.4317403935245373,-0.13876348174441905,1490.0,14,22.575757575757574,2017
2017_16_PIT_HOU,HOU,52,0.0,0.46153846153846156,-0.24765824265348418,0.1986600818197579,1643.0,10,31.596153846153847,2017
2017_16_PIT_HOU,PIT,55,0.0,0.5454545454545454,0.1986600818197579,-0.24765824265348418,1778.0,11,32.32727272727273,2017
2017_16_SEA_DAL,DAL,67,0.07462686567164178,0.5522388059701493,-0.12137110926903678,-0.14017091476715746,1894.0,11,28.26865671641791,2017
2017_16_SEA_DAL,SEA,51,0.0196078431372549,0.47058823529411764,-0.14017091476715746,-0.12137110926903678,1535.0,11,30.098039215686274,2017
2017_16_TB_CAR,CAR,58,0.3275862068965517,0.4827586206896552,-0.12535131418415205,-0.07252883449195324,1756.0,11,30.275862068965516,2017
2017_16_TB_CAR,TB,57,0.017543859649122806,0.5789473684210527,-0.07252883449195324,-0.12535131418415205,1720.0,10,30.17543859649123,2017
2017_17_ARI_SEA,ARI,67,0.0,0.5223880597014925,-0.12504705832789345,-0.03198322588599365,1810.0,14,27.01492537313433,2017
2017_17_ARI_SEA,SEA,54,0.018518518518518517,0.5925925925925926,-0.03198322588599365,-0.12504705832789345,1546.0,14,28.62962962962963,2017
2017_17_BUF_MIA,BUF,62,0.03225806451612903,0.5,0.10100994131532796,0.03156918115909762,1774.0,11,28.612903225806452,2017
2017_17_BUF_MIA,MIA,67,0.029850746268656716,0.6716417910447762,0.03156918115909762,0.10100994131532796,1664.0,11,24.83582089552239,2017
2017_17_CAR_ATL,ATL,70,0.014285714285714285,0.6428571428571429,0.054327743444674316,-0.30277697818459726,2006.0,13,28.65714285714286,2017
2017_17_CAR_ATL,CAR,59,0.05084745762711865,0.5932203389830508,-0.30277697818459726,0.054327743444674316,1423.0,12,24.11864406779661,2017
2017_17_CHI_MIN,CHI,51,0.0,0.7058823529411765,-0.3630915520938161,0.041715158557205846,1341.0,11,26.294117647058822,2017
2017_17_CHI_MIN,MIN,65,0.07692307692307693,0.47692307692307695,0.041715158557205846,-0.3630915520938161,2041.0,13,31.4,2017
2017_17_CIN_BAL,BAL,74,0.02702702702702703,0.6486486486486487,-0.23525660283525457,-0.041147802720403,1772.0,15,23.945945945945947,2017
2017_17_CIN_BAL,CIN,72,0.3611111111111111,0.6111111111111112,-0.041147802720403,-0.23525660283525457,1615.0,15,22.430555555555557,2017
2017_17_CLE_PIT,CLE,63,0.015873015873015872,0.5714285714285714,-0.021376553496790872,-0.1036167637324398,1773.0,12,28.142857142857142,2017
2017_17_CLE_PIT,PIT,57,0.17543859649122806,0.5263157894736842,-0.1036167637324398,-0.021376553496790872,1675.0,13,29.385964912280702,2017
2017_17_DAL_PHI,DAL,63,0.047619047619047616,0.49206349206349204,-0.11248641284536241,-0.36788218966978403,1727.0,11,27.41269841269841,2017
2017_17_DAL_PHI,PHI,55,0.03636363636363636,0.6727272727272727,-0.36788218966978403,-0.11248641284536241,1708.0,12,31.054545454545455,2017
2017_17_GB_DET,DET,54,0.5185185185185185,0.5925925925925926,0.21480836659826927,-0.19238653013494786,1604.0,14,29.703703703703702,2017
2017_17_GB_DET,GB,62,0.0967741935483871,0.5645161290322581,-0.19238653013494786,0.21480836659826927,1778.0,13,28.677419354838708,2017
2017_17_HOU_IND,HOU,53,0.0,0.49056603773584906,-0.08395327369127269,0.049709872570671394,1658.0,10,31.28301886792453,2017
2017_17_HOU_IND,IND,60,0.0,0.43333333333333335,0.049709872570671394,-0.08395327369127269,1823.0,9,30.383333333333333,2017
2017_17_JAX_TEN,JAX,60,0.06666666666666667,0.6,-0.3003954684348533,-0.3264498721142588,1487.0,12,24.783333333333335,2017
2017_17_JAX_TEN,TEN,62,0.0,0.3870967741935484,-0.3264498721142588,-0.3003954684348533,1880.0,15,30.322580645161292,2017
2017_17_KC_DEN,DEN,65,0.27692307692307694,0.5538461538461539,-0.0923023658255525,0.07487598007113304,1796.0,10,27.630769230769232,2017
2017_17_KC_DEN,KC,63,0.0,0.5873015873015873,0.07487598007113304,-0.0923023658255525,1668.0,11,26.476190476190474,2017
2017_17_LV_LAC,LAC,65,0.09230769230769231,0.5692307692307692,0.36971457271471747,-0.13663613945951886,1930.0,10,29.692307692307693,2017
2017_17_LV_LAC,LV,53,0.018867924528301886,0.5660377358490566,-0.13663613945951886,0.36971457271471747,1515.0,10,28.58490566037736,2017
2017_17_NO_TB,NO,58,0.0,0.5517241379310345,0.13297212438908307,0.1627758578953528,1657.0,10,28.56896551724138,2017
2017_17_NO_TB,TB,82,0.12195121951219512,0.6585365853658537,0.1627758578953528,0.13297212438908307,1801.0,10,21.963414634146343,2017
2017_17_NYJ_NE,NE,79,0.08860759493670886,0.5189873417721519,-0.037366144478745984,-0.15982065111048463,2019.0,12,25.556962025316455,2017
2017_17_NYJ_NE,NYJ,57,0.03508771929824561,0.6842105263157895,-0.15982065111048463,-0.037366144478745984,1375.0,13,24.12280701754386,2017
2017_17_SF_LA,LA,63,0.047619047619047616,0.5873015873015873,-0.2476087064965063,0.11921589970087193,1763.0,12,27.984126984126984,2017
2017_17_SF_LA,SF,61,0.06557377049180328,0.5409836065573771,0.11921589970087193,-0.2476087064965063,1655.0,12,27.131147540983605,2017
2017_17_WAS_NYG,NYG,72,0.4861111111111111,0.4305555555555556,-0.023976021830134704,-0.3727338189676716,1771.0,15,24.59722222222222,2017
2017_17_WAS_NYG,WAS,56,0.05357142857142857,0.7142857142857143,-0.3727338189676716,-0.023976021830134704,1547.0,15,27.625,2017
2018_01_ATL_PHI,ATL,64,0.078125,0.71875,-0.13363004531551492,-0.08062023166060685,1586.0,12,24.78125,2018
2018_01_ATL_PHI,PHI,64,0.109375,0.578125,-0.08062023166060685,-0.13363004531551492,1854.0,11,28.96875,2018
2018_01_BUF_BAL,BAL,75,0.08,0.5466666666666666,0.03250598088567185,-0.6453662481692282,2040.0,14,27.2,2018
2018_01_BUF_BAL,BUF,61,0.22950819672131148,0.639344262295082,-0.6453662481692282,0.03250598088567185,1341.0,15,21.983606557377048,2018
2018_01_CHI_GB,CHI,66,0.030303030303030304,0.5909090909090909,-0.05034106142651111,0.0047033795074648025,1942.0,10,29.424242424242426,2018
2018_01_CHI_GB,GB,58,0.27586206896551724,0.6896551724137931,0.0047033795074648025,-0.05034106142651111,1493.0,12,25.74137931034483,2018
2018_01_CIN_IND,CIN,50,0.12,0.6,0.048554270913044206,-0.05502653260336222,1582.0,10,31.64,2018
2018_01_CIN_IND,IND,77,0.22077922077922077,0.7142857142857143,-0.05502653260336222,0.048554270913044206,1889.0,11,24.532467532467532,2018
2018_01_DAL_CAR,CAR,58,0.034482758620689655,0.4827586206896552,-0.014960311204385388,-0.12287779281006707,1728.0,11,29.79310344827586,2018
2018_01_DAL_CAR,DAL,57,0.22807017543859648,0.6140350877192983,-0.12287779281006707,-0.014960311204385388,1673.0,11,29.350877192982455,2018
2018_01_HOU_NE,HOU,70,0.2857142857142857,0.5285714285714286,-0.135736443946728,0.05413184387466209,1641.0,15,23.442857142857143,2018
2018_01_HOU_NE,NE,72,0.06944444444444445,0.5694444444444444,0.05413184387466209,-0.135736443946728,1788.0,13,24.833333333333332,2018
2018_01_JAX_NYG,JAX,59,0.0,0.559322033898305,-0.000961653718897804,-0.2295736128924999,1671.0,14,28.322033898305083,2018
2018_01_JAX_NYG,NYG,63,0.09523809523809523,0.6190476190476191,-0.2295736128924999,-0.000961653718897804,1728.0,12,27.428571428571427,2018
2018_01_KC_LAC,KC,55,0.0,0.509090909090909,0.2320767193702703,0.3098687078088459,1470.0,11,26.727272727272727,2018
2018_01_KC_LAC,LAC,77,0.0,0.7012987012987013,0.3098687078088459,0.2320767193702703,1996.0,11,25.92207792207792,2018
2018_01_LA_OAK,LA,59,0.15254237288135594,0.576271186440678,0.13307428732833446,-0.08435633572655446,1660.0,10,28.135593220338983,2018
2018_01_LA_OAK,LV,63,0.19047619047619047,0.6349206349206349,-0.08435633572655446,0.13307428732833446,1805.0,11,28.650793650793652,2018
2018_01_NYJ_DET,DET,66,0.5,0.7878787878787878,-0.33204395509982526,0.1691452766706685,1464.0,14,22.181818181818183,2018
2018_01_NYJ_DET,NYJ,54,0.0,0.42592592592592593,0.1691452766706685,-0.33204395509982526,1928.0,12,35.7037037037037,2018
2018_01_PIT_CLE,CLE,84,0.05952380952380952,0.5476190476190477,-0.10856969852554155,-0.1495155501092445,1935.0,19,23.035714285714285,2018
2018_01_PIT_CLE,PIT,79,0.0759493670886076,0.569620253164557,-0.1495155501092445,-0.10856969852554155,1969.0,19,24.924050632911392,2018
2018_01_SEA_DEN,DEN,72,0.06944444444444445,0.5555555555555556,-0.04352970687692571,-0.08167208950699288,2005.0,14,27.84722222222222,2018
2018_01_SEA_DEN,SEA,55,0.05454545454545454,0.7090909090909091,-0.08167208950699288,-0.04352970687692571,1368.0,15,24.87272727272727,2018
2018_01_SF_MIN,MIN,71,0.04225352112676056,0.5492957746478874,-0.06591083122977068,-0.30937847232867727,1793.0,12,25.253521126760564,2018
2018_01_SF_MIN,SF,61,0.06557377049180328,0.5901639344262295,-0.30937847232867727,-0.06591083122977068,1652.0,12,27.081967213114755,2018
2018_01_TB_NO,NO,61,0.0,0.7704918032786885,0.2826712606837553,0.5277511763949932,1615.0,11,26.475409836065573,2018
2018_01_TB_NO,TB,57,0.0,0.47368421052631576,0.5277511763949932,0.2826712606837553,1830.0,11,32.10526315789474,2018
2018_01_TEN_MIA,MIA,56,0.32142857142857145,0.5178571428571429,-0.013751811059274203,-0.2936413487063636,1725.0,14,30.803571428571427,2018
2018_01_TEN_MIA,TEN,67,0.08955223880597014,0.5671641791044776,-0.2936413487063636,-0.013751811059274203,1692.0,13,25.253731343283583,2018
2018_01_WAS_ARI,ARI,51,0.35294117647058826,0.7254901960784313,-0.1600141758803144,0.2467900164895737,1235.0,10,24.215686274509803,2018
2018_01_WAS_ARI,WAS,73,0.0136986301369863,0.4383561643835616,0.2467900164895737,-0.1600141758803144,2218.0,10,30.383561643835616,2018
2018_02_ARI_LA,ARI,43,0.0,0.6511627906976745,-0.3432894361293714,0.23249905529796128,1441.0,10,33.51162790697674,2018
2018_02_ARI_LA,LA,70,0.17142857142857143,0.5,0.23249905529796128,-0.3432894361293714,1997.0,10,28.52857142857143,2018
2018_02_BAL_CIN,BAL,80,0.0,0.725,-0.09572289220341827,0.08675005526364529,1604.0,13,20.05,2018
2018_02_BAL_CIN,CIN,70,0.0,0.6,0.08675005526364529,-0.09572289220341827,1847.0,13,26.385714285714286,2018
2018_02_CAR_ATL,ATL,60,0.06666666666666667,0.4666666666666667,0.3035662434510552,0.17214157108975303,1730.0,10,28.833333333333332,2018
2018_02_CAR_ATL,CAR,65,0.06153846153846154,0.7230769230769231,0.17214157108975303,0.3035662434510552,1733.0,11,26.661538461538463,2018
2018_02_CLE_NO,CLE,60,0.016666666666666666,0.55,-0.11492038682245471,-0.10781190147940453,1544.0,12,25.733333333333334,2018
2018_02_CLE_NO,NO,61,0.01639344262295082,0.6229508196721312,-0.10781190147940453,-0.11492038682245471,1896.0,12,31.081967213114755,2018
2018_02_DET_SF,DET,73,0.0958904109589041,0.7534246575342466,0.06415916695489848,0.21172482489176722,1757.0,12,24.068493150684933,2018
2018_02_DET_SF,SF,59,0.1016949152542373,0.5423728813559322,0.21172482489176722,0.06415916695489848,1685.0,13,28.559322033898304,2018
2018_02_HOU_TEN,HOU,61,0.32786885245901637,0.5737704918032787,0.1632557385058232,0.0964102852623815,1704.0,10,27.934426229508198,2018
2018_02_HOU_TEN,TEN,56,0.125,0.39285714285714285,0.0964102852623815,0.1632557385058232,1716.0,10,30.642857142857142,2018
2018_02_IND_WAS,IND,58,0.06896551724137931,0.5517241379310345,0.03478734798476151,-0.0965962087152751,1522.0,12,26.24137931034483,2018
2018_02_IND_WAS,WAS,69,0.13043478260869565,0.6811594202898551,-0.0965962087152751,0.03478734798476151,1929.0,11,27.956521739130434,2018
2018_02_KC_PIT,KC,52,0.0,0.5576923076923077,0.45989270483679384,0.25317399428757253,1620.0,13,31.153846153846153,2018
2018_02_KC_PIT,PIT,75,0.3333333333333333,0.8266666666666667,0.25317399428757253,0.45989270483679384,1871.0,12,24.946666666666665,2018
2018_02_LAC_BUF,BUF,59,0.11864406779661017,0.6271186440677966,-0.12208244588183366,0.19548477072860657,1534.0,11,26.0,2018
2018_02_LAC_BUF,LAC,54,0.018518518518518517,0.5370370370370371,0.19548477072860657,-0.12208244588183366,1863.0,12,34.5,2018
2018_02_LV_DEN,DEN,63,0.1111111111111111,0.5555555555555556,0.10220429054028927,0.08423250875224565,1571.0,10,24.936507936507937,2018
2018_02_LV_DEN,LV,60,0.016666666666666666,0.55,0.08423250875224565,0.10220429054028927,1925.0,10,32.083333333333336,2018
2018_02_MIA_NYJ,MIA,55,0.09090909090909091,0.4909090909090909,-0.10095068573529767,-0.2187282767628139,1591.0,12,28.927272727272726,2018
2018_02_MIA_NYJ,NYJ,63,0.07936507936507936,0.6984126984126984,-0.2187282767628139,-0.10095068573529767,1798.0,12,28.53968253968254,2018
2018_02_MIN_GB,GB,69,0.07246376811594203,0.6521739130434783,0.02557457754952801,0.20787356797129913,2218.0,13,32.14492753623188,2018
2018_02_MIN_GB,MIN,69,0.07246376811594203,0.7391304347826086,0.20787356797129913,0.02557457754952801,1848.0,13,26.782608695652176,2018
2018_02_NE_JAX,JAX,68,0.014705882352941176,0.6617647058823529,0.24912469747251698,0.016580158698910556,1769.0,11,26.014705882352942,2018
2018_02_NE_JAX,NE,60,0.05,0.6166666666666667,0.016580158698910556,0.24912469747251698,1676.0,11,27.933333333333334,2018
2018_02_NYG_DAL,DAL,48,0.0,0.5208333333333334,0.18226443990916133,-0.08608062907963392,1599.0,11,33.3125,2018
2018_02_NYG_DAL,NYG,67,0.1791044776119403,0.746268656716418,-0.08608062907963392,0.18226443990916133,1857.0,10,27.71641791044776,2018
2018_02_PHI_TB,PHI,74,0.0,0.6756756756756757,-0.018520776072737444,0.12109428201014504,2051.0,14,27.716216216216218,2018
2018_02_PHI_TB,TB,57,0.03508771929824561,0.6140350877192983,0.12109428201014504,-0.018520776072737444,1375.0,13,24.12280701754386,2018
2018_02_SEA_CHI,CHI,62,0.04838709677419355,0.5806451612903226,-0.050017785486298205,-0.22103321059437198,1983.0,11,31.983870967741936,2018
2018_02_SEA_CHI,SEA,61,0.2786885245901639,0.639344262295082,-0.22103321059437198,-0.050017785486298205,1435.0,12,23.524590163934427,2018
2018_03_BUF_MIN,BUF,63,0.0,0.3968253968253968,0.020196526156772455,-0.23013416180999732,2083.0,11,33.06349206349206,2018
2018_03_BUF_MIN,MIN,66,0.22727272727272727,0.9090909090909091,-0.23013416180999732,0.020196526156772455,1358.0,12,20.575757575757574,2018
2018_03_CHI_ARI,ARI,48,0.020833333333333332,0.625,-0.11926323788373368,-0.0405575264270323,1342.0,11,27.958333333333332,2018
2018_03_CHI_ARI,CHI,68,0.014705882352941176,0.5441176470588235,-0.0405575264270323,-0.11926323788373368,2092.0,11,30.764705882352942,2018
2018_03_CIN_CAR,CAR,64,0.03125,0.375,0.1487918574113564,0.12185637014634162,1972.0,11,30.8125,2018
2018_03_CIN_CAR,CIN,60,0.06666666666666667,0.7833333333333333,0.12185637014634162,0.1487918574113564,1506.0,11,25.1,2018
2018_03_DAL_SEA,DAL,56,0.14285714285714285,0.6607142857142857,-0.16638123475666863,0.016306000796034163,1546.0,12,27.607142857142858,2018
2018_03_DAL_SEA,SEA,65,0.046153846153846156,0.4153846153846154,0.016306000796034163,-0.16638123475666863,1854.0,13,28.523076923076925,2018
2018_03_DEN_BAL,BAL,66,0.015151515151515152,0.6212121212121212,0.1016694144645757,0.035946218858561835,1709.0,12,25.893939393939394,2018
2018_03_DEN_BAL,DEN,59,0.15254237288135594,0.5932203389830508,0.035946218858561835,0.1016694144645757,1704.0,11,28.88135593220339,2018
2018_03_GB_WAS,GB,66,0.13636363636363635,0.7424242424242424,-0.11696487262872216,0.1532633524242126,1790.0,12,27.12121212121212,2018
2018_03_GB_WAS,WAS,53,0.05660377358490566,0.37735849056603776,0.1532633524242126,-0.11696487262872216,1632.0,12,30.79245283018868,2018
2018_03_IND_PHI,IND,56,0.08928571428571429,0.7678571428571429,-0.14735597255410904,-0.01709214598916337,1122.0,11,20.035714285714285,2018
2018_03_IND_PHI,PHI,77,0.2857142857142857,0.5454545454545454,-0.01709214598916337,-0.14735597255410904,2337.0,11,30.350649350649352,2018
2018_03_LAC_LA,LA,70,0.2714285714285714,0.5285714285714286,0.2964327123137246,0.11145293146171162,1987.0,9,28.385714285714286,2018
2018_03_LAC_LA,LAC,52,0.038461538461538464,0.6153846153846154,0.11145293146171162,0.2964327123137246,1490.0,9,28.653846153846153,2018
2018_03_LV_MIA,LV,72,0.125,0.5833333333333334,0.0952415270227531,0.35383862244269626,2224.0,11,30.88888888888889,2018
2018_03_LV_MIA,MIA,38,0.21052631578947367,0.6578947368421053,0.35383862244269626,0.0952415270227531,1204.0,11,31.68421052631579,2018
2018_03_NE_DET,DET,69,0.0,0.5217391304347826,0.16571368470602615,-0.1272053829740625,2304.0,10,33.391304347826086,2018
2018_03_NE_DET,NE,45,0.2,0.5777777777777777,-0.1272053829740625,0.16571368470602615,1130.0,10,25.11111111111111,2018
2018_03_NO_ATL,ATL,61,0.01639344262295082,0.6557377049180327,0.30295645969750085,0.32940499506215903,1691.0,12,27.721311475409838,2018
2018_03_NO_ATL,NO,76,0.013157894736842105,0.6578947368421053,0.32940499506215903,0.30295645969750085,2195.0,13,28.88157894736842,2018
2018_03_NYG_HOU,HOU,61,0.0,0.6885245901639344,0.10314891962345846,0.22016581884113676,1411.0,10,23.131147540983605,2018
2018_03_NYG_HOU,NYG,59,0.0,0.559322033898305,0.22016581884113676,0.10314891962345846,2073.0,10,35.13559322033898,2018
2018_03_NYJ_CLE,CLE,71,0.11267605633802817,0.5633802816901409,-0.0034052615608785634,-0.14110839425469762,1764.0,14,24.845070422535212,2018
2018_03_NYJ_CLE,NYJ,63,0.031746031746031744,0.5238095238095238,-0.14110839425469762,-0.0034052615608785634,1658.0,13,26.317460317460316,2018
2018_03_PIT_TB,PIT,60,0.0,0.6833333333333333,0.16694633489820465,0.042913364123385186,1711.0,12,28.516666666666666,2018
2018_03_PIT_TB,TB,68,0.0,0.7794117647058824,0.042913364123385186,0.16694633489820465,1698.0,13,24.970588235294116,2018
2018_03_SF_KC,KC,66,0.030303030303030304,0.6060606060606061,0.3308289143056483,0.25830125894826905,1737.0,9,26.318181818181817,2018
2018_03_SF_KC,SF,64,0.078125,0.546875,0.25830125894826905,0.3308289143056483,1758.0,9,27.46875,2018
2018_03_TEN_JAX,JAX,56,0.0,0.6607142857142857,-0.13662590538368835,-0.13172445955642376,1507.0,10,26.910714285714285,2018
2018_03_TEN_JAX,TEN,59,0.11864406779661017,0.4067796610169492,-0.13172445955642376,-0.13662590538368835,1892.0,10,32.067796610169495,2018
2018_04_BAL_PIT,BAL,72,0.041666666666666664,0.6111111111111112,0.1384222164544425,-0.2110534275481826,2014.0,12,27.97222222222222,2018
2018_04_BAL_PIT,PIT,59,0.3389830508474576,0.8305084745762712,-0.2110534275481826,0.1384222164544425,1425.0,12,24.152542372881356,2018
2018_04_BUF_GB,BUF,56,0.10714285714285714,0.7142857142857143,-0.4383979825661574,-0.018427767801066437,1389.0,12,24.803571428571427,2018
2018_04_BUF_GB,GB,74,0.05405405405405406,0.5675675675675675,-0.018427767801066437,-0.4383979825661574,2013.0,12,27.2027027027027,2018
2018_04_CIN_ATL,ATL,67,0.014925373134328358,0.6417910447761194,0.28576765251561487,0.26293462861385897,1736.0,10,25.91044776119403,2018
2018_04_CIN_ATL,CIN,67,0.04477611940298507,0.6567164179104478,0.26293462861385897,0.28576765251561487,1804.0,9,26.925373134328357,2018
2018_04_CLE_OAK,CLE,76,0.02631578947368421,0.5789473684210527,-0.007417669439509842,0.010110763361420123,1745.0,19,22.960526315789473,2018
2018_04_CLE_OAK,LV,89,0.0898876404494382,0.6853932584269663,0.010110763361420123,-0.007417669439509842,2109.0,19,23.696629213483146,2018
2018_04_DET_DAL,DAL,64,0.21875,0.46875,0.26311428556695277,0.34409784421400663,1766.0,9,27.59375,2018
2018_04_DET_DAL,DET,53,0.07547169811320754,0.6226415094339622,0.34409784421400663,0.26311428556695277,1759.0,8,33.18867924528302,2018
2018_04_HOU_IND,HOU,82,0.04878048780487805,0.573170731707317,0.14584450323991408,0.06997463969168283,2335.0,15,28.475609756097562,2018
2018_04_HOU_IND,IND,84,0.25,0.7976190476190477,0.06997463969168283,0.14584450323991408,1720.0,15,20.476190476190474,2018
2018_04_KC_DEN,DEN,59,0.05084745762711865,0.6271186440677966,0.07857738018114178,0.2824473757007107,1444.0,10,24.47457627118644,2018
2018_04_KC_DEN,KC,70,0.05714285714285714,0.6428571428571429,0.2824473757007107,0.07857738018114178,2047.0,10,29.242857142857144,2018
2018_04_MIA_NE,MIA,44,0.045454545454545456,0.5909090909090909,-0.4241611162062809,0.16337314310149498,1334.0,11,30.318181818181817,2018
2018_04_MIA_NE,NE,72,0.0,0.4861111111111111,0.16337314310149498,-0.4241611162062809,2110.0,11,29.305555555555557,2018
2018_04_MIN_LA,LA,54,0.12962962962962962,0.6481481481481481,0.5416152679832757,0.21029895709614232,1597.0,12,29.574074074074073,2018
2018_04_MIN_LA,MIN,72,0.041666666666666664,0.7638888888888888,0.21029895709614232,0.5416152679832757,1876.0,11,26.055555555555557,2018
2018_04_NO_NYG,NO,64,0.0,0.546875,0.2255557638478118,0.03292398177465999,1794.0,10,28.03125,2018
2018_04_NO_NYG,NYG,59,0.1694915254237288,0.7627118644067796,0.03292398177465999,0.2255557638478118,1658.0,10,28.10169491525424,2018
2018_04_NYJ_JAX,JAX,75,0.0,0.5466666666666666,0.05257104306938254,-0.2523299539151991,2137.0,13,28.493333333333332,2018
2018_04_NYJ_JAX,NYJ,51,0.0,0.7254901960784313,-0.2523299539151991,0.05257104306938254,1226.0,14,24.03921568627451,2018
2018_04_PHI_TEN,PHI,76,0.05263157894736842,0.7105263157894737,0.06833799707381993,0.1313254399577104,1991.0,12,26.19736842105263,2018
2018_04_PHI_TEN,TEN,67,0.029850746268656716,0.6865671641791045,0.1313254399577104,0.06833799707381993,2028.0,12,30.26865671641791,2018
2018_04_SEA_ARI,ARI,56,0.017857142857142856,0.5,-0.10848303987859834,-0.004623577841093226,1622.0,11,28.964285714285715,2018
2018_04_SEA_ARI,SEA,61,0.11475409836065574,0.4426229508196721,-0.004623577841093226,-0.10848303987859834,1852.0,11,30.360655737704917,2018
2018_04_SF_LAC,LAC,65,0.0,0.6307692307692307,0.03267173225676391,-0.0803459623055576,1841.0,13,28.323076923076922,2018
2018_04_SF_LAC,SF,59,0.0,0.6440677966101694,-0.0803459623055576,0.03267173225676391,1563.0,11,26.491525423728813,2018
2018_04_TB_CHI,CHI,56,0.017857142857142856,0.48214285714285715,0.47714703964057487,-0.08712210230846709,1621.0,11,28.946428571428573,2018
2018_04_TB_CHI,TB,59,0.2033898305084746,0.6949152542372882,-0.08712210230846709,0.47714703964057487,1831.0,10,31.033898305084747,2018
2018_05_ARI_SF,ARI,45,0.022222222222222223,0.5555555555555556,-0.09591131882423894,-0.11688139894750457,1090.0,13,24.22222222222222,2018
2018_05_ARI_SF,SF,95,0.12631578947368421,0.631578947368421,-0.11688139894750457,-0.09591131882423894,2325.0,13,24.473684210526315,2018
2018_05_ATL_PIT,ATL,70,0.07142857142857142,0.7285714285714285,-0.05144844155826388,0.3297182444195393,1742.0,11,24.885714285714286,2018
2018_05_ATL_PIT,PIT,57,0.07017543859649122,0.5087719298245614,0.3297182444195393,-0.05144844155826388,1662.0,10,29.157894736842106,2018
2018_05_BAL_CLE,BAL,84,0.047619047619047616,0.7023809523809523,-0.19083334336652946,-0.05139792464059617,1923.0,15,22.892857142857142,2018
2018_05_BAL_CLE,CLE,75,0.05333333333333334,0.6266666666666667,-0.05139792464059617,-0.19083334336652946,2071.0,15,27.613333333333333,2018
2018_05_DAL_HOU,DAL,59,0.0,0.5254237288135594,-0.11635156598829888,-0.11314931709256684,1806.0,13,30.610169491525422,2018
2018_05_DAL_HOU,HOU,76,0.0,0.5921052631578947,-0.11314931709256684,-0.11635156598829888,2113.0,12,27.80263157894737,2018
2018_05_DEN_NYJ,DEN,73,0.2328767123287671,0.7671232876712328,0.06144970272383554,0.24607311218094907,1775.0,13,24.315068493150687,2018
2018_05_DEN_NYJ,NYJ,60,0.0,0.38333333333333336,0.24607311218094907,0.06144970272383554,1656.0,13,27.6,2018
2018_05_GB_DET,DET,55,0.0,0.509090909090909,0.12530982596694476,0.21821200097828006,1538.0,12,27.963636363636365,2018
2018_05_GB_DET,GB,76,0.05263157894736842,0.75,0.21821200097828006,0.12530982596694476,1947.0,11,25.61842105263158,2018
2018_05_IND_NE,IND,81,0.24691358024691357,0.7407407407407407,-0.009459518582309579,0.21316171754647537,1863.0,13,23.0,2018
2018_05_IND_NE,NE,65,0.015384615384615385,0.676923076923077,0.21316171754647537,-0.009459518582309579,1570.0,14,24.153846153846153,2018
2018_05_JAX_KC,JAX,81,0.16049382716049382,0.7901234567901234,-0.061362543310224206,0.12252341247362226,1564.0,12,19.308641975308642,2018
2018_05_JAX_KC,KC,67,0.0,0.582089552238806,0.12252341247362226,-0.061362543310224206,1902.0,12,28.388059701492537,2018
2018_05_LA_SEA,LA,61,0.16393442622950818,0.5409836065573771,0.19111449082999848,0.2796806390072036,1713.0,11,28.081967213114755,2018
2018_05_LA_SEA,SEA,55,0.0,0.41818181818181815,0.2796806390072036,0.19111449082999848,1790.0,9,32.54545454545455,2018
2018_05_LV_LAC,LAC,56,0.0,0.5,0.3599481698966461,-0.08908337204042842,2004.0,10,35.785714285714285,2018
2018_05_LV_LAC,LV,47,0.0,0.723404255319149,-0.08908337204042842,0.3599481698966461,1440.0,9,30.638297872340427,2018
2018_05_MIA_CIN,CIN,57,0.0,0.5614035087719298,0.0070366285391642485,-0.21136640976742282,1743.0,10,30.57894736842105,2018
2018_05_MIA_CIN,MIA,59,0.0,0.6271186440677966,-0.21136640976742282,0.0070366285391642485,1692.0,11,28.677966101694917,2018
2018_05_MIN_PHI,MIN,59,0.03389830508474576,0.6440677966101694,0.06658597357588,-0.00224349987599363,1891.0,10,32.05084745762712,2018
2018_05_MIN_PHI,PHI,54,0.09259259259259259,0.6666666666666666,-0.00224349987599363,0.06658597357588,1553.0,11,28.75925925925926,2018
2018_05_NYG_CAR,CAR,65,0.03076923076923077,0.5384615384615384,-0.1199813014086938,0.10402494878720357,2021.0,12,31.092307692307692,2018
2018_05_NYG_CAR,NYG,55,0.10909090909090909,0.7090909090909091,0.10402494878720357,-0.1199813014086938,1419.0,12,25.8,2018
2018_05_TEN_BUF,BUF,64,0.046875,0.328125,-0.14333756032812234,-0.266501855727402,1955.0,9,30.546875,2018
2018_05_TEN_BUF,TEN,53,0.09433962264150944,0.5283018867924528,-0.266501855727402,-0.14333756032812234,1520.0,9,28.67924528301887,2018
2018_05_WAS_NO,NO,60,0.0,0.5166666666666667,0.42173469348732345,-0.10027146592999144,1920.0,10,32.0,2018
2018_05_WAS_NO,WAS,61,0.0,0.7049180327868853,-0.10027146592999144,0.42173469348732345,1540.0,9,25.24590163934426,2018
2018_06_ARI_MIN,ARI,55,0.03636363636363636,0.6363636363636364,-0.3656497072022345,-0.06257044232282082,1454.0,13,26.436363636363637,2018
2018_06_ARI_MIN,MIN,68,0.04411764705882353,0.5441176470588235,-0.06257044232282082,-0.3656497072022345,1938.0,14,28.5,2018
2018_06_BAL_TEN,BAL,71,0.028169014084507043,0.5211267605633803,0.18284239384484452,-0.30776783811694247,2169.0,11,30.549295774647888,2018
2018_06_BAL_TEN,TEN,40,0.2,0.65,-0.30776783811694247,0.18284239384484452,1249.0,9,31.225,2018
2018_06_BUF_HOU,BUF,57,0.0,0.5263157894736842,-0.08979127151740655,-0.3661381264624661,1847.0,12,32.40350877192982,2018
2018_06_BUF_HOU,HOU,56,0.0,0.5892857142857143,-0.3661381264624661,-0.08979127151740655,1505.0,12,26.875,2018
2018_06_CAR_WAS,CAR,58,0.08620689655172414,0.7068965517241379,0.11232286856000546,0.00671035826795723,1402.0,10,24.17241379310345,2018
2018_06_CAR_WAS,WAS,65,0.03076923076923077,0.5846153846153846,0.00671035826795723,0.11232286856000546,2031.0,11,31.246153846153845,2018
2018_06_CHI_MIA,CHI,63,0.0,0.5238095238095238,0.12414255153696087,0.13332807500063326,1902.0,13,30.19047619047619,2018
2018_06_CHI_MIA,MIA,75,0.32,0.5866666666666667,0.13332807500063326,0.12414255153696087,2123.0,13,28.30666666666667,2018
2018_06_IND_NYJ,IND,65,0.18461538461538463,0.6461538461538462,-0.06451064849056924,0.04779427894214515,1306.0,13,20.092307692307692,2018
2018_06_IND_NYJ,NYJ,64,0.0,0.484375,0.04779427894214515,-0.06451064849056924,2131.0,13,33.296875,2018
2018_06_JAX_DAL,DAL,72,0.013888888888888888,0.4166666666666667,0.13511232430063905,-0.43591307624799136,2279.0,11,31.65277777777778,2018
2018_06_JAX_DAL,JAX,47,0.1702127659574468,0.6170212765957447,-0.43591307624799136,0.13511232430063905,1146.0,12,24.382978723404257,2018
2018_06_KC_NE,KC,53,0.018867924528301886,0.6792452830188679,0.1873902583845544,0.18136202169099688,1383.0,11,26.09433962264151,2018
2018_06_KC_NE,NE,74,0.0,0.5,0.18136202169099688,0.1873902583845544,2135.0,12,28.85135135135135,2018
2018_06_LAC_CLE,CLE,73,0.136986301369863,0.7123287671232876,-0.29124426515443635,0.3211492561421193,1615.0,13,22.123287671232877,2018
2018_06_LAC_CLE,LAC,55,0.01818181818181818,0.38181818181818183,0.3211492561421193,-0.29124426515443635,1812.0,13,32.945454545454545,2018
2018_06_LA_DEN,DEN,59,0.1016949152542373,0.7288135593220338,0.033008731266406986,0.20483308050799953,1413.0,11,23.949152542372882,2018
2018_06_LA_DEN,LA,70,0.05714285714285714,0.4714285714285714,0.20483308050799953,0.033008731266406986,2019.0,11,28.84285714285714,2018
2018_06_PHI_NYG,NYG,64,0.234375,0.734375,-0.1362498935772844,0.2360836227711701,1542.0,13,24.09375,2018
2018_06_PHI_NYG,PHI,68,0.04411764705882353,0.5441176470588235,0.2360836227711701,-0.1362498935772844,1886.0,12,27.735294117647058,2018
2018_06_PIT_CIN,CIN,58,0.0,0.7758620689655172,0.10865168816526331,0.33469578000557804,1443.0,10,24.879310344827587,2018
2018_06_PIT_CIN,PIT,67,0.0,0.7014925373134329,0.33469578000557804,0.10865168816526331,2042.0,10,30.47761194029851,2018
2018_06_SEA_OAK,LV,56,0.07142857142857142,0.6607142857142857,-0.26414574194264184,0.21957690926627646,1657.0,8,29.589285714285715,2018
2018_06_SEA_OAK,SEA,59,0.03389830508474576,0.4067796610169492,0.21957690926627646,-0.26414574194264184,1819.0,9,30.83050847457627,2018
2018_06_SF_GB,GB,68,0.0,0.6911764705882353,0.21444525709510448,0.19217795417221098,1825.0,12,26.83823529411765,2018
2018_06_SF_GB,SF,55,0.07272727272727272,0.45454545454545453,0.19217795417221098,0.21444525709510448,1665.0,12,30.272727272727273,2018
2018_06_TB_ATL,ATL,64,0.0,0.65625,0.259898811498652,0.3097764489540445,1845.0,10,28.828125,2018
2018_06_TB_ATL,TB,63,0.06349206349206349,0.6825396825396826,0.3097764489540445,0.259898811498652,1654.0,11,26.253968253968253,2018
2018_07_BUF_IND,BUF,55,0.12727272727272726,0.6,-0.44593625386906144,0.32495937002818304,1504.0,11,27.345454545454544,2018
2018_07_BUF_IND,IND,57,0.017543859649122806,0.40350877192982454,0.32495937002818304,-0.44593625386906144,1947.0,12,34.1578947368421,2018
2018_07_CAR_PHI,CAR,57,0.08771929824561403,0.7192982456140351,0.2962260756816488,0.1508648151998897,1413.0,9,24.789473684210527,2018
2018_07_CAR_PHI,PHI,65,0.07692307692307693,0.6307692307692307,0.1508648151998897,0.2962260756816488,2054.0,9,31.6,2018
2018_07_CIN_KC,CIN,54,0.018518518518518517,0.6481481481481481,-0.2947012474752194,0.42084427607245417,1472.0,11,27.25925925925926,2018
2018_07_CIN_KC,KC,70,0.0,0.5857142857142857,0.42084427607245417,-0.2947012474752194,1995.0,9,28.5,2018
2018_07_CLE_TB,CLE,62,0.03225806451612903,0.6290322580645161,-0.1025445188250745,-0.028801638654426205,1718.0,14,27.70967741935484,2018
2018_07_CLE_TB,TB,86,0.18604651162790697,0.6395348837209303,-0.028801638654426205,-0.1025445188250745,2145.0,16,24.941860465116278,2018
2018_07_DAL_WAS,DAL,61,0.06557377049180328,0.639344262295082,-0.06493044904691225,0.011301882293873614,1683.0,11,27.59016393442623,2018
2018_07_DAL_WAS,WAS,58,0.017241379310344827,0.4482758620689655,0.011301882293873614,-0.06493044904691225,1787.0,10,30.810344827586206,2018
2018_07_DEN_ARI,ARI,66,0.07575757575757576,0.6818181818181818,-0.5715902359781827,0.07215223203135991,1614.0,15,24.454545454545453,2018
2018_07_DEN_ARI,DEN,52,0.0,0.46153846153846156,0.07215223203135991,-0.5715902359781827,1753.0,13,33.71153846153846,2018
2018_07_DET_MIA,DET,57,0.05263157894736842,0.40350877192982454,0.3672494650256033,0.16313094772094036,1959.0,9,34.36842105263158,2018
2018_07_DET_MIA,MIA,54,0.2962962962962963,0.6481481481481481,0.16313094772094036,0.3672494650256033,1498.0,9,27.74074074074074,2018
2018_07_HOU_JAX,HOU,60,0.0,0.4166666666666667,0.03236795310614299,-0.22962076427004038,1634.0,12,27.233333333333334,2018
2018_07_HOU_JAX,JAX,68,0.014705882352941176,0.6764705882352942,-0.22962076427004038,0.03236795310614299,1744.0,11,25.647058823529413,2018
2018_07_LA_SF,LA,58,0.1206896551724138,0.43103448275862066,0.15566871271621088,-0.435386033375757,1887.0,13,32.53448275862069,2018
2018_07_LA_SF,SF,58,0.05172413793103448,0.5862068965517241,-0.435386033375757,0.15566871271621088,1531.0,12,26.396551724137932,2018
2018_07_MIN_NYJ,MIN,64,0.015625,0.640625,-0.02610766176926861,-0.4233539210784684,1799.0,17,28.109375,2018
2018_07_MIN_NYJ,NYJ,68,0.04411764705882353,0.6470588235294118,-0.4233539210784684,-0.02610766176926861,1496.0,17,22.0,2018
2018_07_NE_CHI,CHI,76,0.02631578947368421,0.6710526315789473,0.050675213956169037,0.1236189056733917,1734.0,14,22.81578947368421,2018
2018_07_NE_CHI,NE,64,0.03125,0.578125,0.1236189056733917,0.050675213956169037,1735.0,13,27.109375,2018
2018_07_NO_BAL,BAL,64,0.140625,0.640625,0.14558435833319308,0.16631626251669548,1553.0,8,24.265625,2018
2018_07_NO_BAL,NO,69,0.11594202898550725,0.4492753623188406,0.16631626251669548,0.14558435833319308,1948.0,9,28.231884057971016,2018
2018_07_NYG_ATL,ATL,61,0.04918032786885246,0.6885245901639344,0.19608474201968523,0.19932345786390376,1880.0,10,30.81967213114754,2018
2018_07_NYG_ATL,NYG,64,0.171875,0.671875,0.19932345786390376,0.19608474201968523,1609.0,10,25.140625,2018
2018_07_TEN_LAC,LAC,43,0.046511627906976744,0.6511627906976745,0.3196172989595474,0.13250728977967374,1391.0,9,32.348837209302324,2018
2018_07_TEN_LAC,TEN,68,0.07352941176470588,0.5147058823529411,0.13250728977967374,0.3196172989595474,2073.0,8,30.485294117647058,2018
2018_08_BAL_CAR,BAL,64,0.1875,0.71875,0.045964710750952986,0.25645487047562054,1487.0,10,23.234375,2018
2018_08_BAL_CAR,CAR,62,0.0967741935483871,0.5,0.25645487047562054,0.045964710750952986,1964.0,11,31.677419354838708,2018
2018_08_CLE_PIT,CLE,60,0.08333333333333333,0.65,-0.21611269035842845,0.1351656892339502,1588.0,13,26.466666666666665,2018
2018_08_CLE_PIT,PIT,67,0.16417910447761194,0.5522388059701493,0.1351656892339502,-0.21611269035842845,1872.0,13,27.940298507462686,2018
2018_08_DEN_KC,DEN,70,0.04285714285714286,0.5571428571428572,0.039631182349218405,0.1299407746795829,1853.0,12,26.47142857142857,2018
2018_08_DEN_KC,KC,54,0.0,0.6666666666666666,0.1299407746795829,0.039631182349218405,1573.0,12,29.12962962962963,2018
2018_08_GB_LA,GB,52,0.1346153846153846,0.6346153846153846,0.11812678040508148,0.11384173136640466,1463.0,13,28.134615384615383,2018
2018_08_GB_LA,LA,76,0.2894736842105263,0.5526315789473685,0.11384173136640466,0.11812678040508148,1961.0,13,25.80263157894737,2018
2018_08_IND_OAK,IND,70,0.12857142857142856,0.45714285714285713,0.4390034349324597,0.23961177734100292,2145.0,9,30.642857142857142,2018
2018_08_IND_OAK,LV,46,0.08695652173913043,0.6086956521739131,0.23961177734100292,0.4390034349324597,1359.0,9,29.543478260869566,2018
2018_08_MIA_HOU,HOU,54,0.018518518518518517,0.37037037037037035,0.4382643101007306,-0.0533750760160441,1664.0,13,30.814814814814813,2018
2018_08_MIA_HOU,MIA,65,0.0,0.6153846153846154,-0.0533750760160441,0.4382643101007306,1779.0,12,27.369230769230768,2018
2018_08_NE_BUF,BUF,62,0.06451612903225806,0.7096774193548387,-0.3179402494058258,0.09672676169377611,1594.0,12,25.70967741935484,2018
2018_08_NE_BUF,NE,70,0.1,0.6714285714285714,0.09672676169377611,-0.3179402494058258,1829.0,12,26.12857142857143,2018
2018_08_NO_MIN,MIN,66,0.07575757575757576,0.6666666666666666,-0.0018407451629695755,0.11810603454687923,1799.0,10,27.257575757575758,2018
2018_08_NO_MIN,NO,52,0.019230769230769232,0.4423076923076923,0.11810603454687923,-0.0018407451629695755,1685.0,8,32.40384615384615,2018
2018_08_NYJ_CHI,CHI,65,0.03076923076923077,0.47692307692307695,0.21702617595915077,-0.15414624188133724,1914.0,10,29.446153846153845,2018
2018_08_NYJ_CHI,NYJ,53,0.03773584905660377,0.5471698113207547,-0.15414624188133724,0.21702617595915077,1532.0,11,28.90566037735849,2018
2018_08_PHI_JAX,JAX,63,0.0,0.7301587301587301,-0.057217840211157105,0.22631774780620142,1563.0,10,24.80952380952381,2018
2018_08_PHI_JAX,PHI,59,0.01694915254237288,0.576271186440678,0.22631774780620142,-0.057217840211157105,1865.0,10,31.610169491525422,2018
2018_08_SEA_DET,DET,56,0.21428571428571427,0.7678571428571429,0.10103576794038502,0.3197646446850482,1434.0,10,25.607142857142858,2018
2018_08_SEA_DET,SEA,60,0.016666666666666666,0.3,0.3197646446850482,0.10103576794038502,2010.0,10,33.5,2018
2018_08_SF_ARI,ARI,64,0.046875,0.671875,-0.02579235454397752,-0.11388497485196425,1574.0,11,24.59375,2018
2018_08_SF_ARI,SF,63,0.0,0.5079365079365079,-0.11388497485196425,-0.02579235454397752,1844.0,12,29.26984126984127,2018
2018_08_TB_CIN,CIN,61,0.0,0.5737704918032787,0.12720856239025338,0.0998973582498631,1373.0,13,22.508196721311474,2018
2018_08_TB_CIN,TB,84,0.0,0.6785714285714286,0.0998973582498631,0.12720856239025338,2084.0,13,24.80952380952381,2018
2018_08_WAS_NYG,NYG,67,0.11940298507462686,0.7910447761194029,-0.13625718274258652,0.006901512228149137,1480.0,12,22.08955223880597,2018
2018_08_WAS_NYG,WAS,64,0.03125,0.5,0.006901512228149137,-0.13625718274258652,1915.0,12,29.921875,2018
2018_09_ATL_WAS,ATL,64,0.0,0.625,0.39299497369791525,0.03465776358783134,1947.0,9,30.421875,2018
2018_09_ATL_WAS,WAS,63,0.09523809523809523,0.7619047619047619,0.03465776358783134,0.39299497369791525,1557.0,10,24.714285714285715,2018
2018_09_CHI_BUF,BUF,81,0.25925925925925924,0.654320987654321,-0.4506238894798322,-0.15063792061702522,1921.0,14,23.71604938271605,2018
2018_09_CHI_BUF,CHI,43,0.0,0.4883720930232558,-0.15063792061702522,-0.4506238894798322,1448.0,12,33.674418604651166,2018
2018_09_DET_MIN,DET,69,0.2028985507246377,0.6666666666666666,-0.21184491688875373,-0.01218871247264913,2125.0,11,30.797101449275363,2018
2018_09_DET_MIN,MIN,46,0.0,0.5,-0.01218871247264913,-0.21184491688875373,1339.0,9,29.108695652173914,2018
2018_09_GB_NE,GB,69,0.11594202898550725,0.6376811594202898,0.032079567529776504,0.18914712239200085,1900.0,10,27.536231884057973,2018
2018_09_GB_NE,NE,65,0.3076923076923077,0.5846153846153846,0.18914712239200085,0.032079567529776504,1560.0,11,24.0,2018
2018_09_HOU_DEN,DEN,64,0.109375,0.6875,-0.018067938531178416,-0.01686345694323685,1587.0,11,24.796875,2018
2018_09_HOU_DEN,HOU,61,0.0,0.45901639344262296,-0.01686345694323685,-0.018067938531178416,1865.0,11,30.57377049180328,2018
2018_09_KC_CLE,CLE,73,0.0410958904109589,0.6575342465753424,0.08763794423874331,0.5134394913102591,1794.0,9,24.575342465753426,2018
2018_09_KC_CLE,KC,57,0.0,0.5789473684210527,0.5134394913102591,0.08763794423874331,1728.0,9,30.31578947368421,2018
2018_09_LAC_SEA,LAC,51,0.0,0.5686274509803921,0.25017154785060447,-0.04652106716899548,1395.0,10,27.352941176470587,2018
2018_09_LAC_SEA,SEA,73,0.1506849315068493,0.5616438356164384,-0.04652106716899548,0.25017154785060447,2064.0,12,28.273972602739725,2018
2018_09_LA_NO,LA,59,0.01694915254237288,0.6779661016949152,0.2655876889964841,0.39325953260728896,1541.0,11,26.11864406779661,2018
2018_09_LA_NO,NO,68,0.0,0.5294117647058824,0.39325953260728896,0.2655876889964841,1956.0,11,28.764705882352942,2018
2018_09_LV_SF,LV,54,0.018518518518518517,0.5925925925925926,-0.1556603503906943,0.3211906935052319,1802.0,10,33.370370370370374,2018
2018_09_LV_SF,SF,51,0.0196078431372549,0.43137254901960786,0.3211906935052319,-0.1556603503906943,1638.0,10,32.11764705882353,2018
2018_09_NYJ_MIA,MIA,53,0.3584905660377358,0.5283018867924528,-0.29875295238719984,-0.2590398436112969,1559.0,13,29.41509433962264,2018
2018_09_NYJ_MIA,NYJ,63,0.06349206349206349,0.6666666666666666,-0.2590398436112969,-0.29875295238719984,1788.0,13,28.38095238095238,2018
2018_09_PIT_BAL,BAL,56,0.14285714285714285,0.7142857142857143,-0.040478844730796916,0.24647866973480953,1355.0,9,24.196428571428573,2018
2018_09_PIT_BAL,PIT,76,0.2894736842105263,0.6447368421052632,0.24647866973480953,-0.040478844730796916,2136.0,9,28.105263157894736,2018
2018_09_TB_CAR,CAR,54,0.0,0.48148148148148145,0.35135416556834875,-0.012152328578807853,1765.0,13,32.68518518518518,2018
2018_09_TB_CAR,TB,65,0.12307692307692308,0.676923076923077,-0.012152328578807853,0.35135416556834875,1660.0,12,25.53846153846154,2018
2018_09_TEN_DAL,DAL,56,0.17857142857142858,0.6607142857142857,-0.04881977388449955,0.13663108126795906,1474.0,9,26.321428571428573,2018
2018_09_TEN_DAL,TEN,67,0.05970149253731343,0.4925373134328358,0.13663108126795906,-0.04881977388449955,1957.0,10,29.208955223880597,2018
2018_10_ARI_KC,ARI,68,0.1323529411764706,0.6470588235294118,-0.1659507343459063,0.16816669474285065,1816.0,11,26.705882352941178,2018
2018_10_ARI_KC,KC,56,0.05357142857142857,0.6071428571428571,0.16816669474285065,-0.1659507343459063,1632.0,11,29.142857142857142,2018
2018_10_ATL_CLE,ATL,73,0.2602739726027397,0.7397260273972602,0.03286522186914012,0.41288415703492826,1800.0,10,24.65753424657534,2018
2018_10_ATL_CLE,CLE,48,0.0,0.4375,0.41288415703492826,0.03286522186914012,1632.0,10,34.0,2018
2018_10_BUF_NYJ,BUF,71,0.0,0.38028169014084506,0.2473991414920084,-0.42754332781037035,2288.0,12,32.225352112676056,2018
2018_10_BUF_NYJ,NYJ,55,0.10909090909090909,0.6727272727272727,-0.42754332781037035,0.2473991414920084,1141.0,12,20.745454545454546,2018
2018_10_CAR_PIT,CAR,56,0.05357142857142857,0.6071428571428571,-0.0402980503184417,0.4986774983727911,1672.0,11,29.857142857142858,2018
2018_10_CAR_PIT,PIT,57,0.12280701754385964,0.49122807017543857,0.4986774983727911,-0.0402980503184417,1807.0,10,31.70175438596491,2018
2018_10_DAL_PHI,DAL,68,0.029411764705882353,0.5882352941176471,0.23543529840243488,-0.04458698055427458,1945.0,10,28.602941176470587,2018
2018_10_DAL_PHI,PHI,61,0.19672131147540983,0.7377049180327869,-0.04458698055427458,0.23543529840243488,1526.0,11,25.016393442622952,2018
2018_10_DET_CHI,CHI,54,0.2037037037037037,0.5925925925925926,0.35922718396488224,-0.1080558415929418,1631.0,12,30.203703703703702,2018
2018_10_DET_CHI,DET,74,0.12162162162162163,0.6756756756756757,-0.1080558415929418,0.35922718396488224,1839.0,12,24.85135135135135,2018
2018_10_JAX_IND,IND,50,0.02,0.58,0.34922964875949153,0.15372664207747808,1439.0,11,28.78,2018
2018_10_JAX_IND,JAX,73,0.0684931506849315,0.5342465753424658,0.15372664207747808,0.34922964875949153,2064.0,10,28.273972602739725,2018
2018_10_LAC_OAK,LAC,53,0.0,0.5094339622641509,0.14534470234412739,-0.14791460246533056,1676.0,9,31.62264150943396,2018
2018_10_LAC_OAK,LV,61,0.11475409836065574,0.6557377049180327,-0.14791460246533056,0.14534470234412739,1770.0,10,29.016393442622952,2018
2018_10_MIA_GB,GB,52,0.11538461538461539,0.5769230769230769,0.31175423934308405,-0.18938220675694933,1616.0,9,31.076923076923077,2018
2018_10_MIA_GB,MIA,66,0.36363636363636365,0.6515151515151515,-0.18938220675694933,0.31175423934308405,1866.0,10,28.272727272727273,2018
2018_10_NE_TEN,NE,64,0.09375,0.703125,-0.11959259454211783,0.19536526031191295,1501.0,12,23.453125,2018
2018_10_NE_TEN,TEN,63,0.1111111111111111,0.42857142857142855,0.19536526031191295,-0.11959259454211783,1918.0,11,30.444444444444443,2018
2018_10_NO_CIN,CIN,42,0.0,0.6190476190476191,-0.19027174640692093,0.4827066269054831,1150.0,10,27.38095238095238,2018
2018_10_NO_CIN,NO,71,0.0,0.38028169014084506,0.4827066269054831,-0.19027174640692093,2294.0,10,32.309859154929576,2018
2018_10_NYG_SF,NYG,55,0.01818181818181818,0.5818181818181818,0.041073713246922786,0.04596752961681107,1486.0,11,27.01818181818182,2018
2018_10_NYG_SF,SF,66,0.045454545454545456,0.5606060606060606,0.04596752961681107,0.041073713246922786,1999.0,11,30.28787878787879,2018
2018_10_SEA_LA,LA,63,0.2698412698412698,0.6507936507936508,0.36608137878165037,0.195367962473269,1693.0,11,26.873015873015873,2018
2018_10_SEA_LA,SEA,62,0.1774193548387097,0.45161290322580644,0.195367962473269,0.36608137878165037,1776.0,10,28.64516129032258,2018
2018_10_WAS_TB,TB,67,0.07462686567164178,0.6417910447761194,-0.06551374909803362,0.05871593182701751,1791.0,10,26.73134328358209,2018
2018_10_WAS_TB,WAS,55,0.05454545454545454,0.5454545454545454,0.05871593182701751,-0.06551374909803362,1668.0,9,30.327272727272728,2018
2018_11_CAR_DET,CAR,58,0.1206896551724138,0.7241379310344828,0.23639894505702563,0.084502592068232,1642.0,10,28.310344827586206,2018
2018_11_CAR_DET,DET,62,0.016129032258064516,0.6129032258064516,0.084502592068232,0.23639894505702563,1796.0,11,28.967741935483872,2018
2018_11_CIN_BAL,BAL,73,0.0821917808219178,0.3013698630136986,0.06331521438203692,-0.03964544582536612,2142.0,12,29.34246575342466,2018
2018_11_CIN_BAL,CIN,54,0.18518518518518517,0.7037037037037037,-0.03964544582536612,0.06331521438203692,1248.0,11,23.11111111111111,2018
2018_11_DAL_ATL,ATL,55,0.01818181818181818,0.6727272727272727,0.06695555857352455,0.11510231467890579,1617.0,8,29.4,2018
2018_11_DAL_ATL,DAL,63,0.031746031746031744,0.5396825396825397,0.11510231467890579,0.06695555857352455,1861.0,9,29.53968253968254,2018
2018_11_DEN_LAC,DEN,52,0.0,0.6153846153846154,0.10286384944666155,0.14958675512320854,1293.0,10,24.865384615384617,2018
2018_11_DEN_LAC,LAC,72,0.0,0.6388888888888888,0.14958675512320854,0.10286384944666155,2219.0,10,30.819444444444443,2018
2018_11_GB_SEA,GB,48,0.0,0.7291666666666666,0.16695765720556718,0.0491832220015135,1483.0,11,30.895833333333332,2018
2018_11_GB_SEA,SEA,66,0.015151515151515152,0.5151515151515151,0.0491832220015135,0.16695765720556718,1969.0,12,29.833333333333332,2018
2018_11_HOU_WAS,HOU,57,0.10526315789473684,0.47368421052631576,-0.1131605942742699,-0.19506994300826108,1669.0,11,29.280701754385966,2018
2018_11_HOU_WAS,WAS,71,0.09859154929577464,0.5915492957746479,-0.19506994300826108,-0.1131605942742699,1769.0,12,24.91549295774648,2018
2018_11_KC_LA,KC,69,0.057971014492753624,0.7101449275362319,0.08243533027994393,0.14324352536472904,1684.0,15,24.405797101449274,2018
2018_11_KC_LA,LA,73,0.1095890410958904,0.7397260273972602,0.14324352536472904,0.08243533027994393,1714.0,15,23.47945205479452,2018
2018_11_LV_ARI,ARI,52,0.019230769230769232,0.40384615384615385,-0.1482599441649702,0.010409490235007257,1334.0,13,25.653846153846153,2018
2018_11_LV_ARI,LV,66,0.10606060606060606,0.5,0.010409490235007257,-0.1482599441649702,2055.0,14,31.136363636363637,2018
2018_11_MIN_CHI,CHI,69,0.15942028985507245,0.4782608695652174,0.013459061945301503,-0.18608353445346282,1988.0,11,28.81159420289855,2018
2018_11_MIN_CHI,MIN,64,0.15625,0.78125,-0.18608353445346282,0.013459061945301503,1453.0,11,22.703125,2018
2018_11_PHI_NO,NO,68,0.0,0.47058823529411764,0.4902900031439746,-0.30387034061603246,2194.0,11,32.26470588235294,2018
2018_11_PHI_NO,PHI,48,0.10416666666666667,0.75,-0.30387034061603246,0.4902900031439746,1255.0,11,26.145833333333332,2018
2018_11_PIT_JAX,JAX,67,0.0,0.3582089552238806,-0.10477409537180307,-0.1252262042255272,2167.0,14,32.343283582089555,2018
2018_11_PIT_JAX,PIT,59,0.1016949152542373,0.8135593220338984,-0.1252262042255272,-0.10477409537180307,1257.0,15,21.305084745762713,2018
2018_11_TB_NYG,NYG,52,0.0,0.4230769230769231,0.29488630015164896,0.22992635499920813,1569.0,11,30.173076923076923,2018
2018_11_TB_NYG,TB,68,0.27941176470588236,0.5588235294117647,0.22992635499920813,0.29488630015164896,1867.0,11,27.455882352941178,2018
2018_11_TEN_IND,IND,57,0.12280701754385964,0.5614035087719298,0.385667941331383,-0.016192715261971323,1810.0,10,31.75438596491228,2018
2018_11_TEN_IND,TEN,58,0.2413793103448276,0.5689655172413793,-0.016192715261971323,0.385667941331383,1638.0,10,28.24137931034483,2018
2018_12_ARI_LAC,ARI,44,0.0,0.4772727272727273,-0.3601660540174331,0.3384864799818543,1409.0,11,32.02272727272727,2018
2018_12_ARI_LAC,LAC,64,0.0,0.5625,0.3384864799818543,-0.3601660540174331,2047.0,11,31.984375,2018
2018_12_ATL_NO,ATL,69,0.10144927536231885,0.7681159420289855,-0.09369936720114933,0.23770202404930743,1797.0,10,26.043478260869566,2018
2018_12_ATL_NO,NO,51,0.0,0.47058823529411764,0.23770202404930743,-0.09369936720114933,1657.0,11,32.490196078431374,2018
2018_12_CHI_DET,CHI,57,0.0,0.7543859649122807,-0.035769454867711256,-0.12553394055748285,1549.0,10,27.17543859649123,2018
2018_12_CHI_DET,DET,65,0.03076923076923077,0.6307692307692307,-0.12553394055748285,-0.035769454867711256,1895.0,11,29.153846153846153,2018
2018_12_CLE_CIN,CIN,65,0.0,0.6923076923076923,0.015309183328087528,0.27210485308746923,1626.0,10,25.015384615384615,2018
2018_12_CLE_CIN,CLE,59,0.0,0.4406779661016949,0.27210485308746923,0.015309183328087528,1833.0,11,31.06779661016949,2018
2018_12_GB_MIN,GB,51,0.11764705882352941,0.6274509803921569,-0.1056009210490071,0.13326706823892387,1457.0,10,28.568627450980394,2018
2018_12_GB_MIN,MIN,66,0.030303030303030304,0.5909090909090909,0.13326706823892387,-0.1056009210490071,1985.0,12,30.075757575757574,2018
2018_12_JAX_BUF,BUF,52,0.0,0.36538461538461536,0.17066981860943473,-0.01005279150095436,1526.0,13,29.346153846153847,2018
2018_12_JAX_BUF,JAX,64,0.078125,0.390625,-0.01005279150095436,0.17066981860943473,1878.0,12,29.34375,2018
2018_12_LV_BAL,BAL,67,0.13432835820895522,0.3880597014925373,0.16983054062859515,-0.1327970166351929,1977.0,9,29.507462686567163,2018
2018_12_LV_BAL,LV,54,0.14814814814814814,0.6851851851851852,-0.1327970166351929,0.16983054062859515,1433.0,11,26.537037037037038,2018
2018_12_MIA_IND,IND,65,0.16923076923076924,0.6,0.1964346119265774,0.08864769951870072,1852.0,12,28.49230769230769,2018
2018_12_MIA_IND,MIA,50,0.02,0.52,0.08864769951870072,0.1964346119265774,1579.0,12,31.58,2018
2018_12_NE_NYJ,NE,66,0.0,0.4696969696969697,0.38458708210838854,0.0010111127547249236,2005.0,11,30.37878787878788,2018
2018_12_NE_NYJ,NYJ,61,0.09836065573770492,0.7540983606557377,0.0010111127547249236,0.38458708210838854,1469.0,10,24.081967213114755,2018
2018_12_NYG_PHI,NYG,58,0.0,0.6896551724137931,0.15879917974000698,0.16284018949640452,1581.0,10,27.25862068965517,2018
2018_12_NYG_PHI,PHI,61,0.09836065573770492,0.5081967213114754,0.16284018949640452,0.15879917974000698,1907.0,10,31.262295081967213,2018
2018_12_PIT_DEN,DEN,50,0.08,0.6,0.12651609087994153,0.04201934756841478,1407.0,11,28.14,2018
2018_12_PIT_DEN,PIT,76,0.27631578947368424,0.7894736842105263,0.04201934756841478,0.12651609087994153,2013.0,11,26.486842105263158,2018
2018_12_SEA_CAR,CAR,57,0.05263157894736842,0.5263157894736842,0.2469814042383813,0.29408030529891677,1740.0,9,30.526315789473685,2018
2018_12_SEA_CAR,SEA,58,0.034482758620689655,0.5517241379310345,0.29408030529891677,0.2469814042383813,1779.0,9,30.67241379310345,2018
2018_12_SF_TB,SF,59,0.1694915254237288,0.6101694915254238,-0.08428251713681983,0.22229677720864358,1481.0,11,25.10169491525424,2018
2018_12_SF_TB,TB,68,0.04411764705882353,0.5735294117647058,0.22229677720864358,-0.08428251713681983,1963.0,11,28.86764705882353,2018
2018_12_TEN_HOU,HOU,60,0.0,0.45,0.32439851166978356,0.06414785715639913,1727.0,12,28.783333333333335,2018
2018_12_TEN_HOU,TEN,52,0.0,0.5576923076923077,0.06414785715639913,0.32439851166978356,1713.0,11,32.94230769230769,2018
2018_12_WAS_DAL,DAL,67,0.014925373134328358,0.5223880597014925,0.18420978844683103,-0.03760105675207887,1898.0,13,28.328358208955223,2018
2018_12_WAS_DAL,WAS,60,0.08333333333333333,0.6833333333333333,-0.03760105675207887,0.18420978844683103,1512.0,13,25.2,2018
2018_13_ARI_GB,ARI,56,0.017857142857142856,0.5,0.06687083002376223,0.02874098051910593,1571.0,11,28.053571428571427,2018
2018_13_ARI_GB,GB,74,0.24324324324324326,0.6891891891891891,0.02874098051910593,0.06687083002376223,1870.0,11,25.27027027027027,2018
2018_13_BAL_ATL,ATL,45,0.06666666666666667,0.6888888888888889,-0.44703331367461663,-0.07555868037681973,1150.0,10,25.555555555555557,2018
2018_13_BAL_ATL,BAL,75,0.02666666666666667,0.37333333333333335,-0.07555868037681973,-0.44703331367461663,2279.0,10,30.386666666666667,2018
2018_13_BUF_MIA,BUF,67,0.014925373134328358,0.5373134328358209,0.05144322793025853,-0.09077364266933237,1899.0,11,28.34328358208955,2018
2018_13_BUF_MIA,MIA,48,0.0,0.5625,-0.09077364266933237,0.05144322793025853,1508.0,12,31.416666666666668,2018
2018_13_CAR_TB,CAR,64,0.15625,0.71875,-0.014271905135631759,0.040090481311785546,1729.0,12,27.015625,2018
2018_13_CAR_TB,TB,59,0.1864406779661017,0.576271186440678,0.040090481311785546,-0.014271905135631759,1718.0,11,29.11864406779661,2018
2018_13_CHI_NYG,CHI,76,0.0,0.5789473684210527,-0.0931489529384907,-0.07697477161759145,1930.0,15,25.394736842105264,2018
2018_13_CHI_NYG,NYG,68,0.014705882352941176,0.5735294117647058,-0.07697477161759145,-0.0931489529384907,1908.0,14,28.058823529411764,2018
2018_13_CLE_HOU,CLE,51,0.0,0.8235294117647058,-0.13041067694541253,0.13657139546590255,1253.0,12,24.568627450980394,2018
2018_13_CLE_HOU,HOU,73,0.0,0.4794520547945205,0.13657139546590255,-0.13041067694541253,2199.0,10,30.123287671232877,2018
2018_13_DEN_CIN,CIN,63,0.0,0.6349206349206349,-0.11031990249377169,0.05528317227702613,1769.0,12,28.07936507936508,2018
2018_13_DEN_CIN,DEN,56,0.0,0.4107142857142857,0.05528317227702613,-0.11031990249377169,1633.0,13,29.160714285714285,2018
2018_13_IND_JAX,IND,70,0.05714285714285714,0.7714285714285715,-0.3219744561680658,-0.2989784400567853,1746.0,11,24.942857142857143,2018
2018_13_IND_JAX,JAX,54,0.0,0.5,-0.2989784400567853,-0.3219744561680658,1672.0,11,30.962962962962962,2018
2018_13_KC_OAK,KC,65,0.015384615384615385,0.5846153846153846,0.26265130165500794,0.04088572167587489,1686.0,12,25.93846153846154,2018
2018_13_KC_OAK,LV,70,0.14285714285714285,0.5857142857142857,0.04088572167587489,0.26265130165500794,1787.0,12,25.52857142857143,2018
2018_13_LAC_PIT,LAC,61,0.03278688524590164,0.639344262295082,0.2437176570798498,0.20340582742918667,1816.0,10,29.770491803278688,2018
2018_13_LAC_PIT,PIT,62,0.1935483870967742,0.7258064516129032,0.20340582742918667,0.2437176570798498,1664.0,10,26.838709677419356,2018
2018_13_LA_DET,DET,64,0.03125,0.59375,-0.13812871584011546,0.04863472739968943,1812.0,12,28.3125,2018
2018_13_LA_DET,LA,62,0.14516129032258066,0.5645161290322581,0.04863472739968943,-0.13812871584011546,1610.0,13,25.967741935483872,2018
2018_13_MIN_NE,MIN,59,0.15254237288135594,0.7796610169491526,-0.1809836873269428,0.1503457025602781,1511.0,11,25.610169491525422,2018
2018_13_MIN_NE,NE,70,0.014285714285714285,0.45714285714285713,0.1503457025602781,-0.1809836873269428,1939.0,12,27.7,2018
2018_13_NO_DAL,DAL,63,0.06349206349206349,0.5555555555555556,-0.01215735481660867,-0.3059027885246477,2118.0,9,33.61904761904762,2018
2018_13_NO_DAL,NO,49,0.02040816326530612,0.6122448979591837,-0.3059027885246477,-0.01215735481660867,1334.0,9,27.224489795918366,2018
2018_13_NYJ_TEN,NYJ,64,0.0,0.484375,-0.1162972591485043,-0.02805329060685763,1912.0,13,29.875,2018
2018_13_NYJ_TEN,TEN,59,0.22033898305084745,0.6440677966101694,-0.02805329060685763,-0.1162972591485043,1496.0,14,25.35593220338983,2018
2018_13_SF_SEA,SEA,48,0.0,0.4166666666666667,0.34118699937391,-0.07735416410469631,1590.0,11,33.125,2018
2018_13_SF_SEA,SF,73,0.1095890410958904,0.6712328767123288,-0.07735416410469631,0.34118699937391,1869.0,11,25.602739726027398,2018
2018_13_WAS_PHI,PHI,69,0.043478260869565216,0.5797101449275363,0.1565267225832357,-0.17042202534661963,2262.0,11,32.78260869565217,2018
2018_13_WAS_PHI,WAS,42,0.09523809523809523,0.6666666666666666,-0.17042202534661963,0.1565267225832357,1174.0,10,27.952380952380953,2018
2018_14_ATL_GB,ATL,68,0.3088235294117647,0.6470588235294118,0.007239691401704185,0.1583638586230493,1802.0,10,26.5,2018
2018_14_ATL_GB,GB,60,0.05,0.6,0.1583638586230493,0.007239691401704185,1702.0,10,28.366666666666667,2018
2018_14_BAL_KC,BAL,68,0.014705882352941176,0.4117647058823529,0.11272742418862192,0.2125273324476373,1832.0,10,26.941176470588236,2018
2018_14_BAL_KC,KC,81,0.024691358024691357,0.6666666666666666,0.2125273324476373,0.11272742418862192,2154.0,11,26.59259259259259,2018
2018_14_CAR_CLE,CAR,69,0.13043478260869565,0.6376811594202898,-0.04512507453751982,0.1278075841761967,1973.0,11,28.594202898550726,2018
2018_14_CAR_CLE,CLE,43,0.0,0.5581395348837209,0.1278075841761967,-0.04512507453751982,1491.0,11,34.674418604651166,2018
2018_14_CIN_LAC,CIN,64,0.0,0.5,-0.030711071963346864,0.14554877674131123,1891.0,10,29.546875,2018
2018_14_CIN_LAC,LAC,56,0.0,0.5535714285714286,0.14554877674131123,-0.030711071963346864,1586.0,10,28.321428571428573,2018
2018_14_DEN_SF,DEN,69,0.028985507246376812,0.6231884057971014,-0.08648505432815752,0.06381378810353297,1683.0,12,24.391304347826086,2018
2018_14_DEN_SF,SF,62,0.03225806451612903,0.5806451612903226,0.06381378810353297,-0.08648505432815752,1784.0,11,28.774193548387096,2018
2018_14_DET_ARI,ARI,65,0.09230769230769231,0.676923076923077,-0.2424422316937776,-0.1608937817665829,1779.0,12,27.369230769230768,2018
2018_14_DET_ARI,DET,55,0.10909090909090909,0.43636363636363634,-0.1608937817665829,-0.2424422316937776,1612.0,10,29.30909090909091,2018
2018_14_IND_HOU,HOU,68,0.0,0.6323529411764706,0.0996978594168043,0.1840610011982258,1836.0,11,27.0,2018
2018_14_IND_HOU,IND,63,0.0,0.6825396825396826,0.1840610011982258,0.0996978594168043,1575.0,12,25.0,2018
2018_14_JAX_TEN,JAX,66,0.16666666666666666,0.7121212121212122,-0.19855557342684305,0.28511670615386203,1746.0,11,26.454545454545453,2018
2018_14_JAX_TEN,TEN,55,0.23636363636363636,0.45454545454545453,0.28511670615386203,-0.19855557342684305,1678.0,11,30.509090909090908,2018
2018_14_LA_CHI,CHI,64,0.03125,0.484375,-0.15262560155043714,-0.32174637464910266,2118.0,12,33.09375,2018
2018_14_LA_CHI,LA,61,0.16393442622950818,0.7868852459016393,-0.32174637464910266,-0.15262560155043714,1280.0,13,20.983606557377048,2018
2018_14_MIN_SEA,MIN,55,0.03636363636363636,0.6363636363636364,-0.2851432599882583,-0.006041076622843582,1608.0,11,29.236363636363638,2018
2018_14_MIN_SEA,SEA,62,0.0,0.3548387096774194,-0.006041076622843582,-0.2851432599882583,1808.0,10,29.161290322580644,2018
2018_14_NE_MIA,MIA,45,0.0,0.5333333333333333,0.48276519406796187,0.18040098710370986,1432.0,11,31.822222222222223,2018
2018_14_NE_MIA,NE,75,0.0,0.6,0.18040098710370986,0.48276519406796187,2060.0,11,27.466666666666665,2018
2018_14_NO_TB,NO,61,0.01639344262295082,0.5245901639344263,-6.976548495224625e-05,-0.03323325180278418,1842.0,12,30.19672131147541,2018
2018_14_NO_TB,TB,65,0.12307692307692308,0.6461538461538462,-0.03323325180278418,-6.976548495224625e-05,1619.0,11,24.907692307692308,2018
2018_14_NYG_WAS,NYG,62,0.016129032258064516,0.46774193548387094,0.05271366047438398,-0.30051284241733633,1705.0,14,27.5,2018
2018_14_NYG_WAS,WAS,59,0.05084745762711865,0.6271186440677966,-0.30051284241733633,0.05271366047438398,1672.0,14,28.338983050847457,2018
2018_14_NYJ_BUF,BUF,71,0.028169014084507043,0.5633802816901409,0.08105058344408443,0.08863836720520028,1969.0,11,27.732394366197184,2018
2018_14_NYJ_BUF,NYJ,51,0.0,0.49019607843137253,0.08863836720520028,0.08105058344408443,1490.0,11,29.215686274509803,2018
2018_14_PHI_DAL,DAL,93,0.021505376344086023,0.6129032258064516,0.11753667996350176,-0.04696867664560139,2640.0,13,28.387096774193548,2018
2018_14_PHI_DAL,PHI,48,0.041666666666666664,0.7083333333333334,-0.04696867664560139,0.11753667996350176,1293.0,11,26.9375,2018
2018_14_PIT_OAK,LV,62,0.16129032258064516,0.6129032258064516,0.1816188365463761,0.13865276447839617,1892.0,10,30.516129032258064,2018
2018_14_PIT_OAK,PIT,58,0.0,0.6724137931034483,0.13865276447839617,0.1816188365463761,1594.0,10,27.482758620689655,2018
2018_15_ARI_ATL,ARI,64,0.078125,0.671875,-0.33995091349799683,0.22594118113188522,1635.0,14,25.546875,2018
2018_15_ARI_ATL,ATL,66,0.0,0.5909090909090909,0.22594118113188522,-0.33995091349799683,1765.0,12,26.742424242424242,2018
2018_15_CLE_DEN,CLE,60,0.016666666666666666,0.55,-0.10193443921810055,-0.10402368346920879,1542.0,11,25.7,2018
2018_15_CLE_DEN,DEN,68,0.10294117647058823,0.7205882352941176,-0.10402368346920879,-0.10193443921810055,1876.0,11,27.58823529411765,2018
2018_15_DAL_IND,DAL,64,0.203125,0.65625,-0.11443857580947966,0.13359893197226497,1636.0,7,25.5625,2018
2018_15_DAL_IND,IND,62,0.08064516129032258,0.41935483870967744,0.13359893197226497,-0.11443857580947966,1838.0,8,29.64516129032258,2018
2018_15_DET_BUF,BUF,62,0.03225806451612903,0.43548387096774194,0.025028018397506648,0.08896719226031265,1757.0,11,28.338709677419356,2018
2018_15_DET_BUF,DET,56,0.07142857142857142,0.5357142857142857,0.08896719226031265,0.025028018397506648,1672.0,10,29.857142857142858,2018
2018_15_GB_CHI,CHI,57,0.0,0.5087719298245614,0.06563321704348316,-0.0112760084808436,1766.0,11,30.982456140350877,2018
2018_15_GB_CHI,GB,67,0.11940298507462686,0.7164179104477612,-0.0112760084808436,0.06563321704348316,1706.0,11,25.46268656716418,2018
2018_15_HOU_NYJ,HOU,50,0.1,0.68,0.03252166845550976,-0.05942165381371857,1413.0,12,28.26,2018
2018_15_HOU_NYJ,NYJ,72,0.013888888888888888,0.5694444444444444,-0.05942165381371857,0.03252166845550976,2044.0,11,28.38888888888889,2018
2018_15_LAC_KC,KC,53,0.0,0.6792452830188679,0.2620524515054662,0.13974177900812038,1562.0,9,29.471698113207548,2018
2018_15_LAC_KC,LAC,68,0.0,0.6470588235294118,0.13974177900812038,0.2620524515054662,1955.0,9,28.75,2018
2018_15_LV_CIN,CIN,72,0.0,0.4722222222222222,0.0131069483692702,-0.19074001838772214,1899.0,13,26.375,2018
2018_15_LV_CIN,LV,57,0.0,0.7192982456140351,-0.19074001838772214,0.0131069483692702,1517.0,13,26.614035087719298,2018
2018_15_MIA_MIN,MIA,52,0.0,0.6153846153846154,-0.356777533680258,0.1267651412572119,1489.0,11,28.634615384615383,2018
2018_15_MIA_MIN,MIN,61,0.04918032786885246,0.3770491803278688,0.1267651412572119,-0.356777533680258,1906.0,13,31.24590163934426,2018
2018_15_NE_PIT,NE,56,0.10714285714285714,0.6607142857142857,0.04238513652031219,0.19974682704151162,1684.0,9,30.071428571428573,2018
2018_15_NE_PIT,PIT,58,0.1724137931034483,0.603448275862069,0.19974682704151162,0.04238513652031219,1780.0,10,30.689655172413794,2018
2018_15_NO_CAR,CAR,56,0.17857142857142858,0.5892857142857143,-0.12047780363302993,-0.11933678312828461,1417.0,10,25.303571428571427,2018
2018_15_NO_CAR,NO,68,0.0,0.5588235294117647,-0.11933678312828461,-0.12047780363302993,2003.0,11,29.455882352941178,2018
2018_15_PHI_LA,LA,73,0.1643835616438356,0.7534246575342466,-0.019012078935853566,0.05827540662037025,1636.0,12,22.410958904109588,2018
2018_15_PHI_LA,PHI,61,0.01639344262295082,0.5081967213114754,0.05827540662037025,-0.019012078935853566,1823.0,12,29.885245901639344,2018
2018_15_SEA_SF,SEA,69,0.057971014492753624,0.4927536231884058,0.1348745077018039,0.07682349378831523,2149.0,12,31.144927536231883,2018
2018_15_SEA_SF,SF,56,0.017857142857142856,0.5714285714285714,0.07682349378831523,0.1348745077018039,1705.0,13,30.446428571428573,2018
2018_15_TB_BAL,BAL,70,0.04285714285714286,0.34285714285714286,0.09090772533386399,-0.21257726410842126,2158.0,9,30.82857142857143,2018
2018_15_TB_BAL,TB,47,0.3404255319148936,0.5531914893617021,-0.21257726410842126,0.09090772533386399,1312.0,10,27.914893617021278,2018
2018_15_TEN_NYG,NYG,63,0.09523809523809523,0.746031746031746,-0.2177121989110758,0.07293278898562235,1401.0,10,22.238095238095237,2018
2018_15_TEN_NYG,TEN,64,0.25,0.34375,0.07293278898562235,-0.2177121989110758,2030.0,10,31.71875,2018
2018_15_WAS_JAX,JAX,49,0.061224489795918366,0.46938775510204084,-0.29152057050679103,-0.03253377553755644,1539.0,9,31.408163265306122,2018
2018_15_WAS_JAX,WAS,60,0.0,0.4666666666666667,-0.03253377553755644,-0.29152057050679103,1889.0,11,31.483333333333334,2018
2018_16_ATL_CAR,ATL,46,0.0,0.5652173913043478,0.11989355387476049,-0.16797960291653005,1251.0,12,27.195652173913043,2018
2018_16_ATL_CAR,CAR,83,0.14457831325301204,0.6987951807228916,-0.16797960291653005,0.11989355387476049,2161.0,12,26.03614457831325,2018
2018_16_BAL_LAC,BAL,58,0.0,0.43103448275862066,-0.10068772306506744,-0.3564473652536687,1782.0,12,30.724137931034484,2018
2018_16_BAL_LAC,LAC,57,0.0,0.7192982456140351,-0.3564473652536687,-0.10068772306506744,1610.0,12,28.24561403508772,2018
2018_16_BUF_NE,BUF,60,0.13333333333333333,0.7,-0.3878552422354136,-0.12356003197902547,1309.0,15,21.816666666666666,2018
2018_16_BUF_NE,NE,71,0.0,0.36619718309859156,-0.12356003197902547,-0.3878552422354136,2006.0,15,28.253521126760564,2018
2018_16_CHI_SF,CHI,58,0.0,0.5517241379310345,0.07657876338002392,-0.1196157002168488,2055.0,9,35.43103448275862,2018
2018_16_CHI_SF,SF,54,0.0,0.7222222222222222,-0.1196157002168488,0.07657876338002392,1413.0,9,26.166666666666668,2018
2018_16_CIN_CLE,CIN,46,0.10869565217391304,0.5,0.04004760762832338,0.41490959184385373,1410.0,9,30.652173913043477,2018
2018_16_CIN_CLE,CLE,63,0.0,0.6031746031746031,0.41490959184385373,0.04004760762832338,2076.0,9,32.95238095238095,2018
2018_16_DEN_OAK,DEN,62,0.25806451612903225,0.6129032258064516,0.021119689742627495,0.05373252011752595,1701.0,11,27.43548387096774,2018
2018_16_DEN_OAK,LV,54,0.1111111111111111,0.5,0.05373252011752595,0.021119689742627495,1723.0,10,31.90740740740741,2018
2018_16_GB_NYJ,GB,78,0.02564102564102564,0.7435897435897436,0.3653260533128331,0.32350139661502797,1989.0,13,25.5,2018
2018_16_GB_NYJ,NYJ,57,0.03508771929824561,0.6491228070175439,0.32350139661502797,0.3653260533128331,1711.0,12,30.017543859649123,2018
2018_16_HOU_PHI,HOU,63,0.09523809523809523,0.6984126984126984,0.14239603521406313,0.16379378105265158,1527.0,11,24.238095238095237,2018
2018_16_HOU_PHI,PHI,73,0.0273972602739726,0.6986301369863014,0.16379378105265158,0.14239603521406313,1963.0,12,26.89041095890411,2018
2018_16_JAX_MIA,JAX,60,0.0,0.5,-0.026520770390338882,-0.15334788247559986,1997.0,10,33.28333333333333,2018
2018_16_JAX_MIA,MIA,42,0.023809523809523808,0.5714285714285714,-0.15334788247559986,-0.026520770390338882,1428.0,10,34.0,2018
2018_16_KC_SEA,KC,61,0.11475409836065574,0.6721311475409836,0.17688228711454784,0.33179560538115055,1431.0,11,23.459016393442624,2018
2018_16_KC_SEA,SEA,71,0.0,0.4507042253521127,0.33179560538115055,0.17688228711454784,2022.0,12,28.47887323943662,2018
2018_16_LA_ARI,ARI,53,0.16981132075471697,0.660377358490566,-0.07344194119071745,0.31407505550856873,1301.0,9,24.547169811320753,2018
2018_16_LA_ARI,LA,65,0.015384615384615385,0.4,0.31407505550856873,-0.07344194119071745,2150.0,10,33.07692307692308,2018
2018_16_MIN_DET,DET,69,0.10144927536231885,0.6666666666666666,-0.27298278243475743,0.03202684178725111,1784.0,12,25.855072463768117,2018
2018_16_MIN_DET,MIN,58,0.017241379310344827,0.5172413793103449,0.03202684178725111,-0.27298278243475743,1631.0,12,28.120689655172413,2018
2018_16_NYG_IND,IND,62,0.27419354838709675,0.7580645161290323,0.25360351054226904,0.2634980466437721,1627.0,10,26.241935483870968,2018
2018_16_NYG_IND,NYG,61,0.03278688524590164,0.5409836065573771,0.2634980466437721,0.25360351054226904,1846.0,10,30.262295081967213,2018
2018_16_PIT_NO,NO,59,0.03389830508474576,0.6949152542372882,0.226905960762391,0.10217509460626191,1641.0,11,27.8135593220339,2018
2018_16_PIT_NO,PIT,70,0.0,0.7571428571428571,0.10217509460626191,0.226905960762391,1830.0,11,26.142857142857142,2018
2018_16_TB_DAL,DAL,48,0.020833333333333332,0.5416666666666666,0.005485134024281791,-0.09854460675896609,1394.0,10,29.041666666666668,2018
2018_16_TB_DAL,TB,75,0.17333333333333334,0.68,-0.09854460675896609,0.005485134024281791,2054.0,10,27.386666666666667,2018
2018_16_WAS_TEN,TEN,55,0.14545454545454545,0.509090909090909,0.11142627894743849,-0.016625045113820736,1580.0,8,28.727272727272727,2018
2018_16_WAS_TEN,WAS,59,0.0,0.423728813559322,-0.016625045113820736,0.11142627894743849,1941.0,8,32.898305084745765,2018
2018_17_ARI_SEA,ARI,65,0.03076923076923077,0.6153846153846154,-0.3698050991673897,-0.12449524709968617,1759.0,14,27.06153846153846,2018
2018_17_ARI_SEA,SEA,60,0.03333333333333333,0.45,-0.12449524709968617,-0.3698050991673897,1644.0,14,27.4,2018
2018_17_ATL_TB,ATL,73,0.0547945205479452,0.6301369863013698,0.2129580748176396,0.14516630726814655,2017.0,12,27.63013698630137,2018
2018_17_ATL_TB,TB,58,0.13793103448275862,0.6551724137931034,0.14516630726814655,0.2129580748176396,1453.0,12,25.051724137931036,2018
2018_17_CAR_NO,CAR,68,0.014705882352941176,0.45588235294117646,0.12177532464685256,-0.005054961247032681,1953.0,10,28.720588235294116,2018
2018_17_CAR_NO,NO,51,0.0,0.47058823529411764,-0.005054961247032681,0.12177532464685256,1509.0,10,29.58823529411765,2018
2018_17_CHI_MIN,CHI,63,0.0,0.42857142857142855,0.1444292397781163,-0.36100463532952287,2160.0,11,34.285714285714285,2018
2018_17_CHI_MIN,MIN,52,0.07692307692307693,0.7115384615384616,-0.36100463532952287,0.1444292397781163,1302.0,10,25.03846153846154,2018
2018_17_CIN_PIT,CIN,46,0.06521739130434782,0.6086956521739131,-0.26086299343436065,-0.053524700000348334,1467.0,9,31.891304347826086,2018
2018_17_CIN_PIT,PIT,63,0.19047619047619047,0.7142857142857143,-0.053524700000348334,-0.26086299343436065,1956.0,11,31.047619047619047,2018
2018_17_CLE_BAL,BAL,71,0.028169014084507043,0.36619718309859156,0.11023701226427768,0.10965597009605565,2215.0,12,31.197183098591548,2018
2018_17_CLE_BAL,CLE,56,0.125,0.75,0.10965597009605565,0.11023701226427768,1234.0,12,22.035714285714285,2018
2018_17_DAL_NYG,DAL,67,0.23880597014925373,0.7164179104477612,0.2513191564690877,0.1740722055201943,1778.0,12,26.53731343283582,2018
2018_17_DAL_NYG,NYG,68,0.08823529411764706,0.6323529411764706,0.1740722055201943,0.2513191564690877,1702.0,11,25.029411764705884,2018
2018_17_DET_GB,DET,70,0.05714285714285714,0.4857142857142857,0.2552002032559154,-0.3607644381076404,2142.0,10,30.6,2018
2018_17_DET_GB,GB,55,0.12727272727272726,0.7636363636363637,-0.3607644381076404,0.2552002032559154,1316.0,10,23.927272727272726,2018
2018_17_IND_TEN,IND,69,0.028985507246376812,0.5217391304347826,0.11865105838626004,-0.2950788564928642,2316.0,13,33.56521739130435,2018
2018_17_IND_TEN,TEN,45,0.06666666666666667,0.6444444444444445,-0.2950788564928642,0.11865105838626004,1099.0,11,24.42222222222222,2018
2018_17_JAX_HOU,HOU,73,0.0,0.5616438356164384,-0.03758901335265382,-0.4018231154813158,1992.0,12,27.28767123287671,2018
2018_17_JAX_HOU,JAX,47,0.0,0.6595744680851063,-0.4018231154813158,-0.03758901335265382,1349.0,12,28.70212765957447,2018
2018_17_LAC_DEN,DEN,75,0.25333333333333335,0.6666666666666666,-0.16009557243219305,-0.18175563738068576,1799.0,13,23.986666666666668,2018
2018_17_LAC_DEN,LAC,53,0.0,0.4716981132075472,-0.18175563738068576,-0.16009557243219305,1579.0,12,29.79245283018868,2018
2018_17_LV_KC,KC,53,0.0,0.5094339622641509,0.3291455315126102,-0.32277511821597,1528.0,10,28.830188679245282,2018
2018_17_LV_KC,LV,65,0.03076923076923077,0.5538461538461539,-0.32277511821597,0.3291455315126102,1948.0,10,29.96923076923077,2018
2018_17_MIA_BUF,BUF,57,0.0,0.45614035087719296,0.3032031169180304,-0.3736150013190152,1743.0,13,30.57894736842105,2018
2018_17_MIA_BUF,MIA,61,0.08196721311475409,0.5901639344262295,-0.3736150013190152,0.3032031169180304,1660.0,12,27.21311475409836,2018
2018_17_NYJ_NE,NE,61,0.06557377049180328,0.5573770491803278,0.2345301116124773,-0.48875212228083526,1877.0,11,30.770491803278688,2018
2018_17_NYJ_NE,NYJ,55,0.03636363636363636,0.5818181818181818,-0.48875212228083526,0.2345301116124773,1536.0,12,27.927272727272726,2018
2018_17_PHI_WAS,PHI,69,0.028985507246376812,0.5362318840579711,0.15360956341459417,-0.5222524112508344,2520.0,9,36.52173913043478,2018
2018_17_PHI_WAS,WAS,44,0.022727272727272728,0.7272727272727273,-0.5222524112508344,0.15360956341459417,917.0,9,20.84090909090909,2018
2018_17_SF_LA,LA,67,0.07462686567164178,0.40298507462686567,0.250098884561537,-0.0523331571144148,1872.0,12,27.940298507462686,2018
2018_17_SF_LA,SF,58,0.034482758620689655,0.6379310344827587,-0.0523331571144148,0.250098884561537,1589.0,12,27.396551724137932,2018
2019_01_ATL_MIN,ATL,69,0.2753623188405797,0.7536231884057971,-0.13728801106258093,0.26644186004743947,1767.0,10,25.608695652173914,2019
2019_01_ATL_MIN,MIN,47,0.0,0.23404255319148937,0.26644186004743947,-0.13728801106258093,1696.0,10,36.08510638297872,2019
2019_01_BAL_MIA,BAL,71,0.014084507042253521,0.38028169014084506,0.6694227694794712,-0.27111012579598814,2359.0,12,33.225352112676056,2019
2019_01_BAL_MIA,MIA,47,0.06382978723404255,0.7446808510638298,-0.27111012579598814,0.6694227694794712,1103.0,10,23.46808510638298,2019
2019_01_BUF_NYJ,BUF,62,0.0967741935483871,0.6129032258064516,-0.07378659265769942,-0.06728355076100655,1591.0,12,25.661290322580644,2019
2019_01_BUF_NYJ,NYJ,67,0.13432835820895522,0.6865671641791045,-0.06728355076100655,-0.07378659265769942,1848.0,12,27.582089552238806,2019
2019_01_CIN_SEA,CIN,70,0.02857142857142857,0.8,0.004661484469153164,-0.1846780794846912,2083.0,12,29.757142857142856,2019
2019_01_CIN_SEA,SEA,46,0.0,0.5,-0.1846780794846912,0.004661484469153164,1344.0,14,29.217391304347824,2019
2019_01_DEN_OAK,DEN,57,0.15789473684210525,0.5964912280701754,0.1313783609858204,0.34599102904288864,1594.0,8,27.964912280701753,2019
2019_01_DEN_OAK,LV,53,0.018867924528301886,0.49056603773584906,0.34599102904288864,0.1313783609858204,1907.0,8,35.9811320754717,2019
2019_01_DET_ARI,ARI,83,0.42168674698795183,0.7228915662650602,-0.0388112584554214,0.06539663744321933,1716.0,16,20.674698795180724,2019
2019_01_DET_ARI,DET,78,0.02564102564102564,0.5897435897435898,0.06539663744321933,-0.0388112584554214,2261.0,15,28.987179487179485,2019
2019_01_GB_CHI,CHI,65,0.09230769230769231,0.7692307692307693,-0.2654509592286573,-0.21733677495340922,1645.0,12,25.307692307692307,2019
2019_01_GB_CHI,GB,55,0.07272727272727272,0.6363636363636364,-0.21733677495340922,-0.2654509592286573,1726.0,13,31.381818181818183,2019
2019_01_HOU_NO,HOU,58,0.0,0.603448275862069,0.34758640936265944,0.3343146420775453,1739.0,9,29.982758620689655,2019
2019_01_HOU_NO,NO,63,0.015873015873015872,0.6666666666666666,0.3343146420775453,0.34758640936265944,1772.0,10,28.126984126984127,2019
2019_01_IND_LAC,IND,63,0.031746031746031744,0.4603174603174603,0.256929328909307,0.23069289275138244,1885.0,9,29.92063492063492,2019
2019_01_IND_LAC,LAC,59,0.0,0.6440677966101694,0.23069289275138244,0.256929328909307,1926.0,9,32.644067796610166,2019
2019_01_KC_JAX,JAX,51,0.11764705882352941,0.6862745098039216,0.2110901270973143,0.4067052444870306,1669.0,10,32.72549019607843,2019
2019_01_KC_JAX,KC,58,0.017241379310344827,0.5689655172413793,0.4067052444870306,0.2110901270973143,1811.0,10,31.224137931034484,2019
2019_01_LA_CAR,CAR,62,0.16129032258064516,0.6290322580645161,-0.018672157895171897,0.02408642483468441,1522.0,13,24.548387096774192,2019
2019_01_LA_CAR,LA,70,0.17142857142857143,0.5714285714285714,0.02408642483468441,-0.018672157895171897,1890.0,13,27.0,2019
2019_01_NYG_DAL,DAL,60,0.15,0.5333333333333333,0.4959701030643936,0.2423451215454565,1867.0,10,31.116666666666667,2019
2019_01_NYG_DAL,NYG,65,0.15384615384615385,0.7384615384615385,0.2423451215454565,0.4959701030643936,1595.0,10,24.53846153846154,2019
2019_01_PIT_NE,NE,67,0.1044776119402985,0.5671641791044776,0.2720359057717665,-0.2338313406059922,1920.0,10,28.65671641791045,2019
2019_01_PIT_NE,PIT,61,0.18032786885245902,0.7868852459016393,-0.2338313406059922,0.2720359057717665,1559.0,11,25.557377049180328,2019
2019_01_SF_TB,SF,59,0.03389830508474576,0.4915254237288136,-0.15822179668622022,-0.3253329303722516,1730.0,12,29.322033898305083,2019
2019_01_SF_TB,TB,63,0.047619047619047616,0.6031746031746031,-0.3253329303722516,-0.15822179668622022,1727.0,12,27.41269841269841,2019
2019_01_TEN_CLE,CLE,63,0.19047619047619047,0.6825396825396826,-0.3164164334400507,0.12516489363484645,1752.0,14,27.80952380952381,2019
2019_01_TEN_CLE,TEN,54,0.0,0.5185185185185185,0.12516489363484645,-0.3164164334400507,1658.0,14,30.703703703703702,2019
2019_01_WAS_PHI,PHI,71,0.028169014084507043,0.5633802816901409,0.2540383398964999,0.24366610034748634,2032.0,10,28.619718309859156,2019
2019_01_WAS_PHI,WAS,57,0.08771929824561403,0.7719298245614035,0.24366610034748634,0.2540383398964999,1474.0,10,25.859649122807017,2019
2019_02_ARI_BAL,ARI,54,0.6296296296296297,0.7962962962962963,0.08893424062811718,0.16073684158110688,1242.0,10,23.0,2019
2019_02_ARI_BAL,BAL,70,0.014285714285714285,0.5571428571428572,0.16073684158110688,0.08893424062811718,2180.0,10,31.142857142857142,2019
2019_02_BUF_NYG,BUF,64,0.015625,0.5,0.1836236471775897,-0.01588551342279117,1855.0,12,28.984375,2019
2019_02_BUF_NYG,NYG,66,0.06060606060606061,0.696969696969697,-0.01588551342279117,0.1836236471775897,1566.0,12,23.727272727272727,2019
2019_02_CHI_DEN,CHI,56,0.05357142857142857,0.48214285714285715,-0.009750188175362282,0.10987969522690234,1545.0,10,27.589285714285715,2019
2019_02_CHI_DEN,DEN,77,0.18181818181818182,0.6883116883116883,0.10987969522690234,-0.009750188175362282,1923.0,9,24.974025974025974,2019
2019_02_CLE_NYJ,CLE,58,0.0,0.6379310344827587,-0.040339226954572545,-0.3201171729665513,1719.0,12,29.637931034482758,2019
2019_02_CLE_NYJ,NYJ,59,0.06779661016949153,0.5932203389830508,-0.3201171729665513,-0.040339226954572545,1722.0,12,29.1864406779661,2019
2019_02_DAL_WAS,DAL,64,0.09375,0.484375,0.31229247194391385,0.0941594477174103,1951.0,9,30.484375,2019
2019_02_DAL_WAS,WAS,54,0.1111111111111111,0.7037037037037037,0.0941594477174103,0.31229247194391385,1551.0,9,28.72222222222222,2019
2019_02_IND_TEN,IND,63,0.07936507936507936,0.47619047619047616,-0.006684522378415704,-0.027122295996713272,1837.0,12,29.158730158730158,2019
2019_02_IND_TEN,TEN,54,0.16666666666666666,0.5555555555555556,-0.027122295996713272,-0.006684522378415704,1613.0,11,29.87037037037037,2019
2019_02_JAX_HOU,HOU,62,0.0,0.532258064516129,-0.030231758512785267,-0.0747886042814914,1704.0,11,27.483870967741936,2019
2019_02_JAX_HOU,JAX,59,0.0,0.6271186440677966,-0.0747886042814914,-0.030231758512785267,1727.0,10,29.271186440677965,2019
2019_02_KC_OAK,KC,67,0.0,0.6865671641791045,0.19309453531082324,-0.12465810691969453,1870.0,11,27.91044776119403,2019
2019_02_KC_OAK,LV,60,0.08333333333333333,0.6833333333333333,-0.12465810691969453,0.19309453531082324,1545.0,11,25.75,2019
2019_02_LAC_DET,DET,57,0.017543859649122806,0.5263157894736842,0.13902259624793886,-0.005455547741651593,1647.0,10,28.894736842105264,2019
2019_02_LAC_DET,LAC,62,0.016129032258064516,0.5967741935483871,-0.005455547741651593,0.13902259624793886,1809.0,10,29.177419354838708,2019
2019_02_MIN_GB,GB,69,0.043478260869565216,0.5217391304347826,-0.09530648274466348,-0.07478404205888653,1948.0,14,28.231884057971016,2019
2019_02_MIN_GB,MIN,60,0.0,0.55,-0.07478404205888653,-0.09530648274466348,1456.0,15,24.266666666666666,2019
2019_02_NE_MIA,MIA,61,0.16393442622950818,0.7540983606557377,-0.6602273174154111,0.15975412293380475,1293.0,13,21.19672131147541,2019
2019_02_NE_MIA,NE,64,0.015625,0.46875,0.15975412293380475,-0.6602273174154111,2124.0,13,33.1875,2019
2019_02_NO_LA,LA,58,0.06896551724137931,0.5344827586206896,0.17152199693644174,-0.17983652562972535,1730.0,11,29.82758620689655,2019
2019_02_NO_LA,NO,56,0.0,0.6428571428571429,-0.17983652562972535,0.17152199693644174,1707.0,11,30.482142857142858,2019
2019_02_PHI_ATL,ATL,59,0.06779661016949153,0.7288135593220338,0.127764463362847,-0.02500877061485184,1533.0,12,25.983050847457626,2019
2019_02_PHI_ATL,PHI,73,0.0136986301369863,0.6986301369863014,-0.02500877061485184,0.127764463362847,1879.0,12,25.73972602739726,2019
2019_02_SEA_PIT,PIT,52,0.07692307692307693,0.6923076923076923,0.0003783118141300783,0.06209059592358835,1394.0,11,26.807692307692307,2019
2019_02_SEA_PIT,SEA,69,0.07246376811594203,0.5652173913043478,0.06209059592358835,0.0003783118141300783,2050.0,12,29.71014492753623,2019
2019_02_SF_CIN,CIN,64,0.0,0.703125,-0.03879549771035559,0.4250298911273372,1604.0,12,25.0625,2019
2019_02_SF_CIN,SF,66,0.0,0.3939393939393939,0.4250298911273372,-0.03879549771035559,1881.0,12,28.5,2019
2019_02_TB_CAR,CAR,73,0.0684931506849315,0.7397260273972602,-0.2980666517366992,-0.002215891404744638,1467.0,13,20.095890410958905,2019
2019_02_TB_CAR,TB,56,0.0,0.48214285714285715,-0.002215891404744638,-0.2980666517366992,1911.0,13,34.125,2019
2019_03_ATL_IND,ATL,53,0.20754716981132076,0.6415094339622641,0.5097171051163103,0.31535713275826555,1688.0,7,31.849056603773583,2019
2019_03_ATL_IND,IND,59,0.0847457627118644,0.6271186440677966,0.31535713275826555,0.5097171051163103,1823.0,7,30.89830508474576,2019
2019_03_BAL_KC,BAL,81,0.07407407407407407,0.5802469135802469,0.21066917092128926,0.35071681199162974,1922.0,10,23.728395061728396,2019
2019_03_BAL_KC,KC,60,0.016666666666666666,0.6166666666666667,0.35071681199162974,0.21066917092128926,1574.0,10,26.233333333333334,2019
2019_03_CAR_ARI,ARI,73,0.2328767123287671,0.6986301369863014,-0.026913683539327535,0.31782500393665986,1827.0,11,25.027397260273972,2019
2019_03_CAR_ARI,CAR,57,0.03508771929824561,0.49122807017543857,0.31782500393665986,-0.026913683539327535,1609.0,12,28.228070175438596,2019
2019_03_CHI_WAS,CHI,58,0.1896551724137931,0.5862068965517241,0.11875790438548198,-0.20622049326219832,1849.0,10,31.879310344827587,2019
2019_03_CHI_WAS,WAS,69,0.14492753623188406,0.6956521739130435,-0.20622049326219832,0.11875790438548198,1621.0,11,23.492753623188406,2019
2019_03_CIN_BUF,BUF,71,0.056338028169014086,0.5070422535211268,0.03973414464962952,-0.16704579860779337,2120.0,13,29.859154929577464,2019
2019_03_CIN_BUF,CIN,55,0.03636363636363636,0.6545454545454545,-0.16704579860779337,0.03973414464962952,1299.0,13,23.618181818181817,2019
2019_03_DEN_GB,DEN,72,0.08333333333333333,0.4722222222222222,-0.07293718638711175,0.1952148400804958,2054.0,11,28.52777777777778,2019
2019_03_DEN_GB,GB,51,0.0196078431372549,0.5686274509803921,0.1952148400804958,-0.07293718638711175,1400.0,11,27.45098039215686,2019
2019_03_DET_PHI,DET,58,0.034482758620689655,0.5517241379310345,0.05542659653519437,-0.09274798643124404,1565.0,13,26.982758620689655,2019
2019_03_DET_PHI,PHI,69,0.2463768115942029,0.5652173913043478,-0.09274798643124404,0.05542659653519437,1809.0,12,26.217391304347824,2019
2019_03_HOU_LAC,HOU,54,0.0,0.6666666666666666,0.24677944142212843,0.07057013733113238,1629.0,11,30.166666666666668,2019
2019_03_HOU_LAC,LAC,68,0.07352941176470588,0.7352941176470589,0.07057013733113238,0.24677944142212843,1840.0,10,27.058823529411764,2019
2019_03_LA_CLE,CLE,63,0.015873015873015872,0.6190476190476191,-0.13055364391851573,0.015768726462483958,1829.0,11,29.03174603174603,2019
2019_03_LA_CLE,LA,63,0.1746031746031746,0.6349206349206349,0.015768726462483958,-0.13055364391851573,1623.0,11,25.761904761904763,2019
2019_03_LV_MIN,LV,58,0.1896551724137931,0.6551724137931034,-0.030265030587236293,0.29139827335178364,1646.0,9,28.379310344827587,2019
2019_03_LV_MIN,MIN,56,0.03571428571428571,0.35714285714285715,0.29139827335178364,-0.030265030587236293,1778.0,10,31.75,2019
2019_03_MIA_DAL,DAL,65,0.2,0.49230769230769234,0.3070094353090551,-0.30367954270617636,1756.0,12,27.015384615384615,2019
2019_03_MIA_DAL,MIA,68,0.014705882352941176,0.6470588235294118,-0.30367954270617636,0.3070094353090551,1667.0,12,24.514705882352942,2019
2019_03_NO_SEA,NO,51,0.058823529411764705,0.5294117647058824,0.11754501967560622,-0.024741519783177603,1651.0,11,32.372549019607845,2019
2019_03_NO_SEA,SEA,75,0.12,0.6533333333333333,-0.024741519783177603,0.11754501967560622,1816.0,13,24.213333333333335,2019
2019_03_NYG_TB,NYG,61,0.06557377049180328,0.6885245901639344,0.11215636490857524,0.1428245235213798,1532.0,12,25.114754098360656,2019
2019_03_NYG_TB,TB,72,0.05555555555555555,0.5555555555555556,0.1428245235213798,0.11215636490857524,1926.0,13,26.75,2019
2019_03_NYJ_NE,NE,70,0.02857142857142857,0.6428571428571429,-0.01638398212721331,-0.600814888118501,2015.0,14,28.785714285714285,2019
2019_03_NYJ_NE,NYJ,47,0.02127659574468085,0.574468085106383,-0.600814888118501,-0.01638398212721331,1344.0,14,28.595744680851062,2019
2019_03_PIT_SF,PIT,51,0.0392156862745098,0.5686274509803921,-0.2773970223433927,-0.11123761641735906,1324.0,13,25.96078431372549,2019
2019_03_PIT_SF,SF,72,0.1527777777777778,0.4583333333333333,-0.11123761641735906,-0.2773970223433927,2074.0,14,28.805555555555557,2019
2019_03_TEN_JAX,JAX,49,0.02040816326530612,0.6122448979591837,-0.06610744641130269,-0.05664404575222711,1401.0,12,28.591836734693878,2019
2019_03_TEN_JAX,TEN,75,0.13333333333333333,0.6533333333333333,-0.05664404575222711,-0.06610744641130269,2039.0,11,27.186666666666667,2019
2019_04_CAR_HOU,CAR,65,0.0,0.5692307692307692,-0.16290965035537655,-0.23387170617541805,1763.0,11,27.123076923076923,2019
2019_04_CAR_HOU,HOU,61,0.0,0.639344262295082,-0.23387170617541805,-0.16290965035537655,1669.0,12,27.360655737704917,2019
2019_04_CIN_PIT,CIN,64,0.203125,0.703125,-0.3948471545967877,0.14322368325980273,1738.0,10,27.15625,2019
2019_04_CIN_PIT,PIT,53,0.05660377358490566,0.5849056603773585,0.14322368325980273,-0.3948471545967877,1714.0,10,32.339622641509436,2019
2019_04_CLE_BAL,BAL,67,0.1044776119402985,0.5671641791044776,0.03436442088500052,0.37262991988448646,1715.0,12,25.597014925373134,2019
2019_04_CLE_BAL,CLE,61,0.0,0.5409836065573771,0.37262991988448646,0.03436442088500052,1755.0,12,28.770491803278688,2019
2019_04_DAL_NO,DAL,53,0.018867924528301886,0.6226415094339622,-0.10034441743600955,-0.06194748394451088,1385.0,9,26.132075471698112,2019
2019_04_DAL_NO,NO,62,0.03225806451612903,0.5645161290322581,-0.06194748394451088,-0.10034441743600955,2104.0,9,33.935483870967744,2019
2019_04_JAX_DEN,DEN,52,0.057692307692307696,0.7115384615384616,0.09742956611343648,0.146426814812257,1170.0,12,22.5,2019
2019_04_JAX_DEN,JAX,76,0.0,0.5,0.146426814812257,0.09742956611343648,2282.0,12,30.026315789473685,2019
2019_04_KC_DET,DET,73,0.0,0.5205479452054794,-0.01945117383843888,0.15395788928861884,1910.0,13,26.164383561643834,2019
2019_04_KC_DET,KC,67,0.05970149253731343,0.6268656716417911,0.15395788928861884,-0.01945117383843888,1503.0,12,22.432835820895523,2019
2019_04_LAC_MIA,LAC,61,0.0,0.5081967213114754,0.37087089722197236,-0.10248565552293373,2191.0,8,35.91803278688525,2019
2019_04_LAC_MIA,MIA,47,0.0425531914893617,0.6170212765957447,-0.10248565552293373,0.37087089722197236,1297.0,8,27.595744680851062,2019
2019_04_LV_IND,IND,68,0.1323529411764706,0.6764705882352942,-0.018935632021451543,0.18926129769234434,1505.0,12,22.13235294117647,2019
2019_04_LV_IND,LV,62,0.03225806451612903,0.5,0.18926129769234434,-0.018935632021451543,1936.0,12,31.225806451612904,2019
2019_04_MIN_CHI,CHI,67,0.3582089552238806,0.5074626865671642,-0.03515753140622603,-0.3008753484243489,2058.0,10,30.71641791044776,2019
2019_04_MIN_CHI,MIN,58,0.20689655172413793,0.7241379310344828,-0.3008753484243489,-0.03515753140622603,1416.0,10,24.413793103448278,2019
2019_04_NE_BUF,BUF,70,0.11428571428571428,0.6857142857142857,-0.22242791937006282,-0.25677618149844206,1855.0,14,26.5,2019
2019_04_NE_BUF,NE,58,0.0,0.6551724137931034,-0.25677618149844206,-0.22242791937006282,1516.0,14,26.137931034482758,2019
2019_04_PHI_GB,GB,73,0.0410958904109589,0.726027397260274,0.21678518091590898,0.32594169651568017,1895.0,10,25.958904109589042,2019
2019_04_PHI_GB,PHI,59,0.11864406779661017,0.4745762711864407,0.32594169651568017,0.21678518091590898,1608.0,11,27.25423728813559,2019
2019_04_SEA_ARI,ARI,57,0.38596491228070173,0.6140350877192983,0.014196139921482663,0.18942775511058726,1519.0,10,26.649122807017545,2019
2019_04_SEA_ARI,SEA,59,0.01694915254237288,0.5423728813559322,0.18942775511058726,0.014196139921482663,1963.0,9,33.271186440677965,2019
2019_04_TB_LA,LA,81,0.24691358024691357,0.8641975308641975,0.0527995469525339,0.28004314517109713,1577.0,13,19.469135802469136,2019
2019_04_TB_LA,TB,72,0.041666666666666664,0.5972222222222222,0.28004314517109713,0.0527995469525339,1907.0,13,26.48611111111111,2019
2019_04_TEN_ATL,ATL,75,0.16,0.7733333333333333,-0.054945410112717884,0.09326667068920037,1765.0,11,23.533333333333335,2019
2019_04_TEN_ATL,TEN,60,0.016666666666666666,0.43333333333333335,0.09326667068920037,-0.054945410112717884,1687.0,11,28.116666666666667,2019
2019_04_WAS_NYG,NYG,66,0.06060606060606061,0.4696969696969697,0.019066717670445692,-0.49755956760795006,2075.0,12,31.439393939393938,2019
2019_04_WAS_NYG,WAS,48,0.0625,0.6458333333333334,-0.49755956760795006,0.019066717670445692,1333.0,11,27.770833333333332,2019
2019_05_ARI_CIN,ARI,70,0.0,0.45714285714285713,0.28236367198128637,0.10950091045649683,1819.0,10,25.985714285714284,2019
2019_05_ARI_CIN,CIN,61,0.0,0.6229508196721312,0.10950091045649683,0.28236367198128637,1689.0,9,27.688524590163933,2019
2019_05_ATL_HOU,ATL,68,0.0,0.7205882352941176,0.07794603718112592,0.5386975004905606,1647.0,12,24.220588235294116,2019
2019_05_ATL_HOU,HOU,67,0.0,0.4925373134328358,0.5386975004905606,0.07794603718112592,1838.0,11,27.432835820895523,2019
2019_05_BAL_PIT,BAL,73,0.0136986301369863,0.4520547945205479,-0.10277123808020579,-0.027125814299980133,2282.0,12,31.26027397260274,2019
2019_05_BAL_PIT,PIT,50,0.06,0.64,-0.027125814299980133,-0.10277123808020579,1463.0,12,29.26,2019
2019_05_BUF_TEN,BUF,61,0.14754098360655737,0.5901639344262295,-0.0734540292374553,-0.06452321132618453,1715.0,12,28.114754098360656,2019
2019_05_BUF_TEN,TEN,54,0.05555555555555555,0.5,-0.06452321132618453,-0.0734540292374553,1664.0,11,30.814814814814813,2019
2019_05_CHI_OAK,CHI,51,0.17647058823529413,0.6666666666666666,0.009712093269847111,0.07423566692534837,1437.0,11,28.176470588235293,2019
2019_05_CHI_OAK,LV,70,0.1,0.45714285714285713,0.07423566692534837,0.009712093269847111,1998.0,11,28.542857142857144,2019
2019_05_CLE_SF,CLE,45,0.0,0.6,-0.5347133672589766,0.2552401528508373,1211.0,12,26.91111111111111,2019
2019_05_CLE_SF,SF,68,0.04411764705882353,0.45588235294117646,0.2552401528508373,-0.5347133672589766,2156.0,13,31.705882352941178,2019
2019_05_DEN_LAC,DEN,54,0.0,0.42592592592592593,-0.011247296764349672,-0.32486314349203227,1690.0,12,31.296296296296298,2019
2019_05_DEN_LAC,LAC,62,0.08064516129032258,0.7419354838709677,-0.32486314349203227,-0.011247296764349672,1731.0,12,27.919354838709676,2019
2019_05_GB_DAL,DAL,68,0.17647058823529413,0.6911764705882353,0.12237821203190558,0.15729793295916103,1329.0,13,19.544117647058822,2019
2019_05_GB_DAL,GB,62,0.016129032258064516,0.5806451612903226,0.15729793295916103,0.12237821203190558,2109.0,13,34.016129032258064,2019
2019_05_IND_KC,IND,72,0.08333333333333333,0.4027777777777778,-0.02172803657461763,0.021865569210467443,2144.0,10,29.77777777777778,2019
2019_05_IND_KC,KC,55,0.01818181818181818,0.7636363636363637,0.021865569210467443,-0.02172803657461763,1303.0,10,23.69090909090909,2019
2019_05_JAX_CAR,CAR,61,0.06557377049180328,0.5573770491803278,0.25862419049045515,-0.005038810826716651,1584.0,13,25.9672131147541,2019
2019_05_JAX_CAR,JAX,76,0.039473684210526314,0.6052631578947368,-0.005038810826716651,0.25862419049045515,1843.0,14,24.25,2019
2019_05_LA_SEA,LA,68,0.16176470588235295,0.7205882352941176,0.13092288883709965,0.22605165751715328,1426.0,12,20.970588235294116,2019
2019_05_LA_SEA,SEA,66,0.015151515151515152,0.3787878787878788,0.22605165751715328,0.13092288883709965,2042.0,13,30.939393939393938,2019
2019_05_MIN_NYG,MIN,63,0.047619047619047616,0.47619047619047616,0.27533468384216775,-0.16363532478684173,1893.0,10,30.047619047619047,2019
2019_05_MIN_NYG,NYG,62,0.06451612903225806,0.6774193548387096,-0.16363532478684173,0.27533468384216775,1582.0,9,25.516129032258064,2019
2019_05_NE_WAS,NE,74,0.10810810810810811,0.6351351351351351,0.15980355095632967,-0.43195028896747656,1848.0,15,24.972972972972972,2019
2019_05_NE_WAS,WAS,53,0.03773584905660377,0.6226415094339622,-0.43195028896747656,0.15980355095632967,1523.0,15,28.735849056603772,2019
2019_05_NYJ_PHI,NYJ,55,0.0,0.6545454545454545,-0.5486780860514432,-0.09895023163624703,1586.0,14,28.836363636363636,2019
2019_05_NYJ_PHI,PHI,57,0.03508771929824561,0.5263157894736842,-0.09895023163624703,-0.5486780860514432,1743.0,13,30.57894736842105,2019
2019_05_TB_NO,NO,66,0.0,0.5454545454545454,0.24343566588288335,0.029541916108724937,1954.0,11,29.606060606060606,2019
2019_05_TB_NO,TB,55,0.01818181818181818,0.6,0.029541916108724937,0.24343566588288335,1490.0,11,27.09090909090909,2019
2019_06_ATL_ARI,ARI,62,0.2903225806451613,0.5806451612903226,0.3160463135277743,0.3515354431323613,1566.0,10,25.258064516129032,2019
2019_06_ATL_ARI,ATL,63,0.12698412698412698,0.6031746031746031,0.3515354431323613,0.3160463135277743,1918.0,10,30.444444444444443,2019
2019_06_CAR_TB,CAR,62,0.0,0.5483870967741935,-0.026652693583979214,-0.21317650619833575,1768.0,17,28.516129032258064,2019
2019_06_CAR_TB,TB,77,0.12987012987012986,0.8051948051948052,-0.21317650619833575,-0.026652693583979214,1622.0,16,21.064935064935064,2019
2019_06_CIN_BAL,BAL,73,0.0136986301369863,0.4520547945205479,0.22192463206460095,-0.05425886431067029,2310.0,10,31.643835616438356,2019
2019_06_CIN_BAL,CIN,55,0.07272727272727272,0.7454545454545455,-0.05425886431067029,0.22192463206460095,1163.0,9,21.145454545454545,2019
2019_06_DAL_NYJ,DAL,76,0.05263157894736842,0.5526315789473685,0.09797675547266209,0.19768977908819443,1869.0,10,24.592105263157894,2019
2019_06_DAL_NYJ,NYJ,51,0.0196078431372549,0.6666666666666666,0.19768977908819443,0.09797675547266209,1591.0,10,31.19607843137255,2019
2019_06_DET_GB,DET,54,0.05555555555555555,0.6481481481481481,-0.0543670198336254,-0.03243844152828978,1555.0,11,28.796296296296298,2019
2019_06_DET_GB,GB,67,0.029850746268656716,0.5970149253731343,-0.03243844152828978,-0.0543670198336254,1924.0,10,28.71641791044776,2019
2019_06_HOU_KC,HOU,82,0.08536585365853659,0.524390243902439,0.22310662854472657,0.10714921254974527,2328.0,10,28.390243902439025,2019
2019_06_HOU_KC,KC,46,0.0,0.782608695652174,0.10714921254974527,0.22310662854472657,1161.0,10,25.23913043478261,2019
2019_06_NO_JAX,JAX,54,0.018518518518518517,0.5740740740740741,-0.23625097861100985,0.036946003108810424,1536.0,10,28.444444444444443,2019
2019_06_NO_JAX,NO,63,0.0,0.6190476190476191,0.036946003108810424,-0.23625097861100985,1896.0,10,30.095238095238095,2019
2019_06_NYG_NE,NE,75,0.0,0.5733333333333334,0.0066497738435255015,-0.5747391726070665,2260.0,14,30.133333333333333,2019
2019_06_NYG_NE,NYG,47,0.2553191489361702,0.6808510638297872,-0.5747391726070665,0.0066497738435255015,1107.0,14,23.5531914893617,2019
2019_06_PHI_MIN,MIN,64,0.03125,0.46875,0.18767902125326552,-0.041836145383803695,1863.0,12,29.109375,2019
2019_06_PHI_MIN,PHI,65,0.13846153846153847,0.6615384615384615,-0.041836145383803695,0.18767902125326552,1600.0,12,24.615384615384617,2019
2019_06_PIT_LAC,LAC,58,0.13793103448275862,0.7586206896551724,-0.03780854571858706,0.02534903835212044,1487.0,10,25.637931034482758,2019
2019_06_PIT_LAC,PIT,56,0.0,0.35714285714285715,0.02534903835212044,-0.03780854571858706,1921.0,11,34.30357142857143,2019
2019_06_SEA_CLE,CLE,61,0.19672131147540983,0.6065573770491803,-0.04862749710372956,0.2020908656530842,1521.0,12,24.934426229508198,2019
2019_06_SEA_CLE,SEA,73,0.0958904109589041,0.4931506849315068,0.2020908656530842,-0.04862749710372956,1972.0,12,27.013698630136986,2019
2019_06_SF_LA,LA,50,0.14,0.56,-0.5707221658793064,-0.01598802102588433,1197.0,11,23.94,2019
2019_06_SF_LA,SF,73,0.0410958904109589,0.4657534246575342,-0.01598802102588433,-0.5707221658793064,2232.0,12,30.575342465753426,2019
2019_06_TEN_DEN,DEN,57,0.0,0.5087719298245614,-0.12389211857305267,-0.39226996040654666,1654.0,14,29.017543859649123,2019
2019_06_TEN_DEN,TEN,60,0.15,0.6666666666666666,-0.39226996040654666,-0.12389211857305267,1682.0,14,28.033333333333335,2019
2019_06_WAS_MIA,MIA,69,0.11594202898550725,0.6956521739130435,-0.16952391692153274,-0.04394028794998238,1882.0,13,27.27536231884058,2019
2019_06_WAS_MIA,WAS,57,0.0,0.43859649122807015,-0.04394028794998238,-0.16952391692153274,1551.0,13,27.210526315789473,2019
2019_07_ARI_NYG,ARI,58,0.43103448275862066,0.39655172413793105,0.1166078214166168,-0.16301192023686675,1692.0,12,29.17241379310345,2019
2019_07_ARI_NYG,NYG,65,0.15384615384615385,0.6615384615384615,-0.16301192023686675,0.1166078214166168,1731.0,11,26.630769230769232,2019
2019_07_BAL_SEA,BAL,53,0.0,0.39622641509433965,0.15010625734178576,-0.19634809003409626,1731.0,11,32.660377358490564,2019
2019_07_BAL_SEA,SEA,68,0.07352941176470588,0.6176470588235294,-0.19634809003409626,0.15010625734178576,1737.0,10,25.544117647058822,2019
2019_07_HOU_IND,HOU,61,0.21311475409836064,0.6065573770491803,0.0516542528762988,0.13644154348158624,1566.0,11,25.672131147540984,2019
2019_07_HOU_IND,IND,64,0.03125,0.625,0.13644154348158624,0.0516542528762988,1873.0,12,29.265625,2019
2019_07_JAX_CIN,CIN,64,0.015625,0.6875,-0.2330160431815027,0.05676324717196343,1190.0,14,18.59375,2019
2019_07_JAX_CIN,JAX,77,0.0,0.44155844155844154,0.05676324717196343,-0.2330160431815027,2212.0,14,28.727272727272727,2019
2019_07_KC_DEN,DEN,65,0.07692307692307693,0.6615384615384615,-0.3727195860862761,-0.021813545299668988,1552.0,13,23.876923076923077,2019
2019_07_KC_DEN,KC,57,0.0,0.543859649122807,-0.021813545299668988,-0.3727195860862761,1856.0,13,32.56140350877193,2019
2019_07_LAC_TEN,LAC,60,0.21666666666666667,0.65,0.07101200657269799,0.2142375185176958,1608.0,9,26.8,2019
2019_07_LAC_TEN,TEN,60,0.03333333333333333,0.5333333333333333,0.2142375185176958,0.07101200657269799,1886.0,9,31.433333333333334,2019
2019_07_LA_ATL,ATL,52,0.15384615384615385,0.7307692307692307,-0.20063086932599822,0.13953101887573932,1290.0,11,24.807692307692307,2019
2019_07_LA_ATL,LA,74,0.05405405405405406,0.5135135135135135,0.13953101887573932,-0.20063086932599822,2184.0,11,29.513513513513512,2019
2019_07_LV_GB,GB,52,0.057692307692307696,0.6153846153846154,0.6306318866140412,0.21811639783231435,1764.0,10,33.92307692307692,2019
2019_07_LV_GB,LV,61,0.18032786885245902,0.5081967213114754,0.21811639783231435,0.6306318866140412,1730.0,10,28.360655737704917,2019
2019_07_MIA_BUF,BUF,51,0.058823529411764705,0.5294117647058824,0.24634678006661964,0.11394974376636167,1508.0,10,29.568627450980394,2019
2019_07_MIA_BUF,MIA,65,0.015384615384615385,0.5384615384615384,0.11394974376636167,0.24634678006661964,1930.0,10,29.692307692307693,2019
2019_07_MIN_DET,DET,68,0.16176470588235295,0.7058823529411765,0.22737512966006565,0.469277378759976,1618.0,10,23.794117647058822,2019
2019_07_MIN_DET,MIN,67,0.04477611940298507,0.5074626865671642,0.469277378759976,0.22737512966006565,1867.0,11,27.865671641791046,2019
2019_07_NE_NYJ,NE,76,0.039473684210526314,0.5789473684210527,0.04329517741158601,-0.5816408358653015,2203.0,14,28.986842105263158,2019
2019_07_NE_NYJ,NYJ,52,0.019230769230769232,0.6346153846153846,-0.5816408358653015,0.04329517741158601,1183.0,13,22.75,2019
2019_07_NO_CHI,CHI,64,0.1875,0.890625,-0.20198423172653351,0.20318299319237532,1237.0,14,19.328125,2019
2019_07_NO_CHI,NO,72,0.013888888888888888,0.5416666666666666,0.20318299319237532,-0.20198423172653351,2142.0,15,29.75,2019
2019_07_PHI_DAL,DAL,66,0.015151515151515152,0.45454545454545453,0.18809317334005562,-0.25801232387218964,1894.0,11,28.696969696969695,2019
2019_07_PHI_DAL,PHI,57,0.21052631578947367,0.5087719298245614,-0.25801232387218964,0.18809317334005562,1551.0,11,27.210526315789473,2019
2019_07_SF_WAS,SF,62,0.06451612903225806,0.3709677419354839,-0.07559434883978663,-0.2794822972875239,1952.0,8,31.483870967741936,2019
2019_07_SF_WAS,WAS,41,0.0,0.36585365853658536,-0.2794822972875239,-0.07559434883978663,1522.0,8,37.1219512195122,2019
2019_08_ARI_NO,ARI,48,0.041666666666666664,0.7708333333333334,-0.26185242198779396,0.29041599813296487,1259.0,10,26.229166666666668,2019
2019_08_ARI_NO,NO,70,0.05714285714285714,0.6142857142857143,0.29041599813296487,-0.26185242198779396,2205.0,11,31.5,2019
2019_08_CAR_SF,CAR,64,0.015625,0.6875,-0.4871173740801372,0.2267977939974143,1516.0,14,23.6875,2019
2019_08_CAR_SF,SF,61,0.03278688524590164,0.4262295081967213,0.2267977939974143,-0.4871173740801372,1892.0,15,31.016393442622952,2019
2019_08_CIN_LA,CIN,76,0.06578947368421052,0.7105263157894737,0.11112723873189845,0.4083339389869617,1907.0,9,25.092105263157894,2019
2019_08_CIN_LA,LA,57,0.017543859649122806,0.543859649122807,0.4083339389869617,0.11112723873189845,1587.0,9,27.842105263157894,2019
2019_08_CLE_NE,CLE,58,0.06896551724137931,0.6206896551724138,-0.29994073968821194,0.02805848904333327,1558.0,13,26.862068965517242,2019
2019_08_CLE_NE,NE,66,0.0,0.5909090909090909,0.02805848904333327,-0.29994073968821194,1873.0,13,28.37878787878788,2019
2019_08_DEN_IND,DEN,63,0.0,0.5555555555555556,-0.08765404323983873,-0.050461308493675014,1757.0,12,27.88888888888889,2019
2019_08_DEN_IND,IND,59,0.06779661016949153,0.4745762711864407,-0.050461308493675014,-0.08765404323983873,1675.0,11,28.389830508474578,2019
2019_08_GB_KC,GB,61,0.01639344262295082,0.6229508196721312,0.2672523384963846,0.1137159394613377,1923.0,10,31.524590163934427,2019
2019_08_GB_KC,KC,58,0.0,0.6551724137931034,0.1137159394613377,0.2672523384963846,1568.0,9,27.03448275862069,2019
2019_08_LAC_CHI,CHI,75,0.013333333333333334,0.5066666666666667,-0.05490888197310202,-0.07330333717910735,2220.0,11,29.6,2019
2019_08_LAC_CHI,LAC,42,0.023809523809523808,0.7142857142857143,-0.07330333717910735,-0.05490888197310202,1244.0,10,29.61904761904762,2019
2019_08_LV_HOU,HOU,71,0.0,0.5915492957746479,0.22660875167354283,0.24450540744627128,2039.0,12,28.718309859154928,2019
2019_08_LV_HOU,LV,53,0.0,0.5660377358490566,0.24450540744627128,0.22660875167354283,1387.0,10,26.169811320754718,2019
2019_08_MIA_PIT,MIA,56,0.10714285714285714,0.6785714285714286,-0.24192756685196998,0.12007239457595326,1359.0,12,24.267857142857142,2019
2019_08_MIA_PIT,PIT,67,0.0,0.5671641791044776,0.12007239457595326,-0.24192756685196998,2050.0,11,30.597014925373134,2019
2019_08_NYG_DET,DET,59,0.13559322033898305,0.6101694915254238,0.17940767382693668,0.04682483047614667,1656.0,11,28.06779661016949,2019
2019_08_NYG_DET,NYG,68,0.10294117647058823,0.6617647058823529,0.04682483047614667,0.17940767382693668,1800.0,11,26.470588235294116,2019
2019_08_NYJ_JAX,JAX,66,0.0,0.5454545454545454,0.13695158594108986,-0.23760585273248386,1944.0,12,29.454545454545453,2019
2019_08_NYJ_JAX,NYJ,52,0.019230769230769232,0.75,-0.23760585273248386,0.13695158594108986,1453.0,13,27.942307692307693,2019
2019_08_PHI_BUF,BUF,58,0.1206896551724138,0.6551724137931034,-0.1779949071991235,0.16470307654111063,1334.0,13,23.0,2019
2019_08_PHI_BUF,PHI,65,0.07692307692307693,0.4153846153846154,0.16470307654111063,-0.1779949071991235,2111.0,11,32.47692307692308,2019
2019_08_SEA_ATL,ATL,71,0.04225352112676056,0.7605633802816901,0.16233339083075976,0.22642997013396016,1793.0,10,25.253521126760564,2019
2019_08_SEA_ATL,SEA,53,0.0,0.41509433962264153,0.22642997013396016,0.16233339083075976,1656.0,10,31.245283018867923,2019
2019_08_TB_TEN,TB,77,0.025974025974025976,0.6103896103896104,-0.09001670617290942,-0.14052703102483383,1809.0,13,23.493506493506494,2019
2019_08_TB_TEN,TEN,55,0.01818181818181818,0.6545454545454545,-0.14052703102483383,-0.09001670617290942,1593.0,14,28.963636363636365,2019
2019_08_WAS_MIN,MIN,67,0.04477611940298507,0.43283582089552236,0.10851350456000958,-0.22696788351813302,2153.0,8,32.134328358208954,2019
2019_08_WAS_MIN,WAS,41,0.07317073170731707,0.6097560975609756,-0.22696788351813302,0.10851350456000958,1327.0,9,32.36585365853659,2019
2019_09_CHI_PHI,CHI,42,0.023809523809523808,0.5714285714285714,-0.1470330156950585,0.06893141816631196,1110.0,11,26.428571428571427,2019
2019_09_CHI_PHI,PHI,77,0.05194805194805195,0.5584415584415584,0.06893141816631196,-0.1470330156950585,2331.0,12,30.272727272727273,2019
2019_09_CLE_DEN,CLE,73,0.0,0.6027397260273972,-0.044615042836569654,0.06291391107771581,2071.0,10,28.36986301369863,2019
2019_09_CLE_DEN,DEN,40,0.0,0.575,0.06291391107771581,-0.044615042836569654,1362.0,11,34.05,2019
2019_09_DAL_NYG,DAL,65,0.1076923076923077,0.5384615384615384,0.09535794584020049,-0.25434188103298633,1634.0,12,25.138461538461538,2019
2019_09_DAL_NYG,NYG,68,0.11764705882352941,0.6764705882352942,-0.25434188103298633,0.09535794584020049,1828.0,12,26.88235294117647,2019
2019_09_DET_OAK,DET,62,0.08064516129032258,0.6935483870967742,0.14893096539337305,0.2558238988989353,1551.0,10,25.016129032258064,2019
2019_09_DET_OAK,LV,68,0.07352941176470588,0.47058823529411764,0.2558238988989353,0.14893096539337305,1942.0,10,28.558823529411764,2019
2019_09_GB_LAC,GB,50,0.0,0.76,-0.07845900887544804,0.29170499922556864,1384.0,9,27.68,2019
2019_09_GB_LAC,LAC,66,0.0,0.45454545454545453,0.29170499922556864,-0.07845900887544804,2079.0,9,31.5,2019
2019_09_HOU_JAX,HOU,63,0.0,0.4603174603174603,0.1630385265023034,-0.28028620539916016,1898.0,10,30.126984126984127,2019
2019_09_HOU_JAX,JAX,66,0.19696969696969696,0.7727272727272727,-0.28028620539916016,0.1630385265023034,1566.0,11,23.727272727272727,2019
2019_09_IND_PIT,IND,66,0.030303030303030304,0.5606060606060606,-0.032749678919965296,-0.09371821060131698,1770.0,11,26.818181818181817,2019
2019_09_IND_PIT,PIT,59,0.06779661016949153,0.6101694915254238,-0.09371821060131698,-0.032749678919965296,1682.0,12,28.508474576271187,2019
2019_09_MIN_KC,KC,57,0.0,0.6842105263157895,0.18231178747810647,0.05541289837323342,1819.0,13,31.912280701754387,2019
2019_09_MIN_KC,MIN,66,0.09090909090909091,0.5909090909090909,0.05541289837323342,0.18231178747810647,1625.0,12,24.62121212121212,2019
2019_09_NE_BAL,BAL,62,0.0,0.3870967741935484,0.23058508621572993,-0.07685248630903627,2165.0,11,34.91935483870968,2019
2019_09_NE_BAL,NE,64,0.5625,0.734375,-0.07685248630903627,0.23058508621572993,1289.0,11,20.140625,2019
2019_09_NYJ_MIA,MIA,62,0.06451612903225806,0.6451612903225806,0.11591222324986557,-0.035713674067951354,1824.0,12,29.419354838709676,2019
2019_09_NYJ_MIA,NYJ,62,0.3225806451612903,0.6612903225806451,-0.035713674067951354,0.11591222324986557,1657.0,11,26.725806451612904,2019
2019_09_SF_ARI,ARI,51,0.19607843137254902,0.5490196078431373,0.2726084430794871,0.23033624746537545,1476.0,9,28.941176470588236,2019
2019_09_SF_ARI,SF,67,0.0,0.5671641791044776,0.23033624746537545,0.2726084430794871,1979.0,10,29.53731343283582,2019
2019_09_TB_SEA,SEA,69,0.014492753623188406,0.6811594202898551,0.24890988946729595,0.13628477096130967,1636.0,13,23.71014492753623,2019
2019_09_TB_SEA,TB,72,0.013888888888888888,0.6388888888888888,0.13628477096130967,0.24890988946729595,2069.0,12,28.73611111111111,2019
2019_09_TEN_CAR,CAR,66,0.0,0.5303030303030303,0.12471424066274102,0.12248987859546318,1918.0,12,29.060606060606062,2019
2019_09_TEN_CAR,TEN,62,0.3225806451612903,0.6612903225806451,0.12248987859546318,0.12471424066274102,1512.0,12,24.387096774193548,2019
2019_09_WAS_BUF,BUF,58,0.034482758620689655,0.3793103448275862,0.08698774861875434,-0.10735641934692108,1800.0,10,31.03448275862069,2019
2019_09_WAS_BUF,WAS,49,0.02040816326530612,0.5306122448979592,-0.10735641934692108,0.08698774861875434,1630.0,9,33.265306122448976,2019
2019_10_ARI_TB,ARI,64,0.265625,0.734375,0.08167859464811417,0.06439090463141454,1368.0,13,21.375,2019
2019_10_ARI_TB,TB,77,0.012987012987012988,0.6623376623376623,0.06439090463141454,0.08167859464811417,2093.0,12,27.181818181818183,2019
2019_10_ATL_NO,ATL,70,0.014285714285714285,0.5142857142857142,0.040674825804181136,-0.14516448853548425,1984.0,9,28.34285714285714,2019
2019_10_ATL_NO,NO,61,0.11475409836065574,0.819672131147541,-0.14516448853548425,0.040674825804181136,1509.0,10,24.737704918032787,2019
2019_10_BAL_CIN,BAL,44,0.0,0.5,0.5176712137643865,-0.3459203506031583,1411.0,10,32.06818181818182,2019
2019_10_BAL_CIN,CIN,72,0.0,0.4444444444444444,-0.3459203506031583,0.5176712137643865,2077.0,10,28.84722222222222,2019
2019_10_BUF_CLE,BUF,62,0.03225806451612903,0.6774193548387096,0.004568125641510755,0.07491611310749513,1646.0,10,26.548387096774192,2019
2019_10_BUF_CLE,CLE,65,0.0,0.6153846153846154,0.07491611310749513,0.004568125641510755,1837.0,11,28.26153846153846,2019
2019_10_CAR_GB,CAR,70,0.04285714285714286,0.6714285714285714,0.052678910653109125,0.19463718688754744,1672.0,9,23.885714285714286,2019
2019_10_CAR_GB,GB,58,0.0,0.5344827586206896,0.19463718688754744,0.052678910653109125,1847.0,9,31.844827586206897,2019
2019_10_DET_CHI,CHI,52,0.019230769230769232,0.5384615384615384,-0.054746808180261404,-0.12160249216617104,1607.0,12,30.903846153846153,2019
2019_10_DET_CHI,DET,73,0.1095890410958904,0.6301369863013698,-0.12160249216617104,-0.054746808180261404,1833.0,13,25.10958904109589,2019
2019_10_KC_TEN,KC,77,0.0,0.6753246753246753,0.16568613531818663,0.2271598490567017,2206.0,12,28.649350649350648,2019
2019_10_KC_TEN,TEN,50,0.2,0.46,0.2271598490567017,0.16568613531818663,1275.0,11,25.5,2019
2019_10_LAC_OAK,LAC,66,0.07575757575757576,0.5454545454545454,-0.16473339843097362,0.075407098495282,1961.0,11,29.71212121212121,2019
2019_10_LAC_OAK,LV,55,0.07272727272727272,0.6181818181818182,0.075407098495282,-0.16473339843097362,1484.0,11,26.98181818181818,2019
2019_10_LA_PIT,LA,69,0.14492753623188406,0.6666666666666666,-0.4106864215484493,-0.28755383587301475,1577.0,16,22.855072463768117,2019
2019_10_LA_PIT,PIT,67,0.014925373134328358,0.6119402985074627,-0.28755383587301475,-0.4106864215484493,1774.0,16,26.47761194029851,2019
2019_10_MIA_IND,IND,68,0.08823529411764706,0.5882352941176471,-0.2797551375626406,-0.25320916656709663,1609.0,13,23.66176470588235,2019
2019_10_MIA_IND,MIA,61,0.01639344262295082,0.5901639344262295,-0.25320916656709663,-0.2797551375626406,1761.0,13,28.868852459016395,2019
2019_10_MIN_DAL,DAL,70,0.14285714285714285,0.6857142857142857,0.2219568275651445,0.24296645965583744,1563.0,9,22.32857142857143,2019
2019_10_MIN_DAL,MIN,70,0.08571428571428572,0.4857142857142857,0.24296645965583744,0.2219568275651445,1963.0,9,28.042857142857144,2019
2019_10_NYG_NYJ,NYG,65,0.03076923076923077,0.7384615384615385,-0.09746063527247803,0.03156532194925385,1677.0,13,25.8,2019
2019_10_NYG_NYJ,NYJ,60,0.23333333333333334,0.5333333333333333,0.03156532194925385,-0.09746063527247803,1778.0,13,29.633333333333333,2019
2019_10_SEA_SF,SEA,72,0.027777777777777776,0.5277777777777778,-0.28003982737071087,-0.31976683918818727,2012.0,17,27.944444444444443,2019
2019_10_SEA_SF,SF,77,0.06493506493506493,0.6623376623376623,-0.31976683918818727,-0.28003982737071087,1942.0,16,25.22077922077922,2019
2019_11_ARI_SF,ARI,62,0.4032258064516129,0.5967741935483871,-0.13268888470817755,0.04954022233180778,1832.0,11,29.548387096774192,2019
2019_11_ARI_SF,SF,67,0.04477611940298507,0.7164179104477612,0.04954022233180778,-0.13268888470817755,1666.0,11,24.865671641791046,2019
2019_11_ATL_CAR,ATL,60,0.03333333333333333,0.6,0.15573911582987912,-0.23903103436276396,1833.0,12,30.55,2019
2019_11_ATL_CAR,CAR,69,0.13043478260869565,0.782608695652174,-0.23903103436276396,0.15573911582987912,1615.0,11,23.405797101449274,2019
2019_11_BUF_MIA,BUF,66,0.3333333333333333,0.5,0.23872567419459992,-0.20655017691346927,1715.0,14,25.984848484848484,2019
2019_11_BUF_MIA,MIA,66,0.18181818181818182,0.803030303030303,-0.20655017691346927,0.23872567419459992,1684.0,14,25.515151515151516,2019
2019_11_CHI_LA,CHI,74,0.12162162162162163,0.6756756756756757,-0.23983641982502668,-0.11362876765054315,1882.0,12,25.43243243243243,2019
2019_11_CHI_LA,LA,50,0.06,0.36,-0.11362876765054315,-0.23983641982502668,1502.0,13,30.04,2019
2019_11_CIN_OAK,CIN,58,0.05172413793103448,0.6206896551724138,-0.24440603511132442,0.055265866385085106,1410.0,11,24.310344827586206,2019
2019_11_CIN_OAK,LV,63,0.015873015873015872,0.5079365079365079,0.055265866385085106,-0.24440603511132442,2014.0,12,31.96825396825397,2019
2019_11_DAL_DET,DAL,69,0.028985507246376812,0.6811594202898551,0.29649364098352704,0.13869496431840386,1768.0,11,25.6231884057971,2019
2019_11_DAL_DET,DET,57,0.05263157894736842,0.5263157894736842,0.13869496431840386,0.29649364098352704,1669.0,11,29.280701754385966,2019
2019_11_DEN_MIN,DEN,75,0.02666666666666667,0.56,0.03037945036876726,0.12185990361348496,2151.0,11,28.68,2019
2019_11_DEN_MIN,MIN,59,0.3728813559322034,0.6949152542372882,0.12185990361348496,0.03037945036876726,1346.0,11,22.8135593220339,2019
2019_11_HOU_BAL,BAL,62,0.0,0.43548387096774194,0.43156140484752104,-0.41361784851533967,2122.0,11,34.225806451612904,2019
2019_11_HOU_BAL,HOU,57,0.10526315789473684,0.6491228070175439,-0.41361784851533967,0.43156140484752104,1341.0,10,23.526315789473685,2019
2019_11_JAX_IND,IND,61,0.0,0.4426229508196721,0.2673114303034589,-0.07836627761978697,1958.0,11,32.09836065573771,2019
2019_11_JAX_IND,JAX,59,0.15254237288135594,0.847457627118644,-0.07836627761978697,0.2673114303034589,1487.0,12,25.203389830508474,2019
2019_11_KC_LAC,KC,59,0.0,0.559322033898305,0.047336460286713435,-0.07939174210916537,1655.0,12,28.050847457627118,2019
2019_11_KC_LAC,LAC,72,0.1388888888888889,0.7361111111111112,-0.07939174210916537,0.047336460286713435,1793.0,12,24.90277777777778,2019
2019_11_NE_PHI,NE,71,0.18309859154929578,0.6901408450704225,-0.05941690394145585,-0.2054802867316579,1620.0,13,22.816901408450704,2019
2019_11_NE_PHI,PHI,65,0.06153846153846154,0.676923076923077,-0.2054802867316579,-0.05941690394145585,1795.0,13,27.615384615384617,2019
2019_11_NO_TB,NO,62,0.0,0.5806451612903226,0.2066978080981367,-0.18017073947534362,2155.0,10,34.75806451612903,2019
2019_11_NO_TB,TB,61,0.04918032786885246,0.8688524590163934,-0.18017073947534362,0.2066978080981367,1307.0,10,21.42622950819672,2019
2019_11_NYJ_WAS,NYJ,64,0.390625,0.515625,0.199130300216446,-0.2771987383881848,1845.0,13,28.828125,2019
2019_11_NYJ_WAS,WAS,63,0.031746031746031744,0.6825396825396826,-0.2771987383881848,0.199130300216446,1576.0,13,25.015873015873016,2019
2019_11_PIT_CLE,CLE,67,0.0,0.4925373134328358,-0.07293374151284529,-0.5281720479034921,1936.0,15,28.895522388059703,2019
2019_11_PIT_CLE,PIT,64,0.015625,0.75,-0.5281720479034921,-0.07293374151284529,1452.0,14,22.6875,2019
2019_12_BAL_LA,BAL,71,0.014084507042253521,0.36619718309859156,0.48508463096990573,-0.22369642476769147,2349.0,9,33.08450704225352,2019
2019_12_BAL_LA,LA,47,0.2765957446808511,0.8297872340425532,-0.22369642476769147,0.48508463096990573,1115.0,9,23.72340425531915,2019
2019_12_CAR_NO,CAR,70,0.0,0.5857142857142857,0.1175985965911978,0.18962431385116732,1849.0,10,26.414285714285715,2019
2019_12_CAR_NO,NO,58,0.034482758620689655,0.6896551724137931,0.18962431385116732,0.1175985965911978,1656.0,11,28.551724137931036,2019
2019_12_DAL_NE,DAL,59,0.05084745762711865,0.559322033898305,-0.15009420800284215,-0.11150309654405817,1735.0,12,29.406779661016948,2019
2019_12_DAL_NE,NE,64,0.0,0.609375,-0.11150309654405817,-0.15009420800284215,1705.0,12,26.640625,2019
2019_12_DEN_BUF,BUF,70,0.38571428571428573,0.34285714285714286,0.14548795548968835,-0.35497626826127165,2006.0,11,28.65714285714286,2019
2019_12_DEN_BUF,DEN,46,0.021739130434782608,0.6304347826086957,-0.35497626826127165,0.14548795548968835,1397.0,10,30.369565217391305,2019
2019_12_DET_WAS,DET,71,0.08450704225352113,0.5492957746478874,-0.12886439438371022,-0.24981790851424457,1927.0,13,27.140845070422536,2019
2019_12_DET_WAS,WAS,55,0.01818181818181818,0.6,-0.24981790851424457,-0.12886439438371022,1478.0,14,26.87272727272727,2019
2019_12_GB_SF,GB,71,0.0,0.6056338028169014,-0.27869581272063026,0.18622534113166977,2010.0,11,28.309859154929576,2019
2019_12_GB_SF,SF,44,0.0,0.5,0.18622534113166977,-0.27869581272063026,1438.0,11,32.68181818181818,2019
2019_12_IND_HOU,HOU,55,0.0,0.5636363636363636,0.15533043752824865,0.05187254607412574,1560.0,10,28.363636363636363,2019
2019_12_IND_HOU,IND,64,0.015625,0.390625,0.05187254607412574,0.15533043752824865,1934.0,9,30.21875,2019
2019_12_JAX_TEN,JAX,80,0.2625,0.6625,0.024678903086245697,0.4197819528933402,2129.0,12,26.6125,2019
2019_12_JAX_TEN,TEN,48,0.16666666666666666,0.3958333333333333,0.4197819528933402,0.024678903086245697,1279.0,13,26.645833333333332,2019
2019_12_LV_NYJ,LV,56,0.05357142857142857,0.6071428571428571,-0.30090691838801664,0.2861588697859812,1561.0,13,27.875,2019
2019_12_LV_NYJ,NYJ,58,0.10344827586206896,0.5,0.2861588697859812,-0.30090691838801664,1833.0,12,31.603448275862068,2019
2019_12_MIA_CLE,CLE,66,0.045454545454545456,0.5303030303030303,0.2476947219980917,-0.0546874223906841,2104.0,11,31.87878787878788,2019
2019_12_MIA_CLE,MIA,61,0.06557377049180328,0.6721311475409836,-0.0546874223906841,0.2476947219980917,1371.0,11,22.475409836065573,2019
2019_12_NYG_CHI,CHI,66,0.19696969696969696,0.6515151515151515,-0.08098006277488498,-0.27952306217355466,1877.0,13,28.439393939393938,2019
2019_12_NYG_CHI,NYG,58,0.13793103448275862,0.6379310344827587,-0.27952306217355466,-0.08098006277488498,1520.0,13,26.20689655172414,2019
2019_12_PIT_CIN,CIN,51,0.0,0.5882352941176471,-0.378217706015887,-0.07328351736951227,1408.0,13,27.607843137254903,2019
2019_12_PIT_CIN,PIT,64,0.015625,0.453125,-0.07328351736951227,-0.378217706015887,1940.0,14,30.3125,2019
2019_12_SEA_PHI,PHI,72,0.2222222222222222,0.6666666666666666,-0.2580703256168033,-0.08341214668968604,1793.0,13,24.90277777777778,2019
2019_12_SEA_PHI,SEA,56,0.03571428571428571,0.5535714285714286,-0.08341214668968604,-0.2580703256168033,1593.0,13,28.446428571428573,2019
2019_12_TB_ATL,ATL,81,0.09876543209876543,0.7654320987654321,-0.07747783826233809,0.2492104787463238,1795.0,13,22.160493827160494,2019
2019_12_TB_ATL,TB,58,0.0,0.4827586206896552,0.2492104787463238,-0.07747783826233809,1609.0,14,27.74137931034483,2019
2019_13_BUF_DAL,BUF,62,0.5645161290322581,0.46774193548387094,0.2025866038424091,0.05261513252684158,1921.0,10,30.983870967741936,2019
2019_13_BUF_DAL,DAL,73,0.2328767123287671,0.7397260273972602,0.05261513252684158,0.2025866038424091,1546.0,10,21.17808219178082,2019
2019_13_CHI_DET,CHI,61,0.04918032786885246,0.639344262295082,0.13883313623674923,0.03618528118272968,1765.0,11,28.934426229508198,2019
2019_13_CHI_DET,DET,67,0.07462686567164178,0.5970149253731343,0.03618528118272968,0.13883313623674923,1668.0,11,24.895522388059703,2019
2019_13_CLE_PIT,CLE,63,0.015873015873015872,0.6190476190476191,-0.08280201404768427,0.035371973878393616,1856.0,10,29.46031746031746,2019
2019_13_CLE_PIT,PIT,52,0.038461538461538464,0.4230769230769231,0.035371973878393616,-0.08280201404768427,1591.0,10,30.596153846153847,2019
2019_13_GB_NYG,GB,57,0.08771929824561403,0.5789473684210527,0.22613627311572246,-0.11013538412767437,1647.0,9,28.894736842105264,2019
2019_13_GB_NYG,NYG,64,0.125,0.578125,-0.11013538412767437,0.22613627311572246,1808.0,9,28.25,2019
2019_13_LAC_DEN,DEN,53,0.018867924528301886,0.5283018867924528,-0.18886500927432343,0.009701774384961427,1573.0,12,29.67924528301887,2019
2019_13_LAC_DEN,LAC,61,0.09836065573770492,0.5245901639344263,0.009701774384961427,-0.18886500927432343,1877.0,10,30.770491803278688,2019
2019_13_LA_ARI,ARI,61,0.4098360655737705,0.6557377049180327,-0.4008273047572121,0.2749617872809404,1417.0,12,23.229508196721312,2019
2019_13_LA_ARI,LA,74,0.17567567567567569,0.5945945945945946,0.2749617872809404,-0.4008273047572121,2015.0,12,27.22972972972973,2019
2019_13_LV_KC,KC,58,0.0,0.5172413793103449,0.057632062652989965,-0.05012338080282797,1635.0,10,28.189655172413794,2019
2019_13_LV_KC,LV,57,0.10526315789473684,0.5614035087719298,-0.05012338080282797,0.057632062652989965,1849.0,9,32.43859649122807,2019
2019_13_MIN_SEA,MIN,52,0.1346153846153846,0.7307692307692307,0.004269123259392813,0.12515532904861443,1155.0,13,22.21153846153846,2019
2019_13_MIN_SEA,SEA,75,0.0,0.44,0.12515532904861443,0.004269123259392813,2323.0,13,30.973333333333333,2019
2019_13_NE_HOU,HOU,49,0.0,0.5918367346938775,0.22503903828118033,0.16010265600655757,1456.0,11,29.714285714285715,2019
2019_13_NE_HOU,NE,79,0.0,0.6329113924050633,0.16010265600655757,0.22503903828118033,2017.0,10,25.531645569620252,2019
2019_13_NO_ATL,ATL,84,0.14285714285714285,0.6904761904761905,-0.13352549847506856,0.06559123269436111,2052.0,13,24.428571428571427,2019
2019_13_NO_ATL,NO,47,0.0,0.6382978723404256,0.06559123269436111,-0.13352549847506856,1366.0,14,29.06382978723404,2019
2019_13_NYJ_CIN,CIN,59,0.01694915254237288,0.6440677966101694,-0.005628904578756377,-0.17136370018491343,1812.0,12,30.71186440677966,2019
2019_13_NYJ_CIN,NYJ,69,0.0,0.7536231884057971,-0.17136370018491343,-0.005628904578756377,1631.0,11,23.63768115942029,2019
2019_13_PHI_MIA,MIA,64,0.03125,0.703125,0.22189613897664012,0.12845479066594342,1838.0,11,28.71875,2019
2019_13_PHI_MIA,PHI,67,0.14925373134328357,0.7164179104477612,0.12845479066594342,0.22189613897664012,1679.0,11,25.059701492537314,2019
2019_13_SF_BAL,BAL,62,0.0,0.3870967741935484,0.0178539283973281,0.0875482154530549,1904.0,8,30.70967741935484,2019
2019_13_SF_BAL,SF,52,0.07692307692307693,0.4423076923076923,0.0875482154530549,0.0178539283973281,1608.0,8,30.923076923076923,2019
2019_13_TB_JAX,JAX,63,0.07936507936507936,0.7301587301587301,-0.4187859068152274,-0.05162100559240605,1489.0,12,23.634920634920636,2019
2019_13_TB_JAX,TB,68,0.0,0.5441176470588235,-0.05162100559240605,-0.4187859068152274,1901.0,13,27.955882352941178,2019
2019_13_TEN_IND,IND,66,0.07575757575757576,0.6515151515151515,-0.026080142942621468,-0.03884257906815106,1851.0,13,28.045454545454547,2019
2019_13_TEN_IND,TEN,55,0.36363636363636365,0.509090909090909,-0.03884257906815106,-0.026080142942621468,1539.0,13,27.98181818181818,2019
2019_13_WAS_CAR,CAR,73,0.0821917808219178,0.726027397260274,-0.06491840716569293,0.03938526387120599,1662.0,13,22.767123287671232,2019
2019_13_WAS_CAR,WAS,60,0.016666666666666666,0.5166666666666667,0.03938526387120599,-0.06491840716569293,1744.0,14,29.066666666666666,2019
2019_14_BAL_BUF,BAL,57,0.0,0.45614035087719296,-0.02426514638696286,-0.2878138696918582,1850.0,14,32.45614035087719,2019
2019_14_BAL_BUF,BUF,69,0.3188405797101449,0.6666666666666666,-0.2878138696918582,-0.02426514638696286,1532.0,13,22.202898550724637,2019
2019_14_CAR_ATL,ATL,66,0.015151515151515152,0.5303030303030303,0.23428584954192724,-0.03014184206147345,1808.0,13,27.393939393939394,2019
2019_14_CAR_ATL,CAR,68,0.1323529411764706,0.6764705882352942,-0.03014184206147345,0.23428584954192724,1601.0,12,23.544117647058822,2019
2019_14_CIN_CLE,CIN,69,0.014492753623188406,0.5507246376811594,0.006811041074423859,0.1456931544881135,1987.0,10,28.797101449275363,2019
2019_14_CIN_CLE,CLE,50,0.0,0.48,0.1456931544881135,0.006811041074423859,1469.0,10,29.38,2019
2019_14_DAL_CHI,CHI,66,0.13636363636363635,0.5,0.046194063235946645,0.09338576325674856,1882.0,12,28.515151515151516,2019
2019_14_DAL_CHI,DAL,71,0.2676056338028169,0.704225352112676,0.09338576325674856,0.046194063235946645,1602.0,12,22.56338028169014,2019
2019_14_DEN_HOU,DEN,54,0.0,0.5185185185185185,0.29813463420946024,-0.018748268882977325,1839.0,11,34.05555555555556,2019
2019_14_DEN_HOU,HOU,74,0.0,0.7027027027027027,-0.018748268882977325,0.29813463420946024,1632.0,11,22.054054054054053,2019
2019_14_DET_MIN,DET,67,0.1791044776119403,0.6716417910447762,-0.19320551553157767,0.007950105584190396,1491.0,12,22.253731343283583,2019
2019_14_DET_MIN,MIN,69,0.10144927536231885,0.4492753623188406,0.007950105584190396,-0.19320551553157767,1933.0,12,28.014492753623188,2019
2019_14_IND_TB,IND,60,0.0,0.6333333333333333,-0.04294837939064341,0.16734933781139266,1471.0,13,24.516666666666666,2019
2019_14_IND_TB,TB,73,0.0273972602739726,0.6575342465753424,0.16734933781139266,-0.04294837939064341,1961.0,13,26.863013698630137,2019
2019_14_KC_NE,KC,67,0.0,0.6119402985074627,-0.02536577532369235,-0.24524167185537585,1976.0,12,29.492537313432837,2019
2019_14_KC_NE,NE,63,0.19047619047619047,0.6349206349206349,-0.24524167185537585,-0.02536577532369235,1458.0,12,23.142857142857142,2019
2019_14_LAC_JAX,JAX,63,0.06349206349206349,0.6349206349206349,-0.110485535768852,0.6040881640912976,1772.0,10,28.126984126984127,2019
2019_14_LAC_JAX,LAC,56,0.03571428571428571,0.5,0.6040881640912976,-0.110485535768852,1691.0,10,30.196428571428573,2019
2019_14_MIA_NYJ,MIA,65,0.0,0.6,-0.04146959736050738,0.020705849798548826,1761.0,10,27.092307692307692,2019
2019_14_MIA_NYJ,NYJ,67,0.1044776119402985,0.5373134328358209,0.020705849798548826,-0.04146959736050738,1721.0,11,25.686567164179106,2019
2019_14_NYG_PHI,NYG,51,0.058823529411764705,0.6274509803921569,-0.13069819246528303,0.007746852701162168,1215.0,13,23.823529411764707,2019
2019_14_NYG_PHI,PHI,85,0.08235294117647059,0.6235294117647059,0.007746852701162168,-0.13069819246528303,2470.0,14,29.058823529411764,2019
2019_14_PIT_ARI,ARI,57,0.3508771929824561,0.6140350877192983,-0.1687602766019657,-0.03055790166311575,1615.0,9,28.333333333333332,2019
2019_14_PIT_ARI,PIT,56,0.0,0.39285714285714285,-0.03055790166311575,-0.1687602766019657,1825.0,10,32.589285714285715,2019
2019_14_SEA_LA,LA,66,0.045454545454545456,0.48484848484848486,0.1760232062228052,-0.13545932662474477,1771.0,11,26.833333333333332,2019
2019_14_SEA_LA,SEA,62,0.1774193548387097,0.6612903225806451,-0.13545932662474477,0.1760232062228052,1637.0,11,26.403225806451612,2019
2019_14_SF_NO,NO,70,0.04285714285714286,0.6,0.19570981444485044,0.36126378979467455,1845.0,12,26.357142857142858,2019
2019_14_SF_NO,SF,62,0.0,0.6290322580645161,0.36126378979467455,0.19570981444485044,1675.0,12,27.016129032258064,2019
2019_14_TEN_OAK,LV,60,0.2,0.6,-0.008862330513170372,0.4636415996125903,1788.0,10,29.8,2019
2019_14_TEN_OAK,TEN,58,0.22413793103448276,0.46551724137931033,0.4636415996125903,-0.008862330513170372,1683.0,11,29.017241379310345,2019
2019_14_WAS_GB,GB,57,0.017543859649122806,0.5614035087719298,0.09778289996201513,-0.046802812313163286,1739.0,11,30.50877192982456,2019
2019_14_WAS_GB,WAS,59,0.05084745762711865,0.5084745762711864,-0.046802812313163286,0.09778289996201513,1707.0,10,28.93220338983051,2019
2019_15_ATL_SF,ATL,61,0.01639344262295082,0.6721311475409836,0.053397767275528134,-0.03071910127069297,1684.0,11,27.60655737704918,2019
2019_15_ATL_SF,SF,62,0.0,0.5645161290322581,-0.03071910127069297,0.053397767275528134,1771.0,11,28.56451612903226,2019
2019_15_BUF_PIT,BUF,63,0.015873015873015872,0.4126984126984127,-0.15233801529333252,-0.40150245913965205,1840.0,13,29.206349206349206,2019
2019_15_BUF_PIT,PIT,56,0.08928571428571429,0.75,-0.40150245913965205,-0.15233801529333252,1571.0,12,28.053571428571427,2019
2019_15_CHI_GB,CHI,82,0.3780487804878049,0.6707317073170732,-0.13833528932133157,-0.05255579344720562,1983.0,13,24.182926829268293,2019
2019_15_CHI_GB,GB,57,0.17543859649122806,0.5789473684210527,-0.05255579344720562,-0.13833528932133157,1468.0,12,25.75438596491228,2019
2019_15_CLE_ARI,ARI,59,0.3898305084745763,0.423728813559322,0.332325095936463,0.11157364643444098,1683.0,10,28.52542372881356,2019
2019_15_CLE_ARI,CLE,66,0.10606060606060606,0.6515151515151515,0.11157364643444098,0.332325095936463,1774.0,10,26.87878787878788,2019
2019_15_DEN_KC,DEN,57,0.017543859649122806,0.7368421052631579,-0.2520509318183482,0.18562766021161303,1532.0,8,26.87719298245614,2019
2019_15_DEN_KC,KC,63,0.015873015873015872,0.6190476190476191,0.18562766021161303,-0.2520509318183482,1936.0,9,30.73015873015873,2019
2019_15_HOU_TEN,HOU,63,0.047619047619047616,0.4444444444444444,0.13852380625842559,0.14326159012766998,1818.0,10,28.857142857142858,2019
2019_15_HOU_TEN,TEN,65,0.18461538461538463,0.5846153846153846,0.14326159012766998,0.13852380625842559,1657.0,11,25.49230769230769,2019
2019_15_IND_NO,IND,52,0.0,0.6730769230769231,-0.1686898054129011,0.3285766519828408,1358.0,8,26.115384615384617,2019
2019_15_IND_NO,NO,60,0.0,0.5,0.3285766519828408,-0.1686898054129011,2122.0,9,35.36666666666667,2019
2019_15_JAX_OAK,JAX,53,0.05660377358490566,0.5849056603773585,0.013614900411032357,0.09292743151782579,1496.0,9,28.22641509433962,2019
2019_15_JAX_OAK,LV,72,0.08333333333333333,0.5555555555555556,0.09292743151782579,0.013614900411032357,1998.0,10,27.75,2019
2019_15_LA_DAL,DAL,67,0.029850746268656716,0.34328358208955223,0.38291102551648565,-0.07621985172465186,2094.0,11,31.253731343283583,2019
2019_15_LA_DAL,LA,69,0.3188405797101449,0.7971014492753623,-0.07621985172465186,0.38291102551648565,1339.0,11,19.405797101449274,2019
2019_15_MIA_NYG,MIA,69,0.10144927536231885,0.6376811594202898,-0.04747558628215189,0.07407266140254759,1622.0,13,23.507246376811594,2019
2019_15_MIA_NYG,NYG,63,0.031746031746031744,0.47619047619047616,0.07407266140254759,-0.04747558628215189,1783.0,13,28.3015873015873,2019
2019_15_MIN_LAC,LAC,60,0.1,0.6833333333333333,-0.3536138198476265,0.09082027907361066,1564.0,12,26.066666666666666,2019
2019_15_MIN_LAC,MIN,59,0.0,0.423728813559322,0.09082027907361066,-0.3536138198476265,1853.0,12,31.406779661016948,2019
2019_15_NE_CIN,CIN,62,0.0,0.5,-0.22520749223634104,0.05539174398079469,1892.0,12,30.516129032258064,2019
2019_15_NE_CIN,NE,61,0.0,0.5081967213114754,0.05539174398079469,-0.22520749223634104,1538.0,13,25.21311475409836,2019
2019_15_NYJ_BAL,BAL,59,0.0,0.423728813559322,0.4212997799207014,-0.16049309053961736,1792.0,13,30.372881355932204,2019
2019_15_NYJ_BAL,NYJ,58,0.06896551724137931,0.5862068965517241,-0.16049309053961736,0.4212997799207014,1631.0,12,28.120689655172413,2019
2019_15_PHI_WAS,PHI,73,0.1095890410958904,0.6164383561643836,0.20197577587136784,0.051730839209540275,2132.0,10,29.205479452054796,2019
2019_15_PHI_WAS,WAS,51,0.0,0.5686274509803921,0.051730839209540275,0.20197577587136784,1336.0,10,26.19607843137255,2019
2019_15_SEA_CAR,CAR,71,0.19718309859154928,0.5915492957746479,0.051584910572641904,0.2969038859092463,1659.0,11,23.366197183098592,2019
2019_15_SEA_CAR,SEA,61,0.01639344262295082,0.47540983606557374,0.2969038859092463,0.051584910572641904,1784.0,12,29.24590163934426,2019
2019_15_TB_DET,DET,61,0.08196721311475409,0.7213114754098361,-0.22565328039331592,0.289463616086876,1473.0,13,24.147540983606557,2019
2019_15_TB_DET,TB,69,0.014492753623188406,0.6376811594202898,0.289463616086876,-0.22565328039331592,1949.0,13,28.246376811594203,2019
2019_16_ARI_SEA,ARI,67,0.0,0.43283582089552236,0.1257586376069729,-0.23507800789062844,1980.0,13,29.55223880597015,2019
2019_16_ARI_SEA,SEA,56,0.017857142857142856,0.6428571428571429,-0.23507800789062844,0.1257586376069729,1389.0,13,24.803571428571427,2019
2019_16_BAL_CLE,BAL,69,0.028985507246376812,0.4492753623188406,0.27917754337485295,-0.04368474477569976,1993.0,10,28.884057971014492,2019
2019_16_BAL_CLE,CLE,53,0.09433962264150944,0.660377358490566,-0.04368474477569976,0.27917754337485295,1480.0,10,27.92452830188679,2019
2019_16_BUF_NE,BUF,53,0.05660377358490566,0.5660377358490566,0.006342250737594329,0.12753189805820464,1196.0,10,22.566037735849058,2019
2019_16_BUF_NE,NE,67,0.014925373134328358,0.5074626865671642,0.12753189805820464,0.006342250737594329,2258.0,11,33.701492537313435,2019
2019_16_CAR_IND,CAR,71,0.14084507042253522,0.704225352112676,-0.16449235319443406,0.1421833849940105,1805.0,11,25.422535211267604,2019
2019_16_CAR_IND,IND,59,0.13559322033898305,0.5084745762711864,0.1421833849940105,-0.16449235319443406,1588.0,11,26.915254237288135,2019
2019_16_CIN_MIA,CIN,87,0.05747126436781609,0.7011494252873564,0.0607433651673132,0.1961081715471798,1919.0,15,22.057471264367816,2019
2019_16_CIN_MIA,MIA,84,0.023809523809523808,0.6428571428571429,0.1961081715471798,0.0607433651673132,2103.0,16,25.035714285714285,2019
2019_16_DAL_PHI,DAL,62,0.14516129032258066,0.7419354838709677,-0.16946379303750644,0.08747557209812298,1359.0,11,21.919354838709676,2019
2019_16_DAL_PHI,PHI,70,0.14285714285714285,0.5857142857142857,0.08747557209812298,-0.16946379303750644,2115.0,12,30.214285714285715,2019
2019_16_DET_DEN,DEN,65,0.12307692307692308,0.5230769230769231,0.1710266433133079,-0.0996651818088186,2089.0,10,32.13846153846154,2019
2019_16_DET_DEN,DET,49,0.061224489795918366,0.5714285714285714,-0.0996651818088186,0.1710266433133079,1349.0,10,27.53061224489796,2019
2019_16_GB_MIN,GB,73,0.0136986301369863,0.6027397260273972,-0.06921033700609248,-0.3949635185245362,2132.0,14,29.205479452054796,2019
2019_16_GB_MIN,MIN,52,0.1346153846153846,0.6923076923076923,-0.3949635185245362,-0.06921033700609248,1248.0,13,24.0,2019
2019_16_HOU_TB,HOU,62,0.0,0.5967741935483871,-0.22552403574646016,-0.0977337244908066,1674.0,14,27.0,2019
2019_16_HOU_TB,TB,71,0.04225352112676056,0.704225352112676,-0.0977337244908066,-0.22552403574646016,1741.0,14,24.52112676056338,2019
2019_16_JAX_ATL,ATL,70,0.05714285714285714,0.6571428571428571,0.26804486951103385,0.0044879861058043135,1890.0,11,27.0,2019
2019_16_JAX_ATL,JAX,59,0.0,0.6101694915254238,0.0044879861058043135,0.26804486951103385,1533.0,11,25.983050847457626,2019
2019_16_KC_CHI,CHI,58,0.10344827586206896,0.6206896551724138,-0.1952312483089349,0.20441861985745124,1538.0,8,26.517241379310345,2019
2019_16_KC_CHI,KC,62,0.0,0.5483870967741935,0.20441861985745124,-0.1952312483089349,1969.0,8,31.758064516129032,2019
2019_16_LA_SF,LA,69,0.07246376811594203,0.6521739130434783,0.06364539458169548,-0.024799828183418395,1869.0,13,27.08695652173913,2019
2019_16_LA_SF,SF,54,0.018518518518518517,0.6111111111111112,-0.024799828183418395,0.06364539458169548,1584.0,14,29.333333333333332,2019
2019_16_LV_LAC,LAC,55,0.07272727272727272,0.7272727272727273,0.03298114032041992,0.19592166803159702,1521.0,10,27.654545454545456,2019
2019_16_LV_LAC,LV,62,0.03225806451612903,0.532258064516129,0.19592166803159702,0.03298114032041992,1905.0,10,30.725806451612904,2019
2019_16_NO_TEN,NO,63,0.031746031746031744,0.6825396825396826,0.13599727385301935,0.08301990574972275,1764.0,14,28.0,2019
2019_16_NO_TEN,TEN,58,0.1724137931034483,0.5517241379310345,0.08301990574972275,0.13599727385301935,1654.0,13,28.517241379310345,2019
2019_16_NYG_WAS,NYG,69,0.014492753623188406,0.6231884057971014,0.41947332183685676,0.168197830587314,1880.0,12,27.246376811594203,2019
2019_16_NYG_WAS,WAS,67,0.029850746268656716,0.6119402985074627,0.168197830587314,0.41947332183685676,1963.0,11,29.29850746268657,2019
2019_16_PIT_NYJ,NYJ,59,0.03389830508474576,0.4745762711864407,-0.18097919154599676,-0.1736271941573506,1579.0,13,26.76271186440678,2019
2019_16_PIT_NYJ,PIT,66,0.030303030303030304,0.6212121212121212,-0.1736271941573506,-0.18097919154599676,1817.0,12,27.53030303030303,2019
2019_17_ARI_LA,ARI,59,0.15254237288135594,0.711864406779661,0.0859502348902144,0.165320333575299,1316.0,12,22.305084745762713,2019
2019_17_ARI_LA,LA,78,0.05128205128205128,0.5897435897435898,0.165320333575299,0.0859502348902144,2163.0,12,27.73076923076923,2019
2019_17_ATL_TB,ATL,86,0.03488372093023256,0.6627906976744186,-0.17219380801746942,-0.11073220430133883,2117.0,12,24.61627906976744,2019
2019_17_ATL_TB,TB,46,0.021739130434782608,0.5217391304347826,-0.11073220430133883,-0.17219380801746942,1340.0,12,29.130434782608695,2019
2019_17_CHI_MIN,CHI,75,0.08,0.5466666666666666,-0.012402909229571187,-0.05779744873750747,2211.0,9,29.48,2019
2019_17_CHI_MIN,MIN,47,0.0425531914893617,0.44680851063829785,-0.05779744873750747,-0.012402909229571187,1293.0,10,27.51063829787234,2019
2019_17_CLE_CIN,CIN,65,0.0,0.4461538461538462,0.1930415514487723,-0.00912155006439398,2012.0,12,30.953846153846154,2019
2019_17_CLE_CIN,CLE,53,0.0,0.6226415094339622,-0.00912155006439398,0.1930415514487723,1437.0,11,27.11320754716981,2019
2019_17_GB_DET,DET,55,0.01818181818181818,0.5454545454545454,0.016498736836487827,0.08134731918362077,1422.0,12,25.854545454545455,2019
2019_17_GB_DET,GB,85,0.047058823529411764,0.6588235294117647,0.08134731918362077,0.016498736836487827,2026.0,12,23.83529411764706,2019
2019_17_IND_JAX,IND,55,0.05454545454545454,0.509090909090909,-0.11824471142063774,0.19011611926543898,1503.0,10,27.327272727272728,2019
2019_17_IND_JAX,JAX,64,0.015625,0.671875,0.19011611926543898,-0.11824471142063774,1953.0,11,30.515625,2019
2019_17_LAC_KC,KC,46,0.0,0.5434782608695652,0.2771686539006248,0.1349732600783013,1339.0,10,29.108695652173914,2019
2019_17_LAC_KC,LAC,74,0.06756756756756757,0.6621621621621622,0.1349732600783013,0.2771686539006248,2106.0,9,28.45945945945946,2019
2019_17_LV_DEN,DEN,55,0.03636363636363636,0.5272727272727272,-0.09206288034670837,-0.004338983531282249,1546.0,12,28.10909090909091,2019
2019_17_LV_DEN,LV,69,0.11594202898550725,0.6811594202898551,-0.004338983531282249,-0.09206288034670837,1882.0,12,27.27536231884058,2019
2019_17_MIA_NE,MIA,68,0.014705882352941176,0.6764705882352942,0.17444630160922817,0.057674543626323974,1984.0,10,29.176470588235293,2019
2019_17_MIA_NE,NE,57,0.0,0.5263157894736842,0.057674543626323974,0.17444630160922817,1486.0,11,26.07017543859649,2019
2019_17_NO_CAR,CAR,69,0.14492753623188406,0.7391304347826086,-0.31255788497086334,0.23023329133214201,1367.0,13,19.81159420289855,2019
2019_17_NO_CAR,NO,62,0.0,0.5,0.23023329133214201,-0.31255788497086334,2027.0,14,32.693548387096776,2019
2019_17_NYJ_BUF,BUF,60,0.016666666666666666,0.6666666666666666,-0.24488091394491673,-0.09553861982650223,1636.0,11,27.266666666666666,2019
2019_17_NYJ_BUF,NYJ,63,0.09523809523809523,0.6031746031746031,-0.09553861982650223,-0.24488091394491673,1785.0,12,28.333333333333332,2019
2019_17_PHI_NYG,NYG,72,0.18055555555555555,0.7083333333333334,-0.20951103893022638,0.08934627984624821,1605.0,14,22.291666666666668,2019
2019_17_PHI_NYG,PHI,72,0.3611111111111111,0.5694444444444444,0.08934627984624821,-0.20951103893022638,1801.0,14,25.01388888888889,2019
2019_17_PIT_BAL,BAL,68,0.0,0.35294117647058826,-0.06437913298665401,-0.3593275461967849,2305.0,11,33.89705882352941,2019
2019_17_PIT_BAL,PIT,47,0.0425531914893617,0.5319148936170213,-0.3593275461967849,-0.06437913298665401,1123.0,12,23.893617021276597,2019
2019_17_SF_SEA,SEA,70,0.014285714285714285,0.5714285714285714,0.11118030459897382,0.36400198736298023,1939.0,8,27.7,2019
2019_17_SF_SEA,SF,49,0.0,0.5102040816326531,0.36400198736298023,0.11118030459897382,1542.0,9,31.46938775510204,2019
2019_17_TEN_HOU,HOU,65,0.0,0.6153846153846154,0.018316710222609264,0.5257420189705264,1826.0,10,28.092307692307692,2019
2019_17_TEN_HOU,TEN,57,0.0,0.3684210526315789,0.5257420189705264,0.018316710222609264,1630.0,10,28.596491228070175,2019
2019_17_WAS_DAL,DAL,71,0.11267605633802817,0.5070422535211268,0.23066087283767725,-0.4120305771832462,1980.0,14,27.887323943661972,2019
2019_17_WAS_DAL,WAS,59,0.0847457627118644,0.6610169491525424,-0.4120305771832462,0.23066087283767725,1451.0,13,24.593220338983052,2019
2023_01_ARI_WAS,ARI,58,0.05172413793103448,0.5689655172413793,-0.3520510891186187,-0.2941835299337889,1640.0,12,28.275862068965516,2023
2023_01_ARI_WAS,WAS,65,0.03076923076923077,0.5692307692307692,-0.2941835299337889,-0.3520510891186187,1807.0,13,27.8,2023
2023_01_BUF_NYJ,BUF,67,0.22388059701492538,0.6716417910447762,-0.06778166957460209,-0.04741279796088383,1914.0,11,28.567164179104477,2023
2023_01_BUF_NYJ,NYJ,51,0.0196078431372549,0.49019607843137253,-0.04741279796088383,-0.06778166957460209,1597.0,12,31.313725490196077,2023
2023_01_CAR_ATL,ATL,47,0.1702127659574468,0.46808510638297873,-0.1073664108582692,-0.2698056696144229,1404.0,13,29.872340425531913,2023
2023_01_CAR_ATL,CAR,72,0.08333333333333333,0.5555555555555556,-0.2698056696144229,-0.1073664108582692,1984.0,12,27.555555555555557,2023
2023_01_CIN_CLE,CIN,52,0.0,0.6538461538461539,-0.46536577856767436,-0.13927836568026067,1341.0,15,25.78846153846154,2023
2023_01_CIN_CLE,CLE,73,0.0547945205479452,0.4383561643835616,-0.13927836568026067,-0.46536577856767436,2057.0,14,28.17808219178082,2023
2023_01_DAL_NYG,DAL,55,0.03636363636363636,0.45454545454545453,0.05990976477124927,-0.46106273078249926,1551.0,11,28.2,2023
2023_01_DAL_NYG,NYG,65,0.15384615384615385,0.5692307692307692,-0.46106273078249926,0.05990976477124927,1887.0,12,29.03076923076923,2023
2023_01_DET_KC,DET,66,0.030303030303030304,0.5303030303030303,0.0468169509029284,-0.14573448706096795,1891.0,12,28.651515151515152,2023
2023_01_DET_KC,KC,62,0.016129032258064516,0.6290322580645161,-0.14573448706096795,0.0468169509029284,1571.0,11,25.338709677419356,2023
2023_01_GB_CHI,CHI,72,0.16666666666666666,0.5833333333333334,-0.17680651572120346,0.15570135692023807,1755.0,12,24.375,2023
2023_01_GB_CHI,GB,60,0.05,0.4666666666666667,0.15570135692023807,-0.17680651572120346,1700.0,12,28.333333333333332,2023
2023_01_HOU_BAL,BAL,59,0.13559322033898305,0.4406779661016949,-0.05436458412580866,-0.27491486882037375,1801.0,11,30.52542372881356,2023
2023_01_HOU_BAL,HOU,71,0.14084507042253522,0.676056338028169,-0.27491486882037375,-0.05436458412580866,1679.0,12,23.64788732394366,2023
2023_01_JAX_IND,IND,69,0.21739130434782608,0.6231884057971014,-0.39872451556299854,-0.23355282596063834,1459.0,15,21.144927536231883,2023
2023_01_JAX_IND,JAX,68,0.058823529411764705,0.5,-0.23355282596063834,-0.39872451556299854,1932.0,15,28.41176470588235,2023
2023_01_LA_SEA,LA,78,0.05128205128205128,0.48717948717948717,0.27402946659745997,-0.1075040976393188,2325.0,9,29.807692307692307,2023
2023_01_LA_SEA,SEA,46,0.32608695652173914,0.6086956521739131,-0.1075040976393188,0.27402946659745997,1184.0,9,25.73913043478261,2023
2023_01_LV_DEN,DEN,57,0.05263157894736842,0.6140350877192983,-0.001719002457807956,0.16965524770417809,1907.0,6,33.45614035087719,2023
2023_01_LV_DEN,LV,51,0.0196078431372549,0.5098039215686274,0.16965524770417809,-0.001719002457807956,1639.0,7,32.13725490196079,2023
2023_01_MIA_LAC,LAC,76,0.19736842105263158,0.47368421052631576,0.15262955264410286,0.30758666365990955,1921.0,10,25.276315789473685,2023
2023_01_MIA_LAC,MIA,63,0.031746031746031744,0.7142857142857143,0.30758666365990955,0.15262955264410286,1607.0,11,25.50793650793651,2023
2023_01_PHI_NE,NE,79,0.22784810126582278,0.7215189873417721,-0.20382143947302328,-0.14909418149877596,1664.0,13,21.063291139240505,2023
2023_01_PHI_NE,PHI,60,0.15,0.6,-0.14909418149877596,-0.20382143947302328,1760.0,14,29.333333333333332,2023
2023_01_SF_PIT,PIT,60,0.23333333333333334,0.8333333333333334,-0.3425858696156259,0.15898401925340763,1262.0,11,21.033333333333335,2023
2023_01_SF_PIT,SF,63,0.015873015873015872,0.5079365079365079,0.15898401925340763,-0.3425858696156259,2189.0,12,34.74603174603175,2023
2023_01_TB_MIN,MIN,63,0.19047619047619047,0.7301587301587301,-0.13204396124554163,-0.10446296796439637,1697.0,11,26.936507936507937,2023
2023_01_TB_MIN,TB,65,0.18461538461538463,0.5384615384615384,-0.10446296796439637,-0.13204396124554163,1752.0,12,26.953846153846154,2023
2023_01_TEN_NO,NO,62,0.08064516129032258,0.5967741935483871,-0.09390476786717254,-0.22254171175834087,1651.0,12,26.629032258064516,2023
2023_01_TEN_NO,TEN,59,0.0,0.6271186440677966,-0.22254171175834087,-0.09390476786717254,1783.0,12,30.220338983050848,2023
2023_02_BAL_CIN,BAL,69,0.11594202898550725,0.4782608695652174,0.2413778549753646,0.06091693167326717,1946.0,9,28.202898550724637,2023
2023_02_BAL_CIN,CIN,57,0.14035087719298245,0.7368421052631579,0.06091693167326717,0.2413778549753646,1577.0,8,27.666666666666668,2023
2023_02_CHI_TB,CHI,51,0.1568627450980392,0.6862745098039216,-0.16475395199217477,0.2331477608696884,1371.0,10,26.88235294117647,2023
2023_02_CHI_TB,TB,66,0.12121212121212122,0.5151515151515151,0.2331477608696884,-0.16475395199217477,2105.0,11,31.893939393939394,2023
2023_02_CLE_PIT,CLE,83,0.10843373493975904,0.5542168674698795,-0.2082358624893218,-0.3919658122247713,2035.0,15,24.518072289156628,2023
2023_02_CLE_PIT,PIT,51,0.0392156862745098,0.6274509803921569,-0.3919658122247713,-0.2082358624893218,1357.0,16,26.607843137254903,2023
2023_02_GB_ATL,ATL,77,0.18181818181818182,0.42857142857142855,0.11507423426202068,0.051882758680097694,2140.0,10,27.792207792207794,2023
2023_02_GB_ATL,GB,46,0.043478260869565216,0.5652173913043478,0.051882758680097694,0.11507423426202068,1366.0,10,29.695652173913043,2023
2023_02_IND_HOU,HOU,76,0.18421052631578946,0.6710526315789473,-0.015504243827617684,0.25658465562702865,2049.0,11,26.960526315789473,2023
2023_02_IND_HOU,IND,56,0.19642857142857142,0.5892857142857143,0.25658465562702865,-0.015504243827617684,1454.0,10,25.964285714285715,2023
2023_02_KC_JAX,JAX,64,0.109375,0.71875,-0.3351888229143565,0.14477039254951432,1617.0,11,25.265625,2023
2023_02_KC_JAX,KC,61,0.03278688524590164,0.6885245901639344,0.14477039254951432,-0.3351888229143565,1840.0,10,30.16393442622951,2023
2023_02_LAC_TEN,LAC,66,0.13636363636363635,0.6818181818181818,0.09223075477247258,0.010639916480615023,1625.0,11,24.62121212121212,2023
2023_02_LAC_TEN,TEN,63,0.07936507936507936,0.4603174603174603,0.010639916480615023,0.09223075477247258,2142.0,11,34.0,2023
2023_02_LV_BUF,BUF,72,0.05555555555555555,0.5416666666666666,0.3068545541948476,-0.26116006681075166,2388.0,9,33.166666666666664,2023
2023_02_LV_BUF,LV,39,0.0,0.6153846153846154,-0.26116006681075166,0.3068545541948476,1132.0,9,29.025641025641026,2023
2023_02_MIA_NE,MIA,60,0.08333333333333333,0.5166666666666667,0.19834470460510653,-0.07960492908783394,1765.0,11,29.416666666666668,2023
2023_02_MIA_NE,NE,70,0.32857142857142857,0.6571428571428571,-0.07960492908783394,0.19834470460510653,1703.0,11,24.32857142857143,2023
2023_02_MIN_PHI,MIN,55,0.2727272727272727,0.8363636363636363,0.08103735672140663,0.14262076138895408,1178.0,11,21.418181818181818,2023
2023_02_MIN_PHI,PHI,75,0.14666666666666667,0.36,0.14262076138895408,0.08103735672140663,2309.0,12,30.786666666666665,2023
2023_02_NO_CAR,CAR,57,0.07017543859649122,0.6666666666666666,-0.14652735352884408,0.03964336510922279,1534.0,11,26.912280701754387,2023
2023_02_NO_CAR,NO,71,0.08450704225352113,0.5774647887323944,0.03964336510922279,-0.14652735352884408,1912.0,11,26.929577464788732,2023
2023_02_NYG_ARI,ARI,61,0.04918032786885246,0.5081967213114754,0.1778705323474945,0.2223894054768939,1795.0,10,29.42622950819672,2023
2023_02_NYG_ARI,NYG,67,0.11940298507462686,0.5970149253731343,0.2223894054768939,0.1778705323474945,1701.0,10,25.388059701492537,2023
2023_02_NYJ_DAL,DAL,80,0.0375,0.4875,0.05701604152446409,-0.5825553219001613,2487.0,12,31.0875,2023
2023_02_NYJ_DAL,NYJ,45,0.13333333333333333,0.6444444444444445,-0.5825553219001613,0.05701604152446409,989.0,11,21.977777777777778,2023
2023_02_SEA_DET,DET,64,0.03125,0.578125,-0.04237972341322588,0.24343185507701826,1809.0,12,28.265625,2023
2023_02_SEA_DET,SEA,66,0.16666666666666666,0.6212121212121212,0.24343185507701826,-0.04237972341322588,1960.0,11,29.696969696969695,2023
2023_02_SF_LA,LA,77,0.15584415584415584,0.7142857142857143,-0.04406945278320925,0.13897788692313762,1938.0,10,25.16883116883117,2023
2023_02_SF_LA,SF,54,0.037037037037037035,0.48148148148148145,0.13897788692313762,-0.04406945278320925,1557.0,10,28.833333333333332,2023
2023_02_WAS_DEN,DEN,62,0.1935483870967742,0.6290322580645161,0.13379707953209882,0.20104891914814982,1521.0,11,24.532258064516128,2023
2023_02_WAS_DEN,WAS,67,0.014925373134328358,0.6417910447761194,0.20104891914814982,0.13379707953209882,1978.0,11,29.52238805970149,2023
2023_03_ATL_DET,ATL,65,0.2923076923076923,0.6923076923076923,-0.3364149456640255,-0.015512912315112945,1543.0,12,23.73846153846154,2023
2023_03_ATL_DET,DET,61,0.03278688524590164,0.5409836065573771,-0.015512912315112945,-0.3364149456640255,1900.0,12,31.147540983606557,2023
2023_03_BUF_WAS,BUF,63,0.031746031746031744,0.5079365079365079,0.21725666499612653,-0.5987696191156288,2051.0,11,32.55555555555556,2023
2023_03_BUF_WAS,WAS,51,0.11764705882352941,0.7450980392156863,-0.5987696191156288,0.21725666499612653,1426.0,11,27.96078431372549,2023
2023_03_CAR_SEA,CAR,75,0.12,0.8133333333333334,0.04581659013250206,0.20921183329274842,1701.0,12,22.68,2023
2023_03_CAR_SEA,SEA,68,0.10294117647058823,0.5735294117647058,0.20921183329274842,0.04581659013250206,1784.0,13,26.235294117647058,2023
2023_03_CHI_KC,CHI,51,0.2549019607843137,0.49019607843137253,-0.3016755081315661,0.23597103009636697,1351.0,10,26.49019607843137,2023
2023_03_CHI_KC,KC,73,0.0136986301369863,0.5205479452054794,0.23597103009636697,-0.3016755081315661,2141.0,11,29.328767123287673,2023
2023_03_DAL_ARI,ARI,53,0.03773584905660377,0.4528301886792453,0.21866413959703226,0.0620664877643527,1494.0,9,28.18867924528302,2023
2023_03_DAL_ARI,DAL,75,0.08,0.56,0.0620664877643527,0.21866413959703226,2025.0,8,27.0,2023
2023_03_DEN_MIA,DEN,59,0.05084745762711865,0.6610169491525424,-0.2650026304960414,0.6579030373695007,1514.0,14,25.661016949152543,2023
2023_03_DEN_MIA,MIA,70,0.04285714285714286,0.4,0.6579030373695007,-0.2650026304960414,1983.0,14,28.32857142857143,2023
2023_03_HOU_JAX,HOU,56,0.03571428571428571,0.5357142857142857,0.22012880278433558,-0.05072840892412007,1635.0,11,29.196428571428573,2023
2023_03_HOU_JAX,JAX,69,0.2463768115942029,0.6086956521739131,-0.05072840892412007,0.22012880278433558,1866.0,11,27.043478260869566,2023
2023_03_IND_BAL,BAL,72,0.041666666666666664,0.4861111111111111,-0.1447947964237003,-0.15425004682659932,1822.0,16,25.305555555555557,2023
2023_03_IND_BAL,IND,84,0.21428571428571427,0.5833333333333334,-0.15425004682659932,-0.1447947964237003,2091.0,16,24.892857142857142,2023
2023_03_LAC_MIN,LAC,63,0.031746031746031744,0.7777777777777778,0.19514771428429092,-0.00012828547168427718,1563.0,11,24.80952380952381,2023
2023_03_LAC_MIN,MIN,78,0.16666666666666666,0.6923076923076923,-0.00012828547168427718,0.19514771428429092,1950.0,11,25.0,2023
2023_03_LA_CIN,CIN,70,0.014285714285714285,0.7142857142857143,-0.09668759942135782,-0.13044823441102577,2095.0,13,29.928571428571427,2023
2023_03_LA_CIN,LA,52,0.1346153846153846,0.75,-0.13044823441102577,-0.09668759942135782,1361.0,12,26.173076923076923,2023
2023_03_NE_NYJ,NE,69,0.07246376811594203,0.42028985507246375,-0.006974152894966527,-0.37319045179184107,1815.0,13,26.304347826086957,2023
2023_03_NE_NYJ,NYJ,60,0.06666666666666667,0.6333333333333333,-0.37319045179184107,-0.006974152894966527,1595.0,13,26.583333333333332,2023
2023_03_NO_GB,GB,68,0.1323529411764706,0.6764705882352942,-0.00802148416709717,-0.05516392313569516,1890.0,12,27.794117647058822,2023
2023_03_NO_GB,NO,60,0.03333333333333333,0.6333333333333333,-0.05516392313569516,-0.00802148416709717,1571.0,11,26.183333333333334,2023
2023_03_NYG_SF,NYG,47,0.14893617021276595,0.7659574468085106,-0.2318574866329739,0.18594551487493277,1171.0,10,24.914893617021278,2023
2023_03_NYG_SF,SF,75,0.02666666666666667,0.52,0.18594551487493277,-0.2318574866329739,2307.0,11,30.76,2023
2023_03_PHI_TB,PHI,78,0.15384615384615385,0.48717948717948717,0.0914633210467705,-0.19908147269570628,2293.0,10,29.397435897435898,2023
2023_03_PHI_TB,TB,45,0.044444444444444446,0.6222222222222222,-0.19908147269570628,0.0914633210467705,1194.0,9,26.533333333333335,2023
2023_03_PIT_LV,LV,68,0.17647058823529413,0.7205882352941176,-0.14435077514740627,0.01777267718703178,1718.0,12,25.264705882352942,2023
2023_03_PIT_LV,PIT,59,0.01694915254237288,0.4915254237288136,0.01777267718703178,-0.14435077514740627,1680.0,13,28.47457627118644,2023
2023_03_TEN_CLE,CLE,67,0.014925373134328358,0.5373134328358209,0.02176471014507728,-0.43798187266689165,2265.0,9,33.80597014925373,2023
2023_03_TEN_CLE,TEN,45,0.0,0.6666666666666666,-0.43798187266689165,0.02176471014507728,1212.0,10,26.933333333333334,2023
2023_04_ARI_SF,ARI,68,0.058823529411764705,0.6176470588235294,0.12396832736913008,0.5003909786590193,1808.0,7,26.58823529411765,2023
2023_04_ARI_SF,SF,51,0.0,0.43137254901960786,0.5003909786590193,0.12396832736913008,1720.0,8,33.72549019607843,2023
2023_04_ATL_JAX,ATL,57,0.12280701754385964,0.6140350877192983,-0.30040760985943243,0.006607778374848085,1551.0,10,27.210526315789473,2023
2023_04_ATL_JAX,JAX,61,0.01639344262295082,0.5245901639344263,0.006607778374848085,-0.30040760985943243,1902.0,11,31.18032786885246,2023
2023_04_BAL_CLE,BAL,55,0.01818181818181818,0.4,0.034992652595974505,-0.5140968351217508,1726.0,12,31.381818181818183,2023
2023_04_BAL_CLE,CLE,64,0.203125,0.625,-0.5140968351217508,0.034992652595974505,1696.0,13,26.5,2023
2023_04_CIN_TEN,CIN,50,0.12,0.66,-0.22988560790352555,0.20212646460574152,1450.0,9,29.0,2023
2023_04_CIN_TEN,TEN,61,0.01639344262295082,0.47540983606557374,0.20212646460574152,-0.22988560790352555,2056.0,9,33.704918032786885,2023
2023_04_DEN_CHI,CHI,70,0.04285714285714286,0.5571428571428572,0.09795688592047165,0.34916502305484104,1981.0,10,28.3,2023
2023_04_DEN_CHI,DEN,47,0.02127659574468085,0.6170212765957447,0.34916502305484104,0.09795688592047165,1535.0,10,32.659574468085104,2023
2023_04_DET_GB,DET,72,0.013888888888888888,0.4166666666666667,0.13784743341768332,-0.22116310497067032,2215.0,12,30.76388888888889,2023
2023_04_DET_GB,GB,55,0.14545454545454545,0.7636363636363637,-0.22116310497067032,0.13784743341768332,1242.0,12,22.581818181818182,2023
2023_04_KC_NYJ,KC,64,0.0,0.484375,0.16861990351686978,0.02023138818271152,1879.0,11,29.359375,2023
2023_04_KC_NYJ,NYJ,58,0.06896551724137931,0.7068965517241379,0.02023138818271152,0.16861990351686978,1612.0,11,27.79310344827586,2023
2023_04_LA_IND,IND,59,0.288135593220339,0.4915254237288136,0.022947358358675077,0.17524948031980214,1403.0,12,23.779661016949152,2023
2023_04_LA_IND,LA,78,0.16666666666666666,0.5384615384615384,0.17524948031980214,0.022947358358675077,2327.0,12,29.833333333333332,2023
2023_04_LV_LAC,LAC,59,0.0847457627118644,0.4406779661016949,-0.034290985750663534,-0.16690575557672413,1555.0,12,26.35593220338983,2023
2023_04_LV_LAC,LV,69,0.057971014492753624,0.6666666666666666,-0.16690575557672413,-0.034290985750663534,1899.0,11,27.52173913043478,2023
2023_04_MIA_BUF,BUF,52,0.07692307692307693,0.5192307692307693,0.4369712308554382,-0.011877731256573699,1787.0,12,34.36538461538461,2023
2023_04_MIA_BUF,MIA,59,0.01694915254237288,0.6779661016949152,-0.011877731256573699,0.4369712308554382,1720.0,11,29.152542372881356,2023
2023_04_MIN_CAR,CAR,68,0.17647058823529413,0.5441176470588235,-0.2563485436015448,-0.154154807367542,2242.0,11,32.970588235294116,2023
2023_04_MIN_CAR,MIN,44,0.1590909090909091,0.4772727272727273,-0.154154807367542,-0.2563485436015448,1218.0,10,27.681818181818183,2023
2023_04_NE_DAL,DAL,66,0.045454545454545456,0.6060606060606061,0.11402779287118242,-0.47803653429437815,2075.0,12,31.439393939393938,2023
2023_04_NE_DAL,NE,55,0.07272727272727272,0.5818181818181818,-0.47803653429437815,0.11402779287118242,1410.0,11,25.636363636363637,2023
2023_04_PIT_HOU,HOU,67,0.1044776119402985,0.43283582089552236,0.1400425297929599,-0.2820349630754044,1915.0,10,28.582089552238806,2023
2023_04_PIT_HOU,PIT,56,0.05357142857142857,0.5535714285714286,-0.2820349630754044,0.1400425297929599,1572.0,10,28.071428571428573,2023
2023_04_SEA_NYG,NYG,74,0.35135135135135137,0.6081081081081081,-0.4532766870056074,-0.114886375461754,2040.0,12,27.56756756756757,2023
2023_04_SEA_NYG,SEA,51,0.0392156862745098,0.5490196078431373,-0.114886375461754,-0.4532766870056074,1358.0,12,26.627450980392158,2023
2023_04_TB_NO,NO,60,0.1,0.7,-0.36570659362559554,0.04955982321021146,1643.0,11,27.383333333333333,2023
2023_04_TB_NO,TB,65,0.07692307692307693,0.5384615384615384,0.04955982321021146,-0.36570659362559554,1822.0,11,28.03076923076923,2023
2023_04_WAS_PHI,PHI,68,0.17647058823529413,0.5882352941176471,0.17746666411460904,0.20363694590479625,1819.0,10,26.75,2023
2023_04_WAS_PHI,WAS,74,0.04054054054054054,0.6216216216216216,0.20363694590479625,0.17746666411460904,2054.0,10,27.756756756756758,2023
2023_05_BAL_PIT,BAL,67,0.07462686567164178,0.6268656716417911,-0.22795378536250974,-0.02825304761758007,1732.0,12,25.850746268656717,2023
2023_05_BAL_PIT,PIT,61,0.08196721311475409,0.5901639344262295,-0.02825304761758007,-0.22795378536250974,1713.0,12,28.081967213114755,2023
2023_05_CAR_DET,CAR,65,0.16923076923076924,0.6461538461538462,-0.07971091644127982,0.2528485923907475,1662.0,10,25.56923076923077,2023
2023_05_CAR_DET,DET,57,0.0,0.5263157894736842,0.2528485923907475,-0.07971091644127982,1843.0,11,32.333333333333336,2023
2023_05_CHI_WAS,CHI,64,0.078125,0.5,0.308947133198785,-0.10337574538745493,1761.0,11,27.515625,2023
2023_05_CHI_WAS,WAS,68,0.16176470588235295,0.8382352941176471,-0.10337574538745493,0.308947133198785,1738.0,12,25.558823529411764,2023
2023_05_CIN_ARI,ARI,57,0.12280701754385964,0.6140350877192983,-0.29481530804370876,0.007757813892624546,1237.0,13,21.70175438596491,2023
2023_05_CIN_ARI,CIN,78,0.0641025641025641,0.6282051282051282,0.007757813892624546,-0.29481530804370876,2238.0,13,28.692307692307693,2023
2023_05_DAL_SF,DAL,48,0.0625,0.625,-0.4466797269752926,0.20159002192844072,1237.0,13,25.770833333333332,2023
2023_05_DAL_SF,SF,66,0.0,0.3939393939393939,0.20159002192844072,-0.4466797269752926,2182.0,13,33.06060606060606,2023
2023_05_GB_LV,GB,57,0.05263157894736842,0.5614035087719298,-0.1873611513266876,-0.07997264405272235,1574.0,11,27.614035087719298,2023
2023_05_GB_LV,LV,61,0.0,0.5573770491803278,-0.07997264405272235,-0.1873611513266876,1901.0,11,31.16393442622951,2023
2023_05_HOU_ATL,ATL,73,0.1095890410958904,0.5342465753424658,-0.01011290221431869,-0.06645162105847083,2059.0,12,28.205479452054796,2023
2023_05_HOU_ATL,HOU,58,0.08620689655172414,0.603448275862069,-0.06645162105847083,-0.01011290221431869,1403.0,11,24.189655172413794,2023
2023_05_JAX_BUF,BUF,54,0.2777777777777778,0.7592592592592593,0.18866958356321428,0.13415352075976572,1232.0,12,22.814814814814813,2023
2023_05_JAX_BUF,JAX,82,0.06097560975609756,0.5121951219512195,0.13415352075976572,0.18866958356321428,2226.0,12,27.146341463414632,2023
2023_05_KC_MIN,KC,63,0.047619047619047616,0.6666666666666666,0.17194154515935464,0.00031191833593703584,1884.0,8,29.904761904761905,2023
2023_05_KC_MIN,MIN,67,0.16417910447761194,0.7313432835820896,0.00031191833593703584,0.17194154515935464,1649.0,8,24.611940298507463,2023
2023_05_NO_NE,NE,51,0.0196078431372549,0.6470588235294118,-0.7828751057274276,0.023541691813879922,1120.0,14,21.96078431372549,2023
2023_05_NO_NE,NO,66,0.015151515151515152,0.42424242424242425,0.023541691813879922,-0.7828751057274276,2298.0,15,34.81818181818182,2023
2023_05_NYG_MIA,MIA,52,0.09615384615384616,0.5769230769230769,0.09747356676850288,-0.16425444445177884,1395.0,11,26.826923076923077,2023
2023_05_NYG_MIA,NYG,68,0.22058823529411764,0.5735294117647058,-0.16425444445177884,0.09747356676850288,2092.0,10,30.764705882352942,2023
2023_05_NYJ_DEN,DEN,57,0.05263157894736842,0.5964912280701754,-0.2195638008167636,0.0026162901329110744,1458.0,12,25.57894736842105,2023
2023_05_NYJ_DEN,NYJ,62,0.06451612903225806,0.4838709677419355,0.0026162901329110744,-0.2195638008167636,2004.0,12,32.32258064516129,2023
2023_05_PHI_LA,LA,55,0.2,0.7454545454545455,-0.002690572972113097,0.1486553042913225,1276.0,8,23.2,2023
2023_05_PHI_LA,PHI,78,0.1794871794871795,0.5,0.1486553042913225,-0.002690572972113097,2245.0,8,28.78205128205128,2023
2023_05_TEN_IND,IND,60,0.08333333333333333,0.45,0.20651486377475872,0.0997040036071275,1838.0,8,30.633333333333333,2023
2023_05_TEN_IND,TEN,56,0.017857142857142856,0.625,0.0997040036071275,0.20651486377475872,1688.0,8,30.142857142857142,2023
2023_06_ARI_LA,ARI,72,0.1388888888888889,0.5972222222222222,-0.26177127413163354,0.13998909877402557,1754.0,12,24.36111111111111,2023
2023_06_ARI_LA,LA,53,0.03773584905660377,0.4716981132075472,0.13998909877402557,-0.26177127413163354,1717.0,10,32.39622641509434,2023
2023_06_BAL_TEN,BAL,69,0.07246376811594203,0.4492753623188406,0.022584863119277692,-0.19703886103086593,2085.0,12,30.217391304347824,2023
2023_06_BAL_TEN,TEN,46,0.08695652173913043,0.5869565217391305,-0.19703886103086593,0.022584863119277692,1376.0,10,29.91304347826087,2023
2023_06_CAR_MIA,CAR,68,0.3088235294117647,0.6323529411764706,-0.14276293217331334,0.17893996180341235,1784.0,12,26.235294117647058,2023
2023_06_CAR_MIA,MIA,62,0.016129032258064516,0.5161290322580645,0.17893996180341235,-0.14276293217331334,1700.0,12,27.419354838709676,2023
2023_06_DAL_LAC,DAL,59,0.01694915254237288,0.5932203389830508,0.07469932552948622,-0.10898622999978357,1728.0,10,29.28813559322034,2023
2023_06_DAL_LAC,LAC,61,0.14754098360655737,0.6229508196721312,-0.10898622999978357,0.07469932552948622,1742.0,10,28.557377049180328,2023
2023_06_DEN_KC,DEN,50,0.08,0.52,-0.32045556066353803,-0.028222415461649348,1371.0,10,27.42,2023
2023_06_DEN_KC,KC,67,0.0,0.6417910447761194,-0.028222415461649348,-0.32045556066353803,2086.0,11,31.134328358208954,2023
2023_06_DET_TB,DET,68,0.014705882352941176,0.6911764705882353,0.1483196718672661,-0.24320047744047124,2107.0,11,30.985294117647058,2023
2023_06_DET_TB,TB,54,0.1111111111111111,0.7037037037037037,-0.24320047744047124,0.1483196718672661,1336.0,10,24.74074074074074,2023
2023_06_IND_JAX,IND,75,0.21333333333333335,0.7733333333333333,-0.20753887989147068,-0.07553166952862088,1784.0,13,23.786666666666665,2023
2023_06_IND_JAX,JAX,58,0.034482758620689655,0.5689655172413793,-0.07553166952862088,-0.20753887989147068,1653.0,14,28.5,2023
2023_06_MIN_CHI,CHI,64,0.015625,0.453125,-0.36363377458544693,-0.19431961715133717,2006.0,13,31.34375,2023
2023_06_MIN_CHI,MIN,54,0.07407407407407407,0.6111111111111112,-0.19431961715133717,-0.36363377458544693,1424.0,12,26.37037037037037,2023
2023_06_NE_LV,LV,62,0.0,0.5161290322580645,0.011701629039855355,-0.005582914220440119,1891.0,9,30.5,2023
2023_06_NE_LV,NE,55,0.01818181818181818,0.6727272727272727,-0.005582914220440119,0.011701629039855355,1609.0,9,29.254545454545454,2023
2023_06_NO_HOU,HOU,59,0.03389830508474576,0.4915254237288136,-0.03522516465954403,0.035522789749878575,1630.0,12,27.627118644067796,2023
2023_06_NO_HOU,NO,78,0.14102564102564102,0.6794871794871795,0.035522789749878575,-0.03522516465954403,1845.0,10,23.653846153846153,2023
2023_06_NYG_BUF,BUF,59,0.03389830508474576,0.5084745762711864,-0.017308061093822477,-0.15634067549055033,1660.0,9,28.135593220338983,2023
2023_06_NYG_BUF,NYG,71,0.028169014084507043,0.5211267605633803,-0.15634067549055033,-0.017308061093822477,1816.0,10,25.577464788732396,2023
2023_06_PHI_NYJ,NYJ,58,0.0,0.6724137931034483,-0.1375512331407508,-0.121894527378927,1700.0,11,29.310344827586206,2023
2023_06_PHI_NYJ,PHI,69,0.10144927536231885,0.6811594202898551,-0.121894527378927,-0.1375512331407508,1772.0,10,25.681159420289855,2023
2023_06_SEA_CIN,CIN,52,0.038461538461538464,0.7307692307692307,-0.10075903137140155,-0.06760867389978475,1493.0,11,28.71153846153846,2023
2023_06_SEA_CIN,SEA,70,0.14285714285714285,0.6428571428571429,-0.06760867389978475,-0.10075903137140155,1968.0,11,28.114285714285714,2023
2023_06_SF_CLE,CLE,69,0.07246376811594203,0.5217391304347826,-0.1952681014465713,-0.19412102598999276,1906.0,13,27.6231884057971,2023
2023_06_SF_CLE,SF,53,0.018867924528301886,0.5471698113207547,-0.19412102598999276,-0.1952681014465713,1520.0,13,28.67924528301887,2023
2023_06_WAS_ATL,ATL,79,0.16455696202531644,0.620253164556962,-0.17202877530060398,-0.03237380377785007,2112.0,11,26.734177215189874,2023
2023_06_WAS_ATL,WAS,48,0.041666666666666664,0.5833333333333334,-0.03237380377785007,-0.17202877530060398,1343.0,12,27.979166666666668,2023
2023_07_ARI_SEA,ARI,63,0.031746031746031744,0.6031746031746031,-0.21504111562402864,0.021397064206919697,1691.0,11,26.841269841269842,2023
2023_07_ARI_SEA,SEA,56,0.07142857142857142,0.4642857142857143,0.021397064206919697,-0.21504111562402864,1788.0,10,31.928571428571427,2023
2023_07_ATL_TB,ATL,64,0.03125,0.40625,-0.04735950969105728,-0.13255855228051133,1747.0,10,27.296875,2023
2023_07_ATL_TB,TB,64,0.0625,0.703125,-0.13255855228051133,-0.04735950969105728,1717.0,11,26.828125,2023
2023_07_BUF_NE,BUF,66,0.06060606060606061,0.6363636363636364,0.158961412954623,0.15693329340320744,1870.0,10,28.333333333333332,2023
2023_07_BUF_NE,NE,56,0.08928571428571429,0.5535714285714286,0.15693329340320744,0.158961412954623,1630.0,10,29.107142857142858,2023
2023_07_CLE_IND,CLE,71,0.14084507042253522,0.5352112676056338,-0.16354894575130144,-0.05101485561307239,1556.0,17,21.91549295774648,2023
2023_07_CLE_IND,IND,67,0.11940298507462686,0.40298507462686567,-0.05101485561307239,-0.16354894575130144,1857.0,16,27.71641791044776,2023
2023_07_DET_BAL,BAL,54,0.018518518518518517,0.5185185185185185,0.47323000159624007,-0.15742408825353119,1784.0,10,33.03703703703704,2023
2023_07_DET_BAL,DET,73,0.136986301369863,0.8082191780821918,-0.15742408825353119,0.47323000159624007,1717.0,10,23.52054794520548,2023
2023_07_GB_DEN,DEN,55,0.03636363636363636,0.5454545454545454,0.09175026847599346,0.13404030894681157,1662.0,9,30.21818181818182,2023
2023_07_GB_DEN,GB,61,0.04918032786885246,0.5245901639344263,0.13404030894681157,0.09175026847599346,1842.0,9,30.19672131147541,2023
2023_07_JAX_NO,JAX,53,0.0,0.5660377358490566,-0.04199915497215322,-0.12696912491423315,1370.0,13,25.849056603773583,2023
2023_07_JAX_NO,NO,88,0.2159090909090909,0.6477272727272727,-0.12696912491423315,-0.04199915497215322,2066.0,14,23.477272727272727,2023
2023_07_LAC_KC,KC,62,0.0,0.6935483870967742,0.2564195220897243,0.047040637161635424,1854.0,11,29.903225806451612,2023
2023_07_LAC_KC,LAC,60,0.15,0.5833333333333334,0.047040637161635424,0.2564195220897243,1611.0,11,26.85,2023
2023_07_LV_CHI,CHI,67,0.11940298507462686,0.4626865671641791,0.18971876236357835,-0.2388653506357971,2013.0,10,30.044776119402986,2023
2023_07_LV_CHI,LV,61,0.09836065573770492,0.7704918032786885,-0.2388653506357971,0.18971876236357835,1504.0,9,24.65573770491803,2023
2023_07_MIA_PHI,MIA,48,0.041666666666666664,0.75,-0.15100841122546121,0.10698444363418423,1349.0,9,28.104166666666668,2023
2023_07_MIA_PHI,PHI,65,0.1076923076923077,0.5230769230769231,0.10698444363418423,-0.15100841122546121,2136.0,10,32.86153846153846,2023
2023_07_PIT_LA,LA,63,0.1111111111111111,0.5079365079365079,-0.04322662068990788,0.060223924340925,1841.0,10,29.22222222222222,2023
2023_07_PIT_LA,PIT,52,0.038461538461538464,0.5192307692307693,0.060223924340925,-0.04322662068990788,1638.0,11,31.5,2023
2023_07_SF_MIN,MIN,64,0.15625,0.6875,0.1646827425659862,0.07834105938196487,2067.0,9,32.296875,2023
2023_07_SF_MIN,SF,51,0.0392156862745098,0.5882352941176471,0.07834105938196487,0.1646827425659862,1454.0,9,28.50980392156863,2023
2023_07_WAS_NYG,NYG,62,0.25806451612903225,0.532258064516129,-0.051175535339214845,-0.23017099172767588,1605.0,14,25.887096774193548,2023
2023_07_WAS_NYG,WAS,67,0.014925373134328358,0.7164179104477612,-0.23017099172767588,-0.051175535339214845,1758.0,14,26.238805970149254,2023
2023_08_ATL_TEN,ATL,65,0.18461538461538463,0.6153846153846154,-0.05012484104413301,0.06637833869535825,1511.0,14,23.246153846153845,2023
2023_08_ATL_TEN,TEN,64,0.046875,0.484375,0.06637833869535825,-0.05012484104413301,1901.0,14,29.703125,2023
2023_08_BAL_ARI,ARI,72,0.1111111111111111,0.5555555555555556,-0.1927366532222012,0.03310078718347266,1735.0,13,24.09722222222222,2023
2023_08_BAL_ARI,BAL,59,0.05084745762711865,0.5254237288135594,0.03310078718347266,-0.1927366532222012,1728.0,13,29.28813559322034,2023
2023_08_CHI_LAC,CHI,62,0.3064516129032258,0.6290322580645161,-0.15339637039752016,-0.021017976698852765,1652.0,11,26.64516129032258,2023
2023_08_CHI_LAC,LAC,65,0.03076923076923077,0.6153846153846154,-0.021017976698852765,-0.15339637039752016,1837.0,10,28.26153846153846,2023
2023_08_CIN_SF,CIN,61,0.04918032786885246,0.5737704918032787,0.22802712961006277,-0.031718588663059544,1841.0,10,30.18032786885246,2023
2023_08_CIN_SF,SF,56,0.05357142857142857,0.5892857142857143,-0.031718588663059544,0.22802712961006277,1645.0,11,29.375,2023
2023_08_CLE_SEA,CLE,74,0.02702702702702703,0.47297297297297297,-0.08579944052201051,0.0691586181836274,2112.0,12,28.54054054054054,2023
2023_08_CLE_SEA,SEA,54,0.2037037037037037,0.7037037037037037,0.0691586181836274,-0.08579944052201051,1334.0,12,24.703703703703702,2023
2023_08_HOU_CAR,CAR,61,0.08196721311475409,0.6065573770491803,-0.15516670663757487,-0.03473908612182723,1756.0,10,28.78688524590164,2023
2023_08_HOU_CAR,HOU,57,0.03508771929824561,0.47368421052631576,-0.03473908612182723,-0.15516670663757487,1709.0,9,29.982456140350877,2023
2023_08_JAX_PIT,JAX,66,0.015151515151515152,0.5303030303030303,-0.091579910111118,-0.24144628118685751,1997.0,11,30.257575757575758,2023
2023_08_JAX_PIT,PIT,63,0.12698412698412698,0.7142857142857143,-0.24144628118685751,-0.091579910111118,1476.0,12,23.428571428571427,2023
2023_08_KC_DEN,DEN,65,0.12307692307692308,0.38461538461538464,-0.06809205644140363,-0.31730959146784127,1966.0,11,30.246153846153845,2023
2023_08_KC_DEN,KC,57,0.12280701754385964,0.7192982456140351,-0.31730959146784127,-0.06809205644140363,1496.0,11,26.24561403508772,2023
2023_08_LA_DAL,DAL,60,0.06666666666666667,0.6166666666666667,0.1629830778515587,-0.15677518819022376,2091.0,12,34.85,2023
2023_08_LA_DAL,LA,60,0.2833333333333333,0.6,-0.15677518819022376,0.1629830778515587,1402.0,11,23.366666666666667,2023
2023_08_LV_DET,DET,79,0.06329113924050633,0.4810126582278481,-0.13388248604209999,-0.5233037008166623,2293.0,12,29.025316455696203,2023
2023_08_LV_DET,LV,45,0.044444444444444446,0.6,-0.5233037008166623,-0.13388248604209999,1123.0,12,24.955555555555556,2023
2023_08_MIN_GB,GB,62,0.27419354838709675,0.7258064516129032,-0.24214661962891584,0.18624051056582444,1348.0,10,21.741935483870968,2023
2023_08_MIN_GB,MIN,67,0.08955223880597014,0.5671641791044776,0.18624051056582444,-0.24214661962891584,2142.0,10,31.970149253731343,2023
2023_08_NE_MIA,MIA,70,0.02857142857142857,0.6714285714285714,0.08246388541392898,-0.18862504612721814,2109.0,11,30.12857142857143,2023
2023_08_NE_MIA,NE,50,0.14,0.64,-0.18862504612721814,0.08246388541392898,1350.0,11,27.0,2023
2023_08_NO_IND,IND,67,0.19402985074626866,0.6417910447761194,0.04779414407877191,0.3330238639129549,1711.0,12,25.53731343283582,2023
2023_08_NO_IND,NO,65,0.07692307692307693,0.46153846153846156,0.3330238639129549,0.04779414407877191,1744.0,12,26.83076923076923,2023
2023_08_NYJ_NYG,NYG,70,0.11428571428571428,0.2571428571428571,-0.3725217989357318,-0.4133525790997827,2175.0,18,31.071428571428573,2023
2023_08_NYJ_NYG,NYJ,61,0.01639344262295082,0.639344262295082,-0.4133525790997827,-0.3725217989357318,1401.0,17,22.9672131147541,2023
2023_08_PHI_WAS,PHI,60,0.08333333333333333,0.6666666666666666,0.18448765807045295,0.06871562827955527,1667.0,12,27.783333333333335,2023
2023_08_PHI_WAS,WAS,69,0.014492753623188406,0.7681159420289855,0.06871562827955527,0.18448765807045295,1843.0,11,26.71014492753623,2023
2023_08_TB_BUF,BUF,67,0.40298507462686567,0.6268656716417911,0.09943383593787673,-0.0742080300387657,1853.0,11,27.65671641791045,2023
2023_08_TB_BUF,TB,62,0.0967741935483871,0.7258064516129032,-0.0742080300387657,0.09943383593787673,1598.0,11,25.774193548387096,2023
2023_09_ARI_CLE,ARI,48,0.10416666666666667,0.5625,-0.8043486848982866,-0.07796932140425704,1304.0,14,27.166666666666668,2023
2023_09_ARI_CLE,CLE,70,0.04285714285714286,0.42857142857142855,-0.07796932140425704,-0.8043486848982866,2089.0,14,29.84285714285714,2023
2023_09_BUF_CIN,BUF,56,0.39285714285714285,0.7142857142857143,0.04206963807684415,0.18691368331592084,1331.0,9,23.767857142857142,2023
2023_09_BUF_CIN,CIN,64,0.0,0.703125,0.18691368331592084,0.04206963807684415,2167.0,9,33.859375,2023
2023_09_CHI_NO,CHI,64,0.0625,0.5,-0.09571840076552021,-0.0631943455718067,1768.0,11,27.625,2023
2023_09_CHI_NO,NO,61,0.04918032786885246,0.5737704918032787,-0.0631943455718067,-0.09571840076552021,1695.0,12,27.78688524590164,2023
2023_09_DAL_PHI,DAL,70,0.02857142857142857,0.7,0.1207983331152977,0.1935425420435761,1743.0,10,24.9,2023
2023_09_DAL_PHI,PHI,59,0.05084745762711865,0.4406779661016949,0.1935425420435761,0.1207983331152977,1760.0,10,29.83050847457627,2023
2023_09_IND_CAR,CAR,71,0.14084507042253522,0.6056338028169014,-0.29856316736192623,-0.10387839918708558,1764.0,12,24.845070422535212,2023
2023_09_IND_CAR,IND,54,0.14814814814814814,0.5,-0.10387839918708558,-0.29856316736192623,1669.0,11,30.90740740740741,2023
2023_09_LAC_NYJ,LAC,55,0.10909090909090909,0.6363636363636364,-0.11896003367710611,-0.37136718061122403,1453.0,14,26.418181818181818,2023
2023_09_LAC_NYJ,NYJ,77,0.3246753246753247,0.7402597402597403,-0.37136718061122403,-0.11896003367710611,1959.0,13,25.441558441558442,2023
2023_09_LA_GB,GB,65,0.03076923076923077,0.4461538461538462,-0.011736006704625261,-0.4489104537437687,2046.0,12,31.476923076923075,2023
2023_09_LA_GB,LA,55,0.12727272727272726,0.5272727272727272,-0.4489104537437687,-0.011736006704625261,1404.0,11,25.527272727272727,2023
2023_09_MIA_KC,KC,53,0.018867924528301886,0.6037735849056604,0.018320637941799778,-0.1307589611066666,1713.0,12,32.320754716981135,2023
2023_09_MIA_KC,MIA,58,0.017241379310344827,0.6379310344827587,-0.1307589611066666,0.018320637941799778,1747.0,11,30.120689655172413,2023
2023_09_MIN_ATL,ATL,66,0.045454545454545456,0.5757575757575758,-0.11742127976120362,-0.03658112461908321,1629.0,13,24.681818181818183,2023
2023_09_MIN_ATL,MIN,73,0.1506849315068493,0.5616438356164384,-0.03658112461908321,-0.11742127976120362,1824.0,13,24.986301369863014,2023
2023_09_NYG_LV,LV,59,0.11864406779661017,0.423728813559322,0.0020437746367750207,-0.39015385567691796,1670.0,12,28.305084745762713,2023
2023_09_NYG_LV,NYG,63,0.25396825396825395,0.6031746031746031,-0.39015385567691796,0.0020437746367750207,1770.0,13,28.095238095238095,2023
2023_09_SEA_BAL,BAL,72,0.06944444444444445,0.4583333333333333,0.19018535696173633,-0.4455855544696665,2346.0,12,32.583333333333336,2023
2023_09_SEA_BAL,SEA,46,0.15217391304347827,0.6956521739130435,-0.4455855544696665,0.19018535696173633,1107.0,13,24.065217391304348,2023
2023_09_TB_HOU,HOU,64,0.015625,0.703125,0.2988334119607607,0.15025631298896164,1653.0,13,25.828125,2023
2023_09_TB_HOU,TB,63,0.047619047619047616,0.5079365079365079,0.15025631298896164,0.2988334119607607,1827.0,12,29.0,2023
2023_09_TEN_PIT,PIT,59,0.01694915254237288,0.5084745762711864,0.12672774782180604,-0.0025226740998953393,1683.0,9,28.52542372881356,2023
2023_09_TEN_PIT,TEN,67,0.04477611940298507,0.6268656716417911,-0.0025226740998953393,0.12672774782180604,1812.0,9,27.044776119402986,2023
2023_09_WAS_NE,NE,62,0.41935483870967744,0.7096774193548387,-0.08962030252802523,0.03735452506989532,1279.0,12,20.629032258064516,2023
2023_09_WAS_NE,WAS,76,0.02631578947368421,0.631578947368421,0.03735452506989532,-0.08962030252802523,2156.0,12,28.36842105263158,2023
2023_10_ATL_ARI,ARI,60,0.13333333333333333,0.5833333333333334,-0.003437750067341927,-0.03175243972505517,1643.0,10,27.383333333333333,2023
2023_10_ATL_ARI,ATL,65,0.046153846153846156,0.38461538461538464,-0.03175243972505517,-0.003437750067341927,1831.0,10,28.16923076923077,2023
2023_10_CAR_CHI,CAR,57,0.10526315789473684,0.7192982456140351,-0.13794126291191885,-0.05898953078957393,1530.0,10,26.842105263157894,2023
2023_10_CAR_CHI,CHI,69,0.08695652173913043,0.4782608695652174,-0.05898953078957393,-0.13794126291191885,1933.0,11,28.014492753623188,2023
2023_10_CLE_BAL,BAL,50,0.02,0.52,-0.16973024622484445,0.08693490709910437,1487.0,12,29.74,2023
2023_10_CLE_BAL,CLE,75,0.08,0.52,0.08693490709910437,-0.16973024622484445,2009.0,11,26.786666666666665,2023
2023_10_DEN_BUF,BUF,53,0.39622641509433965,0.5094339622641509,-0.06321615949937336,-0.0028946404316210787,1291.0,12,24.358490566037737,2023
2023_10_DEN_BUF,DEN,69,0.13043478260869565,0.4782608695652174,-0.0028946404316210787,-0.06321615949937336,2172.0,12,31.47826086956522,2023
2023_10_DET_LAC,DET,61,0.0,0.5409836065573771,0.4461961206014214,0.2017408950984984,1793.0,10,29.39344262295082,2023
2023_10_DET_LAC,LAC,68,0.3088235294117647,0.5882352941176471,0.2017408950984984,0.4461961206014214,1738.0,10,25.558823529411764,2023
2023_10_GB_PIT,GB,64,0.046875,0.625,0.0643857397681279,0.0423890853112099,1662.0,11,25.96875,2023
2023_10_GB_PIT,PIT,60,0.06666666666666667,0.4,0.0423890853112099,0.0643857397681279,1778.0,11,29.633333333333333,2023
2023_10_HOU_CIN,CIN,59,0.06779661016949153,0.7457627118644068,0.0005702718301031583,0.10137644285801448,1633.0,14,27.677966101694917,2023
2023_10_HOU_CIN,HOU,74,0.06756756756756757,0.5405405405405406,0.10137644285801448,0.0005702718301031583,1828.0,13,24.7027027027027,2023
2023_10_IND_NE,IND,53,0.18867924528301888,0.5283018867924528,-0.017891335278321232,0.0007948684934435222,1475.0,10,27.830188679245282,2023
2023_10_IND_NE,NE,68,0.10294117647058823,0.47058823529411764,0.0007948684934435222,-0.017891335278321232,2005.0,10,29.485294117647058,2023
2023_10_NO_MIN,MIN,68,0.17647058823529413,0.5147058823529411,0.09982912348415834,-0.04904561506305364,1928.0,12,28.352941176470587,2023
2023_10_NO_MIN,NO,63,0.20634920634920634,0.7301587301587301,-0.04904561506305364,0.09982912348415834,1543.0,13,24.49206349206349,2023
2023_10_NYG_DAL,DAL,76,0.013157894736842105,0.5789473684210527,0.30986557386284785,-0.25041148977120076,2209.0,13,29.06578947368421,2023
2023_10_NYG_DAL,NYG,54,0.1111111111111111,0.5925925925925926,-0.25041148977120076,0.30986557386284785,1265.0,13,23.425925925925927,2023
2023_10_NYJ_LV,LV,62,0.12903225806451613,0.4838709677419355,-0.1845924398452985,-0.13154244095137763,1752.0,11,28.258064516129032,2023
2023_10_NYJ_LV,NYJ,63,0.047619047619047616,0.6666666666666666,-0.13154244095137763,-0.1845924398452985,1705.0,11,27.063492063492063,2023
2023_10_SF_JAX,JAX,54,0.018518518518518517,0.6851851851851852,-0.4714810743005806,0.32201751455031025,1510.0,10,27.962962962962962,2023
2023_10_SF_JAX,SF,57,0.0,0.5263157894736842,0.32201751455031025,-0.4714810743005806,1951.0,11,34.228070175438596,2023
2023_10_TEN_TB,TB,60,0.03333333333333333,0.5333333333333333,0.05325110234052687,-0.2696010521121985,1836.0,11,30.6,2023
2023_10_TEN_TB,TEN,59,0.1016949152542373,0.7288135593220338,-0.2696010521121985,0.05325110234052687,1584.0,11,26.847457627118644,2023
2023_10_WAS_SEA,SEA,73,0.1643835616438356,0.6438356164383562,0.09782280678047373,0.1091561289818323,1763.0,12,24.15068493150685,2023
2023_10_WAS_SEA,WAS,61,0.04918032786885246,0.7704918032786885,0.1091561289818323,0.09782280678047373,1704.0,11,27.934426229508198,2023
2023_11_ARI_HOU,ARI,59,0.06779661016949153,0.559322033898305,-0.0569310708240043,-0.05287954821213904,1669.0,10,28.28813559322034,2023
2023_11_ARI_HOU,HOU,66,0.13636363636363635,0.6363636363636364,-0.05287954821213904,-0.0569310708240043,1823.0,11,27.62121212121212,2023
2023_11_CHI_DET,CHI,70,0.02857142857142857,0.35714285714285715,0.018868297576275297,0.07415806177201666,2358.0,11,33.68571428571428,2023
2023_11_CHI_DET,DET,59,0.1694915254237288,0.6440677966101694,0.07415806177201666,0.018868297576275297,1124.0,11,19.050847457627118,2023
2023_11_CIN_BAL,BAL,60,0.08333333333333333,0.48333333333333334,0.17070736318432225,0.05278226851470349,1791.0,11,29.85,2023
2023_11_CIN_BAL,CIN,59,0.0,0.6101694915254238,0.05278226851470349,0.17070736318432225,1688.0,11,28.610169491525422,2023
2023_11_DAL_CAR,CAR,58,0.25862068965517243,0.6206896551724138,-0.2955619702480339,0.18181384805329623,1635.0,10,28.189655172413794,2023
2023_11_DAL_CAR,DAL,65,0.046153846153846156,0.6307692307692307,0.18181384805329623,-0.2955619702480339,1848.0,10,28.43076923076923,2023
2023_11_LAC_GB,GB,70,0.05714285714285714,0.6142857142857143,0.08529282894908743,0.06530829421961061,1871.0,11,26.728571428571428,2023
2023_11_LAC_GB,LAC,61,0.22950819672131148,0.6229508196721312,0.06530829421961061,0.08529282894908743,1623.0,11,26.60655737704918,2023
2023_11_LV_MIA,LV,59,0.0847457627118644,0.7288135593220338,-0.2539218316161956,-0.10383089418579987,1561.0,13,26.45762711864407,2023
2023_11_LV_MIA,MIA,67,0.014925373134328358,0.5970149253731343,-0.10383089418579987,-0.2539218316161956,1865.0,14,27.83582089552239,2023
2023_11_MIN_DEN,DEN,52,0.15384615384615385,0.7115384615384616,-0.04192191331935346,-0.020245780253000063,1448.0,11,27.846153846153847,2023
2023_11_MIN_DEN,MIN,70,0.07142857142857142,0.4857142857142857,-0.020245780253000063,-0.04192191331935346,2048.0,10,29.257142857142856,2023
2023_11_NYG_WAS,NYG,54,0.24074074074074073,0.6481481481481481,-0.022890550747692525,-0.17081263140632713,1437.0,13,26.61111111111111,2023
2023_11_NYG_WAS,WAS,77,0.14285714285714285,0.6363636363636364,-0.17081263140632713,-0.022890550747692525,1968.0,14,25.558441558441558,2023
2023_11_NYJ_BUF,BUF,69,0.08695652173913043,0.4782608695652174,0.09407515487065332,-0.37760150382448493,2168.0,12,31.420289855072465,2023
2023_11_NYJ_BUF,NYJ,55,0.10909090909090909,0.6727272727272727,-0.37760150382448493,0.09407515487065332,1299.0,11,23.618181818181817,2023
2023_11_PHI_KC,KC,73,0.0273972602739726,0.589041095890411,-0.13191461093781184,-0.01973372377117402,1842.0,12,25.232876712328768,2023
2023_11_PHI_KC,PHI,51,0.0784313725490196,0.5294117647058824,-0.01973372377117402,-0.13191461093781184,1592.0,12,31.215686274509803,2023
2023_11_PIT_CLE,CLE,71,0.07042253521126761,0.5915492957746479,-0.13850446899076643,-0.10724966047796856,1796.0,12,25.295774647887324,2023
2023_11_PIT_CLE,PIT,56,0.05357142857142857,0.5535714285714286,-0.10724966047796856,-0.13850446899076643,1632.0,13,29.142857142857142,2023
2023_11_SEA_LA,LA,58,0.08620689655172414,0.5517241379310345,-0.16330574085450691,-0.0083642200624476,1606.0,11,27.689655172413794,2023
2023_11_SEA_LA,SEA,61,0.08196721311475409,0.6721311475409836,-0.0083642200624476,-0.16330574085450691,1843.0,11,30.21311475409836,2023
2023_11_TB_SF,SF,57,0.0,0.5087719298245614,0.21202445266687114,-0.11537704090358492,1802.0,10,31.614035087719298,2023
2023_11_TB_SF,TB,66,0.13636363636363635,0.7424242424242424,-0.11537704090358492,0.21202445266687114,1669.0,10,25.28787878787879,2023
2023_11_TEN_JAX,JAX,69,0.043478260869565216,0.4782608695652174,0.19394928561973585,0.03798047847683645,2150.0,9,31.159420289855074,2023
2023_11_TEN_JAX,TEN,36,0.0,0.5277777777777778,0.03798047847683645,0.19394928561973585,1350.0,9,37.5,2023
2023_12_BAL_LAC,BAL,67,0.08955223880597014,0.5074626865671642,0.0266497987897133,-0.30167102230636483,1950.0,11,29.104477611940297,2023
2023_12_BAL_LAC,LAC,66,0.19696969696969696,0.7121212121212122,-0.30167102230636483,0.0266497987897133,1527.0,11,23.136363636363637,2023
2023_12_BUF_PHI,BUF,91,0.054945054945054944,0.5714285714285714,0.16537280363350393,0.03547633071424077,2356.0,14,25.89010989010989,2023
2023_12_BUF_PHI,PHI,64,0.1875,0.515625,0.03547633071424077,0.16537280363350393,1530.0,14,23.90625,2023
2023_12_CAR_TEN,CAR,67,0.07462686567164178,0.5223880597014925,-0.13866227316256857,0.04109319935467246,1963.0,10,29.29850746268657,2023
2023_12_CAR_TEN,TEN,49,0.04081632653061224,0.5714285714285714,0.04109319935467246,-0.13866227316256857,1505.0,11,30.714285714285715,2023
2023_12_CHI_MIN,CHI,65,0.046153846153846156,0.6153846153846154,-0.12092265004090065,-0.5115122717537043,2088.0,10,32.12307692307692,2023
2023_12_CHI_MIN,MIN,51,0.09803921568627451,0.6666666666666666,-0.5115122717537043,-0.12092265004090065,1388.0,11,27.215686274509803,2023
2023_12_CLE_DEN,CLE,70,0.08571428571428572,0.6714285714285714,-0.282240643440032,-0.02734540571490806,1578.0,12,22.542857142857144,2023
2023_12_CLE_DEN,DEN,58,0.10344827586206896,0.39655172413793105,-0.02734540571490806,-0.282240643440032,1887.0,12,32.53448275862069,2023
2023_12_GB_DET,DET,79,0.1518987341772152,0.6075949367088608,-0.13903085603853804,0.14551286089665807,1859.0,11,23.531645569620252,2023
2023_12_GB_DET,GB,54,0.018518518518518517,0.6111111111111112,0.14551286089665807,-0.13903085603853804,1646.0,12,30.48148148148148,2023
2023_12_JAX_HOU,HOU,58,0.15517241379310345,0.6896551724137931,0.05715320009781359,0.037399163118982684,1509.0,10,26.017241379310345,2023
2023_12_JAX_HOU,JAX,68,0.0,0.5735294117647058,0.037399163118982684,0.05715320009781359,1993.0,11,29.308823529411764,2023
2023_12_KC_LV,KC,56,0.017857142857142856,0.625,0.2643042237810524,-0.026421417041649083,1807.0,10,32.267857142857146,2023
2023_12_KC_LV,LV,58,0.06896551724137931,0.603448275862069,-0.026421417041649083,0.2643042237810524,1692.0,10,29.17241379310345,2023
2023_12_LA_ARI,ARI,66,0.21212121212121213,0.7575757575757576,-0.1384552957480188,0.3348599183290731,1450.0,11,21.96969696969697,2023
2023_12_LA_ARI,LA,66,0.09090909090909091,0.5,0.3348599183290731,-0.1384552957480188,2064.0,10,31.272727272727273,2023
2023_12_MIA_NYJ,MIA,67,0.014925373134328358,0.4626865671641791,0.041621721121713535,-0.3845972326044417,2099.0,12,31.328358208955223,2023
2023_12_MIA_NYJ,NYJ,55,0.41818181818181815,0.8181818181818182,-0.3845972326044417,0.041621721121713535,1384.0,11,25.163636363636364,2023
2023_12_NE_NYG,NE,68,0.0,0.5441176470588235,-0.163918993335001,-0.24232583341528338,1928.0,12,28.352941176470587,2023
2023_12_NE_NYG,NYG,49,0.02040816326530612,0.6326530612244898,-0.24232583341528338,-0.163918993335001,1474.0,12,30.081632653061224,2023
2023_12_NO_ATL,ATL,61,0.06557377049180328,0.3442622950819672,0.05104963398402192,-0.044506588660492695,1659.0,10,27.19672131147541,2023
2023_12_NO_ATL,NO,66,0.10606060606060606,0.5909090909090909,-0.044506588660492695,0.05104963398402192,1817.0,10,27.53030303030303,2023
2023_12_PIT_CIN,CIN,40,0.025,0.75,-0.15613913311285393,0.07946452581377549,1284.0,10,32.1,2023
2023_12_PIT_CIN,PIT,65,0.03076923076923077,0.5384615384615384,0.07946452581377549,-0.15613913311285393,2157.0,10,33.184615384615384,2023
2023_12_SF_SEA,SEA,54,0.35185185185185186,0.6111111111111112,-0.264911920756285,0.10954378314662998,1399.0,11,25.90740740740741,2023
2023_12_SF_SEA,SF,63,0.0,0.5079365079365079,0.10954378314662998,-0.264911920756285,2077.0,12,32.96825396825397,2023
2023_12_TB_IND,IND,69,0.2463768115942029,0.6231884057971014,0.08095579419225274,-0.08423193042463568,1843.0,11,26.71014492753623,2023
2023_12_TB_IND,TB,56,0.08928571428571429,0.6607142857142857,-0.08423193042463568,0.08095579419225274,1655.0,10,29.553571428571427,2023
2023_12_WAS_DAL,DAL,51,0.0784313725490196,0.6470588235294118,0.4576479048020379,-0.22685714284017877,1348.0,10,26.431372549019606,2023
2023_12_WAS_DAL,WAS,75,0.04,0.64,-0.22685714284017877,0.4576479048020379,2155.0,11,28.733333333333334,2023
2023_13_ARI_PIT,ARI,60,0.03333333333333333,0.4166666666666667,0.03809573249114291,-0.09221512000953318,1705.0,10,28.416666666666668,2023
2023_13_ARI_PIT,PIT,57,0.14035087719298245,0.47368421052631576,-0.09221512000953318,0.03809573249114291,1766.0,10,30.982456140350877,2023
2023_13_ATL_NYJ,ATL,63,0.047619047619047616,0.47619047619047616,-0.22768282893642075,-0.34924504313876686,1679.0,14,26.650793650793652,2023
2023_13_ATL_NYJ,NYJ,67,0.014925373134328358,0.6268656716417911,-0.34924504313876686,-0.22768282893642075,1727.0,13,25.776119402985074,2023
2023_13_CAR_TB,CAR,70,0.014285714285714285,0.5,-0.08558960970233236,-0.045349389956494894,1940.0,13,27.714285714285715,2023
2023_13_CAR_TB,TB,56,0.03571428571428571,0.5357142857142857,-0.045349389956494894,-0.08558960970233236,1498.0,13,26.75,2023
2023_13_CIN_JAX,CIN,72,0.013888888888888888,0.5694444444444444,0.19447215601804066,0.18604210767038096,1972.0,12,27.38888888888889,2023
2023_13_CIN_JAX,JAX,68,0.058823529411764705,0.6323529411764706,0.18604210767038096,0.19447215601804066,2002.0,12,29.441176470588236,2023
2023_13_CLE_LA,CLE,69,0.028985507246376812,0.6666666666666666,-0.09596306305276736,0.1179723458215971,1958.0,12,28.3768115942029,2023
2023_13_CLE_LA,LA,61,0.11475409836065574,0.6065573770491803,0.1179723458215971,-0.09596306305276736,1490.0,13,24.42622950819672,2023
2023_13_DEN_HOU,DEN,58,0.1206896551724138,0.5,-0.21624920646151283,-0.05417149325648754,1537.0,13,26.5,2023
2023_13_DEN_HOU,HOU,63,0.09523809523809523,0.5396825396825397,-0.05417149325648754,-0.21624920646151283,1913.0,13,30.365079365079364,2023
2023_13_DET_NO,DET,55,0.01818181818181818,0.4909090909090909,0.1540256314176032,-0.03622228647652788,1610.0,12,29.272727272727273,2023
2023_13_DET_NO,NO,66,0.0,0.4696969696969697,-0.03622228647652788,0.1540256314176032,1867.0,12,28.28787878787879,2023
2023_13_IND_TEN,IND,68,0.14705882352941177,0.6764705882352942,-0.01090840195705578,0.0308100599814912,1667.0,14,24.514705882352942,2023
2023_13_IND_TEN,TEN,80,0.075,0.4875,0.0308100599814912,-0.01090840195705578,2217.0,16,27.7125,2023
2023_13_KC_GB,GB,63,0.06349206349206349,0.6031746031746031,0.30279747643761384,0.1735720949910212,1806.0,8,28.666666666666668,2023
2023_13_KC_GB,KC,61,0.04918032786885246,0.5901639344262295,0.1735720949910212,0.30279747643761384,1731.0,8,28.37704918032787,2023
2023_13_LAC_NE,LAC,59,0.11864406779661017,0.6271186440677966,-0.14786571430826026,-0.27462989578658203,1646.0,11,27.89830508474576,2023
2023_13_LAC_NE,NE,62,0.14516129032258066,0.4838709677419355,-0.27462989578658203,-0.14786571430826026,1733.0,11,27.951612903225808,2023
2023_13_MIA_WAS,MIA,59,0.0,0.423728813559322,0.409192491588214,-0.17663887556606941,1907.0,10,32.32203389830509,2023
2023_13_MIA_WAS,WAS,55,0.0,0.4909090909090909,-0.17663887556606941,0.409192491588214,1598.0,11,29.054545454545455,2023
2023_13_SEA_DAL,DAL,78,0.02564102564102564,0.5897435897435898,0.17725046138628708,0.1319885657045118,2166.0,11,27.76923076923077,2023
2023_13_SEA_DAL,SEA,63,0.06349206349206349,0.6507936507936508,0.1319885657045118,0.17725046138628708,1391.0,10,22.07936507936508,2023
2023_13_SF_PHI,PHI,70,0.21428571428571427,0.7428571428571429,0.06039534426383419,0.529724167911419,1822.0,9,26.02857142857143,2023
2023_13_SF_PHI,SF,56,0.0,0.5178571428571429,0.529724167911419,0.06039534426383419,1684.0,9,30.071428571428573,2023
2023_14_BUF_KC,BUF,70,0.014285714285714285,0.6285714285714286,0.01806460304745864,-0.05713788338026805,2058.0,11,29.4,2023
2023_14_BUF_KC,KC,62,0.04838709677419355,0.7096774193548387,-0.05713788338026805,0.01806460304745864,1424.0,10,22.967741935483872,2023
2023_14_CAR_NO,CAR,79,0.05063291139240506,0.5063291139240507,-0.32672463587772066,-0.19093744698670215,2017.0,12,25.531645569620252,2023
2023_14_CAR_NO,NO,50,0.04,0.54,-0.19093744698670215,-0.32672463587772066,1467.0,12,29.34,2023
2023_14_DEN_LAC,DEN,63,0.12698412698412698,0.5555555555555556,-0.049338054764946834,-0.4709905661927508,1948.0,13,30.92063492063492,2023
2023_14_DEN_LAC,LAC,67,0.13432835820895522,0.7164179104477612,-0.4709905661927508,-0.049338054764946834,1497.0,13,22.34328358208955,2023
2023_14_DET_CHI,CHI,65,0.046153846153846156,0.5692307692307692,0.042477918178091385,-0.1476562321250741,1939.0,12,29.83076923076923,2023
2023_14_DET_CHI,DET,63,0.047619047619047616,0.6190476190476191,-0.1476562321250741,0.042477918178091385,1524.0,11,24.19047619047619,2023
2023_14_GB_NYG,GB,67,0.14925373134328357,0.6119402985074627,-0.0392457314717331,0.00993595895967054,1799.0,11,26.850746268656717,2023
2023_14_GB_NYG,NYG,54,0.09259259259259259,0.3888888888888889,0.00993595895967054,-0.0392457314717331,1646.0,12,30.48148148148148,2023
2023_14_HOU_NYJ,HOU,52,0.057692307692307696,0.6346153846153846,-0.5272716430498314,-0.006837021773824168,1298.0,13,24.96153846153846,2023
2023_14_HOU_NYJ,NYJ,65,0.0,0.6153846153846154,-0.006837021773824168,-0.5272716430498314,2152.0,13,33.10769230769231,2023
2023_14_IND_CIN,CIN,57,0.017543859649122806,0.43859649122807015,0.07264914657086599,-0.04437234248803605,1848.0,11,32.421052631578945,2023
2023_14_IND_CIN,IND,60,0.18333333333333332,0.7166666666666667,-0.04437234248803605,0.07264914657086599,1631.0,11,27.183333333333334,2023
2023_14_JAX_CLE,CLE,71,0.0,0.647887323943662,-0.11807995619019106,-0.1883115441665412,1790.0,17,25.211267605633804,2023
2023_14_JAX_CLE,JAX,74,0.02702702702702703,0.7432432432432432,-0.1883115441665412,-0.11807995619019106,1591.0,17,21.5,2023
2023_14_LA_BAL,BAL,71,0.08450704225352113,0.647887323943662,0.1683850297674844,0.10266544081521926,1589.0,14,22.380281690140844,2023
2023_14_LA_BAL,LA,73,0.0821917808219178,0.6027397260273972,0.10266544081521926,0.1683850297674844,1977.0,13,27.08219178082192,2023
2023_14_MIN_LV,LV,53,0.05660377358490566,0.6792452830188679,-0.4643485611491345,-0.2031035270812026,1571.0,13,29.641509433962263,2023
2023_14_MIN_LV,MIN,71,0.08450704225352113,0.5774647887323944,-0.2031035270812026,-0.4643485611491345,1834.0,11,25.830985915492956,2023
2023_14_NE_PIT,NE,55,0.01818181818181818,0.5454545454545454,-0.05932960258479315,-0.3059086544382521,1575.0,13,28.636363636363637,2023
2023_14_NE_PIT,PIT,66,0.030303030303030304,0.5909090909090909,-0.3059086544382521,-0.05932960258479315,1843.0,14,27.924242424242426,2023
2023_14_PHI_DAL,DAL,74,0.05405405405405406,0.5675675675675675,0.03769751544824359,-0.17774963431662213,2156.0,9,29.135135135135137,2023
2023_14_PHI_DAL,PHI,52,0.28846153846153844,0.5576923076923077,-0.17774963431662213,0.03769751544824359,1342.0,10,25.807692307692307,2023
2023_14_SEA_SF,SEA,56,0.10714285714285714,0.6428571428571429,-0.12247094398922387,0.2630194051262851,1725.0,12,30.803571428571427,2023
2023_14_SEA_SF,SF,52,0.0,0.5769230769230769,0.2630194051262851,-0.12247094398922387,1688.0,12,32.46153846153846,2023
2023_14_TB_ATL,ATL,69,0.08695652173913043,0.6231884057971014,-0.01568192891235079,-0.03212770888048178,1642.0,13,23.797101449275363,2023
2023_14_TB_ATL,TB,67,0.04477611940298507,0.44776119402985076,-0.03212770888048178,-0.01568192891235079,1828.0,12,27.28358208955224,2023
2023_14_TEN_MIA,MIA,69,0.08695652173913043,0.5507246376811594,-0.03839909006668134,0.06700255624870652,1873.0,13,27.144927536231883,2023
2023_14_TEN_MIA,TEN,68,0.08823529411764706,0.5882352941176471,0.06700255624870652,-0.03839909006668134,1600.0,13,23.529411764705884,2023
2023_15_ATL_CAR,ATL,50,0.02,0.4,-0.30273039171239363,-0.19567796324016454,1484.0,10,29.68,2023
2023_15_ATL_CAR,CAR,60,0.016666666666666666,0.45,-0.19567796324016454,-0.30273039171239363,1981.0,10,33.016666666666666,2023
2023_15_BAL_JAX,BAL,69,0.07246376811594203,0.391304347826087,0.0261147803617203,-0.22573760696844497,2009.0,10,29.115942028985508,2023
2023_15_BAL_JAX,JAX,61,0.08196721311475409,0.7213114754098361,-0.22573760696844497,0.0261147803617203,1467.0,10,24.049180327868854,2023
2023_15_CHI_CLE,CHI,70,0.014285714285714285,0.6142857142857143,-0.3111668758925698,-0.3703540916182818,1640.0,16,23.428571428571427,2023
2023_15_CHI_CLE,CLE,67,0.07462686567164178,0.7313432835820896,-0.3703540916182818,-0.3111668758925698,1742.0,17,26.0,2023
2023_15_DAL_BUF,BUF,62,0.03225806451612903,0.25806451612903225,0.18652302219143793,-0.0941812861989965,2068.0,9,33.354838709677416,2023
2023_15_DAL_BUF,DAL,57,0.2631578947368421,0.6491228070175439,-0.0941812861989965,0.18652302219143793,1422.0,8,24.94736842105263,2023
2023_15_DEN_DET,DEN,61,0.22950819672131148,0.5573770491803278,-0.12823080004490606,0.3300605802323844,1646.0,11,26.983606557377048,2023
2023_15_DEN_DET,DET,64,0.015625,0.5625,0.3300605802323844,-0.12823080004490606,1843.0,10,28.796875,2023
2023_15_HOU_TEN,HOU,72,0.027777777777777776,0.5555555555555556,-0.1103435555862219,-0.18189447900990144,2111.0,13,29.319444444444443,2023
2023_15_HOU_TEN,TEN,63,0.015873015873015872,0.5238095238095238,-0.18189447900990144,-0.1103435555862219,1936.0,13,30.73015873015873,2023
2023_15_KC_NE,KC,58,0.0,0.7068965517241379,-0.02035615687867682,-0.3172560752046005,1790.0,13,30.862068965517242,2023
2023_15_KC_NE,NE,51,0.0,0.6862745098039216,-0.3172560752046005,-0.02035615687867682,1611.0,14,31.58823529411765,2023
2023_15_LAC_LV,LAC,63,0.015873015873015872,0.5555555555555556,-0.3748612407103388,0.2524649465977702,1697.0,15,26.936507936507937,2023
2023_15_LAC_LV,LV,63,0.047619047619047616,0.5873015873015873,0.2524649465977702,-0.3748612407103388,1728.0,15,27.428571428571427,2023
2023_15_MIN_CIN,CIN,67,0.014925373134328358,0.7014925373134329,0.1479929611710682,0.1409011299869616,1919.0,12,28.64179104477612,2023
2023_15_MIN_CIN,MIN,67,0.08955223880597014,0.5522388059701493,0.1409011299869616,0.1479929611710682,1969.0,10,29.388059701492537,2023
2023_15_NYG_NO,NO,55,0.03636363636363636,0.5454545454545454,0.08767844235863632,-0.3010920882446756,1969.0,9,35.8,2023
2023_15_NYG_NO,NYG,60,0.08333333333333333,0.7333333333333333,-0.3010920882446756,0.08767844235863632,1521.0,9,25.35,2023
2023_15_NYJ_MIA,MIA,55,0.01818181818181818,0.5272727272727272,0.10797617186160802,-0.5663793921909845,2136.0,10,38.836363636363636,2023
2023_15_NYJ_MIA,NYJ,55,0.05454545454545454,0.7818181818181819,-0.5663793921909845,0.10797617186160802,1323.0,11,24.054545454545455,2023
2023_15_PHI_SEA,PHI,69,0.2463768115942029,0.4492753623188406,0.11432601304566495,0.05764850232119893,1905.0,10,27.608695652173914,2023
2023_15_PHI_SEA,SEA,58,0.20689655172413793,0.603448275862069,0.05764850232119893,0.11432601304566495,1564.0,10,26.96551724137931,2023
2023_15_PIT_IND,IND,64,0.140625,0.484375,0.05359909834825614,-0.31995679991356424,1962.0,11,30.65625,2023
2023_15_PIT_IND,PIT,54,0.12962962962962962,0.5555555555555556,-0.31995679991356424,0.05359909834825614,1519.0,12,28.12962962962963,2023
2023_15_SF_ARI,ARI,73,0.1506849315068493,0.589041095890411,0.003787161366518756,0.42628159982975244,2002.0,10,27.424657534246574,2023
2023_15_SF_ARI,SF,51,0.0196078431372549,0.5294117647058824,0.42628159982975244,0.003787161366518756,1519.0,11,29.784313725490197,2023
2023_15_TB_GB,GB,57,0.12280701754385964,0.7192982456140351,0.031642578386514006,0.36449391053522145,1813.0,9,31.80701754385965,2023
2023_15_TB_GB,TB,58,0.05172413793103448,0.5689655172413793,0.36449391053522145,0.031642578386514006,1719.0,9,29.637931034482758,2023
2023_15_WAS_LA,LA,74,0.05405405405405406,0.4864864864864865,-0.017858583663849254,-0.14444259610097326,2093.0,12,28.283783783783782,2023
2023_15_WAS_LA,WAS,58,0.06896551724137931,0.6379310344827587,-0.14444259610097326,-0.017858583663849254,1382.0,12,23.82758620689655,2023
2023_16_ARI_CHI,ARI,60,0.2833333333333333,0.6666666666666666,-0.15749019734626238,0.11651338674885472,1467.0,12,24.45,2023
2023_16_ARI_CHI,CHI,67,0.014925373134328358,0.417910447761194,0.11651338674885472,-0.15749019734626238,2004.0,11,29.91044776119403,2023
2023_16_BAL_SF,BAL,62,0.04838709677419355,0.5967741935483871,0.06304676072558904,-0.22893375222702575,1828.0,12,29.483870967741936,2023
2023_16_BAL_SF,SF,68,0.08823529411764706,0.7352941176470589,-0.22893375222702575,0.06304676072558904,1636.0,11,24.058823529411764,2023
2023_16_BUF_LAC,BUF,52,0.0,0.4230769230769231,0.06887286251368133,-0.09489866467715144,1558.0,10,29.96153846153846,2023
2023_16_BUF_LAC,LAC,65,0.18461538461538463,0.5846153846153846,-0.09489866467715144,0.06887286251368133,1878.0,12,28.892307692307693,2023
2023_16_CIN_PIT,CIN,62,0.0,0.7419354838709677,-0.20901685340722587,0.22046579698746552,1834.0,11,29.580645161290324,2023
2023_16_CIN_PIT,PIT,58,0.017241379310344827,0.4827586206896552,0.22046579698746552,-0.20901685340722587,1637.0,11,28.224137931034484,2023
2023_16_CLE_HOU,CLE,77,0.012987012987012988,0.5974025974025974,0.11339988014695246,-0.2678220143442398,1961.0,14,25.467532467532468,2023
2023_16_CLE_HOU,HOU,68,0.16176470588235295,0.7647058823529411,-0.2678220143442398,0.11339988014695246,1507.0,13,22.16176470588235,2023
2023_16_DAL_MIA,DAL,60,0.016666666666666666,0.6,0.06010501517054035,0.035878146083775035,1807.0,9,30.116666666666667,2023
2023_16_DAL_MIA,MIA,62,0.04838709677419355,0.6129032258064516,0.035878146083775035,0.06010501517054035,1694.0,9,27.322580645161292,2023
2023_16_DET_MIN,DET,75,0.04,0.5466666666666666,0.18086630287465374,0.03220929555971675,2243.0,11,29.906666666666666,2023
2023_16_DET_MIN,MIN,50,0.08,0.78,0.03220929555971675,0.18086630287465374,1249.0,10,24.98,2023
2023_16_GB_CAR,CAR,63,0.031746031746031744,0.5873015873015873,0.18296155141212095,0.26127758171272925,1838.0,10,29.174603174603174,2023
2023_16_GB_CAR,GB,63,0.031746031746031744,0.4603174603174603,0.26127758171272925,0.18296155141212095,1682.0,10,26.6984126984127,2023
2023_16_IND_ATL,ATL,63,0.20634920634920634,0.5238095238095238,0.13086961448151932,-0.2399623808193562,1725.0,10,27.38095238095238,2023
2023_16_IND_ATL,IND,67,0.23880597014925373,0.6417910447761194,-0.2399623808193562,0.13086961448151932,1769.0,11,26.402985074626866,2023
2023_16_JAX_TB,JAX,63,0.2222222222222222,0.7936507936507936,-0.20385275782476445,0.05241863031272672,1312.0,10,20.825396825396826,2023
2023_16_JAX_TB,TB,70,0.1,0.5285714285714286,0.05241863031272672,-0.20385275782476445,2178.0,11,31.114285714285714,2023
2023_16_LV_KC,KC,74,0.08108108108108109,0.6621621621621622,-0.2506189632056673,-0.17964115090517144,1995.0,11,26.95945945945946,2023
2023_16_LV_KC,LV,50,0.06,0.46,-0.17964115090517144,-0.2506189632056673,1478.0,12,29.56,2023
2023_16_NE_DEN,DEN,66,0.15151515151515152,0.6515151515151515,-0.0927063026174402,-0.075355792689227,1784.0,15,27.03030303030303,2023
2023_16_NE_DEN,NE,55,0.03636363636363636,0.6181818181818182,-0.075355792689227,-0.0927063026174402,1634.0,14,29.70909090909091,2023
2023_16_NO_LA,LA,66,0.06060606060606061,0.5303030303030303,0.20810223541513537,-0.052531268267241985,2030.0,10,30.757575757575758,2023
2023_16_NO_LA,NO,58,0.13793103448275862,0.7413793103448276,-0.052531268267241985,0.20810223541513537,1480.0,10,25.517241379310345,2023
2023_16_NYG_PHI,NYG,58,0.06896551724137931,0.5344827586206896,-0.06430624724016024,0.13014396851299717,1461.0,11,25.189655172413794,2023
2023_16_NYG_PHI,PHI,74,0.16216216216216217,0.527027027027027,0.13014396851299717,-0.06430624724016024,2024.0,12,27.35135135135135,2023
2023_16_SEA_TEN,SEA,59,0.2542372881355932,0.6610169491525424,0.13119076369784954,0.09455044940788755,1535.0,7,26.016949152542374,2023
2023_16_SEA_TEN,TEN,63,0.047619047619047616,0.5079365079365079,0.09455044940788755,0.13119076369784954,1996.0,8,31.682539682539684,2023
2023_16_WAS_NYJ,NYJ,85,0.058823529411764705,0.5764705882352941,-0.23998283202580795,-0.18274460097469775,2059.0,16,24.223529411764705,2023
2023_16_WAS_NYJ,WAS,58,0.0,0.6206896551724138,-0.18274460097469775,-0.23998283202580795,1351.0,15,23.29310344827586,2023
2023_17_ARI_PHI,ARI,72,0.05555555555555555,0.4444444444444444,0.2558193753436117,0.22749688327204765,2344.0,8,32.55555555555556,2023
2023_17_ARI_PHI,PHI,47,0.19148936170212766,0.5106382978723404,0.22749688327204765,0.2558193753436117,1191.0,8,25.340425531914892,2023
2023_17_ATL_CHI,ATL,59,0.3220338983050847,0.5932203389830508,-0.07273240969459133,0.1274256920188893,1296.0,13,21.966101694915253,2023
2023_17_ATL_CHI,CHI,72,0.013888888888888888,0.4861111111111111,0.1274256920188893,-0.07273240969459133,2165.0,13,30.069444444444443,2023
2023_17_CAR_JAX,CAR,53,0.09433962264150944,0.7169811320754716,-0.45515617516928547,0.10604497942392903,1500.0,10,28.30188679245283,2023
2023_17_CAR_JAX,JAX,58,0.0,0.46551724137931033,0.10604497942392903,-0.45515617516928547,1942.0,11,33.48275862068966,2023
2023_17_CIN_KC,CIN,71,0.028169014084507043,0.5492957746478874,-0.0759069002250588,0.04761590506907518,1977.0,10,27.845070422535212,2023
2023_17_CIN_KC,KC,51,0.0,0.6078431372549019,0.04761590506907518,-0.0759069002250588,1505.0,10,29.50980392156863,2023
2023_17_DET_DAL,DAL,61,0.03278688524590164,0.6721311475409836,-0.04094774382396881,-0.04500411851193409,1682.0,12,27.57377049180328,2023
2023_17_DET_DAL,DET,65,0.06153846153846154,0.5230769230769231,-0.04500411851193409,-0.04094774382396881,1780.0,11,27.384615384615383,2023
2023_17_GB_MIN,GB,71,0.04225352112676056,0.4788732394366197,0.27340189109546204,-0.33894254937089946,2224.0,10,31.323943661971832,2023
2023_17_GB_MIN,MIN,51,0.21568627450980393,0.7058823529411765,-0.33894254937089946,0.27340189109546204,1285.0,11,25.19607843137255,2023
2023_17_LAC_DEN,DEN,65,0.046153846153846156,0.5230769230769231,-0.04792571554313115,-0.13745865296574925,1967.0,11,30.26153846153846,2023
2023_17_LAC_DEN,LAC,62,0.22580645161290322,0.6129032258064516,-0.13745865296574925,-0.04792571554313115,1511.0,10,24.370967741935484,2023
2023_17_LA_NYG,LA,60,0.06666666666666667,0.6333333333333333,0.01830953916942235,-0.06790670621118,1721.0,14,28.683333333333334,2023
2023_17_LA_NYG,NYG,67,0.08955223880597014,0.7014925373134329,-0.06790670621118,0.01830953916942235,1728.0,14,25.791044776119403,2023
2023_17_LV_IND,IND,52,0.11538461538461539,0.46153846153846156,0.13870494837220365,0.07599167379102315,1530.0,10,29.423076923076923,2023
2023_17_LV_IND,LV,74,0.10810810810810811,0.6621621621621622,0.07599167379102315,0.13870494837220365,1983.0,9,26.7972972972973,2023
2023_17_MIA_BAL,BAL,53,0.0,0.4339622641509434,0.6068663599951422,-0.15177700449723658,1796.0,13,33.886792452830186,2023
2023_17_MIA_BAL,MIA,67,0.07462686567164178,0.6268656716417911,-0.15177700449723658,0.6068663599951422,1706.0,12,25.46268656716418,2023
2023_17_NE_BUF,BUF,66,0.07575757575757576,0.4696969696969697,-0.06537826248180913,-0.2827885444635375,1901.0,13,28.803030303030305,2023
2023_17_NE_BUF,NE,52,0.0,0.5576923076923077,-0.2827885444635375,-0.06537826248180913,1531.0,13,29.442307692307693,2023
2023_17_NO_TB,NO,67,0.029850746268656716,0.5223880597014925,0.07343507179775974,-0.1668639138262346,2133.0,12,31.83582089552239,2023
2023_17_NO_TB,TB,50,0.18,0.72,-0.1668639138262346,0.07343507179775974,1307.0,12,26.14,2023
2023_17_NYJ_CLE,CLE,58,0.0,0.5172413793103449,-0.05723404000296305,-0.1770979685320207,1621.0,13,27.948275862068964,2023
2023_17_NYJ_CLE,NYJ,68,0.14705882352941177,0.6911764705882353,-0.1770979685320207,-0.05723404000296305,1835.0,14,26.985294117647058,2023
2023_17_PIT_SEA,PIT,70,0.05714285714285714,0.35714285714285715,0.2836888304695995,0.12261408835964288,2217.0,10,31.67142857142857,2023
2023_17_PIT_SEA,SEA,49,0.14285714285714285,0.6938775510204082,0.12261408835964288,0.2836888304695995,1301.0,9,26.551020408163264,2023
2023_17_SF_WAS,SF,66,0.0,0.4393939393939394,0.22816854806366318,-0.1831749853356039,2264.0,9,34.303030303030305,2023
2023_17_SF_WAS,WAS,43,0.046511627906976744,0.6744186046511628,-0.1831749853356039,0.22816854806366318,1232.0,9,28.651162790697676,2023
2023_17_TEN_HOU,HOU,61,0.03278688524590164,0.5409836065573771,0.002530324493893906,-0.4293156029871081,1949.0,9,31.950819672131146,2023
2023_17_TEN_HOU,TEN,53,0.11320754716981132,0.6037735849056604,-0.4293156029871081,0.002530324493893906,1540.0,10,29.056603773584907,2023
2023_18_ATL_NO,ATL,60,0.16666666666666666,0.5833333333333334,-0.30003483737296704,0.2054833860913079,1494.0,13,24.9,2023
2023_18_ATL_NO,NO,66,0.015151515151515152,0.4696969696969697,0.2054833860913079,-0.30003483737296704,1993.0,12,30.196969696969695,2023
2023_18_BUF_MIA,BUF,75,0.09333333333333334,0.5466666666666666,0.07408543291036039,0.038294135311540835,2236.0,10,29.813333333333333,2023
2023_18_BUF_MIA,MIA,48,0.0,0.5833333333333334,0.038294135311540835,0.07408543291036039,1249.0,9,26.020833333333332,2023
2023_18_CHI_GB,CHI,46,0.0,0.45652173913043476,-0.0955791452901083,0.2359012119391375,1680.0,6,36.52173913043478,2023
2023_18_CHI_GB,GB,58,0.08620689655172414,0.5689655172413793,0.2359012119391375,-0.0955791452901083,1860.0,7,32.06896551724138,2023
2023_18_CLE_CIN,CIN,61,0.0,0.5081967213114754,0.01078276348656342,-0.25429601322461026,2086.0,12,34.19672131147541,2023
2023_18_CLE_CIN,CLE,52,0.019230769230769232,0.5576923076923077,-0.25429601322461026,0.01078276348656342,1358.0,13,26.115384615384617,2023
2023_18_DAL_WAS,DAL,69,0.08695652173913043,0.5797101449275363,0.36375239115700453,-0.29947396023535133,2009.0,9,29.115942028985508,2023
2023_18_DAL_WAS,WAS,48,0.0,0.6666666666666666,-0.29947396023535133,0.36375239115700453,1500.0,10,31.25,2023
2023_18_DEN_LV,DEN,58,0.08620689655172414,0.6724137931034483,-0.04480246394463205,0.1313363616128299,1698.0,10,29.275862068965516,2023
2023_18_DEN_LV,LV,63,0.031746031746031744,0.5396825396825397,0.1313363616128299,-0.04480246394463205,1788.0,10,28.38095238095238,2023
2023_18_HOU_IND,HOU,56,0.05357142857142857,0.5,0.119944729184188,-0.010163362004777991,1692.0,11,30.214285714285715,2023
2023_18_HOU_IND,IND,63,0.12698412698412698,0.4126984126984127,-0.010163362004777991,0.119944729184188,1772.0,13,28.126984126984127,2023
2023_18_JAX_TEN,JAX,66,0.045454545454545456,0.6515151515151515,-0.06277091192108594,0.12612470230557776,1898.0,10,28.757575757575758,2023
2023_18_JAX_TEN,TEN,52,0.057692307692307696,0.5576923076923077,0.12612470230557776,-0.06277091192108594,1616.0,10,31.076923076923077,2023
2023_18_KC_LAC,KC,58,0.0,0.5344827586206896,-0.1436860591524687,-0.2332262514383238,1557.0,11,26.844827586206897,2023
2023_18_KC_LAC,LAC,80,0.2625,0.625,-0.2332262514383238,-0.1436860591524687,1887.0,11,23.5875,2023
2023_18_LA_SF,LA,62,0.06451612903225806,0.43548387096774194,0.1005495372451316,0.15728908329993582,1829.0,9,29.5,2023
2023_18_LA_SF,SF,57,0.017543859649122806,0.49122807017543857,0.15728908329993582,0.1005495372451316,1702.0,8,29.859649122807017,2023
2023_18_MIN_DET,DET,56,0.017857142857142856,0.5892857142857143,0.14086830735451517,-0.014632687797234593,1443.0,11,25.767857142857142,2023
2023_18_MIN_DET,MIN,70,0.1,0.6857142857142857,-0.014632687797234593,0.14086830735451517,2008.0,11,28.685714285714287,2023
2023_18_NYJ_NE,NE,58,0.05172413793103448,0.6379310344827587,-0.559477107302294,-0.23079910381277147,1441.0,15,24.844827586206897,2023
2023_18_NYJ_NE,NYJ,64,0.0,0.328125,-0.23079910381277147,-0.559477107302294,1932.0,14,30.1875,2023
2023_18_PHI_NYG,NYG,66,0.015151515151515152,0.5454545454545454,0.08833822686131428,-0.28213642327148813,1920.0,12,29.09090909090909,2023
2023_18_PHI_NYG,PHI,65,0.35384615384615387,0.6307692307692307,-0.28213642327148813,0.08833822686131428,1533.0,13,23.584615384615386,2023
2023_18_PIT_BAL,BAL,56,0.125,0.5714285714285714,-0.28679343830903914,-0.06786419070346343,1406.0,12,25.107142857142858,2023
2023_18_PIT_BAL,PIT,61,0.04918032786885246,0.3770491803278688,-0.06786419070346343,-0.28679343830903914,2022.0,12,33.14754098360656,2023
2023_18_SEA_ARI,ARI,69,0.08695652173913043,0.4492753623188406,0.23259490097564622,0.1125584719604875,2120.0,9,30.72463768115942,2023
2023_18_SEA_ARI,SEA,54,0.1111111111111111,0.5370370370370371,0.1125584719604875,0.23259490097564622,1382.0,9,25.59259259259259,2023
2023_18_TB_CAR,CAR,50,0.12,0.42,-0.3102939823857225,-0.09411871407956807,1647.0,9,32.94,2023
2023_18_TB_CAR,TB,61,0.04918032786885246,0.5737704918032787,-0.09411871407956807,-0.3102939823857225,1811.0,10,29.688524590163933,2023
2023_19_CLE_HOU,CLE,70,0.12857142857142856,0.7142857142857143,-0.3071893759953257,0.2478208182049655,2011.0,12,28.728571428571428,2023
2023_19_CLE_HOU,HOU,41,0.024390243902439025,0.5365853658536586,0.2478208182049655,-0.3071893759953257,1441.0,12,35.146341463414636,2023
2023_19_GB_DAL,DAL,91,0.2967032967032967,0.7032967032967034,0.05595072709231325,0.47710968337004195,1820.0,11,20.0,2023
2023_19_GB_DAL,GB,53,0.018867924528301886,0.39622641509433965,0.47710968337004195,0.05595072709231325,1716.0,11,32.37735849056604,2023
2023_19_LA_DET,DET,52,0.019230769230769232,0.5769230769230769,0.19434361574111467,0.2889270453209822,1769.0,8,34.01923076923077,2023
2023_19_LA_DET,LA,55,0.01818181818181818,0.6909090909090909,0.2889270453209822,0.19434361574111467,1765.0,8,32.09090909090909,2023
2023_19_MIA_KC,KC,75,0.013333333333333334,0.5466666666666666,0.05087217476837339,-0.2172765340892819,2000.0,10,26.666666666666668,2023
2023_19_MIA_KC,MIA,59,0.05084745762711865,0.6949152542372882,-0.2172765340892819,0.05087217476837339,1491.0,11,25.271186440677965,2023
2023_19_PHI_TB,PHI,54,0.16666666666666666,0.7037037037037037,-0.1671082918593643,0.1718861194927527,1468.0,11,27.185185185185187,2023
2023_19_PHI_TB,TB,69,0.0,0.5797101449275363,0.1718861194927527,-0.1671082918593643,2002.0,10,29.014492753623188,2023
2023_19_PIT_BUF,BUF,65,0.06153846153846154,0.49230769230769234,0.19371484517710513,-0.1444743545283999,1956.0,11,30.092307692307692,2023
2023_19_PIT_BUF,PIT,62,0.06451612903225806,0.6290322580645161,-0.1444743545283999,0.19371484517710513,1544.0,11,24.903225806451612,2023
2023_20_GB_SF,GB,62,0.04838709677419355,0.5645161290322581,-0.032437254943550736,0.16869452089371448,1752.0,10,28.258064516129032,2023
2023_20_GB_SF,SF,62,0.0,0.6290322580645161,0.16869452089371448,-0.032437254943550736,1737.0,10,28.016129032258064,2023
2023_20_HOU_BAL,BAL,67,0.014925373134328358,0.373134328358209,0.2201644710761454,-0.22147127098267977,2207.0,10,32.940298507462686,2023
2023_20_HOU_BAL,HOU,46,0.08695652173913043,0.717391304347826,-0.22147127098267977,0.2201644710761454,1283.0,11,27.891304347826086,2023
2023_20_KC_BUF,BUF,78,0.05128205128205128,0.5,0.14319192120705948,0.24491194497675592,2194.0,8,28.128205128205128,2023
2023_20_KC_BUF,KC,43,0.0,0.5348837209302325,0.24491194497675592,0.14319192120705948,1342.0,9,31.209302325581394,2023
2023_20_TB_DET,DET,67,0.08955223880597014,0.6716417910447762,0.19114250778761827,0.06729541310260369,1858.0,12,27.73134328358209,2023
2023_20_TB_DET,TB,61,0.13114754098360656,0.7540983606557377,0.06729541310260369,0.19114250778761827,1609.0,11,26.37704918032787,2023
2023_21_DET_SF,DET,72,0.05555555555555555,0.5972222222222222,0.12870912193106465,0.21940607281769262,1630.0,10,22.63888888888889,2023
2023_21_DET_SF,SF,64,0.015625,0.515625,0.21940607281769262,0.12870912193106465,1898.0,11,29.65625,2023
2023_21_KC_BAL,BAL,56,0.19642857142857142,0.7321428571428571,-0.17728494161141356,0.02758366490322345,1272.0,11,22.714285714285715,2023
2023_21_KC_BAL,KC,70,0.0,0.5857142857142857,0.02758366490322345,-0.17728494161141356,2184.0,11,31.2,2023
2023_22_SF_KC,KC,79,0.0759493670886076,0.620253164556962,-0.018550389139146847,-0.0035694266980453955,2113.0,13,26.746835443037973,2023
2023_22_SF_KC,SF,70,0.014285714285714285,0.5714285714285714,-0.0035694266980453955,-0.018550389139146847,2217.0,13,31.67142857142857,2023
2024_01_ARI_BUF,ARI,60,0.06666666666666667,0.5833333333333334,0.06333499944819312,0.2220843524679833,1724.0,10,28.733333333333334,2024
2024_01_ARI_BUF,BUF,57,0.07017543859649122,0.43859649122807015,0.2220843524679833,0.06333499944819312,1790.0,10,31.403508771929825,2024
2024_01_BAL_KC,BAL,74,0.10810810810810811,0.5675675675675675,0.08064930100139914,0.2084062224455951,1982.0,10,26.783783783783782,2024
2024_01_BAL_KC,KC,49,0.02040816326530612,0.6122448979591837,0.2084062224455951,0.08064930100139914,1536.0,10,31.346938775510203,2024
2024_01_CAR_NO,CAR,55,0.03636363636363636,0.6363636363636364,-0.4854165381306121,0.2058199877417747,1305.0,13,23.727272727272727,2024
2024_01_CAR_NO,NO,62,0.016129032258064516,0.4032258064516129,0.2058199877417747,-0.4854165381306121,2167.0,11,34.95161290322581,2024
2024_01_DAL_CLE,CLE,70,0.3,0.7285714285714285,-0.2718643898194257,-0.11094499589713286,1742.0,14,24.885714285714286,2024
2024_01_DAL_CLE,DAL,59,0.01694915254237288,0.5932203389830508,-0.11094499589713286,-0.2718643898194257,1663.0,15,28.1864406779661,2024
2024_01_DEN_SEA,DEN,69,0.14492753623188406,0.6376811594202898,-0.31107731981348746,-0.07988829853523001,1770.0,15,25.652173913043477,2024
2024_01_DEN_SEA,SEA,58,0.1896551724137931,0.4827586206896552,-0.07988829853523001,-0.31107731981348746,1636.0,15,28.20689655172414,2024
2024_01_GB_PHI,GB,59,0.05084745762711865,0.6271186440677966,0.1824472827095256,0.05638343750656903,1595.0,11,27.033898305084747,2024
2024_01_GB_PHI,PHI,73,0.2602739726027397,0.4794520547945205,0.05638343750656903,0.1824472827095256,1913.0,11,26.205479452054796,2024
2024_01_HOU_IND,HOU,75,0.10666666666666667,0.48,0.14074478369634383,0.05188760343398264,2355.0,10,31.4,2024
2024_01_HOU_IND,IND,44,0.13636363636363635,0.4772727272727273,0.05188760343398264,0.14074478369634383,1172.0,9,26.636363636363637,2024
2024_01_JAX_MIA,JAX,50,0.04,0.48,-0.1479636490791349,0.02407332035096745,1528.0,11,30.56,2024
2024_01_JAX_MIA,MIA,65,0.0,0.6153846153846154,0.02407332035096745,-0.1479636490791349,1937.0,11,29.8,2024
2024_01_LA_DET,DET,61,0.0,0.4918032786885246,0.10577639370049975,0.043882258343161014,1720.0,11,28.19672131147541,2024
2024_01_LA_DET,LA,74,0.12162162162162163,0.6891891891891891,0.043882258343161014,0.10577639370049975,2034.0,10,27.486486486486488,2024
2024_01_LV_LAC,LAC,52,0.09615384615384616,0.5192307692307693,-0.08854648322839723,-0.33483836367411784,1627.0,13,31.28846153846154,2024
2024_01_LV_LAC,LV,59,0.11864406779661017,0.6271186440677966,-0.33483836367411784,-0.08854648322839723,1805.0,13,30.593220338983052,2024
2024_01_MIN_NYG,MIN,50,0.1,0.5,0.15555473473854364,-0.3572422129885817,1605.0,11,32.1,2024
2024_01_MIN_NYG,NYG,68,0.11764705882352941,0.6911764705882353,-0.3572422129885817,0.15555473473854364,1868.0,11,27.470588235294116,2024
2024_01_NE_CIN,CIN,48,0.08333333333333333,0.6666666666666666,-0.17894963442784265,-0.0068992799715534734,1501.0,8,31.270833333333332,2024
2024_01_NE_CIN,NE,61,0.03278688524590164,0.4098360655737705,-0.0068992799715534734,-0.17894963442784265,1983.0,10,32.50819672131148,2024
2024_01_NYJ_SF,NYJ,50,0.22,0.62,-0.04936341815918684,0.10059915338290573,1230.0,10,24.6,2024
2024_01_NYJ_SF,SF,69,0.014492753623188406,0.463768115942029,0.10059915338290573,-0.04936341815918684,2283.0,10,33.08695652173913,2024
2024_01_PIT_ATL,ATL,49,0.16326530612244897,0.5510204081632653,-0.35138503203369764,-0.09979451265639395,1383.0,10,28.224489795918366,2024
2024_01_PIT_ATL,PIT,66,0.18181818181818182,0.3787878787878788,-0.09979451265639395,-0.35138503203369764,2082.0,10,31.545454545454547,2024
2024_01_TEN_CHI,CHI,52,0.28846153846153844,0.6153846153846154,-0.24889682060395574,-0.26414464840040225,1428.0,13,27.46153846153846,2024
2024_01_TEN_CHI,TEN,61,0.0,0.5737704918032787,-0.26414464840040225,-0.24889682060395574,1965.0,13,32.21311475409836,2024
2024_01_WAS_TB,TB,59,0.0,0.5254237288135594,0.26636196361922065,0.12063032157171852,2002.0,9,33.932203389830505,2024
2024_01_WAS_TB,WAS,56,0.5,0.48214285714285715,0.12063032157171852,0.26636196361922065,1530.0,9,27.321428571428573,2024
2024_02_ATL_PHI,ATL,57,0.19298245614035087,0.543859649122807,0.151705755301145,0.11931952640829258,1425.0,9,25.0,2024
2024_02_ATL_PHI,PHI,68,0.19117647058823528,0.45588235294117646,0.11931952640829258,0.151705755301145,2090.0,9,30.735294117647058,2024
2024_02_BUF_MIA,BUF,42,0.07142857142857142,0.4523809523809524,0.23071621487760674,-0.26672958425093596,1385.0,11,32.976190476190474,2024
2024_02_BUF_MIA,MIA,75,0.02666666666666667,0.5466666666666666,-0.26672958425093596,0.23071621487760674,2119.0,10,28.253333333333334,2024
2024_02_CHI_HOU,CHI,66,0.2878787878787879,0.6666666666666666,-0.31363906648977563,-0.1496798627033682,1787.0,13,27.075757575757574,2024
2024_02_CHI_HOU,HOU,60,0.016666666666666666,0.65,-0.1496798627033682,-0.31363906648977563,1642.0,13,27.366666666666667,2024
2024_02_CIN_KC,CIN,61,0.0,0.639344262295082,0.045869673695266226,-0.08461721914130532,1826.0,10,29.934426229508198,2024
2024_02_CIN_KC,KC,60,0.03333333333333333,0.4666666666666667,-0.08461721914130532,0.045869673695266226,1674.0,10,27.9,2024
2024_02_CLE_JAX,CLE,65,0.015384615384615385,0.5538461538461539,0.022338850429188945,-0.033992861799752735,2007.0,9,30.876923076923077,2024
2024_02_CLE_JAX,JAX,54,0.14814814814814814,0.6111111111111112,-0.033992861799752735,0.022338850429188945,1459.0,10,27.01851851851852,2024
2024_02_IND_GB,GB,67,0.014925373134328358,0.208955223880597,-0.0020821109139091618,-0.09569395278910905,2344.0,11,34.985074626865675,2024
2024_02_IND_GB,IND,52,0.2692307692307692,0.6538461538461539,-0.09569395278910905,-0.0020821109139091618,1133.0,10,21.78846153846154,2024
2024_02_LAC_CAR,CAR,46,0.1956521739130435,0.6086956521739131,-0.49061755547000496,0.11135080133706401,1341.0,11,29.152173913043477,2024
2024_02_LAC_CAR,LAC,62,0.0,0.3387096774193548,0.11135080133706401,-0.49061755547000496,2111.0,12,34.04838709677419,2024
2024_02_LA_ARI,ARI,62,0.04838709677419355,0.3548387096774194,0.3468297459864201,-0.26304207862079354,2187.0,9,35.274193548387096,2024
2024_02_LA_ARI,LA,52,0.19230769230769232,0.6153846153846154,-0.26304207862079354,0.3468297459864201,1315.0,10,25.28846153846154,2024
2024_02_LV_BAL,BAL,61,0.03278688524590164,0.5573770491803278,-0.010843661948616447,-0.16523290203071855,1700.0,12,27.868852459016395,2024
2024_02_LV_BAL,LV,59,0.1016949152542373,0.7288135593220338,-0.16523290203071855,-0.010843661948616447,1779.0,12,30.152542372881356,2024
2024_02_NO_DAL,DAL,65,0.1076923076923077,0.676923076923077,-0.17185714665842478,0.46125246332746656,1711.0,10,26.323076923076922,2024
2024_02_NO_DAL,NO,53,0.0,0.32075471698113206,0.46125246332746656,-0.17185714665842478,1810.0,10,34.15094339622642,2024
2024_02_NYG_WAS,NYG,53,0.11320754716981132,0.5849056603773585,0.09884589799967998,0.15648809882807774,1312.0,7,24.754716981132077,2024
2024_02_NYG_WAS,WAS,67,0.5522388059701493,0.5074626865671642,0.15648809882807774,0.09884589799967998,2224.0,8,33.19402985074627,2024
2024_02_NYJ_TEN,NYJ,55,0.03636363636363636,0.5818181818181818,0.03564904499543735,-0.08954142496916567,1738.0,11,31.6,2024
2024_02_NYJ_TEN,TEN,60,0.03333333333333333,0.5333333333333333,-0.08954142496916567,0.03564904499543735,1729.0,11,28.816666666666666,2024
2024_02_PIT_DEN,DEN,56,0.16071428571428573,0.6607142857142857,-0.24311708793496725,-0.12062742783946155,1578.0,11,28.178571428571427,2024
2024_02_PIT_DEN,PIT,58,0.20689655172413793,0.3793103448275862,-0.12062742783946155,-0.24311708793496725,1859.0,11,32.05172413793103,2024
2024_02_SEA_NE,NE,66,0.07575757575757576,0.45454545454545453,0.05643542399823568,0.02222977426838338,2076.0,12,31.454545454545453,2024
2024_02_SEA_NE,SEA,64,0.21875,0.71875,0.02222977426838338,0.05643542399823568,1704.0,12,26.625,2024
2024_02_SF_MIN,MIN,51,0.11764705882352941,0.5686274509803921,-0.04221357132373667,-0.07448402445985963,1451.0,11,28.45098039215686,2024
2024_02_SF_MIN,SF,67,0.04477611940298507,0.6268656716417911,-0.07448402445985963,-0.04221357132373667,2037.0,10,30.402985074626866,2024
2024_02_TB_DET,DET,82,0.012195121951219513,0.6707317073170732,-0.06947292027417651,-0.09997592314016007,1973.0,11,24.0609756097561,2024
2024_02_TB_DET,TB,46,0.0,0.5217391304347826,-0.09997592314016007,-0.06947292027417651,1502.0,11,32.65217391304348,2024
2024_03_BAL_DAL,BAL,58,0.05172413793103448,0.25862068965517243,0.37345552815082994,0.0061805209034083465,2048.0,12,35.310344827586206,2024
2024_03_BAL_DAL,DAL,72,0.20833333333333334,0.7777777777777778,0.0061805209034083465,0.37345552815082994,1453.0,11,20.180555555555557,2024
2024_03_CAR_LV,CAR,69,0.043478260869565216,0.5797101449275363,0.2018615480162518,-0.0830609448607849,2114.0,12,30.63768115942029,2024
2024_03_CAR_LV,LV,60,0.26666666666666666,0.7333333333333333,-0.0830609448607849,0.2018615480162518,1367.0,12,22.783333333333335,2024
2024_03_CHI_IND,CHI,84,0.25,0.6666666666666666,-0.2015746309292614,-0.21308674622788185,2046.0,12,24.357142857142858,2024
2024_03_CHI_IND,IND,51,0.11764705882352941,0.4117647058823529,-0.21308674622788185,-0.2015746309292614,1438.0,12,28.19607843137255,2024
2024_03_DEN_TB,DEN,63,0.19047619047619047,0.5714285714285714,0.08453726114317775,-0.3762474080342924,1886.0,10,29.936507936507937,2024
2024_03_DEN_TB,TB,56,0.16071428571428573,0.7142857142857143,-0.3762474080342924,0.08453726114317775,1590.0,11,28.392857142857142,2024
2024_03_DET_ARI,ARI,53,0.1509433962264151,0.660377358490566,-0.23840536020362937,0.044779570458393377,1318.0,11,24.867924528301888,2024
2024_03_DET_ARI,DET,66,0.0,0.3787878787878788,0.044779570458393377,-0.23840536020362937,2157.0,11,32.68181818181818,2024
2024_03_GB_TEN,GB,59,0.01694915254237288,0.3728813559322034,0.11607764740370291,-0.36721780175400265,1890.0,11,32.03389830508475,2024
2024_03_GB_TEN,TEN,53,0.11320754716981132,0.7924528301886793,-0.36721780175400265,0.11607764740370291,1585.0,11,29.90566037735849,2024
2024_03_HOU_MIN,HOU,62,0.1774193548387097,0.7741935483870968,-0.2187582247317415,0.10881717221105347,1748.0,11,28.193548387096776,2024
2024_03_HOU_MIN,MIN,59,0.1016949152542373,0.5423728813559322,0.10881717221105347,-0.2187582247317415,1711.0,11,29.0,2024
2024_03_JAX_BUF,BUF,59,0.03389830508474576,0.5254237288135594,0.446529584894625,-0.24341390146074288,1887.0,10,31.983050847457626,2024
2024_03_JAX_BUF,JAX,68,0.029411764705882353,0.75,-0.24341390146074288,0.446529584894625,1630.0,10,23.970588235294116,2024
2024_03_KC_ATL,ATL,55,0.09090909090909091,0.5636363636363636,-0.09951051042494855,0.09948727250851187,1447.0,10,26.30909090909091,2024
2024_03_KC_ATL,KC,69,0.014492753623188406,0.5652173913043478,0.09948727250851187,-0.09951051042494855,2050.0,10,29.71014492753623,2024
2024_03_LAC_PIT,LAC,45,0.022222222222222223,0.5555555555555556,-0.16468273679844483,0.1316070126630572,1499.0,10,33.31111111111111,2024
2024_03_LAC_PIT,PIT,63,0.06349206349206349,0.5396825396825397,0.1316070126630572,-0.16468273679844483,1986.0,10,31.523809523809526,2024
2024_03_MIA_SEA,MIA,56,0.07142857142857142,0.6785714285714286,-0.43057976839764395,-0.004640908284680594,1631.0,12,29.125,2024
2024_03_MIA_SEA,SEA,58,0.22413793103448276,0.6379310344827587,-0.004640908284680594,-0.43057976839764395,1828.0,12,31.517241379310345,2024
2024_03_NE_NYJ,NE,48,0.2708333333333333,0.6875,-0.3996658685687069,0.2564556206806314,1127.0,9,23.479166666666668,2024
2024_03_NE_NYJ,NYJ,70,0.04285714285714286,0.5285714285714286,0.2564556206806314,-0.3996658685687069,2370.0,8,33.857142857142854,2024
2024_03_NYG_CLE,CLE,63,0.23809523809523808,0.7301587301587301,-0.377381554168326,0.04435736410041135,1470.0,14,23.333333333333332,2024
2024_03_NYG_CLE,NYG,66,0.10606060606060606,0.5606060606060606,0.04435736410041135,-0.377381554168326,1953.0,14,29.59090909090909,2024
2024_03_PHI_NO,NO,55,0.03636363636363636,0.4909090909090909,-0.20246732951659602,0.03240860712731472,1607.0,10,29.21818181818182,2024
2024_03_PHI_NO,PHI,65,0.09230769230769231,0.6461538461538462,0.03240860712731472,-0.20246732951659602,1886.0,10,29.015384615384615,2024
2024_03_SF_LA,LA,55,0.01818181818181818,0.5272727272727272,0.11957015910524203,0.20031309955590618,1546.0,9,28.10909090909091,2024
2024_03_SF_LA,SF,65,0.015384615384615385,0.47692307692307695,0.20031309955590618,0.11957015910524203,1974.0,9,30.369230769230768,2024
2024_03_WAS_CIN,CIN,61,0.09836065573770492,0.6721311475409836,0.36884499768732204,0.5153402799418085,1602.0,7,26.262295081967213,2024
2024_03_WAS_CIN,WAS,55,0.4909090909090909,0.45454545454545453,0.5153402799418085,0.36884499768732204,1959.0,8,35.61818181818182,2024
2024_04_BUF_BAL,BAL,54,0.0,0.37037037037037035,0.29366926166619156,-0.13561953114747205,1775.0,11,32.870370370370374,2024
2024_04_BUF_BAL,BUF,57,0.08771929824561403,0.5964912280701754,-0.13561953114747205,0.29366926166619156,1653.0,11,29.0,2024
2024_04_CIN_CAR,CAR,69,0.07246376811594203,0.5942028985507246,0.003686762715682796,0.16715398730578387,1812.0,11,26.26086956521739,2024
2024_04_CIN_CAR,CIN,62,0.016129032258064516,0.5,0.16715398730578387,0.003686762715682796,1683.0,10,27.14516129032258,2024
2024_04_CLE_LV,CLE,57,0.10526315789473684,0.6140350877192983,-0.11794547341168886,-0.15934773658131007,1769.0,10,31.035087719298247,2024
2024_04_CLE_LV,LV,53,0.1320754716981132,0.49056603773584906,-0.15934773658131007,-0.11794547341168886,1660.0,11,31.32075471698113,2024
2024_04_DAL_NYG,DAL,50,0.04,0.56,0.20791502489900995,-0.04494051165357972,1418.0,9,28.36,2024
2024_04_DAL_NYG,NYG,64,0.015625,0.640625,-0.04494051165357972,0.20791502489900995,2087.0,9,32.609375,2024
2024_04_DEN_NYJ,DEN,54,0.0,0.46296296296296297,-0.2849217022748518,-0.2848852994168686,1605.0,13,29.72222222222222,2024
2024_04_DEN_NYJ,NYJ,70,0.05714285714285714,0.6714285714285714,-0.2848852994168686,-0.2849217022748518,1817.0,13,25.957142857142856,2024
2024_04_JAX_HOU,HOU,68,0.014705882352941176,0.6176470588235294,0.15695022509361492,-0.013452732502280854,1946.0,10,28.61764705882353,2024
2024_04_JAX_HOU,JAX,57,0.08771929824561403,0.5964912280701754,-0.013452732502280854,0.15695022509361492,1542.0,12,27.05263157894737,2024
2024_04_KC_LAC,KC,55,0.03636363636363636,0.5818181818181818,-0.08798858658497692,-0.2140258374320349,1688.0,11,30.69090909090909,2024
2024_04_KC_LAC,LAC,53,0.0,0.5471698113207547,-0.2140258374320349,-0.08798858658497692,1778.0,10,33.54716981132076,2024
2024_04_LA_CHI,CHI,52,0.19230769230769232,0.5,0.0832592610471906,0.03806562744287404,1686.0,10,32.42307692307692,2024
2024_04_LA_CHI,LA,58,0.0,0.5689655172413793,0.03806562744287404,0.0832592610471906,1802.0,10,31.06896551724138,2024
2024_04_MIN_GB,GB,75,0.25333333333333335,0.7466666666666667,-0.12407759683474419,0.03344733430047343,1578.0,15,21.04,2024
2024_04_MIN_GB,MIN,61,0.06557377049180328,0.4918032786885246,0.03344733430047343,-0.12407759683474419,1870.0,15,30.65573770491803,2024
2024_04_NE_SF,NE,62,0.08064516129032258,0.6129032258064516,-0.4761100484390704,0.1335487611542041,1614.0,12,26.032258064516128,2024
2024_04_NE_SF,SF,59,0.01694915254237288,0.4745762711864407,0.1335487611542041,-0.4761100484390704,1839.0,12,31.16949152542373,2024
2024_04_NO_ATL,ATL,51,0.11764705882352941,0.7058823529411765,0.019696935750721217,0.060148734435872674,1385.0,10,27.15686274509804,2024
2024_04_NO_ATL,NO,70,0.08571428571428572,0.5285714285714286,0.060148734435872674,0.019696935750721217,2099.0,10,29.985714285714284,2024
2024_04_PHI_TB,PHI,55,0.38181818181818183,0.6545454545454545,-0.06584126464493403,0.2087540926194429,1356.0,10,24.654545454545456,2024
2024_04_PHI_TB,TB,73,0.0273972602739726,0.6712328767123288,0.2087540926194429,-0.06584126464493403,2136.0,11,29.26027397260274,2024
2024_04_PIT_IND,IND,63,0.07936507936507936,0.5079365079365079,0.11364081754727412,-0.059012402899375656,1686.0,11,26.761904761904763,2024
2024_04_PIT_IND,PIT,67,0.19402985074626866,0.5522388059701493,-0.059012402899375656,0.11364081754727412,1809.0,11,27.0,2024
2024_04_SEA_DET,DET,48,0.041666666666666664,0.4583333333333333,0.4577093620609958,0.08613013850663422,1526.0,11,31.791666666666668,2024
2024_04_SEA_DET,SEA,79,0.26582278481012656,0.759493670886076,0.08613013850663422,0.4577093620609958,1994.0,11,25.240506329113924,2024
2024_04_TEN_MIA,MIA,55,0.01818181818181818,0.45454545454545453,-0.44382242615654677,-0.12303492048345122,1423.0,13,25.87272727272727,2024
2024_04_TEN_MIA,TEN,61,0.01639344262295082,0.3442622950819672,-0.12303492048345122,-0.44382242615654677,2024.0,13,33.18032786885246,2024
2024_04_WAS_ARI,ARI,58,0.22413793103448276,0.4482758620689655,-0.08621050947514394,0.41568827038638456,1550.0,9,26.724137931034484,2024
2024_04_WAS_ARI,WAS,68,0.5441176470588235,0.45588235294117646,0.41568827038638456,-0.08621050947514394,1976.0,9,29.058823529411764,2024
2024_05_ARI_SF,ARI,56,0.0,0.5535714285714286,0.12357341654668454,-0.04176984130080571,1578.0,10,28.178571428571427,2024
2024_05_ARI_SF,SF,63,0.015873015873015872,0.5873015873015873,-0.04176984130080571,0.12357341654668454,1930.0,10,30.634920634920636,2024
2024_05_BAL_CIN,BAL,76,0.15789473684210525,0.5657894736842105,0.2904486013039307,0.26622877819415425,1971.0,13,25.93421052631579,2024
2024_05_BAL_CIN,CIN,66,0.0,0.6363636363636364,0.26622877819415425,0.2904486013039307,1909.0,13,28.924242424242426,2024
2024_05_BUF_HOU,BUF,59,0.01694915254237288,0.5254237288135594,-0.0150581178917669,-0.057969271695458124,1530.0,12,25.93220338983051,2024
2024_05_BUF_HOU,HOU,67,0.029850746268656716,0.582089552238806,-0.057969271695458124,-0.0150581178917669,1910.0,13,28.507462686567163,2024
2024_05_CAR_CHI,CAR,58,0.08620689655172414,0.6724137931034483,-0.25997198687286327,0.2143630333396083,1482.0,12,25.551724137931036,2024
2024_05_CAR_CHI,CHI,67,0.373134328358209,0.4626865671641791,0.2143630333396083,-0.25997198687286327,1981.0,12,29.567164179104477,2024
2024_05_CLE_WAS,CLE,59,0.11864406779661017,0.6101694915254238,-0.30568817992423686,0.08449649525226172,1627.0,13,27.576271186440678,2024
2024_05_CLE_WAS,WAS,65,0.6,0.47692307692307695,0.08449649525226172,-0.30568817992423686,1825.0,12,28.076923076923077,2024
2024_05_DAL_PIT,DAL,75,0.09333333333333334,0.5866666666666667,0.1131753628813,0.04542422653076469,1898.0,9,25.30666666666667,2024
2024_05_DAL_PIT,PIT,57,0.10526315789473684,0.543859649122807,0.04542422653076469,0.1131753628813,1551.0,11,27.210526315789473,2024
2024_05_GB_LA,GB,56,0.05357142857142857,0.5,0.018795206468425585,-0.09714081889496777,1583.0,11,28.267857142857142,2024
2024_05_GB_LA,LA,77,0.16883116883116883,0.6233766233766234,-0.09714081889496777,0.018795206468425585,1901.0,10,24.68831168831169,2024
2024_05_IND_JAX,IND,68,0.1323529411764706,0.7205882352941176,0.25687316895732565,0.27860417896024947,1823.0,13,26.808823529411764,2024
2024_05_IND_JAX,JAX,57,0.05263157894736842,0.5964912280701754,0.27860417896024947,0.25687316895732565,1662.0,12,29.157894736842106,2024
2024_05_LV_DEN,DEN,54,0.12962962962962962,0.5370370370370371,0.06907282755617089,-0.19881104357030954,1672.0,13,30.962962962962962,2024
2024_05_LV_DEN,LV,66,0.16666666666666666,0.6060606060606061,-0.19881104357030954,0.06907282755617089,1809.0,12,27.40909090909091,2024
2024_05_MIA_NE,MIA,76,0.013157894736842105,0.4605263157894737,-0.07375416820565879,-0.08153475822466046,1999.0,11,26.30263157894737,2024
2024_05_MIA_NE,NE,54,0.0,0.6481481481481481,-0.08153475822466046,-0.07375416820565879,1486.0,11,27.51851851851852,2024
2024_05_NO_KC,KC,77,0.0,0.5324675324675324,0.1472931400180425,-0.09970358937325906,2353.0,10,30.558441558441558,2024
2024_05_NO_KC,NO,51,0.09803921568627451,0.7058823529411765,-0.09970358937325906,0.1472931400180425,1140.0,10,22.352941176470587,2024
2024_05_NYG_SEA,NYG,70,0.014285714285714285,0.5285714285714286,0.01300696217955271,-0.09542315789686209,2179.0,13,31.12857142857143,2024
2024_05_NYG_SEA,SEA,58,0.39655172413793105,0.8103448275862069,-0.09542315789686209,0.01300696217955271,1288.0,12,22.20689655172414,2024
2024_05_NYJ_MIN,MIN,64,0.109375,0.5625,-0.27647754497423893,-0.3355986670207865,1735.0,14,27.109375,2024
2024_05_NYJ_MIN,NYJ,71,0.07042253521126761,0.8028169014084507,-0.3355986670207865,-0.27647754497423893,1682.0,13,23.690140845070424,2024
2024_05_TB_ATL,ATL,79,0.24050632911392406,0.7721518987341772,0.23220593246419632,0.17326009388716912,1979.0,11,25.050632911392405,2024
2024_05_TB_ATL,TB,50,0.0,0.5,0.17326009388716912,0.23220593246419632,1616.0,10,32.32,2024
2024_06_ARI_GB,ARI,55,0.23636363636363636,0.5818181818181818,-0.12452218036849662,0.2862532046806263,1327.0,10,24.12727272727273,2024
2024_06_ARI_GB,GB,68,0.058823529411764705,0.47058823529411764,0.2862532046806263,-0.12452218036849662,2167.0,11,31.86764705882353,2024
2024_06_ATL_CAR,ATL,65,0.13846153846153847,0.46153846153846156,0.27975168882516765,-0.09854121783584546,1801.0,11,27.70769230769231,2024
2024_06_ATL_CAR,CAR,62,0.0967741935483871,0.6129032258064516,-0.09854121783584546,0.27975168882516765,1700.0,10,27.419354838709676,2024
2024_06_BUF_NYJ,BUF,57,0.05263157894736842,0.47368421052631576,0.28208355403679286,0.18870879239171717,1738.0,9,30.49122807017544,2024
2024_06_BUF_NYJ,NYJ,59,0.05084745762711865,0.6440677966101694,0.18870879239171717,0.28208355403679286,1788.0,9,30.305084745762713,2024
2024_06_CIN_NYG,CIN,50,0.0,0.64,0.03341397806081556,-0.1374357061992767,1493.0,11,29.86,2024
2024_06_CIN_NYG,NYG,71,0.23943661971830985,0.5774647887323944,-0.1374357061992767,0.03341397806081556,1956.0,11,27.549295774647888,2024
2024_06_CLE_PHI,CLE,53,0.07547169811320754,0.5283018867924528,-0.02047589263765254,0.1712757292793628,1826.0,9,34.45283018867924,2024
2024_06_CLE_PHI,PHI,58,0.41379310344827586,0.4482758620689655,0.1712757292793628,-0.02047589263765254,1650.0,10,28.448275862068964,2024
2024_06_DET_DAL,DAL,65,0.09230769230769231,0.7384615384615385,-0.545867239277654,0.3739155748950122,1441.0,11,22.16923076923077,2024
2024_06_DET_DAL,DET,64,0.015625,0.46875,0.3739155748950122,-0.545867239277654,2057.0,12,32.140625,2024
2024_06_HOU_NE,HOU,61,0.03278688524590164,0.5573770491803278,0.11557763043360846,-0.30611791207994676,1774.0,14,29.081967213114755,2024
2024_06_HOU_NE,NE,63,0.047619047619047616,0.5873015873015873,-0.30611791207994676,0.11557763043360846,1663.0,14,26.396825396825395,2024
2024_06_IND_TEN,IND,66,0.10606060606060606,0.5757575757575758,-0.09491334601256621,-0.02593452022349258,1704.0,10,25.818181818181817,2024
2024_06_IND_TEN,TEN,55,0.03636363636363636,0.4909090909090909,-0.02593452022349258,-0.09491334601256621,1755.0,11,31.90909090909091,2024
2024_06_JAX_CHI,CHI,58,0.3103448275862069,0.5517241379310345,0.292747729056039,-0.00654797974294398,1799.0,10,31.017241379310345,2024
2024_06_JAX_CHI,JAX,60,0.18333333333333332,0.6833333333333333,-0.00654797974294398,0.292747729056039,1699.0,10,28.316666666666666,2024
2024_06_LAC_DEN,DEN,54,0.2037037037037037,0.6666666666666666,-0.061207421118328366,0.0855428782859012,1289.0,10,23.87037037037037,2024
2024_06_LAC_DEN,LAC,72,0.05555555555555555,0.5138888888888888,0.0855428782859012,-0.061207421118328366,2189.0,11,30.40277777777778,2024
2024_06_PIT_LV,LV,61,0.19672131147540983,0.6885245901639344,-0.24397137300249525,0.09707485110831894,1619.0,11,26.540983606557376,2024
2024_06_PIT_LV,PIT,61,0.18032786885245902,0.45901639344262296,0.09707485110831894,-0.24397137300249525,1863.0,11,30.540983606557376,2024
2024_06_SF_SEA,SEA,72,0.3055555555555556,0.7222222222222222,0.013638107798100731,0.340497171146345,1548.0,12,21.5,2024
2024_06_SF_SEA,SF,61,0.0,0.45901639344262296,0.340497171146345,0.013638107798100731,1940.0,12,31.80327868852459,2024
2024_06_TB_NO,NO,66,0.12121212121212122,0.6818181818181818,-0.4109091258823089,0.22035999537670714,1477.0,15,22.37878787878788,2024
2024_06_TB_NO,TB,73,0.0273972602739726,0.5205479452054794,0.22035999537670714,-0.4109091258823089,1979.0,15,27.10958904109589,2024
2024_06_WAS_BAL,BAL,63,0.031746031746031744,0.4444444444444444,0.16918393421624747,0.10231656484340847,2135.0,9,33.888888888888886,2024
2024_06_WAS_BAL,WAS,56,0.6607142857142857,0.6785714285714286,0.10231656484340847,0.16918393421624747,1388.0,9,24.785714285714285,2024
2024_07_BAL_TB,BAL,54,0.05555555555555555,0.4444444444444444,0.4721303591944569,0.12291366223525951,1468.0,11,27.185185185185187,2024
2024_07_BAL_TB,TB,79,0.12658227848101267,0.6329113924050633,0.12291366223525951,0.4721303591944569,2059.0,12,26.063291139240505,2024
2024_07_CAR_WAS,CAR,42,0.023809523809523808,0.47619047619047616,-0.4739950681770487,0.2692260682342439,1409.0,10,33.54761904761905,2024
2024_07_CAR_WAS,WAS,61,0.7213114754098361,0.4262295081967213,0.2692260682342439,-0.4739950681770487,2085.0,10,34.18032786885246,2024
2024_07_CIN_CLE,CIN,50,0.08,0.56,-0.19461500147266186,-0.15467243608536543,1456.0,14,29.12,2024
2024_07_CIN_CLE,CLE,77,0.12987012987012986,0.7402597402597403,-0.15467243608536543,-0.19461500147266186,1951.0,14,25.337662337662337,2024
2024_07_DEN_NO,DEN,59,0.05084745762711865,0.4406779661016949,0.12467548633453077,-0.35659801101483213,1948.0,12,33.016949152542374,2024
2024_07_DEN_NO,NO,65,0.2923076923076923,0.6923076923076923,-0.35659801101483213,0.12467548633453077,1516.0,12,23.323076923076922,2024
2024_07_DET_MIN,DET,54,0.0,0.5370370370370371,0.1309338362954333,0.05332395042410661,1686.0,11,31.22222222222222,2024
2024_07_DET_MIN,MIN,53,0.09433962264150944,0.6037735849056604,0.05332395042410661,0.1309338362954333,1792.0,12,33.81132075471698,2024
2024_07_HOU_GB,GB,56,0.125,0.6428571428571429,-0.07821454234538197,-0.17564451976398485,1644.0,11,29.357142857142858,2024
2024_07_HOU_GB,HOU,58,0.05172413793103448,0.43103448275862066,-0.17564451976398485,-0.07821454234538197,1803.0,12,31.086206896551722,2024
2024_07_KC_SF,KC,66,0.0,0.4393939393939394,0.02175656792347912,-0.17998239998507917,2051.0,11,31.075757575757574,2024
2024_07_KC_SF,SF,57,0.07017543859649122,0.5789473684210527,-0.17998239998507917,0.02175656792347912,1422.0,11,24.94736842105263,2024
2024_07_LAC_ARI,ARI,53,0.05660377358490566,0.49056603773584906,0.03591196748696022,0.04946805758481444,1509.0,9,28.471698113207548,2024
2024_07_LAC_ARI,LAC,63,0.07936507936507936,0.6507936507936508,0.04946805758481444,0.03591196748696022,2008.0,8,31.873015873015873,2024
2024_07_LV_LA,LA,50,0.08,0.48,-0.28772169773148804,-0.340506677532712,1504.0,13,30.08,2024
2024_07_LV_LA,LV,75,0.02666666666666667,0.6133333333333333,-0.340506677532712,-0.28772169773148804,1943.0,13,25.906666666666666,2024
2024_07_MIA_IND,IND,60,0.05,0.4,-0.19459945894577232,-0.2572328068957096,1655.0,13,27.583333333333332,2024
2024_07_MIA_IND,MIA,67,0.05970149253731343,0.40298507462686567,-0.2572328068957096,-0.19459945894577232,1784.0,12,26.62686567164179,2024
2024_07_NE_JAX,JAX,60,0.08333333333333333,0.35,0.24094059874717166,0.07388121289045063,1931.0,9,32.18333333333333,2024
2024_07_NE_JAX,NE,55,0.14545454545454545,0.7272727272727273,0.07388121289045063,0.24094059874717166,1550.0,9,28.181818181818183,2024
2024_07_NYJ_PIT,NYJ,56,0.03571428571428571,0.7321428571428571,-0.023287783072662185,0.15664224441246177,1587.0,12,28.339285714285715,2024
2024_07_NYJ_PIT,PIT,66,0.19696969696969696,0.45454545454545453,0.15664224441246177,-0.023287783072662185,1885.0,11,28.560606060606062,2024
2024_07_PHI_NYG,NYG,54,0.3333333333333333,0.6666666666666666,-0.42661412718492403,0.14653977094531,1377.0,13,25.5,2024
2024_07_PHI_NYG,PHI,64,0.296875,0.3125,0.14653977094531,-0.42661412718492403,2039.0,13,31.859375,2024
2024_07_SEA_ATL,ATL,70,0.24285714285714285,0.5571428571428572,-0.09877075560005133,0.1131318122023641,1800.0,11,25.714285714285715,2024
2024_07_SEA_ATL,SEA,56,0.17857142857142858,0.5357142857142857,0.1131318122023641,-0.09877075560005133,1692.0,10,30.214285714285715,2024
2024_07_TEN_BUF,BUF,54,0.037037037037037035,0.6296296296296297,0.21962814052913,-0.2237247071501999,1578.0,11,29.22222222222222,2024
2024_07_TEN_BUF,TEN,66,0.10606060606060606,0.6363636363636364,-0.2237247071501999,0.21962814052913,1888.0,12,28.606060606060606,2024
2024_08_ARI_MIA,ARI,62,0.12903225806451613,0.5806451612903226,0.27863852290874985,0.19287460964627995,1727.0,9,27.85483870967742,2024
2024_08_ARI_MIA,MIA,64,0.03125,0.609375,0.19287460964627995,0.27863852290874985,1800.0,9,28.125,2024
2024_08_ATL_TB,ATL,60,0.21666666666666667,0.5166666666666667,0.2599835265407362,0.08780195819872409,1596.0,10,26.6,2024
2024_08_ATL_TB,TB,70,0.11428571428571428,0.7,0.08780195819872409,0.2599835265407362,1912.0,11,27.314285714285713,2024
2024_08_BAL_CLE,BAL,60,0.06666666666666667,0.65,0.09718478239354364,0.13171000165279875,1673.0,11,27.883333333333333,2024
2024_08_BAL_CLE,CLE,67,0.08955223880597014,0.6567164179104478,0.13171000165279875,0.09718478239354364,1801.0,12,26.880597014925375,2024
2024_08_BUF_SEA,BUF,66,0.06060606060606061,0.5303030303030303,0.31383554172262085,-0.21150003550330926,2238.0,10,33.90909090909091,2024
2024_08_BUF_SEA,SEA,46,0.34782608695652173,0.6521739130434783,-0.21150003550330926,0.31383554172262085,1237.0,9,26.891304347826086,2024
2024_08_CAR_DEN,CAR,60,0.11666666666666667,0.6666666666666666,-0.145657219136289,0.035369763308217825,1549.0,11,25.816666666666666,2024
2024_08_CAR_DEN,DEN,71,0.19718309859154928,0.5774647887323944,0.035369763308217825,-0.145657219136289,1934.0,12,27.239436619718308,2024
2024_08_CHI_WAS,CHI,61,0.32786885245901637,0.45901639344262296,-0.12941421041781173,0.07495406915746752,1596.0,11,26.16393442622951,2024
2024_08_CHI_WAS,WAS,72,0.6527777777777778,0.5555555555555556,0.07495406915746752,-0.12941421041781173,1866.0,12,25.916666666666668,2024
2024_08_DAL_SF,DAL,58,0.10344827586206896,0.6896551724137931,-0.017973590718526295,0.2514795341508654,1541.0,12,26.56896551724138,2024
2024_08_DAL_SF,SF,63,0.031746031746031744,0.4444444444444444,0.2514795341508654,-0.017973590718526295,1935.0,12,30.714285714285715,2024
2024_08_GB_JAX,GB,64,0.078125,0.4375,0.10961365258441055,0.061244251585838065,1977.0,13,30.890625,2024
2024_08_GB_JAX,JAX,56,0.19642857142857142,0.5892857142857143,0.061244251585838065,0.10961365258441055,1483.0,13,26.482142857142858,2024
2024_08_IND_HOU,HOU,68,0.014705882352941176,0.5735294117647058,-0.06942154143449633,-0.09270544400182772,2045.0,13,30.073529411764707,2024
2024_08_IND_HOU,IND,61,0.14754098360655737,0.5901639344262295,-0.09270544400182772,-0.06942154143449633,1405.0,13,23.0327868852459,2024
2024_08_KC_LV,KC,64,0.0,0.59375,0.1751176219347705,-0.05785218520122359,1914.0,9,29.90625,2024
2024_08_KC_LV,LV,53,0.05660377358490566,0.6226415094339622,-0.05785218520122359,0.1751176219347705,1605.0,9,30.28301886792453,2024
2024_08_MIN_LA,LA,63,0.047619047619047616,0.5396825396825397,0.18649580019954887,0.10798808156635095,1988.0,9,31.555555555555557,2024
2024_08_MIN_LA,MIN,49,0.08163265306122448,0.5714285714285714,0.10798808156635095,0.18649580019954887,1525.0,9,31.122448979591837,2024
2024_08_NO_LAC,LAC,63,0.015873015873015872,0.5555555555555556,-0.0020965723623212447,-0.19930524057083385,1788.0,13,28.38095238095238,2024
2024_08_NO_LAC,NO,68,0.16176470588235295,0.6911764705882353,-0.19930524057083385,-0.0020965723623212447,1645.0,13,24.191176470588236,2024
2024_08_NYG_PIT,NYG,68,0.17647058823529413,0.6323529411764706,0.043494613495584936,0.08404874594364914,1766.0,11,25.970588235294116,2024
2024_08_NYG_PIT,PIT,61,0.4262295081967213,0.5081967213114754,0.08404874594364914,0.043494613495584936,1705.0,12,27.950819672131146,2024
2024_08_NYJ_NE,NE,64,0.15625,0.515625,0.03690225151983736,0.10021236608975587,1729.0,10,27.015625,2024
2024_08_NYJ_NE,NYJ,58,0.0,0.5172413793103449,0.10021236608975587,0.03690225151983736,1723.0,10,29.70689655172414,2024
2024_08_PHI_CIN,CIN,57,0.05263157894736842,0.6666666666666666,-0.0009322542729809077,0.3379380400955622,1655.0,9,29.035087719298247,2024
2024_08_PHI_CIN,PHI,59,0.22033898305084745,0.3389830508474576,0.3379380400955622,-0.0009322542729809077,1885.0,8,31.949152542372882,2024
2024_08_TEN_DET,DET,47,0.02127659574468085,0.48936170212765956,0.025190164359021265,-0.2904079267824836,1385.0,14,29.46808510638298,2024
2024_08_TEN_DET,TEN,71,0.0,0.5492957746478874,-0.2904079267824836,0.025190164359021265,2016.0,14,28.3943661971831,2024
2024_09_CHI_ARI,ARI,57,0.05263157894736842,0.40350877192982454,-0.06949403704706653,-0.22807485400687943,1674.0,11,29.36842105263158,2024
2024_09_CHI_ARI,CHI,69,0.34782608695652173,0.6811594202898551,-0.22807485400687943,-0.06949403704706653,1780.0,12,25.797101449275363,2024
2024_09_DAL_ATL,ATL,54,0.14814814814814814,0.5,0.10899376716433713,-0.006381509031356178,1699.0,11,31.462962962962962,2024
2024_09_DAL_ATL,DAL,74,0.3108108108108108,0.7162162162162162,-0.006381509031356178,0.10899376716433713,1777.0,11,24.013513513513512,2024
2024_09_DEN_BAL,BAL,53,0.0,0.37735849056603776,0.415576015253066,-0.1608216498616676,1883.0,10,35.528301886792455,2024
2024_09_DEN_BAL,DEN,67,0.2835820895522388,0.5671641791044776,-0.1608216498616676,0.415576015253066,1628.0,10,24.29850746268657,2024
2024_09_DET_GB,DET,52,0.019230769230769232,0.4423076923076923,0.12663471486430303,-0.01571017553452734,1832.0,9,35.23076923076923,2024
2024_09_DET_GB,GB,63,0.15873015873015872,0.6349206349206349,-0.01571017553452734,0.12663471486430303,1674.0,9,26.571428571428573,2024
2024_09_HOU_NYJ,HOU,74,0.05405405405405406,0.527027027027027,-0.07531797704698848,0.04756760713213158,1973.0,10,26.66216216216216,2024
2024_09_HOU_NYJ,NYJ,54,0.14814814814814814,0.6296296296296297,0.04756760713213158,-0.07531797704698848,1534.0,10,28.40740740740741,2024
2024_09_IND_MIN,IND,48,0.08333333333333333,0.625,-0.32621764285226873,-0.04208867882670334,1320.0,11,27.5,2024
2024_09_IND_MIN,MIN,70,0.12857142857142856,0.5571428571428572,-0.04208867882670334,-0.32621764285226873,2160.0,11,30.857142857142858,2024
2024_09_JAX_PHI,JAX,52,0.21153846153846154,0.6730769230769231,-0.17861123437054743,0.01891751763994337,1241.0,12,23.865384615384617,2024
2024_09_JAX_PHI,PHI,73,0.2328767123287671,0.3835616438356164,0.01891751763994337,-0.17861123437054743,2222.0,13,30.438356164383563,2024
2024_09_LAC_CLE,CLE,76,0.25,0.6842105263157895,-0.27078907886966,0.031492660151150945,1954.0,13,25.710526315789473,2024
2024_09_LAC_CLE,LAC,54,0.037037037037037035,0.6111111111111112,0.031492660151150945,-0.27078907886966,1469.0,14,27.203703703703702,2024
2024_09_LA_SEA,LA,68,0.058823529411764705,0.6470588235294118,-0.027722658965730843,-0.24853514300815582,1839.0,15,27.044117647058822,2024
2024_09_LA_SEA,SEA,73,0.3013698630136986,0.5616438356164384,-0.24853514300815582,-0.027722658965730843,1859.0,16,25.465753424657535,2024
2024_09_LV_CIN,CIN,69,0.014492753623188406,0.5797101449275363,0.08859871780297211,-0.28455004935027317,2062.0,13,29.884057971014492,2024
2024_09_LV_CIN,LV,59,0.11864406779661017,0.6440677966101694,-0.28455004935027317,0.08859871780297211,1406.0,12,23.83050847457627,2024
2024_09_MIA_BUF,BUF,59,0.03389830508474576,0.6779661016949152,0.16632274530009294,0.3055681748716005,1660.0,8,28.135593220338983,2024
2024_09_MIA_BUF,MIA,59,0.05084745762711865,0.4915254237288136,0.3055681748716005,0.16632274530009294,1883.0,9,31.915254237288135,2024
2024_09_NE_TEN,NE,64,0.078125,0.6875,-0.08869032534496381,0.011146080145846424,1670.0,11,26.09375,2024
2024_09_NE_TEN,TEN,73,0.0,0.4657534246575342,0.011146080145846424,-0.08869032534496381,2260.0,12,30.958904109589042,2024
2024_09_NO_CAR,CAR,49,0.02040816326530612,0.5714285714285714,-0.007854261661332445,0.12825395045611507,1486.0,11,30.3265306122449,2024
2024_09_NO_CAR,NO,75,0.12,0.4533333333333333,0.12825395045611507,-0.007854261661332445,2002.0,11,26.69333333333333,2024
2024_09_TB_KC,KC,83,0.012048192771084338,0.5783132530120482,0.1403529048755421,0.1895435593631987,2377.0,11,28.63855421686747,2024
2024_09_TB_KC,TB,52,0.057692307692307696,0.6346153846153846,0.1895435593631987,0.1403529048755421,1455.0,9,27.98076923076923,2024
2024_09_WAS_NYG,NYG,61,0.06557377049180328,0.4918032786885246,0.10500855010039493,0.3115800560732508,1884.0,8,30.885245901639344,2024
2024_09_WAS_NYG,WAS,57,0.6491228070175439,0.38596491228070173,0.3115800560732508,0.10500855010039493,1650.0,8,28.94736842105263,2024
2024_10_ATL_NO,ATL,73,0.136986301369863,0.5616438356164384,0.07373846124251972,0.003852461072695219,2048.0,11,28.054794520547944,2024
2024_10_ATL_NO,NO,51,0.11764705882352941,0.49019607843137253,0.003852461072695219,0.07373846124251972,1416.0,12,27.764705882352942,2024
2024_10_BUF_IND,BUF,69,0.07246376811594203,0.5652173913043478,0.019989930434927642,-0.25126254354012095,1881.0,12,27.26086956521739,2024
2024_10_BUF_IND,IND,61,0.18032786885245902,0.639344262295082,-0.25126254354012095,0.019989930434927642,1606.0,11,26.327868852459016,2024
2024_10_CIN_BAL,BAL,58,0.017241379310344827,0.5689655172413793,0.32205032452450394,0.09940526549843152,1650.0,12,28.448275862068964,2024
2024_10_CIN_BAL,CIN,76,0.013157894736842105,0.7894736842105263,0.09940526549843152,0.32205032452450394,1857.0,11,24.43421052631579,2024
2024_10_DEN_KC,DEN,55,0.2,0.5818181818181818,0.0728355631619704,0.0032262246740598377,1545.0,9,28.09090909090909,2024
2024_10_DEN_KC,KC,65,0.0,0.7076923076923077,0.0032262246740598377,0.0728355631619704,1954.0,9,30.06153846153846,2024
2024_10_DET_HOU,DET,63,0.031746031746031744,0.47619047619047616,-0.11832855089354422,-0.22658274712509294,1576.0,14,25.015873015873016,2024
2024_10_DET_HOU,HOU,65,0.046153846153846156,0.5692307692307692,-0.22658274712509294,-0.11832855089354422,1868.0,14,28.73846153846154,2024
2024_10_MIA_LA,LA,67,0.26865671641791045,0.7313432835820896,-0.24376258026645936,-0.12069886028009352,1739.0,11,25.955223880597014,2024
2024_10_MIA_LA,MIA,52,0.0,0.5961538461538461,-0.12069886028009352,-0.24376258026645936,1732.0,11,33.30769230769231,2024
2024_10_MIN_JAX,JAX,43,0.09302325581395349,0.5813953488372093,-0.3390633094064935,-0.0035545111179894396,959.0,10,22.302325581395348,2024
2024_10_MIN_JAX,MIN,80,0.0875,0.4875,-0.0035545111179894396,-0.3390633094064935,2480.0,10,31.0,2024
2024_10_NE_CHI,CHI,59,0.3389830508474576,0.6610169491525424,-0.4018640639909333,0.004981852731434159,1555.0,11,26.35593220338983,2024
2024_10_NE_CHI,NE,60,0.0,0.43333333333333335,0.004981852731434159,-0.4018640639909333,1880.0,12,31.333333333333332,2024
2024_10_NYG_CAR,CAR,58,0.1206896551724138,0.4482758620689655,-0.01719173711026695,-0.12398125862417528,1576.0,13,27.17241379310345,2024
2024_10_NYG_CAR,NYG,71,0.09859154929577464,0.5352112676056338,-0.12398125862417528,-0.01719173711026695,1981.0,13,27.901408450704224,2024
2024_10_NYJ_ARI,ARI,56,0.03571428571428571,0.44642857142857145,0.375025533842705,-0.15724570151786854,1954.0,7,34.892857142857146,2024
2024_10_NYJ_ARI,NYJ,55,0.21818181818181817,0.6909090909090909,-0.15724570151786854,0.375025533842705,1599.0,6,29.072727272727274,2024
2024_10_PHI_DAL,DAL,56,0.125,0.5714285714285714,-0.7085975825744606,-0.05011665815093853,1454.0,13,25.964285714285715,2024
2024_10_PHI_DAL,PHI,64,0.1875,0.421875,-0.05011665815093853,-0.7085975825744606,1986.0,14,31.03125,2024
2024_10_PIT_WAS,PIT,72,0.2361111111111111,0.4444444444444444,-0.022650367114692926,-0.13645924922788852,2094.0,14,29.083333333333332,2024
2024_10_PIT_WAS,WAS,59,0.559322033898305,0.6271186440677966,-0.13645924922788852,-0.022650367114692926,1347.0,12,22.83050847457627,2024
2024_10_SF_TB,SF,59,0.01694915254237288,0.6440677966101694,0.24011230348996715,-0.0557267700768661,1871.0,10,31.71186440677966,2024
2024_10_SF_TB,TB,58,0.0,0.5344827586206896,-0.0557267700768661,0.24011230348996715,1629.0,11,28.086206896551722,2024
2024_10_TEN_LAC,LAC,55,0.0,0.32727272727272727,0.20210270739087094,0.11689301344649819,1824.0,9,33.163636363636364,2024
2024_10_TEN_LAC,TEN,51,0.13725490196078433,0.5882352941176471,0.11689301344649819,0.20210270739087094,1693.0,9,33.19607843137255,2024
2024_11_ATL_DEN,ATL,55,0.21818181818181817,0.6181818181818182,-0.27390878263394286,0.37719540593009715,1708.0,10,31.054545454545455,2024
2024_11_ATL_DEN,DEN,60,0.05,0.5666666666666667,0.37719540593009715,-0.27390878263394286,1770.0,9,29.5,2024
2024_11_BAL_PIT,BAL,54,0.1111111111111111,0.6666666666666666,-0.10600444784829538,-0.2507253060152086,1334.0,13,24.703703703703702,2024
2024_11_BAL_PIT,PIT,72,0.2638888888888889,0.5555555555555556,-0.2507253060152086,-0.10600444784829538,2101.0,13,29.180555555555557,2024
2024_11_CIN_LAC,CIN,78,0.02564102564102564,0.6794871794871795,0.10320479573417679,0.04700973538578244,1984.0,13,25.435897435897434,2024
2024_11_CIN_LAC,LAC,62,0.0,0.5967741935483871,0.04700973538578244,0.10320479573417679,1475.0,13,23.79032258064516,2024
2024_11_CLE_NO,CLE,71,0.1267605633802817,0.7183098591549296,0.03021658492135726,0.3113062858423551,1694.0,11,23.859154929577464,2024
2024_11_CLE_NO,NO,56,0.07142857142857142,0.5357142857142857,0.3113062858423551,0.03021658492135726,1804.0,11,32.214285714285715,2024
2024_11_GB_CHI,CHI,69,0.2463768115942029,0.5072463768115942,0.20041244266002994,0.26649005350563676,2154.0,7,31.217391304347824,2024
2024_11_GB_CHI,GB,43,0.046511627906976744,0.4186046511627907,0.26649005350563676,0.20041244266002994,1388.0,7,32.27906976744186,2024
2024_11_HOU_DAL,DAL,79,0.11392405063291139,0.7721518987341772,-0.3053468709088249,0.1938374301101505,1696.0,12,21.468354430379748,2024
2024_11_HOU_DAL,HOU,60,0.06666666666666667,0.5833333333333334,0.1938374301101505,-0.3053468709088249,1788.0,11,29.8,2024
2024_11_IND_NYJ,IND,69,0.13043478260869565,0.4782608695652174,0.018339986137080325,-0.1010115717027605,1992.0,12,28.869565217391305,2024
2024_11_IND_NYJ,NYJ,52,0.057692307692307696,0.6153846153846154,-0.1010115717027605,0.018339986137080325,1482.0,12,28.5,2024
2024_11_JAX_DET,DET,74,0.16216216216216217,0.44594594594594594,0.5690215830365876,-0.3716917931648659,2342.0,9,31.64864864864865,2024
2024_11_JAX_DET,JAX,47,0.06382978723404255,0.6382978723404256,-0.3716917931648659,0.5690215830365876,1189.0,9,25.29787234042553,2024
2024_11_KC_BUF,BUF,69,0.08695652173913043,0.5797101449275363,0.10483378220066315,0.11798019830278533,2000.0,10,28.985507246376812,2024
2024_11_KC_BUF,KC,52,0.019230769230769232,0.6730769230769231,0.11798019830278533,0.10483378220066315,1490.0,9,28.653846153846153,2024
2024_11_LA_NE,LA,48,0.08333333333333333,0.5625,0.4036402737653398,0.10206341777208411,1326.0,10,27.625,2024
2024_11_LA_NE,NE,72,0.125,0.5833333333333334,0.10206341777208411,0.4036402737653398,2201.0,9,30.569444444444443,2024
2024_11_LV_MIA,LV,63,0.07936507936507936,0.7301587301587301,0.07929896471121518,0.31449169864425214,1584.0,7,25.142857142857142,2024
2024_11_LV_MIA,MIA,63,0.031746031746031744,0.5873015873015873,0.31449169864425214,0.07929896471121518,1981.0,7,31.444444444444443,2024
2024_11_MIN_TEN,MIN,66,0.09090909090909091,0.5151515151515151,-0.053563801073451045,-0.14260744115284088,1874.0,12,28.393939393939394,2024
2024_11_MIN_TEN,TEN,55,0.05454545454545454,0.6545454545454545,-0.14260744115284088,-0.053563801073451045,1583.0,11,28.78181818181818,2024
2024_11_SEA_SF,SEA,59,0.11864406779661017,0.6101694915254238,0.0034594915832335915,0.1029588972261694,1551.0,8,26.28813559322034,2024
2024_11_SEA_SF,SF,57,0.0,0.5263157894736842,0.1029588972261694,0.0034594915832335915,1966.0,9,34.49122807017544,2024
2024_11_WAS_PHI,PHI,69,0.2898550724637681,0.43478260869565216,0.20099255148930092,-0.11744629858753615,1938.0,11,28.08695652173913,2024
2024_11_WAS_PHI,WAS,64,0.71875,0.5625,-0.11744629858753615,0.20099255148930092,1553.0,11,24.265625,2024
2024_12_ARI_SEA,ARI,56,0.16071428571428573,0.75,-0.1847070503206257,-0.06546132758983621,1532.0,10,27.357142857142858,2024
2024_12_ARI_SEA,SEA,59,0.13559322033898305,0.6101694915254238,-0.06546132758983621,-0.1847070503206257,1934.0,11,32.779661016949156,2024
2024_12_BAL_LAC,BAL,59,0.06779661016949153,0.4067796610169492,0.3251611416574621,0.007558067130374887,1829.0,9,31.0,2024
2024_12_BAL_LAC,LAC,60,0.05,0.6666666666666666,0.007558067130374887,0.3251611416574621,1702.0,9,28.366666666666667,2024
2024_12_DAL_WAS,DAL,61,0.0,0.5409836065573771,-0.05523064933276668,-0.029198595789597975,2021.0,15,33.131147540983605,2024
2024_12_DAL_WAS,WAS,67,0.6417910447761194,0.6119402985074627,-0.029198595789597975,-0.05523064933276668,1407.0,16,21.0,2024
2024_12_DEN_LV,DEN,65,0.15384615384615385,0.6615384615384615,0.03901947515956488,-0.21208234212914084,1811.0,11,27.861538461538462,2024
2024_12_DEN_LV,LV,73,0.1232876712328767,0.7808219178082192,-0.21208234212914084,0.03901947515956488,1661.0,12,22.753424657534246,2024
2024_12_DET_IND,DET,71,0.056338028169014086,0.5492957746478874,0.1535755658409126,-0.14250006489046096,2176.0,10,30.64788732394366,2024
2024_12_DET_IND,IND,48,0.0625,0.5833333333333334,-0.14250006489046096,0.1535755658409126,1294.0,10,26.958333333333332,2024
2024_12_KC_CAR,CAR,59,0.01694915254237288,0.6271186440677966,0.19307642256124094,0.28216850231015866,1626.0,9,27.559322033898304,2024
2024_12_KC_CAR,KC,68,0.014705882352941176,0.6176470588235294,0.28216850231015866,0.19307642256124094,1909.0,8,28.073529411764707,2024
2024_12_MIN_CHI,CHI,74,0.21621621621621623,0.7027027027027027,0.06028022992501862,0.07162828564785387,1992.0,14,26.91891891891892,2024
2024_12_MIN_CHI,MIN,65,0.046153846153846156,0.5846153846153846,0.07162828564785387,0.06028022992501862,1942.0,13,29.876923076923077,2024
2024_12_NE_MIA,MIA,63,0.047619047619047616,0.6666666666666666,0.0021696003086508517,-0.19673141421842763,1852.0,13,29.396825396825395,2024
2024_12_NE_MIA,NE,63,0.20634920634920634,0.6825396825396826,-0.19673141421842763,0.0021696003086508517,1593.0,13,25.285714285714285,2024
2024_12_PHI_LA,LA,60,0.1,0.7,-0.01803194593332742,0.3400502677626876,1534.0,10,25.566666666666666,2024
2024_12_PHI_LA,PHI,66,0.18181818181818182,0.3484848484848485,0.3400502677626876,-0.01803194593332742,1995.0,10,30.227272727272727,2024
2024_12_PIT_CLE,CLE,57,0.05263157894736842,0.5263157894736842,0.0052255449527385785,-0.036713675725190686,1450.0,10,25.43859649122807,2024
2024_12_PIT_CLE,PIT,68,0.08823529411764706,0.5,-0.036713675725190686,0.0052255449527385785,2053.0,11,30.191176470588236,2024
2024_12_SF_GB,GB,67,0.014925373134328358,0.373134328358209,0.12520204513291547,-0.42066519900423355,2150.0,11,32.08955223880597,2024
2024_12_SF_GB,SF,46,0.0,0.6739130434782609,-0.42066519900423355,0.12520204513291547,1321.0,12,28.717391304347824,2024
2024_12_TB_NYG,NYG,55,0.16363636363636364,0.6545454545454545,-0.2526268650375476,0.2624369768002441,1499.0,10,27.254545454545454,2024
2024_12_TB_NYG,TB,62,0.03225806451612903,0.4838709677419355,0.2624369768002441,-0.2526268650375476,2011.0,9,32.435483870967744,2024
2024_12_TEN_HOU,HOU,54,0.1111111111111111,0.6851851851851852,-0.22699336670625098,-0.0963698010642001,1456.0,14,26.962962962962962,2024
2024_12_TEN_HOU,TEN,64,0.0,0.515625,-0.0963698010642001,-0.22699336670625098,1998.0,14,31.21875,2024
2024_13_ARI_MIN,ARI,76,0.06578947368421052,0.5921052631578947,0.036537850582664774,-0.0658263997318538,2104.0,10,27.68421052631579,2024
2024_13_ARI_MIN,MIN,50,0.2,0.72,-0.0658263997318538,0.036537850582664774,1409.0,10,28.18,2024
2024_13_CHI_DET,CHI,59,0.15254237288135594,0.7457627118644068,-0.009250351456455667,0.07395306239548231,1438.0,10,24.372881355932204,2024
2024_13_CHI_DET,DET,69,0.0,0.5217391304347826,0.07395306239548231,-0.009250351456455667,2073.0,9,30.043478260869566,2024
2024_13_CLE_DEN,CLE,85,0.10588235294117647,0.7294117647058823,-0.06116876458693555,0.06892106307396875,1835.0,15,21.58823529411765,2024
2024_13_CLE_DEN,DEN,59,0.0847457627118644,0.5932203389830508,0.06892106307396875,-0.06116876458693555,1590.0,16,26.949152542372882,2024
2024_13_HOU_JAX,HOU,58,0.017241379310344827,0.6206896551724138,0.07334556317890449,0.08401990862355314,1876.0,11,32.3448275862069,2024
2024_13_HOU_JAX,JAX,69,0.17391304347826086,0.6376811594202898,0.08401990862355314,0.07334556317890449,1589.0,10,23.028985507246375,2024
2024_13_IND_NE,IND,58,0.1206896551724138,0.41379310344827586,0.0904319327184597,0.1848482830773117,1493.0,9,25.74137931034483,2024
2024_13_IND_NE,NE,66,0.030303030303030304,0.5303030303030303,0.1848482830773117,0.0904319327184597,2022.0,9,30.636363636363637,2024
2024_13_LAC_ATL,ATL,77,0.07792207792207792,0.5194805194805194,-0.23777067035088434,-0.28624597088101467,2095.0,10,27.207792207792206,2024
2024_13_LAC_ATL,LAC,44,0.0,0.6818181818181818,-0.28624597088101467,-0.23777067035088434,1374.0,11,31.227272727272727,2024
2024_13_LA_NO,LA,53,0.07547169811320754,0.49056603773584906,0.12678270610510636,-0.05673674651888109,1614.0,9,30.452830188679247,2024
2024_13_LA_NO,NO,69,0.10144927536231885,0.5507246376811594,-0.05673674651888109,0.12678270610510636,1918.0,8,27.797101449275363,2024
2024_13_LV_KC,KC,65,0.0,0.7692307692307693,-0.043106169296476086,0.07842760025558447,1660.0,12,25.53846153846154,2024
2024_13_LV_KC,LV,62,0.06451612903225806,0.5967741935483871,0.07842760025558447,-0.043106169296476086,1818.0,11,29.322580645161292,2024
2024_13_MIA_GB,GB,53,0.018867924528301886,0.5283018867924528,0.21100411182236392,0.08498009549140285,1567.0,10,29.566037735849058,2024
2024_13_MIA_GB,MIA,67,0.1791044776119403,0.7910447761194029,0.08498009549140285,0.21100411182236392,1949.0,9,29.08955223880597,2024
2024_13_NYG_DAL,DAL,66,0.045454545454545456,0.5454545454545454,-0.14145098609861034,-0.22846491891259044,1839.0,12,27.863636363636363,2024
2024_13_NYG_DAL,NYG,59,0.06779661016949153,0.6440677966101694,-0.22846491891259044,-0.14145098609861034,1606.0,12,27.220338983050848,2024
2024_13_PHI_BAL,BAL,71,0.08450704225352113,0.5492957746478874,-0.0017640556218816033,0.04506097750205439,1966.0,11,27.690140845070424,2024
2024_13_PHI_BAL,PHI,52,0.34615384615384615,0.40384615384615385,0.04506097750205439,-0.0017640556218816033,1512.0,12,29.076923076923077,2024
2024_13_PIT_CIN,CIN,57,0.05263157894736842,0.7368421052631579,-0.0004929456742833562,0.27613297432982464,1686.0,11,29.57894736842105,2024
2024_13_PIT_CIN,PIT,64,0.3125,0.625,0.27613297432982464,-0.0004929456742833562,1835.0,12,28.671875,2024
2024_13_SEA_NYJ,NYJ,62,0.04838709677419355,0.6612903225806451,-0.27016031154503506,-0.01596439009645791,1653.0,12,26.661290322580644,2024
2024_13_SEA_NYJ,SEA,56,0.125,0.6071428571428571,-0.01596439009645791,-0.27016031154503506,2011.0,11,35.910714285714285,2024
2024_13_SF_BUF,BUF,53,0.018867924528301886,0.33962264150943394,0.3458036979428207,-0.24711014303322767,1971.0,10,37.18867924528302,2024
2024_13_SF_BUF,SF,46,0.0,0.41304347826086957,-0.24711014303322767,0.3458036979428207,1513.0,10,32.891304347826086,2024
2024_13_TB_CAR,CAR,68,0.07352941176470588,0.6911764705882353,0.002090434313836036,-0.030901692524250738,1590.0,14,23.38235294117647,2024
2024_13_TB_CAR,TB,76,0.039473684210526314,0.5,-0.030901692524250738,0.002090434313836036,2277.0,15,29.960526315789473,2024
2024_13_TEN_WAS,TEN,51,0.058823529411764705,0.7843137254901961,-0.10154991066288353,0.29231445376932497,1114.0,11,21.84313725490196,2024
2024_13_TEN_WAS,WAS,76,0.618421052631579,0.42105263157894735,0.29231445376932497,-0.10154991066288353,2370.0,12,31.18421052631579,2024
2024_14_ATL_MIN,ATL,71,0.14084507042253522,0.5352112676056338,0.09990188977755841,0.4576278262207319,1850.0,10,26.056338028169016,2024
2024_14_ATL_MIN,MIN,53,0.1320754716981132,0.6037735849056604,0.4576278262207319,0.09990188977755841,1675.0,11,31.60377358490566,2024
2024_14_BUF_LA,BUF,54,0.18518518518518517,0.6851851851851852,0.44754335454598293,0.2856349099443072,1261.0,9,23.35185185185185,2024
2024_14_BUF_LA,LA,72,0.041666666666666664,0.4166666666666667,0.2856349099443072,0.44754335454598293,2281.0,10,31.680555555555557,2024
2024_14_CAR_PHI,CAR,68,0.08823529411764706,0.5147058823529411,0.0190429469009689,0.14238011264706238,1959.0,9,28.808823529411764,2024
2024_14_CAR_PHI,PHI,56,0.32142857142857145,0.44642857142857145,0.14238011264706238,0.0190429469009689,1546.0,9,27.607142857142858,2024
2024_14_CHI_SF,CHI,53,0.22641509433962265,0.6037735849056604,-0.1547104220890598,0.4070073706351582,1628.0,10,30.71698113207547,2024
2024_14_CHI_SF,SF,60,0.0,0.45,0.4070073706351582,-0.1547104220890598,1882.0,10,31.366666666666667,2024
2024_14_CIN_DAL,CIN,63,0.031746031746031744,0.7301587301587301,0.15660042494561535,-0.01648346478238886,1935.0,12,30.714285714285715,2024
2024_14_CIN_DAL,DAL,59,0.05084745762711865,0.576271186440678,-0.01648346478238886,0.15660042494561535,1550.0,10,26.271186440677965,2024
2024_14_CLE_PIT,CLE,69,0.2318840579710145,0.6376811594202898,-0.16220861044955417,-0.10542690436555908,1722.0,12,24.956521739130434,2024
2024_14_CLE_PIT,PIT,60,0.2833333333333333,0.45,-0.10542690436555908,-0.16220861044955417,1706.0,14,28.433333333333334,2024
2024_14_GB_DET,DET,76,0.02631578947368421,0.5526315789473685,0.06129416761706128,0.13187831354704074,2137.0,10,28.11842105263158,2024
2024_14_GB_DET,GB,44,0.022727272727272728,0.4772727272727273,0.13187831354704074,0.06129416761706128,1387.0,10,31.522727272727273,2024
2024_14_JAX_TEN,JAX,57,0.19298245614035087,0.5614035087719298,0.030804982399609836,-0.15862419363598335,1646.0,9,28.87719298245614,2024
2024_14_JAX_TEN,TEN,62,0.04838709677419355,0.5483870967741935,-0.15862419363598335,0.030804982399609836,1849.0,9,29.822580645161292,2024
2024_14_LAC_KC,KC,63,0.031746031746031744,0.6349206349206349,0.016504888172233778,0.08677343292069407,1698.0,9,26.952380952380953,2024
2024_14_LAC_KC,LAC,57,0.03508771929824561,0.5789473684210527,0.08677343292069407,0.016504888172233778,1798.0,9,31.54385964912281,2024
2024_14_LV_TB,LV,63,0.14285714285714285,0.6190476190476191,-0.1482394077658885,0.12407973330365336,1815.0,11,28.80952380952381,2024
2024_14_LV_TB,TB,59,0.03389830508474576,0.559322033898305,0.12407973330365336,-0.1482394077658885,1655.0,10,28.050847457627118,2024
2024_14_NO_NYG,NO,65,0.015384615384615385,0.5076923076923077,-0.08197251833949344,-0.13311092229646188,1817.0,14,27.953846153846154,2024
2024_14_NO_NYG,NYG,74,0.35135135135135137,0.6891891891891891,-0.13311092229646188,-0.08197251833949344,1609.0,13,21.743243243243242,2024
2024_14_NYJ_MIA,MIA,66,0.06060606060606061,0.7121212121212122,0.23211588304366929,0.2324546813383165,1930.0,10,29.242424242424242,2024
2024_14_NYJ_MIA,NYJ,63,0.0,0.6666666666666666,0.2324546813383165,0.23211588304366929,1817.0,10,28.841269841269842,2024
2024_14_SEA_ARI,ARI,63,0.23809523809523808,0.6349206349206349,-0.06725611021829739,0.15525940599889404,1562.0,12,24.793650793650794,2024
2024_14_SEA_ARI,SEA,61,0.14754098360655737,0.4918032786885246,0.15525940599889404,-0.06725611021829739,1922.0,11,31.508196721311474,2024
2024_15_ATL_LV,ATL,57,0.05263157894736842,0.3508771929824561,-0.20984076669696722,-0.26475047003767,1969.0,11,34.54385964912281,2024
2024_15_ATL_LV,LV,64,0.125,0.65625,-0.26475047003767,-0.20984076669696722,1474.0,12,23.03125,2024
2024_15_BAL_NYG,BAL,58,0.05172413793103448,0.4827586206896552,0.44326374318615275,-0.22819634245647416,1715.0,9,29.56896551724138,2024
2024_15_BAL_NYG,NYG,59,0.03389830508474576,0.6779661016949152,-0.22819634245647416,0.44326374318615275,1784.0,9,30.23728813559322,2024
2024_15_BUF_DET,BUF,67,0.04477611940298507,0.5074626865671642,0.4799142187384701,0.257717255373629,1940.0,12,28.955223880597014,2024
2024_15_BUF_DET,DET,75,0.10666666666666667,0.8,0.257717255373629,0.4799142187384701,1586.0,11,21.14666666666667,2024
2024_15_CHI_MIN,CHI,63,0.20634920634920634,0.5555555555555556,-0.2101805232369646,0.032160901704518824,1748.0,11,27.746031746031747,2024
2024_15_CHI_MIN,MIN,71,0.18309859154929578,0.5915492957746479,0.032160901704518824,-0.2101805232369646,1748.0,10,24.619718309859156,2024
2024_15_CIN_TEN,CIN,63,0.0,0.5873015873015873,0.1949040566409111,-0.11534370897061308,1679.0,10,26.650793650793652,2024
2024_15_CIN_TEN,TEN,64,0.21875,0.59375,-0.11534370897061308,0.1949040566409111,1828.0,12,28.5625,2024
2024_15_DAL_CAR,CAR,50,0.12,0.68,-0.32890248268144207,0.20379833957529075,1495.0,10,29.9,2024
2024_15_DAL_CAR,DAL,68,0.029411764705882353,0.4264705882352941,0.20379833957529075,-0.32890248268144207,1984.0,11,29.176470588235293,2024
2024_15_GB_SEA,GB,61,0.08196721311475409,0.4426229508196721,0.06743098281807638,-0.33940678994108925,1915.0,12,31.39344262295082,2024
2024_15_GB_SEA,SEA,56,0.23214285714285715,0.7142857142857143,-0.33940678994108925,0.06743098281807638,1542.0,12,27.535714285714285,2024
2024_15_IND_DEN,DEN,58,0.06896551724137931,0.5862068965517241,-0.3143748995556868,-0.45204005983084017,1624.0,16,28.0,2024
2024_15_IND_DEN,IND,72,0.1111111111111111,0.5555555555555556,-0.45204005983084017,-0.3143748995556868,1781.0,15,24.73611111111111,2024
2024_15_KC_CLE,CLE,59,0.22033898305084745,0.6610169491525424,-0.5222386951110389,-0.07742544998265263,1574.0,14,26.677966101694917,2024
2024_15_KC_CLE,KC,73,0.0,0.547945205479452,-0.07742544998265263,-0.5222386951110389,1815.0,15,24.863013698630137,2024
2024_15_LA_SF,LA,65,0.015384615384615385,0.4153846153846154,-0.09558920203368648,-0.28493972091683123,1997.0,11,30.723076923076924,2024
2024_15_LA_SF,SF,53,0.018867924528301886,0.6415094339622641,-0.28493972091683123,-0.09558920203368648,1419.0,11,26.77358490566038,2024
2024_15_MIA_HOU,HOU,47,0.0425531914893617,0.6382978723404256,-0.19561202385388227,-0.21669346186923588,1531.0,11,32.57446808510638,2024
2024_15_MIA_HOU,MIA,62,0.12903225806451613,0.6935483870967742,-0.21669346186923588,-0.19561202385388227,1923.0,10,31.016129032258064,2024
2024_15_NE_ARI,ARI,63,0.14285714285714285,0.5079365079365079,0.18360129757292515,0.044622635037075156,2014.0,9,31.96825396825397,2024
2024_15_NE_ARI,NE,49,0.16326530612244897,0.5102040816326531,0.044622635037075156,0.18360129757292515,1492.0,9,30.448979591836736,2024
2024_15_NYJ_JAX,JAX,78,0.19230769230769232,0.6282051282051282,0.11953011604670073,0.39749838499044116,2014.0,10,25.82051282051282,2024
2024_15_NYJ_JAX,NYJ,54,0.037037037037037035,0.5925925925925926,0.39749838499044116,0.11953011604670073,1496.0,10,27.703703703703702,2024
2024_15_PIT_PHI,PHI,74,0.28378378378378377,0.47297297297297297,0.19869709359830184,-0.2778170759312048,2334.0,9,31.54054054054054,2024
2024_15_PIT_PHI,PIT,41,0.17073170731707318,0.5853658536585366,-0.2778170759312048,0.19869709359830184,1141.0,9,27.829268292682926,2024
2024_15_TB_LAC,LAC,48,0.041666666666666664,0.7708333333333334,-0.3715710007371496,0.22441281418351666,1313.0,11,27.354166666666668,2024
2024_15_TB_LAC,TB,67,0.04477611940298507,0.417910447761194,0.22441281418351666,-0.3715710007371496,2179.0,11,32.52238805970149,2024
2024_15_WAS_NO,NO,51,0.09803921568627451,0.6862745098039216,-0.08749075938621849,0.07163261401595818,1093.0,9,21.431372549019606,2024
2024_15_WAS_NO,WAS,74,0.6216216216216216,0.527027027027027,0.07163261401595818,-0.08749075938621849,2377.0,9,32.12162162162162,2024
2024_16_ARI_CAR,ARI,64,0.078125,0.546875,0.16333864765339806,0.2464324704972173,1948.0,11,30.4375,2024
2024_16_ARI_CAR,CAR,64,0.0,0.453125,0.2464324704972173,0.16333864765339806,1939.0,12,30.296875,2024
2024_16_CLE_CIN,CIN,55,0.03636363636363636,0.6181818181818182,0.11405103122944937,-0.2803599524232263,1798.0,11,32.69090909090909,2024
2024_16_CLE_CIN,CLE,63,0.19047619047619047,0.6190476190476191,-0.2803599524232263,0.11405103122944937,1684.0,10,26.73015873015873,2024
2024_16_DEN_LAC,DEN,63,0.031746031746031744,0.6666666666666666,0.19349572844943194,0.21883563000886758,1894.0,10,30.063492063492063,2024
2024_16_DEN_LAC,LAC,60,0.1,0.5666666666666667,0.21883563000886758,0.19349572844943194,1623.0,11,27.05,2024
2024_16_DET_CHI,CHI,59,0.23728813559322035,0.711864406779661,0.014175742925806253,0.32327141022115463,1658.0,9,28.10169491525424,2024
2024_16_DET_CHI,DET,64,0.0,0.515625,0.32327141022115463,0.014175742925806253,1868.0,10,29.1875,2024
2024_16_HOU_KC,HOU,58,0.017241379310344827,0.7068965517241379,0.09238814503059829,0.14929714872905306,1529.0,9,26.362068965517242,2024
2024_16_HOU_KC,KC,68,0.0,0.6176470588235294,0.14929714872905306,0.09238814503059829,2002.0,9,29.441176470588236,2024
2024_16_JAX_LV,JAX,61,0.18032786885245902,0.6557377049180327,-0.21165921295264004,-0.0724789299116734,1464.0,12,24.0,2024
2024_16_JAX_LV,LV,65,0.015384615384615385,0.6307692307692307,-0.0724789299116734,-0.21165921295264004,1977.0,13,30.415384615384614,2024
2024_16_LA_NYJ,LA,47,0.0,0.40425531914893614,0.10739188274605899,-0.032647591238935354,1642.0,8,34.93617021276596,2024
2024_16_LA_NYJ,NYJ,63,0.1111111111111111,0.6825396825396826,-0.032647591238935354,0.10739188274605899,1894.0,7,30.063492063492063,2024
2024_16_MIN_SEA,MIN,59,0.06779661016949153,0.6440677966101694,0.09505266635780972,0.03819092147175594,1757.0,13,29.779661016949152,2024
2024_16_MIN_SEA,SEA,60,0.18333333333333332,0.75,0.03819092147175594,0.09505266635780972,1698.0,12,28.3,2024
2024_16_NE_BUF,BUF,58,0.034482758620689655,0.5172413793103449,0.034190916288598425,-0.02519604440578191,1695.0,10,29.224137931034484,2024
2024_16_NE_BUF,NE,68,0.07352941176470588,0.5588235294117647,-0.02519604440578191,0.034190916288598425,1808.0,10,26.58823529411765,2024
2024_16_NO_GB,GB,67,0.05970149253731343,0.44776119402985076,0.2639358431554921,-0.3494658540365427,2208.0,9,32.95522388059702,2024
2024_16_NO_GB,NO,53,0.11320754716981132,0.6226415094339622,-0.3494658540365427,0.2639358431554921,1305.0,9,24.62264150943396,2024
2024_16_NYG_ATL,ATL,63,0.031746031746031744,0.42857142857142855,0.0798530071311659,-0.42913856733780864,2029.0,11,32.20634920634921,2024
2024_16_NYG_ATL,NYG,55,0.12727272727272726,0.7636363636363637,-0.42913856733780864,0.0798530071311659,1452.0,11,26.4,2024
2024_16_PHI_WAS,PHI,71,0.2112676056338028,0.4507042253521127,0.02624405681024844,-0.066384402216725,2121.0,14,29.87323943661972,2024
2024_16_PHI_WAS,WAS,64,0.609375,0.609375,-0.066384402216725,0.02624405681024844,1358.0,14,21.21875,2024
2024_16_PIT_BAL,BAL,59,0.03389830508474576,0.4067796610169492,0.17810179664736042,-0.17896074560762903,1902.0,11,32.23728813559322,2024
2024_16_PIT_BAL,PIT,59,0.3559322033898305,0.5932203389830508,-0.17896074560762903,0.17810179664736042,1564.0,11,26.508474576271187,2024
2024_16_SF_MIA,MIA,63,0.09523809523809523,0.5396825396825397,0.1649426839929953,0.060020812798913595,1924.0,11,30.53968253968254,2024
2024_16_SF_MIA,SF,59,0.03389830508474576,0.6949152542372882,0.060020812798913595,0.1649426839929953,1565.0,10,26.52542372881356,2024
2024_16_TB_DAL,DAL,53,0.03773584905660377,0.6792452830188679,0.01339712979400351,0.08336109182054098,1562.0,12,29.471698113207548,2024
2024_16_TB_DAL,TB,70,0.17142857142857143,0.6714285714285714,0.08336109182054098,0.01339712979400351,1907.0,11,27.242857142857144,2024
2024_16_TEN_IND,IND,62,0.06451612903225806,0.1935483870967742,0.21821909411644827,0.07221309393267743,1925.0,13,31.048387096774192,2024
2024_16_TEN_IND,TEN,58,0.1896551724137931,0.6206896551724138,0.07221309393267743,0.21821909411644827,1545.0,13,26.637931034482758,2024
2024_17_ARI_LA,ARI,74,0.05405405405405406,0.7027027027027027,-0.00913665684852672,-0.03091085615455659,2124.0,10,28.7027027027027,2024
2024_17_ARI_LA,LA,53,0.16981132075471697,0.6037735849056604,-0.03091085615455659,-0.00913665684852672,1325.0,10,25.0,2024
2024_17_ATL_WAS,ATL,60,0.13333333333333333,0.6166666666666667,0.06587515463216208,0.2215034776568865,1500.0,9,25.0,2024
2024_17_ATL_WAS,WAS,76,0.7631578947368421,0.5394736842105263,0.2215034776568865,0.06587515463216208,2450.0,10,32.23684210526316,2024
2024_17_BAL_HOU,BAL,61,0.01639344262295082,0.29508196721311475,0.31108718914939026,-0.41480403844616376,2078.0,10,34.0655737704918,2024
2024_17_BAL_HOU,HOU,54,0.09259259259259259,0.6851851851851852,-0.41480403844616376,0.31108718914939026,1387.0,11,25.685185185185187,2024
2024_17_CAR_TB,CAR,46,0.13043478260869565,0.717391304347826,-0.10282477504936936,0.45438960213542484,1065.0,10,23.152173913043477,2024
2024_17_CAR_TB,TB,71,0.056338028169014086,0.4788732394366197,0.45438960213542484,-0.10282477504936936,2456.0,10,34.59154929577465,2024
2024_17_DAL_PHI,DAL,60,0.05,0.5,-0.30404382732854834,0.27142536211391144,1540.0,10,25.666666666666668,2024
2024_17_DAL_PHI,PHI,59,0.2542372881355932,0.3220338983050847,0.27142536211391144,-0.30404382732854834,1938.0,11,32.847457627118644,2024
2024_17_DEN_CIN,CIN,83,0.012048192771084338,0.6746987951807228,0.14198116660070267,0.17167536599955877,2468.0,11,29.734939759036145,2024
2024_17_DEN_CIN,DEN,60,0.18333333333333332,0.55,0.17167536599955877,0.14198116660070267,1549.0,10,25.816666666666666,2024
2024_17_DET_SF,DET,67,0.0,0.5522388059701493,0.38570429935289924,0.34407548521447723,2074.0,10,30.955223880597014,2024
2024_17_DET_SF,SF,59,0.11864406779661017,0.6949152542372882,0.34407548521447723,0.38570429935289924,1478.0,9,25.050847457627118,2024
2024_17_GB_MIN,GB,58,0.27586206896551724,0.5862068965517241,-0.029515180964256083,0.09248545610827213,1425.0,10,24.56896551724138,2024
2024_17_GB_MIN,MIN,67,0.1044776119402985,0.6567164179104478,0.09248545610827213,-0.029515180964256083,2094.0,11,31.253731343283583,2024
2024_17_IND_NYG,IND,74,0.06756756756756757,0.5540540540540541,0.04343917667707428,0.37680355320979003,1953.0,12,26.39189189189189,2024
2024_17_IND_NYG,NYG,49,0.061224489795918366,0.46938775510204084,0.37680355320979003,0.04343917667707428,1544.0,13,31.510204081632654,2024
2024_17_KC_PIT,KC,59,0.03389830508474576,0.6610169491525424,0.31503068699678116,-0.11093377590989567,1663.0,10,28.1864406779661,2024
2024_17_KC_PIT,PIT,73,0.3424657534246575,0.5753424657534246,-0.11093377590989567,0.31503068699678116,1804.0,11,24.71232876712329,2024
2024_17_LAC_NE,LAC,77,0.03896103896103896,0.5194805194805194,0.2911025041405697,-0.5518501636239913,2399.0,10,31.155844155844157,2024
2024_17_LAC_NE,NE,48,0.14583333333333334,0.5833333333333334,-0.5518501636239913,0.2911025041405697,1090.0,11,22.708333333333332,2024
2024_17_LV_NO,LV,72,0.013888888888888888,0.5,0.10238876612595055,-0.2802494880366669,2218.0,11,30.805555555555557,2024
2024_17_LV_NO,NO,53,0.1509433962264151,0.7547169811320755,-0.2802494880366669,0.10238876612595055,1236.0,11,23.32075471698113,2024
2024_17_MIA_CLE,CLE,76,0.2236842105263158,0.631578947368421,-0.36496926899427645,-0.09800092579572847,1674.0,12,22.026315789473685,2024
2024_17_MIA_CLE,MIA,55,0.07272727272727272,0.5272727272727272,-0.09800092579572847,-0.36496926899427645,1767.0,13,32.127272727272725,2024
2024_17_NYJ_BUF,BUF,60,0.06666666666666667,0.4666666666666667,0.16659985220992338,-0.20912926959246397,1839.0,11,30.65,2024
2024_17_NYJ_BUF,NYJ,59,0.05084745762711865,0.6440677966101694,-0.20912926959246397,0.16659985220992338,1657.0,10,28.084745762711865,2024
2024_17_SEA_CHI,CHI,58,0.15517241379310345,0.603448275862069,-0.20850898979649193,-0.17081621145457898,1739.0,10,29.982758620689655,2024
2024_17_SEA_CHI,SEA,50,0.18,0.52,-0.17081621145457898,-0.20850898979649193,1711.0,10,34.22,2024
2024_17_TEN_JAX,JAX,56,0.125,0.42857142857142855,0.15334083067712087,0.03728812583230865,1723.0,8,30.767857142857142,2024
2024_17_TEN_JAX,TEN,64,0.171875,0.53125,0.03728812583230865,0.15334083067712087,1794.0,8,28.03125,2024
2024_18_BUF_NE,BUF,65,0.1076923076923077,0.49230769230769234,-0.06714681854610154,0.033465403571571295,1656.0,10,25.476923076923075,2024
2024_18_BUF_NE,NE,58,0.034482758620689655,0.5344827586206896,0.033465403571571295,-0.06714681854610154,1829.0,10,31.53448275862069,2024
2024_18_CAR_ATL,ATL,77,0.12987012987012986,0.5064935064935064,0.29230843032309944,0.41231425398478677,1921.0,11,24.948051948051948,2024
2024_18_CAR_ATL,CAR,64,0.015625,0.546875,0.41231425398478677,0.29230843032309944,2003.0,11,31.296875,2024
2024_18_CHI_GB,CHI,56,0.19642857142857142,0.5357142857142857,-0.17034980808239197,-0.10587411005574261,1673.0,12,29.875,2024
2024_18_CHI_GB,GB,62,0.16129032258064516,0.46774193548387094,-0.10587411005574261,-0.17034980808239197,1755.0,13,28.306451612903224,2024
2024_18_CIN_PIT,CIN,70,0.02857142857142857,0.7142857142857143,-0.028872098026185216,-0.1747617132745999,2226.0,11,31.8,2024
2024_18_CIN_PIT,PIT,58,0.3620689655172414,0.603448275862069,-0.1747617132745999,-0.028872098026185216,1243.0,11,21.43103448275862,2024
2024_18_CLE_BAL,BAL,66,0.0,0.4696969696969697,0.15761476364842206,-0.4532905818637893,1850.0,12,28.03030303030303,2024
2024_18_CLE_BAL,CLE,54,0.037037037037037035,0.6666666666666666,-0.4532905818637893,0.15761476364842206,1628.0,12,30.14814814814815,2024
2024_18_HOU_TEN,HOU,57,0.05263157894736842,0.5087719298245614,0.0626337290576773,-0.18464127046662468,1749.0,11,30.68421052631579,2024
2024_18_HOU_TEN,TEN,61,0.11475409836065574,0.47540983606557374,-0.18464127046662468,0.0626337290576773,1728.0,10,28.327868852459016,2024
2024_18_JAX_IND,IND,77,0.07792207792207792,0.5584415584415584,0.011510927859925225,0.03034178943241788,2097.0,13,27.233766233766232,2024
2024_18_JAX_IND,JAX,66,0.13636363636363635,0.5151515151515151,0.03034178943241788,0.011510927859925225,1757.0,13,26.62121212121212,2024
2024_18_KC_DEN,DEN,71,0.11267605633802817,0.4084507042253521,0.4105987242105508,-0.4489145424365575,2487.0,8,35.028169014084504,2024
2024_18_KC_DEN,KC,33,0.0,0.6666666666666666,-0.4489145424365575,0.4105987242105508,1044.0,9,31.636363636363637,2024
2024_18_LAC_LV,LAC,71,0.056338028169014086,0.5211267605633803,0.28720594113842624,-0.10243118794101591,2312.0,10,32.563380281690144,2024
2024_18_LAC_LV,LV,47,0.19148936170212766,0.7659574468085106,-0.10243118794101591,0.28720594113842624,1203.0,10,25.595744680851062,2024
2024_18_MIA_NYJ,MIA,68,0.07352941176470588,0.6617647058823529,-0.12810101581761324,0.060140069045257545,1860.0,12,27.352941176470587,2024
2024_18_MIA_NYJ,NYJ,63,0.2698412698412698,0.6349206349206349,0.060140069045257545,-0.12810101581761324,1602.0,12,25.428571428571427,2024
2024_18_MIN_DET,DET,66,0.09090909090909091,0.5303030303030303,0.014813956991596667,-0.33818842733508814,2124.0,11,32.18181818181818,2024
2024_18_MIN_DET,MIN,61,0.16393442622950818,0.7049180327868853,-0.33818842733508814,0.014813956991596667,1365.0,11,22.37704918032787,2024
2024_18_NO_TB,NO,63,0.047619047619047616,0.6984126984126984,0.0020943582978157744,0.22456962449190762,1618.0,9,25.682539682539684,2024
2024_18_NO_TB,TB,63,0.0,0.5238095238095238,0.22456962449190762,0.0020943582978157744,1898.0,10,30.126984126984127,2024
2024_18_NYG_PHI,NYG,54,0.12962962962962962,0.5370370370370371,-0.1187441121208244,-0.04040916824392345,1758.0,9,32.55555555555556,2024
2024_18_NYG_PHI,PHI,67,0.14925373134328357,0.6417910447761194,-0.04040916824392345,-0.1187441121208244,1739.0,10,25.955223880597014,2024
2024_18_SEA_LA,LA,66,0.030303030303030304,0.6818181818181818,0.02409587900480262,0.24005317011635172,1823.0,10,27.62121212121212,2024
2024_18_SEA_LA,SEA,53,0.07547169811320754,0.5660377358490566,0.24005317011635172,0.02409587900480262,1682.0,10,31.735849056603772,2024
2024_18_SF_ARI,ARI,63,0.047619047619047616,0.5555555555555556,0.24859288199629878,0.009232503674161303,1648.0,12,26.158730158730158,2024
2024_18_SF_ARI,SF,71,0.08450704225352113,0.6197183098591549,0.009232503674161303,0.24859288199629878,1857.0,12,26.154929577464788,2024
2024_18_WAS_DAL,DAL,75,0.013333333333333334,0.48,-0.04375298736429032,0.08709049513575884,2167.0,11,28.893333333333334,2024
2024_18_WAS_DAL,WAS,54,0.6666666666666666,0.6851851851851852,0.08709049513575884,-0.04375298736429032,1310.0,10,24.25925925925926,2024
2024_19_DEN_BUF,BUF,70,0.04285714285714286,0.4142857142857143,0.3278140308272996,-0.12542957607891325,2485.0,8,35.5,2024
2024_19_DEN_BUF,DEN,42,0.30952380952380953,0.5952380952380952,-0.12542957607891325,0.3278140308272996,1041.0,8,24.785714285714285,2024
2024_19_GB_PHI,GB,59,0.1016949152542373,0.5932203389830508,-0.07451870522695668,0.0452113238132613,1687.0,11,28.593220338983052,2024
2024_19_GB_PHI,PHI,56,0.2857142857142857,0.4107142857142857,0.0452113238132613,-0.07451870522695668,1774.0,11,31.678571428571427,2024
2024_19_LAC_HOU,HOU,68,0.014705882352941176,0.5294117647058824,-0.10674881550384692,-0.5168468905505953,2000.0,14,29.41176470588235,2024
2024_19_LAC_HOU,LAC,54,0.07407407407407407,0.6666666666666666,-0.5168468905505953,-0.10674881550384692,1426.0,14,26.40740740740741,2024
2024_19_MIN_LA,LA,49,0.061224489795918366,0.5918367346938775,0.040085779347415036,-0.390057377765351,1615.0,11,32.95918367346939,2024
2024_19_MIN_LA,MIN,71,0.29577464788732394,0.704225352112676,-0.390057377765351,0.040085779347415036,1859.0,11,26.183098591549296,2024
2024_19_PIT_BAL,BAL,70,0.02857142857142857,0.3,0.2994862820254639,0.1164619843872391,2336.0,9,33.371428571428574,2024
2024_19_PIT_BAL,PIT,44,0.29545454545454547,0.7727272727272727,0.1164619843872391,0.2994862820254639,1171.0,9,26.613636363636363,2024
2024_19_WAS_TB,TB,44,0.09090909090909091,0.4318181818181818,0.10660879265439384,0.11329059497378559,1442.0,8,32.77272727272727,2024
2024_19_WAS_TB,WAS,67,0.7313432835820896,0.5373134328358209,0.11329059497378559,0.10660879265439384,2102.0,8,31.37313432835821,2024
2024_20_BAL_BUF,BAL,58,0.05172413793103448,0.5,0.13992552086835042,0.07768964190875294,1653.0,9,28.5,2024
2024_20_BAL_BUF,BUF,57,0.03508771929824561,0.40350877192982454,0.07768964190875294,0.13992552086835042,1870.0,9,32.80701754385965,2024
2024_20_HOU_KC,HOU,64,0.09375,0.5625,0.1031636240930324,0.040667616987575726,1964.0,9,30.6875,2024
2024_20_HOU_KC,KC,47,0.0,0.5957446808510638,0.040667616987575726,0.1031636240930324,1553.0,9,33.04255319148936,2024
2024_20_LA_PHI,LA,70,0.15714285714285714,0.7,-0.06754598288626705,0.08272434354673679,1676.0,12,23.942857142857143,2024
2024_20_LA_PHI,PHI,60,0.31666666666666665,0.45,0.08272434354673679,-0.06754598288626705,1788.0,13,29.8,2024
2024_20_WAS_DET,DET,65,0.13846153846153847,0.6461538461538462,0.07537729913764236,0.2877231585197768,1501.0,11,23.092307692307692,2024
2024_20_WAS_DET,WAS,71,0.5211267605633803,0.43661971830985913,0.2877231585197768,0.07537729913764236,1994.0,12,28.08450704225352,2024
2024_21_BUF_KC,BUF,70,0.21428571428571427,0.5285714285714286,0.15695903849865547,0.269067650937761,1792.0,9,25.6,2024
2024_21_BUF_KC,KC,61,0.0,0.47540983606557374,0.269067650937761,0.15695903849865547,1722.0,10,28.229508196721312,2024
2024_21_WAS_PHI,PHI,65,0.3076923076923077,0.46153846153846156,0.39857213176651024,-0.08883798131256454,1802.0,13,27.723076923076924,2024
2024_21_WAS_PHI,WAS,79,0.7215189873417721,0.6835443037974683,-0.08883798131256454,0.39857213176651024,1703.0,12,21.556962025316455,2024
2024_22_KC_PHI,KC,51,0.11764705882352941,0.7843137254901961,-0.3414511512982038,0.01860297993959465,1294.0,13,25.372549019607842,2024
2024_22_KC_PHI,PHI,67,0.2537313432835821,0.373134328358209,0.01860297993959465,-0.3414511512982038,2146.0,14,32.02985074626866,2024
2025_01_ARI_NO,ARI,61,0.11475409836065574,0.5573770491803278,0.043989166043527976,-0.04165398697715263,1973.0,9,32.34426229508197,2025
2025_01_ARI_NO,NO,67,0.34328358208955223,0.6716417910447762,-0.04165398697715263,0.043989166043527976,1500.0,10,22.388059701492537,2025
2025_01_BAL_BUF,BAL,50,0.04,0.42,0.3856986985481338,0.2349865763823882,1469.0,11,29.38,2025
2025_01_BAL_BUF,BUF,77,0.16883116883116883,0.6363636363636364,0.2349865763823882,0.3856986985481338,2049.0,12,26.61038961038961,2025
2025_01_CAR_JAX,CAR,60,0.15,0.6,-0.2563797084211179,0.15245799652321068,1674.0,10,27.9,2025
2025_01_CAR_JAX,JAX,60,0.03333333333333333,0.5,0.15245799652321068,-0.2563797084211179,1815.0,10,30.25,2025
2025_01_CIN_CLE,CIN,49,0.02040816326530612,0.5306122448979592,-0.10886814770917332,-0.051202136508424784,1377.0,10,28.102040816326532,2025
2025_01_CIN_CLE,CLE,71,0.056338028169014086,0.6619718309859155,-0.051202136508424784,-0.10886814770917332,2108.0,10,29.690140845070424,2025
2025_01_DAL_PHI,DAL,55,0.07272727272727272,0.6,0.035278117869239026,0.1604501459603092,1473.0,8,26.78181818181818,2025
2025_01_DAL_PHI,PHI,59,0.1016949152542373,0.4067796610169492,0.1604501459603092,0.035278117869239026,2065.0,8,35.0,2025
2025_01_DET_GB,DET,64,0.046875,0.671875,-0.0622777864609656,0.19962787307459212,2078.0,9,32.46875,2025
2025_01_DET_GB,GB,46,0.06521739130434782,0.4782608695652174,0.19962787307459212,-0.0622777864609656,1436.0,9,31.217391304347824,2025
2025_01_HOU_LA,HOU,57,0.05263157894736842,0.5263157894736842,-0.13239190355484282,-0.03839154758130793,1820.0,9,31.92982456140351,2025
2025_01_HOU_LA,LA,55,0.03636363636363636,0.5818181818181818,-0.03839154758130793,-0.13239190355484282,1660.0,9,30.181818181818183,2025
2025_01_KC_LAC,KC,58,0.05172413793103448,0.7068965517241379,0.21523830751852047,0.3200720840759058,1602.0,8,27.620689655172413,2025
2025_01_KC_LAC,LAC,59,0.01694915254237288,0.6271186440677966,0.3200720840759058,0.21523830751852047,1935.0,8,32.79661016949152,2025
2025_01_LV_NE,LV,60,0.016666666666666666,0.6166666666666667,0.11466681462113602,-0.06607576636094871,1732.0,12,28.866666666666667,2025
2025_01_LV_NE,NE,68,0.17647058823529413,0.7352941176470589,-0.06607576636094871,0.11466681462113602,1737.0,11,25.544117647058822,2025
2025_01_MIA_IND,IND,70,0.05714285714285714,0.42857142857142855,0.2645682559748231,-0.25682406793280127,2308.0,7,32.97142857142857,2025
2025_01_MIA_IND,MIA,47,0.1276595744680851,0.7446808510638298,-0.25682406793280127,0.2645682559748231,1236.0,7,26.29787234042553,2025
2025_01_MIN_CHI,CHI,63,0.031746031746031744,0.5873015873015873,-0.07139121302123265,-0.17688631513317526,1878.0,15,29.80952380952381,2025
2025_01_MIN_CHI,MIN,51,0.058823529411764705,0.49019607843137253,-0.17688631513317526,-0.07139121302123265,1541.0,13,30.215686274509803,2025
2025_01_NYG_WAS,NYG,62,0.0967741935483871,0.6290322580645161,-0.24112420517436706,0.18565548716146768,1768.0,9,28.516129032258064,2025
2025_01_NYG_WAS,WAS,62,0.5806451612903226,0.532258064516129,0.18565548716146768,-0.24112420517436706,1713.0,10,27.629032258064516,2025
2025_01_PIT_NYJ,NYJ,64,0.078125,0.375,0.21197511287386875,0.17033562458164134,2033.0,11,31.765625,2025
2025_01_PIT_NYJ,PIT,53,0.09433962264150944,0.6415094339622641,0.17033562458164134,0.21197511287386875,1474.0,11,27.81132075471698,2025
2025_01_SF_SEA,SEA,49,0.061224489795918366,0.46938775510204084,-0.265391186094444,0.11244347842868568,1246.0,10,25.428571428571427,2025
2025_01_SF_SEA,SF,70,0.0,0.5142857142857142,0.11244347842868568,-0.265391186094444,2229.0,11,31.84285714285714,2025
2025_01_TB_ATL,ATL,70,0.02857142857142857,0.6142857142857143,0.0551085821851325,0.11404061733898174,2059.0,10,29.414285714285715,2025
2025_01_TB_ATL,TB,55,0.12727272727272726,0.6,0.11404061733898174,0.0551085821851325,1440.0,10,26.181818181818183,2025
2025_01_TEN_DEN,DEN,69,0.043478260869565216,0.5942028985507246,-0.14790463857146785,-0.4102946305332314,1846.0,14,26.753623188405797,2025
2025_01_TEN_DEN,TEN,55,0.03636363636363636,0.6181818181818182,-0.4102946305332314,-0.14790463857146785,1580.0,14,28.727272727272727,2025
2025_02_ATL_MIN,ATL,62,0.08064516129032258,0.3870967741935484,-0.02861152864905705,-0.45022468701221624,2137.0,11,34.46774193548387,2025
2025_02_ATL_MIN,MIN,46,0.10869565217391304,0.5869565217391305,-0.45022468701221624,-0.02861152864905705,1347.0,10,29.282608695652176,2025
2025_02_BUF_NYJ,BUF,67,0.0,0.417910447761194,0.19778235719753628,-0.2953253710950093,2252.0,11,33.61194029850746,2025
2025_02_BUF_NYJ,NYJ,47,0.1276595744680851,0.5531914893617021,-0.2953253710950093,0.19778235719753628,1226.0,10,26.085106382978722,2025
2025_02_CAR_ARI,ARI,47,0.0425531914893617,0.5531914893617021,0.12701131969957394,-0.018261211651571223,1562.0,10,33.234042553191486,2025
2025_02_CAR_ARI,CAR,78,0.1794871794871795,0.7435897435897436,-0.018261211651571223,0.12701131969957394,1937.0,10,24.833333333333332,2025
2025_02_CHI_DET,CHI,64,0.203125,0.578125,-0.16596288634355005,0.4094902379067139,1715.0,13,26.796875,2025
2025_02_CHI_DET,DET,58,0.05172413793103448,0.4827586206896552,0.4094902379067139,-0.16596288634355005,1781.0,12,30.70689655172414,2025
2025_02_CLE_BAL,BAL,50,0.0,0.64,0.12490885511974023,-0.26294704133987706,1637.0,13,32.74,2025
2025_02_CLE_BAL,CLE,72,0.09722222222222222,0.6944444444444444,-0.26294704133987706,0.12490885511974023,1819.0,12,25.26388888888889,2025
2025_02_DEN_IND,DEN,54,0.2037037037037037,0.5555555555555556,0.1918209873637272,0.1501247065006962,1633.0,9,30.24074074074074,2025
2025_02_DEN_IND,IND,67,0.029850746268656716,0.5223880597014925,0.1501247065006962,0.1918209873637272,1887.0,10,28.16417910447761,2025
2025_02_JAX_CIN,CIN,65,0.015384615384615385,0.7384615384615385,-0.0071659925196110716,0.09293807758550672,1544.0,11,23.753846153846155,2025
2025_02_JAX_CIN,JAX,70,0.014285714285714285,0.6142857142857143,0.09293807758550672,-0.0071659925196110716,1935.0,12,27.642857142857142,2025
2025_02_LAC_LV,LAC,53,0.03773584905660377,0.5471698113207547,-0.020255894486862876,-0.3918832617330055,1638.0,11,30.90566037735849,2025
2025_02_LAC_LV,LV,65,0.07692307692307693,0.7076923076923077,-0.3918832617330055,-0.020255894486862876,1829.0,10,28.138461538461538,2025
2025_02_LA_TEN,LA,57,0.08771929824561403,0.5964912280701754,0.3434016010603085,-0.12371082812978232,1742.0,11,30.56140350877193,2025
2025_02_LA_TEN,TEN,64,0.1875,0.59375,-0.12371082812978232,0.3434016010603085,1741.0,11,27.203125,2025
2025_02_NE_MIA,MIA,52,0.1346153846153846,0.7115384615384616,0.16988271840078065,0.34392312032291567,1532.0,9,29.46153846153846,2025
2025_02_NE_MIA,NE,53,0.0,0.49056603773584906,0.34392312032291567,0.16988271840078065,1951.0,10,36.81132075471698,2025
2025_02_NYG_DAL,DAL,83,0.08433734939759036,0.6626506024096386,0.1336964227637165,0.221682736722675,2178.0,14,26.240963855421686,2025
2025_02_NYG_DAL,NYG,65,0.0,0.676923076923077,0.221682736722675,0.1336964227637165,1910.0,12,29.384615384615383,2025
2025_02_PHI_KC,KC,57,0.05263157894736842,0.543859649122807,-0.13529401133630306,-0.004139964306438791,1591.0,9,27.912280701754387,2025
2025_02_PHI_KC,PHI,56,0.17857142857142858,0.42857142857142855,-0.004139964306438791,-0.13529401133630306,1895.0,10,33.839285714285715,2025
2025_02_SEA_PIT,PIT,60,0.1,0.65,-0.19878858576852393,0.07425628441474218,1631.0,13,27.183333333333334,2025
2025_02_SEA_PIT,SEA,64,0.015625,0.546875,0.07425628441474218,-0.19878858576852393,1819.0,12,28.421875,2025
2025_02_SF_NO,NO,67,0.208955223880597,0.5522388059701493,-0.07787490714871895,0.047801000334729976,1700.0,11,25.37313432835821,2025
2025_02_SF_NO,SF,64,0.015625,0.640625,0.047801000334729976,-0.07787490714871895,1790.0,11,27.96875,2025
2025_02_TB_HOU,HOU,46,0.021739130434782608,0.6086956521739131,-0.06539168863077052,0.13463576223110796,1318.0,11,28.652173913043477,2025
2025_02_TB_HOU,TB,73,0.1095890410958904,0.589041095890411,0.13463576223110796,-0.06539168863077052,2160.0,10,29.589041095890412,2025
2025_02_WAS_GB,GB,61,0.06557377049180328,0.5409836065573771,0.16102400712476647,-0.1812928357066523,1887.0,12,30.934426229508198,2025
2025_02_WAS_GB,WAS,64,0.6875,0.703125,-0.1812928357066523,0.16102400712476647,1599.0,11,24.984375,2025
2025_03_ARI_SF,ARI,64,0.03125,0.5625,-0.011040268516559676,-0.05528022227968054,2009.0,10,31.390625,2025
2025_03_ARI_SF,SF,60,0.08333333333333333,0.6833333333333333,-0.05528022227968054,-0.011040268516559676,1463.0,10,24.383333333333333,2025
2025_03_ATL_CAR,ATL,66,0.22727272727272727,0.6515151515151515,-0.3391001895957404,-0.008956547344796546,1600.0,11,24.242424242424242,2025
2025_03_ATL_CAR,CAR,54,0.018518518518518517,0.46296296296296297,-0.008956547344796546,-0.3391001895957404,1882.0,10,34.851851851851855,2025
2025_03_CIN_MIN,CIN,52,0.0,0.5961538461538461,-0.7874375241005505,0.12105881499350823,1613.0,13,31.01923076923077,2025
2025_03_CIN_MIN,MIN,58,0.0,0.46551724137931033,0.12105881499350823,-0.7874375241005505,1810.0,14,31.20689655172414,2025
2025_03_DAL_CHI,CHI,55,0.05454545454545454,0.509090909090909,0.3017187412359374,-0.039522151250425616,1578.0,10,28.69090909090909,2025
2025_03_DAL_CHI,DAL,68,0.23529411764705882,0.7058823529411765,-0.039522151250425616,0.3017187412359374,1903.0,10,27.985294117647058,2025
2025_03_DEN_LAC,DEN,47,0.1276595744680851,0.574468085106383,-0.04619461549997296,-0.03864487916748578,1343.0,12,28.574468085106382,2025
2025_03_DEN_LAC,LAC,80,0.0375,0.65,-0.03864487916748578,-0.04619461549997296,2113.0,12,26.4125,2025
2025_03_DET_BAL,BAL,55,0.01818181818181818,0.6545454545454545,0.06822748655965248,0.39179975683166285,1556.0,10,28.29090909090909,2025
2025_03_DET_BAL,DET,65,0.015384615384615385,0.4307692307692308,0.39179975683166285,0.06822748655965248,1961.0,11,30.16923076923077,2025
2025_03_GB_CLE,CLE,56,0.07142857142857142,0.6607142857142857,-0.15162070701623168,-0.07903598365834229,1475.0,10,26.339285714285715,2025
2025_03_GB_CLE,GB,60,0.11666666666666667,0.5,-0.07903598365834229,-0.15162070701623168,1988.0,10,33.13333333333333,2025
2025_03_HOU_JAX,HOU,57,0.08771929824561403,0.6842105263157895,-0.20688742736184204,-0.16326414124613386,1619.0,13,28.403508771929825,2025
2025_03_HOU_JAX,JAX,65,0.03076923076923077,0.6461538461538462,-0.16326414124613386,-0.20688742736184204,1794.0,13,27.6,2025
2025_03_IND_TEN,IND,50,0.02,0.5,0.3936531533492063,-0.1724556131271189,1704.0,10,34.08,2025
2025_03_IND_TEN,TEN,65,0.16923076923076924,0.6461538461538462,-0.1724556131271189,0.3936531533492063,1834.0,9,28.215384615384615,2025
2025_03_KC_NYG,KC,64,0.0,0.609375,0.15135256593116517,-0.24985295008670985,1864.0,10,29.125,2025
2025_03_KC_NYG,NYG,61,0.09836065573770492,0.5573770491803278,-0.24985295008670985,0.15135256593116517,1635.0,9,26.80327868852459,2025
2025_03_LA_PHI,LA,65,0.1076923076923077,0.5230769230769231,-0.034832609048073275,0.01663911148849579,1726.0,11,26.553846153846155,2025
2025_03_LA_PHI,PHI,63,0.36507936507936506,0.5873015873015873,0.01663911148849579,-0.034832609048073275,1762.0,12,27.96825396825397,2025
2025_03_LV_WAS,LV,64,0.078125,0.546875,0.0449941284564411,0.2802268965676274,1838.0,12,28.71875,2025
2025_03_LV_WAS,WAS,53,0.5283018867924528,0.39622641509433965,0.2802268965676274,0.0449941284564411,1634.0,12,30.830188679245282,2025
2025_03_MIA_BUF,BUF,57,0.0,0.5263157894736842,0.2772775162637864,0.05354211520170793,1872.0,9,32.8421052631579,2025
2025_03_MIA_BUF,MIA,59,0.05084745762711865,0.576271186440678,0.05354211520170793,0.2772775162637864,1648.0,9,27.93220338983051,2025
2025_03_NO_SEA,NO,70,0.35714285714285715,0.6142857142857143,-0.11915033467639927,0.1411826581750243,1841.0,12,26.3,2025
2025_03_NO_SEA,SEA,53,0.018867924528301886,0.39622641509433965,0.1411826581750243,-0.11915033467639927,1624.0,12,30.641509433962263,2025
2025_03_NYJ_TB,NYJ,61,0.14754098360655737,0.639344262295082,-0.1851099196315639,0.017624620730731618,1602.0,12,26.262295081967213,2025
2025_03_NYJ_TB,TB,63,0.1111111111111111,0.47619047619047616,0.017624620730731618,-0.1851099196315639,1873.0,12,29.73015873015873,2025
2025_03_PIT_NE,NE,71,0.014084507042253521,0.5915492957746479,-0.15746352048861323,-0.05209427356084748,1952.0,9,27.492957746478872,2025
2025_03_PIT_NE,PIT,46,0.13043478260869565,0.5,-0.05209427356084748,-0.15746352048861323,1550.0,10,33.69565217391305,2025
2025_04_BAL_KC,BAL,53,0.11320754716981132,0.6792452830188679,-0.06252122664137569,0.2306042405934028,1468.0,10,27.69811320754717,2025
2025_04_BAL_KC,KC,68,0.014705882352941176,0.5588235294117647,0.2306042405934028,-0.06252122664137569,2063.0,10,30.33823529411765,2025
2025_04_CAR_NE,CAR,65,0.07692307692307693,0.5692307692307692,-0.024340105037695424,0.39204877451993525,2027.0,11,31.184615384615384,2025
2025_04_CAR_NE,NE,45,0.0,0.4222222222222222,0.39204877451993525,-0.024340105037695424,1449.0,11,32.2,2025
2025_04_CHI_LV,CHI,64,0.03125,0.609375,-0.12057133318733107,-0.19576072275759035,1933.0,11,30.203125,2025
2025_04_CHI_LV,LV,51,0.0784313725490196,0.39215686274509803,-0.19576072275759035,-0.12057133318733107,1539.0,11,30.176470588235293,2025
2025_04_CIN_DEN,CIN,42,0.023809523809523808,0.6666666666666666,-0.25636486359050425,0.22374861138304333,1232.0,10,29.333333333333332,2025
2025_04_CIN_DEN,DEN,77,0.05194805194805195,0.5454545454545454,0.22374861138304333,-0.25636486359050425,2241.0,10,29.103896103896105,2025
2025_04_CLE_DET,CLE,64,0.015625,0.59375,-0.3630427129297361,-0.12780117351946355,1798.0,14,28.09375,2025
2025_04_CLE_DET,DET,54,0.05555555555555555,0.5,-0.12780117351946355,-0.3630427129297361,1629.0,14,30.166666666666668,2025
2025_04_GB_DAL,DAL,67,0.04477611940298507,0.6119402985074627,0.3580656074350035,0.34132966512021595,2023.0,11,30.19402985074627,2025
2025_04_GB_DAL,GB,78,0.05128205128205128,0.5641025641025641,0.34132966512021595,0.3580656074350035,2095.0,11,26.858974358974358,2025
2025_04_IND_LA,IND,55,0.01818181818181818,0.6363636363636364,-0.09276769388046624,0.08156422649490969,1621.0,12,29.472727272727273,2025
2025_04_IND_LA,LA,67,0.13432835820895522,0.6417910447761194,0.08156422649490969,-0.09276769388046624,1846.0,12,27.55223880597015,2025
2025_04_JAX_SF,JAX,60,0.05,0.5166666666666667,0.07789484320528943,-0.06949312499371713,1899.0,12,31.65,2025
2025_04_JAX_SF,SF,64,0.015625,0.625,-0.06949312499371713,0.07789484320528943,1577.0,11,24.640625,2025
2025_04_LAC_NYG,LAC,57,0.05263157894736842,0.7543859649122807,-0.16701637772560413,-0.14530654333537846,1389.0,11,24.36842105263158,2025
2025_04_LAC_NYG,NYG,70,0.34285714285714286,0.38571428571428573,-0.14530654333537846,-0.16701637772560413,2034.0,11,29.057142857142857,2025
2025_04_MIN_PIT,MIN,72,0.08333333333333333,0.7222222222222222,0.04434651494090252,0.19872039256120266,1954.0,10,27.13888888888889,2025
2025_04_MIN_PIT,PIT,51,0.0392156862745098,0.47058823529411764,0.19872039256120266,0.04434651494090252,1543.0,11,30.254901960784313,2025
2025_04_NO_BUF,BUF,54,0.0,0.46296296296296297,0.19637072308012193,-0.09360413658291644,1819.0,11,33.68518518518518,2025
2025_04_NO_BUF,NO,66,0.21212121212121213,0.4696969696969697,-0.09360413658291644,0.19637072308012193,1661.0,10,25.166666666666668,2025
2025_04_NYJ_MIA,MIA,56,0.0,0.44642857142857145,0.1296868522222619,0.1588386564310765,1801.0,9,32.160714285714285,2025
2025_04_NYJ_MIA,NYJ,58,0.15517241379310345,0.5,0.1588386564310765,0.1296868522222619,1706.0,10,29.413793103448278,2025
2025_04_PHI_TB,PHI,58,0.1206896551724138,0.4482758620689655,-0.07388661178406931,-0.14611229033813666,1600.0,13,27.586206896551722,2025
2025_04_PHI_TB,TB,67,0.029850746268656716,0.6119402985074627,-0.14611229033813666,-0.07388661178406931,1846.0,14,27.55223880597015,2025
2025_04_SEA_ARI,ARI,64,0.265625,0.734375,-0.08130371034049266,0.05527675193449541,1583.0,12,24.734375,2025
2025_04_SEA_ARI,SEA,64,0.078125,0.453125,0.05527675193449541,-0.08130371034049266,1895.0,10,29.609375,2025
2025_04_TEN_HOU,HOU,66,0.09090909090909091,0.4696969696969697,0.14997043720635106,-0.33984141296230697,2259.0,9,34.22727272727273,2025
2025_04_TEN_HOU,TEN,45,0.1111111111111111,0.6,-0.33984141296230697,0.14997043720635106,1231.0,10,27.355555555555554,2025
2025_04_WAS_ATL,ATL,61,0.09836065573770492,0.4426229508196721,0.2673250416999427,0.1313126924813322,2021.0,10,33.131147540983605,2025
2025_04_WAS_ATL,WAS,51,0.6274509803921569,0.5686274509803921,0.1313126924813322,0.2673250416999427,1499.0,9,29.392156862745097,2025
2025_05_DAL_NYJ,DAL,56,0.05357142857142857,0.5357142857142857,0.3599104924790044,0.011919381357202824,1474.0,12,26.321428571428573,2025
2025_05_DAL_NYJ,NYJ,73,0.1506849315068493,0.7123287671232876,0.011919381357202824,0.3599104924790044,2008.0,12,27.506849315068493,2025
2025_05_DEN_PHI,DEN,71,0.14084507042253522,0.5915492957746479,0.0715268067741425,0.003161222405788644,1994.0,11,28.08450704225352,2025
2025_05_DEN_PHI,PHI,54,0.3333333333333333,0.8148148148148148,0.003161222405788644,0.0715268067741425,1453.0,12,26.90740740740741,2025
2025_05_DET_CIN,CIN,58,0.05172413793103448,0.7241379310344828,-0.1200700493598614,0.226807719230715,1467.0,12,25.29310344827586,2025
2025_05_DET_CIN,DET,59,0.03389830508474576,0.4745762711864407,0.226807719230715,-0.1200700493598614,2011.0,12,34.08474576271186,2025
2025_05_HOU_BAL,BAL,40,0.0,0.525,-0.33574280385889443,0.3914223138318197,1335.0,10,33.375,2025
2025_05_HOU_BAL,HOU,64,0.015625,0.515625,0.3914223138318197,-0.33574280385889443,2167.0,10,33.859375,2025
2025_05_KC_JAX,JAX,54,0.09259259259259259,0.5185185185185185,0.02829413494960063,0.1889954635324622,1637.0,10,30.314814814814813,2025
2025_05_KC_JAX,KC,63,0.0,0.6507936507936508,0.1889954635324622,0.02829413494960063,1867.0,10,29.634920634920636,2025
2025_05_LV_IND,IND,61,0.03278688524590164,0.5737704918032787,0.2768333146737995,-0.21280899116320012,1576.0,8,25.83606557377049,2025
2025_05_LV_IND,LV,65,0.046153846153846156,0.6153846153846154,-0.21280899116320012,0.2768333146737995,1955.0,9,30.076923076923077,2025
2025_05_MIA_CAR,CAR,62,0.0,0.5161290322580645,0.15926762393042973,0.095273431587789,1813.0,11,29.241935483870968,2025
2025_05_MIA_CAR,MIA,53,0.03773584905660377,0.7358490566037735,0.095273431587789,0.15926762393042973,1668.0,10,31.471698113207548,2025
2025_05_MIN_CLE,CLE,66,0.06060606060606061,0.5151515151515151,-0.011413968600349553,0.03647955072198828,1750.0,12,26.515151515151516,2025
2025_05_MIN_CLE,MIN,60,0.15,0.6333333333333333,0.03647955072198828,-0.011413968600349553,1698.0,12,28.3,2025
2025_05_NE_BUF,BUF,61,0.03278688524590164,0.5245901639344263,0.03892745436064732,0.061872875329927024,2028.0,10,33.24590163934426,2025
2025_05_NE_BUF,NE,56,0.0,0.6071428571428571,0.061872875329927024,0.03892745436064732,1476.0,10,26.357142857142858,2025
2025_05_NYG_NO,NO,61,0.13114754098360656,0.5245901639344263,0.048407695519188554,-0.2907236500295635,1648.0,11,27.016393442622952,2025
2025_05_NYG_NO,NYG,69,0.2463768115942029,0.5797101449275363,-0.2907236500295635,0.048407695519188554,1838.0,10,26.63768115942029,2025
2025_05_SF_LA,LA,63,0.12698412698412698,0.746031746031746,0.07494362587992895,0.12498951755959781,1538.0,10,24.41269841269841,2025
2025_05_SF_LA,SF,82,0.036585365853658534,0.5975609756097561,0.12498951755959781,0.07494362587992895,2350.0,11,28.658536585365855,2025
2025_05_TB_SEA,SEA,54,0.12962962962962962,0.6296296296296297,0.40564259705959244,0.39668352996929396,1584.0,10,29.333333333333332,2025
2025_05_TB_SEA,TB,58,0.017241379310344827,0.603448275862069,0.39668352996929396,0.40564259705959244,1955.0,10,33.706896551724135,2025
2025_05_TEN_ARI,ARI,64,0.015625,0.546875,-0.07426535388094635,-0.040184388989610034,1877.0,13,29.328125,2025
2025_05_TEN_ARI,TEN,61,0.13114754098360656,0.6721311475409836,-0.040184388989610034,-0.07426535388094635,1557.0,13,25.524590163934427,2025
2025_05_WAS_LAC,LAC,63,0.06349206349206349,0.5873015873015873,-0.14044467658160198,0.25499001840676383,2019.0,9,32.04761904761905,2025
2025_05_WAS_LAC,WAS,54,0.5555555555555556,0.48148148148148145,0.25499001840676383,-0.14044467658160198,1515.0,8,28.055555555555557,2025
2025_06_ARI_IND,ARI,70,0.04285714285714286,0.6571428571428571,0.08987307613540867,0.14932353989474517,1887.0,10,26.957142857142856,2025
2025_06_ARI_IND,IND,56,0.03571428571428571,0.5535714285714286,0.14932353989474517,0.08987307613540867,1632.0,10,29.142857142857142,2025
2025_06_BUF_ATL,ATL,65,0.1076923076923077,0.5230769230769231,0.06679594271918607,-0.11888455337019102,1838.0,12,28.276923076923076,2025
2025_06_BUF_ATL,BUF,54,0.05555555555555555,0.5555555555555556,-0.11888455337019102,0.06679594271918607,1624.0,11,30.074074074074073,2025
2025_06_CHI_WAS,CHI,59,0.01694915254237288,0.559322033898305,0.16552726067451567,-0.06369690371164834,1666.0,10,28.23728813559322,2025
2025_06_CHI_WAS,WAS,59,0.7457627118644068,0.4915254237288136,-0.06369690371164834,0.16552726067451567,1832.0,11,31.050847457627118,2025
2025_06_CIN_GB,CIN,61,0.08196721311475409,0.7377049180327869,0.09290518327846518,0.20802989668066227,1588.0,9,26.0327868852459,2025
2025_06_CIN_GB,GB,59,0.01694915254237288,0.4576271186440678,0.20802989668066227,0.09290518327846518,1926.0,9,32.644067796610166,2025
2025_06_CLE_PIT,CLE,75,0.18666666666666668,0.7733333333333333,-0.18536203440857055,0.13015411187084536,1616.0,9,21.546666666666667,2025
2025_06_CLE_PIT,PIT,55,0.07272727272727272,0.5454545454545454,0.13015411187084536,-0.18536203440857055,1871.0,9,34.018181818181816,2025
2025_06_DAL_CAR,CAR,62,0.04838709677419355,0.41935483870967744,0.1593848109816331,0.17961180428658052,1883.0,9,30.370967741935484,2025
2025_06_DAL_CAR,DAL,52,0.057692307692307696,0.6538461538461539,0.17961180428658052,0.1593848109816331,1626.0,9,31.26923076923077,2025
2025_06_DEN_NYJ,DEN,55,0.12727272727272726,0.5636363636363636,-0.08565105830495115,-0.42066146779731944,1778.0,12,32.32727272727273,2025
2025_06_DEN_NYJ,NYJ,57,0.05263157894736842,0.45614035087719296,-0.42066146779731944,-0.08565105830495115,1610.0,12,28.24561403508772,2025
2025_06_DET_KC,DET,53,0.03773584905660377,0.5660377358490566,0.11232516020075155,0.2675266565339692,1722.0,8,32.490566037735846,2025
2025_06_DET_KC,KC,58,0.034482758620689655,0.5689655172413793,0.2675266565339692,0.11232516020075155,1811.0,9,31.224137931034484,2025
2025_06_LAC_MIA,LAC,64,0.0,0.609375,0.10399103724870683,0.09100858336886261,2010.0,10,31.40625,2025
2025_06_LAC_MIA,MIA,56,0.03571428571428571,0.625,0.09100858336886261,0.10399103724870683,1487.0,11,26.553571428571427,2025
2025_06_LA_BAL,BAL,74,0.04054054054054054,0.5,-0.33207327289524907,-0.0331867793169627,2217.0,9,29.95945945945946,2025
2025_06_LA_BAL,LA,49,0.14285714285714285,0.5714285714285714,-0.0331867793169627,-0.33207327289524907,1280.0,10,26.122448979591837,2025
2025_06_NE_NO,NE,56,0.0,0.48214285714285715,0.1576491451476753,-0.04114743442538712,1864.0,9,33.285714285714285,2025
2025_06_NE_NO,NO,51,0.13725490196078433,0.5490196078431373,-0.04114743442538712,0.1576491451476753,1628.0,9,31.92156862745098,2025
2025_06_PHI_NYG,NYG,64,0.328125,0.4375,0.25234636336153926,-0.09667333842203421,1823.0,10,28.484375,2025
2025_06_PHI_NYG,PHI,56,0.32142857142857145,0.6428571428571429,-0.09667333842203421,0.25234636336153926,1664.0,10,29.714285714285715,2025
2025_06_SEA_JAX,JAX,68,0.16176470588235295,0.7205882352941176,-0.021846653996281398,0.051627135239407373,1920.0,12,28.235294117647058,2025
2025_06_SEA_JAX,SEA,51,0.0784313725490196,0.5490196078431373,0.051627135239407373,-0.021846653996281398,1522.0,12,29.84313725490196,2025
2025_06_SF_TB,SF,67,0.04477611940298507,0.6716417910447762,-0.08532056090353136,0.2943644298495219,1897.0,10,28.313432835820894,2025
2025_06_SF_TB,TB,50,0.02,0.48,0.2943644298495219,-0.08532056090353136,1602.0,11,32.04,2025
2025_06_TEN_LV,LV,54,0.018518518518518517,0.46296296296296297,-0.17984146129842535,-0.30766865473885463,1898.0,11,35.148148148148145,2025
2025_06_TEN_LV,TEN,58,0.1896551724137931,0.7413793103448276,-0.30766865473885463,-0.17984146129842535,1568.0,10,27.03448275862069,2025
2025_07_ATL_SF,ATL,60,0.016666666666666666,0.6666666666666666,-0.11414267221860112,0.03446365946299321,1607.0,9,26.783333333333335,2025
2025_07_ATL_SF,SF,64,0.0,0.421875,0.03446365946299321,-0.11414267221860112,1885.0,9,29.453125,2025
2025_07_CAR_NYJ,CAR,68,0.0,0.5,-0.06082142597444249,-0.25576603516145946,2039.0,11,29.985294117647058,2025
2025_07_CAR_NYJ,NYJ,60,0.03333333333333333,0.6666666666666666,-0.25576603516145946,-0.06082142597444249,1397.0,11,23.283333333333335,2025
2025_07_GB_ARI,ARI,70,0.04285714285714286,0.6,-0.0522111322400125,0.11762536637441785,2010.0,9,28.714285714285715,2025
2025_07_GB_ARI,GB,52,0.11538461538461539,0.5769230769230769,0.11762536637441785,-0.0522111322400125,1511.0,10,29.057692307692307,2025
2025_07_HOU_SEA,HOU,70,0.12857142857142856,0.7571428571428571,-0.31004925549555545,-0.2483187254177334,1560.0,15,22.285714285714285,2025
2025_07_HOU_SEA,SEA,65,0.046153846153846156,0.5230769230769231,-0.2483187254177334,-0.31004925549555545,1839.0,15,28.29230769230769,2025
2025_07_IND_LAC,IND,55,0.0,0.6363636363636364,0.43477880175474354,0.08745231141202288,1515.0,9,27.545454545454547,2025
2025_07_IND_LAC,LAC,74,0.0945945945945946,0.7837837837837838,0.08745231141202288,0.43477880175474354,2030.0,8,27.43243243243243,2025
2025_07_LA_JAX,JAX,74,0.22972972972972974,0.7432432432432432,-0.16017528308253737,0.12091618987876152,1625.0,11,21.95945945945946,2025
2025_07_LA_JAX,LA,58,0.05172413793103448,0.5689655172413793,0.12091618987876152,-0.16017528308253737,1811.0,12,31.224137931034484,2025
2025_07_LV_KC,KC,74,0.0,0.4864864864864865,0.22474235083627978,-0.6687030068550182,2490.0,9,33.648648648648646,2025
2025_07_LV_KC,LV,30,0.0,0.6333333333333333,-0.6687030068550182,0.22474235083627978,996.0,10,33.2,2025
2025_07_MIA_CLE,CLE,52,0.0,0.38461538461538464,-0.0790437820964866,-0.558327655649518,1848.0,12,35.53846153846154,2025
2025_07_MIA_CLE,MIA,57,0.017543859649122806,0.6140350877192983,-0.558327655649518,-0.0790437820964866,1615.0,12,28.333333333333332,2025
2025_07_NE_TEN,NE,62,0.016129032258064516,0.45161290322580644,0.2674770223241579,-0.28418670217351055,2198.0,10,35.45161290322581,2025
2025_07_NE_TEN,TEN,51,0.1568627450980392,0.7647058823529411,-0.28418670217351055,0.2674770223241579,1305.0,10,25.58823529411765,2025
2025_07_NO_CHI,CHI,65,0.046153846153846156,0.4153846153846154,0.09379912528868677,-0.29681739717672306,2124.0,12,32.676923076923075,2025
2025_07_NO_CHI,NO,53,0.22641509433962265,0.6792452830188679,-0.29681739717672306,0.09379912528868677,1342.0,11,25.32075471698113,2025
2025_07_NYG_DEN,DEN,77,0.14285714285714285,0.6883116883116883,0.08352498809297798,0.12273264830063231,1697.0,13,22.038961038961038,2025
2025_07_NYG_DEN,NYG,70,0.2571428571428571,0.5428571428571428,0.12273264830063231,0.08352498809297798,1753.0,12,25.042857142857144,2025
2025_07_PHI_MIN,MIN,67,0.13432835820895522,0.6567164179104478,-0.08892315779743928,0.28287289558438616,2001.0,10,29.865671641791046,2025
2025_07_PHI_MIN,PHI,48,0.08333333333333333,0.5416666666666666,0.28287289558438616,-0.08892315779743928,1499.0,10,31.229166666666668,2025
2025_07_PIT_CIN,CIN,69,0.0,0.7101449275362319,0.32944476488115476,0.36488681497630077,2031.0,10,29.434782608695652,2025
2025_07_PIT_CIN,PIT,54,0.14814814814814814,0.6296296296296297,0.36488681497630077,0.32944476488115476,1495.0,10,27.685185185185187,2025
2025_07_TB_DET,DET,65,0.06153846153846154,0.5076923076923077,-0.12031188230506579,-0.41947932219072487,1825.0,13,28.076923076923077,2025
2025_07_TB_DET,TB,66,0.09090909090909091,0.8333333333333334,-0.41947932219072487,-0.12031188230506579,1625.0,14,24.62121212121212,2025
2025_07_WAS_DAL,DAL,60,0.08333333333333333,0.5166666666666667,0.09817092506242014,-0.22131152660881342,1833.0,13,30.55,2025
2025_07_WAS_DAL,WAS,64,0.734375,0.5625,-0.22131152660881342,0.09817092506242014,1631.0,13,25.484375,2025
2025_08_BUF_CAR,BUF,60,0.016666666666666666,0.4166666666666667,0.3438355488205429,-0.3448128232429677,1977.0,10,32.95,2025
2025_08_BUF_CAR,CAR,59,0.13559322033898305,0.5254237288135594,-0.3448128232429677,0.3438355488205429,1515.0,11,25.677966101694917,2025
2025_08_CHI_BAL,BAL,59,0.03389830508474576,0.4067796610169492,0.21501733361346967,0.024400010712218322,1802.0,9,30.54237288135593,2025
2025_08_CHI_BAL,CHI,62,0.0967741935483871,0.6290322580645161,0.024400010712218322,0.21501733361346967,1724.0,9,27.806451612903224,2025
2025_08_CLE_NE,CLE,53,0.1509433962264151,0.6981132075471698,-0.3489714522845772,0.0732997381371432,1355.0,12,25.566037735849058,2025
2025_08_CLE_NE,NE,62,0.0,0.4838709677419355,0.0732997381371432,-0.3489714522845772,2119.0,13,34.17741935483871,2025
2025_08_DAL_DEN,DAL,68,0.11764705882352941,0.5441176470588235,0.056690743149447914,0.36623185623243476,1940.0,11,28.529411764705884,2025
2025_08_DAL_DEN,DEN,56,0.10714285714285714,0.5357142857142857,0.36623185623243476,0.056690743149447914,1545.0,12,27.589285714285715,2025
2025_08_GB_PIT,GB,63,0.031746031746031744,0.6031746031746031,0.32949494615055075,-0.15699676583711514,1866.0,12,29.61904761904762,2025
2025_08_GB_PIT,PIT,58,0.20689655172413793,0.6896551724137931,-0.15699676583711514,0.32949494615055075,1619.0,11,27.913793103448278,2025
2025_08_MIA_ATL,ATL,48,0.22916666666666666,0.6666666666666666,-0.34104173670715415,0.14265521886032412,1256.0,11,26.166666666666668,2025
2025_08_MIA_ATL,MIA,65,0.0,0.4307692307692308,0.14265521886032412,-0.34104173670715415,2230.0,10,34.30769230769231,2025
2025_08_MIN_LAC,LAC,70,0.02857142857142857,0.38571428571428573,0.20368281297564736,-0.4242375427816471,2324.0,9,33.2,2025
2025_08_MIN_LAC,MIN,47,0.10638297872340426,0.7659574468085106,-0.4242375427816471,0.20368281297564736,1201.0,10,25.5531914893617,2025
2025_08_NYG_PHI,NYG,49,0.22448979591836735,0.5918367346938775,0.09014255693196387,0.4562564310064932,1543.0,9,31.489795918367346,2025
2025_08_NYG_PHI,PHI,54,0.09259259259259259,0.4444444444444444,0.4562564310064932,0.09014255693196387,1979.0,9,36.648148148148145,2025
2025_08_NYJ_CIN,CIN,58,0.017241379310344827,0.603448275862069,0.2645132378994239,0.3412436376629537,1532.0,10,26.413793103448278,2025
2025_08_NYJ_CIN,NYJ,70,0.04285714285714286,0.4714285714285714,0.3412436376629537,0.2645132378994239,1989.0,11,28.414285714285715,2025
2025_08_SF_HOU,HOU,74,0.013513513513513514,0.527027027027027,0.23502567702044333,-0.04005459639431081,2439.0,10,32.95945945945946,2025
2025_08_SF_HOU,SF,45,0.1111111111111111,0.7777777777777778,-0.04005459639431081,0.23502567702044333,1062.0,9,23.6,2025
2025_08_TB_NO,NO,70,0.21428571428571427,0.7857142857142857,-0.4726712227326961,-0.14794995938809855,1556.0,11,22.228571428571428,2025
2025_08_TB_NO,TB,56,0.0,0.48214285714285715,-0.14794995938809855,-0.4726712227326961,1919.0,11,34.267857142857146,2025
2025_08_TEN_IND,IND,52,0.019230769230769232,0.6538461538461539,0.3815471290843497,-0.08746747893923329,1504.0,11,28.923076923076923,2025
2025_08_TEN_IND,TEN,66,0.030303030303030304,0.6212121212121212,-0.08746747893923329,0.3815471290843497,1998.0,11,30.272727272727273,2025
2025_08_WAS_KC,KC,66,0.015151515151515152,0.5606060606060606,0.2507716672817795,-0.18105482519828142,2003.0,9,30.348484848484848,2025
2025_08_WAS_KC,WAS,52,0.8076923076923077,0.6153846153846154,-0.18105482519828142,0.2507716672817795,1499.0,8,28.826923076923077,2025
2025_09_ARI_DAL,ARI,63,0.0,0.5714285714285714,0.11332130881309921,-0.11113330770290628,1966.0,10,31.206349206349206,2025
2025_09_ARI_DAL,DAL,64,0.21875,0.671875,-0.11113330770290628,0.11332130881309921,1543.0,10,24.109375,2025
2025_09_ATL_NE,ATL,54,0.09259259259259259,0.7037037037037037,0.06972141226584215,0.013419395030301828,1502.0,10,27.814814814814813,2025
2025_09_ATL_NE,NE,65,0.015384615384615385,0.5384615384615384,0.013419395030301828,0.06972141226584215,1981.0,11,30.476923076923075,2025
2025_09_BAL_MIA,BAL,54,0.018518518518518517,0.46296296296296297,0.21235004634945653,-0.20004813488724682,1839.0,11,34.05555555555556,2025
2025_09_BAL_MIA,MIA,61,0.04918032786885246,0.6721311475409836,-0.20004813488724682,0.21235004634945653,1617.0,11,26.508196721311474,2025
2025_09_CAR_GB,CAR,54,0.018518518518518517,0.3888888888888889,0.09463535318914694,0.042524528103241595,1756.0,7,32.51851851851852,2025
2025_09_CAR_GB,GB,63,0.1746031746031746,0.6031746031746031,0.042524528103241595,0.09463535318914694,1759.0,8,27.92063492063492,2025
2025_09_CHI_CIN,CHI,77,0.03896103896103896,0.5194805194805194,0.4531389842597489,0.2308691931862506,2033.0,12,26.4025974025974,2025
2025_09_CHI_CIN,CIN,65,0.046153846153846156,0.7846153846153846,0.2308691931862506,0.4531389842597489,1494.0,13,22.984615384615385,2025
2025_09_DEN_HOU,DEN,62,0.06451612903225806,0.6290322580645161,-0.09000114324388302,-0.14950094418954218,1424.0,13,22.967741935483872,2025
2025_09_DEN_HOU,HOU,72,0.013888888888888888,0.6111111111111112,-0.14950094418954218,-0.09000114324388302,1981.0,15,27.51388888888889,2025
2025_09_IND_PIT,IND,73,0.1232876712328767,0.7397260273972602,-0.12281911859057469,-0.1134796960845264,1846.0,11,25.28767123287671,2025
2025_09_IND_PIT,PIT,60,0.1,0.6333333333333333,-0.1134796960845264,-0.12281911859057469,1613.0,13,26.883333333333333,2025
2025_09_JAX_LV,JAX,76,0.05263157894736842,0.4473684210526316,0.15706824798076882,0.1389007410609467,2549.0,9,33.53947368421053,2025
2025_09_JAX_LV,LV,61,0.08196721311475409,0.6885245901639344,0.1389007410609467,0.15706824798076882,1569.0,9,25.721311475409838,2025
2025_09_KC_BUF,BUF,63,0.1111111111111111,0.4603174603174603,0.23137387021057962,0.03537957011217095,2044.0,10,32.44444444444444,2025
2025_09_KC_BUF,KC,58,0.034482758620689655,0.6551724137931034,0.03537957011217095,0.23137387021057962,1468.0,10,25.310344827586206,2025
2025_09_LAC_TEN,LAC,64,0.015625,0.546875,0.08430029829409308,-0.17723924175599148,1996.0,11,31.1875,2025
2025_09_LAC_TEN,TEN,44,0.045454545454545456,0.5681818181818182,-0.17723924175599148,0.08430029829409308,1477.0,11,33.56818181818182,2025
2025_09_MIN_DET,DET,62,0.0967741935483871,0.6774193548387096,-0.007077456632856924,-0.021526931048336046,1798.0,11,29.0,2025
2025_09_MIN_DET,MIN,55,0.0,0.5454545454545454,-0.021526931048336046,-0.007077456632856924,1671.0,12,30.381818181818183,2025
2025_09_NO_LA,LA,73,0.0547945205479452,0.4657534246575342,0.26580770541852994,-0.32076716913770026,2600.0,10,35.61643835616438,2025
2025_09_NO_LA,NO,39,0.1794871794871795,0.6410256410256411,-0.32076716913770026,0.26580770541852994,907.0,9,23.256410256410255,2025
2025_09_SEA_WAS,SEA,48,0.08333333333333333,0.5,0.4484156475213809,-0.01966609920735561,1600.0,10,33.333333333333336,2025
2025_09_SEA_WAS,WAS,62,0.6451612903225806,0.41935483870967744,-0.01966609920735561,0.4484156475213809,1910.0,10,30.806451612903224,2025
2025_09_SF_NYG,NYG,56,0.42857142857142855,0.625,0.17014770252894712,0.32996125118861946,1552.0,10,27.714285714285715,2025
2025_09_SF_NYG,SF,63,0.09523809523809523,0.4126984126984127,0.32996125118861946,0.17014770252894712,1943.0,11,30.841269841269842,2025
2025_10_ARI_SEA,ARI,74,0.21621621621621623,0.6891891891891891,-0.21090279241203252,0.0737041313480599,1521.0,12,20.554054054054053,2025
2025_10_ARI_SEA,SEA,54,0.018518518518518517,0.24074074074074073,0.0737041313480599,-0.21090279241203252,1957.0,13,36.24074074074074,2025
2025_10_ATL_IND,ATL,60,0.25,0.5333333333333333,-0.06675310395738128,0.15098934089260876,1474.0,13,24.566666666666666,2025
2025_10_ATL_IND,IND,75,0.05333333333333334,0.4533333333333333,0.15098934089260876,-0.06675310395738128,2371.0,12,31.613333333333333,2025
2025_10_BAL_MIN,BAL,66,0.015151515151515152,0.4696969696969697,-0.00400364339518858,-0.16057756580649468,1895.0,13,28.71212121212121,2025
2025_10_BAL_MIN,MIN,62,0.11290322580645161,0.7096774193548387,-0.16057756580649468,-0.00400364339518858,1568.0,13,25.29032258064516,2025
2025_10_BUF_MIA,BUF,66,0.10606060606060606,0.6666666666666666,-0.0736375961853544,0.3123163272150317,1783.0,11,27.015151515151516,2025
2025_10_BUF_MIA,MIA,51,0.0,0.4117647058823529,0.3123163272150317,-0.0736375961853544,1662.0,11,32.588235294117645,2025
2025_10_CLE_NYJ,CLE,70,0.14285714285714285,0.5428571428571428,-0.0823937505071805,-0.29455701669196743,1952.0,12,27.885714285714286,2025
2025_10_CLE_NYJ,NYJ,45,0.0,0.3111111111111111,-0.29455701669196743,-0.0823937505071805,1498.0,12,33.28888888888889,2025
2025_10_DET_WAS,DET,67,0.04477611940298507,0.5223880597014925,0.48215813061704427,0.17317353615379832,1946.0,9,29.044776119402986,2025
2025_10_DET_WAS,WAS,52,0.7692307692307693,0.4807692307692308,0.17317353615379832,0.48215813061704427,1597.0,9,30.71153846153846,2025
2025_10_JAX_HOU,HOU,72,0.027777777777777776,0.6805555555555556,0.07360694387817786,-0.2355685361521062,1800.0,12,25.0,2025
2025_10_JAX_HOU,JAX,56,0.017857142857142856,0.5178571428571429,-0.2355685361521062,0.07360694387817786,1686.0,11,30.107142857142858,2025
2025_10_LA_SF,LA,64,0.0625,0.578125,0.4108707699297156,0.12663357083177285,1919.0,10,29.984375,2025
2025_10_LA_SF,SF,61,0.06557377049180328,0.6557377049180327,0.12663357083177285,0.4108707699297156,1609.0,9,26.37704918032787,2025
2025_10_LV_DEN,DEN,55,0.09090909090909091,0.5454545454545454,-0.2522768672431431,-0.39005505442955796,1757.0,13,31.945454545454545,2025
2025_10_LV_DEN,LV,58,0.0,0.5689655172413793,-0.39005505442955796,-0.2522768672431431,1658.0,13,28.586206896551722,2025
2025_10_NE_TB,NE,58,0.017241379310344827,0.5517241379310345,0.17789473459285138,0.044337669336884676,1600.0,12,27.586206896551722,2025
2025_10_NE_TB,TB,67,0.014925373134328358,0.6716417910447762,0.044337669336884676,0.17789473459285138,1882.0,11,28.08955223880597,2025
2025_10_NO_CAR,CAR,50,0.04,0.54,-0.41942340922414667,0.16176368779471467,1529.0,10,30.58,2025
2025_10_NO_CAR,NO,64,0.140625,0.46875,0.16176368779471467,-0.41942340922414667,1957.0,9,30.578125,2025
2025_10_NYG_CHI,CHI,62,0.12903225806451613,0.5806451612903226,0.026302652246660178,0.0047921175323133195,1669.0,12,26.919354838709676,2025
2025_10_NYG_CHI,NYG,70,0.17142857142857143,0.5714285714285714,0.0047921175323133195,0.026302652246660178,1821.0,11,26.014285714285716,2025
2025_10_PHI_GB,GB,65,0.18461538461538463,0.5846153846153846,-0.17316197424657584,-0.07821261090718393,1611.0,10,24.784615384615385,2025
2025_10_PHI_GB,PHI,60,0.08333333333333333,0.43333333333333335,-0.07821261090718393,-0.17316197424657584,1851.0,10,30.85,2025
2025_10_PIT_LAC,LAC,68,0.029411764705882353,0.5588235294117647,-0.08252314845889028,-0.37660531342131115,2189.0,13,32.19117647058823,2025
2025_10_PIT_LAC,PIT,50,0.1,0.68,-0.37660531342131115,-0.08252314845889028,1279.0,12,25.58,2025
2025_11_BAL_CLE,BAL,58,0.034482758620689655,0.5172413793103449,-0.0883295588667408,-0.40910965357742174,1914.0,12,33.0,2025
2025_11_BAL_CLE,CLE,54,0.09259259259259259,0.5370370370370371,-0.40910965357742174,-0.0883295588667408,1511.0,13,27.98148148148148,2025
2025_11_CAR_ATL,ATL,58,0.3103448275862069,0.5172413793103449,0.12681769830328793,0.12748949193676204,1596.0,13,27.517241379310345,2025
2025_11_CAR_ATL,CAR,76,0.02631578947368421,0.6842105263157895,0.12748949193676204,0.12681769830328793,2173.0,12,28.592105263157894,2025
2025_11_CHI_MIN,CHI,73,0.0273972602739726,0.4657534246575342,-0.04758441524946868,-0.19253063808414522,2136.0,12,29.26027397260274,2025
2025_11_CHI_MIN,MIN,54,0.12962962962962962,0.5925925925925926,-0.19253063808414522,-0.04758441524946868,1301.0,13,24.09259259259259,2025
2025_11_CIN_PIT,CIN,63,0.07936507936507936,0.6507936507936508,-0.236713407700129,0.19927468115696842,1718.0,10,27.26984126984127,2025
2025_11_CIN_PIT,PIT,59,0.06779661016949153,0.5423728813559322,0.19927468115696842,-0.236713407700129,1770.0,10,30.0,2025
2025_11_DAL_LV,DAL,61,0.06557377049180328,0.5573770491803278,0.13367651452533807,-0.21752597249338235,1972.0,10,32.32786885245902,2025
2025_11_DAL_LV,LV,57,0.05263157894736842,0.8070175438596491,-0.21752597249338235,0.13367651452533807,1523.0,11,26.719298245614034,2025
2025_11_DET_PHI,DET,59,0.03389830508474576,0.6610169491525424,-0.400764525954852,-0.2294467512284283,1365.0,13,23.135593220338983,2025
2025_11_DET_PHI,PHI,68,0.07352941176470588,0.4264705882352941,-0.2294467512284283,-0.400764525954852,2065.0,13,30.36764705882353,2025
2025_11_GB_NYG,GB,52,0.038461538461538464,0.5576923076923077,0.34961347964389894,0.15184396263408845,1410.0,8,27.115384615384617,2025
2025_11_GB_NYG,NYG,68,0.3235294117647059,0.45588235294117646,0.15184396263408845,0.34961347964389894,2093.0,10,30.779411764705884,2025
2025_11_HOU_TEN,HOU,68,0.014705882352941176,0.6617647058823529,-0.06645278294729758,-0.11977042686512421,1802.0,11,26.5,2025
2025_11_HOU_TEN,TEN,57,0.05263157894736842,0.7017543859649122,-0.11977042686512421,-0.06645278294729758,1662.0,11,29.157894736842106,2025
2025_11_KC_DEN,DEN,60,0.16666666666666666,0.6666666666666666,0.032746005734641585,0.04535642096272473,1719.0,10,28.65,2025
2025_11_KC_DEN,KC,62,0.016129032258064516,0.7741935483870968,0.04535642096272473,0.032746005734641585,1757.0,10,28.338709677419356,2025
2025_11_LAC_JAX,JAX,69,0.028985507246376812,0.3188405797101449,0.07959256080473584,-0.5113474807938482,2243.0,10,32.507246376811594,2025
2025_11_LAC_JAX,LAC,45,0.1111111111111111,0.6444444444444445,-0.5113474807938482,0.07959256080473584,1239.0,9,27.533333333333335,2025
2025_11_NYJ_NE,NE,60,0.0,0.5833333333333334,0.16685830179392713,-0.08509738697760265,1875.0,10,31.25,2025
2025_11_NYJ_NE,NYJ,57,0.12280701754385964,0.5087719298245614,-0.08509738697760265,0.16685830179392713,1635.0,9,28.68421052631579,2025
2025_11_SEA_LA,LA,50,0.08,0.56,-0.17388195808161983,-0.19965516479720194,1263.0,12,25.26,2025
2025_11_SEA_LA,SEA,79,0.20253164556962025,0.5569620253164557,-0.19965516479720194,-0.17388195808161983,2196.0,12,27.79746835443038,2025
2025_11_SF_ARI,ARI,73,0.2328767123287671,0.7945205479452054,0.061462755207460015,0.19118915616353555,1973.0,11,27.027397260273972,2025
2025_11_SF_ARI,SF,50,0.0,0.56,0.19118915616353555,0.061462755207460015,1494.0,12,29.88,2025
2025_11_TB_BUF,BUF,54,0.037037037037037035,0.5740740740740741,0.24343949035189907,0.05390374443740425,1449.0,11,26.833333333333332,2025
2025_11_TB_BUF,TB,69,0.043478260869565216,0.4492753623188406,0.05390374443740425,0.24343949035189907,2042.0,13,29.594202898550726,2025
2025_11_WAS_MIA,MIA,54,0.0,0.42592592592592593,-0.019850018187706958,0.07062747970214588,1756.0,9,32.51851851851852,2025
2025_11_WAS_MIA,WAS,64,0.65625,0.484375,0.07062747970214588,-0.019850018187706958,1922.0,8,30.03125,2025
2025_12_ATL_NO,ATL,54,0.05555555555555555,0.46296296296296297,-0.11221282572562646,-0.27482358596316864,1553.0,12,28.75925925925926,2025
2025_12_ATL_NO,NO,78,0.28205128205128205,0.6410256410256411,-0.27482358596316864,-0.11221282572562646,1902.0,11,24.384615384615383,2025
2025_12_BUF_HOU,BUF,65,0.06153846153846154,0.6461538461538462,-0.16421365248832998,-0.06426352002561553,1870.0,12,28.76923076923077,2025
2025_12_BUF_HOU,HOU,55,0.03636363636363636,0.5454545454545454,-0.06426352002561553,-0.16421365248832998,1582.0,12,28.763636363636362,2025
2025_12_CAR_SF,CAR,44,0.045454545454545456,0.7045454545454546,-0.20065023830438192,-0.0013478750223231515,1277.0,9,29.022727272727273,2025
2025_12_CAR_SF,SF,68,0.0,0.47058823529411764,-0.0013478750223231515,-0.20065023830438192,2215.0,10,32.5735294117647,2025
2025_12_CLE_LV,CLE,47,0.0,0.44680851063829785,-0.21827911542994152,-0.3811776929274506,1301.0,15,27.680851063829788,2025
2025_12_CLE_LV,LV,75,0.12,0.72,-0.3811776929274506,-0.21827911542994152,2083.0,15,27.773333333333333,2025
2025_12_IND_KC,IND,49,0.0,0.6326530612244898,-0.004252268632973299,0.013962667228276833,1462.0,11,29.836734693877553,2025
2025_12_IND_KC,KC,92,0.03260869565217391,0.5543478260869565,0.013962667228276833,-0.004252268632973299,2489.0,11,27.054347826086957,2025
2025_12_JAX_ARI,ARI,76,0.05263157894736842,0.7368421052631579,-0.1469523248096587,-0.18808638796123014,2152.0,13,28.31578947368421,2025
2025_12_JAX_ARI,JAX,60,0.03333333333333333,0.55,-0.18808638796123014,-0.1469523248096587,1643.0,14,27.383333333333333,2025
2025_12_MIN_GB,GB,63,0.09523809523809523,0.36507936507936506,0.024495087762468365,-0.42938007633339015,2174.0,11,34.507936507936506,2025
2025_12_MIN_GB,MIN,44,0.13636363636363635,0.5454545454545454,-0.42938007633339015,0.024495087762468365,1296.0,9,29.454545454545453,2025
2025_12_NE_CIN,CIN,61,0.03278688524590164,0.6229508196721312,-0.19337428153972736,0.003567308900269411,1544.0,11,25.311475409836067,2025
2025_12_NE_CIN,NE,66,0.030303030303030304,0.5454545454545454,0.003567308900269411,-0.19337428153972736,1941.0,11,29.40909090909091,2025
2025_12_NYG_DET,DET,63,0.09523809523809523,0.6825396825396826,0.14838901343405755,0.11667236768513446,1659.0,13,26.333333333333332,2025
2025_12_NYG_DET,NYG,76,0.15789473684210525,0.5,0.11667236768513446,0.14838901343405755,2172.0,12,28.57894736842105,2025
2025_12_NYJ_BAL,BAL,56,0.0,0.42857142857142855,-0.049538823772300976,-0.17015552693500374,1837.0,11,32.80357142857143,2025
2025_12_NYJ_BAL,NYJ,57,0.10526315789473684,0.543859649122807,-0.17015552693500374,-0.049538823772300976,1629.0,10,28.57894736842105,2025
2025_12_PHI_DAL,DAL,65,0.07692307692307693,0.5538461538461539,-0.021556584924375653,0.06195237126258659,1674.0,12,25.753846153846155,2025
2025_12_PHI_DAL,PHI,58,0.20689655172413793,0.6896551724137931,0.06195237126258659,-0.021556584924375653,1782.0,11,30.724137931034484,2025
2025_12_PIT_CHI,CHI,59,0.0,0.5932203389830508,0.01378506184961941,0.0010508614814961734,1543.0,12,26.152542372881356,2025
2025_12_PIT_CHI,PIT,69,0.14492753623188406,0.4782608695652174,0.0010508614814961734,0.01378506184961941,1936.0,11,28.057971014492754,2025
2025_12_SEA_TEN,SEA,46,0.043478260869565216,0.5869565217391305,0.29043922414280715,-0.0052869024993849245,1309.0,10,28.456521739130434,2025
2025_12_SEA_TEN,TEN,68,0.10294117647058823,0.6764705882352942,-0.0052869024993849245,0.29043922414280715,2197.0,9,32.30882352941177,2025
2025_12_TB_LA,LA,55,0.09090909090909091,0.6545454545454545,0.09561116587422915,-0.42991774065989946,1650.0,10,30.0,2025
2025_12_TB_LA,TB,67,0.04477611940298507,0.5671641791044776,-0.42991774065989946,0.09561116587422915,1845.0,11,27.53731343283582,2025
2025_13_ARI_TB,ARI,60,0.15,0.6833333333333333,-0.0263044622938843,0.062032397961881446,1724.0,10,28.733333333333334,2025
2025_13_ARI_TB,TB,54,0.018518518518518517,0.5555555555555556,0.062032397961881446,-0.0263044622938843,1776.0,10,32.888888888888886,2025
2025_13_ATL_NYJ,ATL,67,0.029850746268656716,0.5223880597014925,0.17422654433470755,0.009249043064762529,1918.0,11,28.62686567164179,2025
2025_13_ATL_NYJ,NYJ,62,0.016129032258064516,0.5645161290322581,0.009249043064762529,0.17422654433470755,1548.0,13,24.967741935483872,2025
2025_13_BUF_PIT,BUF,74,0.05405405405405406,0.3108108108108108,0.10006494115789154,-0.4242491542746118,2479.0,9,33.5,2025
2025_13_BUF_PIT,PIT,43,0.11627906976744186,0.5813953488372093,-0.4242491542746118,0.10006494115789154,1007.0,10,23.41860465116279,2025
2025_13_CHI_PHI,CHI,84,0.011904761904761904,0.4523809523809524,0.04194522476468253,-0.03649872552729946,2305.0,12,27.44047619047619,2025
2025_13_CHI_PHI,PHI,50,0.26,0.66,-0.03649872552729946,0.04194522476468253,1171.0,11,23.42,2025
2025_13_CIN_BAL,BAL,56,0.05357142857142857,0.625,-0.34010369241566096,-0.002346606773383658,1193.0,13,21.303571428571427,2025
2025_13_CIN_BAL,CIN,80,0.0125,0.5875,-0.002346606773383658,-0.34010369241566096,2275.0,12,28.4375,2025
2025_13_DEN_WAS,DEN,69,0.17391304347826086,0.6666666666666666,0.1828667050081609,0.07272244522995129,1887.0,10,27.347826086956523,2025
2025_13_DEN_WAS,WAS,85,0.8,0.6235294117647059,0.07272244522995129,0.1828667050081609,2029.0,11,23.870588235294118,2025
2025_13_GB_DET,DET,60,0.08333333333333333,0.5,0.03874003898290967,0.28877528950808073,1835.0,8,30.583333333333332,2025
2025_13_GB_DET,GB,57,0.07017543859649122,0.5263157894736842,0.28877528950808073,0.03874003898290967,1687.0,9,29.596491228070175,2025
2025_13_HOU_IND,HOU,71,0.028169014084507043,0.5211267605633803,0.01109385885316322,-0.11632910457837053,2055.0,10,28.943661971830984,2025
2025_13_HOU_IND,IND,51,0.0392156862745098,0.5490196078431373,-0.11632910457837053,0.01109385885316322,1446.0,9,28.352941176470587,2025
2025_13_JAX_TEN,JAX,54,0.018518518518518517,0.5555555555555556,-0.0062680898063936855,-0.42417983943685056,1816.0,12,33.629629629629626,2025
2025_13_JAX_TEN,TEN,55,0.2,0.7454545454545455,-0.42417983943685056,-0.0062680898063936855,1635.0,11,29.727272727272727,2025
2025_13_KC_DAL,DAL,62,0.03225806451612903,0.6290322580645161,0.21834241261353415,0.24995369634610445,1807.0,10,29.14516129032258,2025
2025_13_KC_DAL,KC,60,0.03333333333333333,0.6166666666666667,0.24995369634610445,0.21834241261353415,1709.0,9,28.483333333333334,2025
2025_13_LA_CAR,CAR,59,0.03389830508474576,0.3728813559322034,0.2375984378085488,0.13982017444446682,2090.0,9,35.42372881355932,2025
2025_13_LA_CAR,LA,50,0.0,0.6,0.13982017444446682,0.2375984378085488,1432.0,9,28.64,2025
2025_13_LV_LAC,LAC,65,0.015384615384615385,0.36923076923076925,0.13819391088970215,-0.33158825984638596,2113.0,10,32.50769230769231,2025
2025_13_LV_LAC,LV,45,0.08888888888888889,0.6222222222222222,-0.33158825984638596,0.13819391088970215,1382.0,10,30.711111111111112,2025
2025_13_MIN_SEA,MIN,49,0.061224489795918366,0.6938775510204082,-0.7026966656261238,-0.1778850900669003,1424.0,13,29.06122448979592,2025
2025_13_MIN_SEA,SEA,62,0.0967741935483871,0.4838709677419355,-0.1778850900669003,-0.7026966656261238,2006.0,11,32.354838709677416,2025
2025_13_NO_MIA,MIA,56,0.0,0.4642857142857143,-0.13490428110554617,-0.16475911940846216,1752.0,13,31.285714285714285,2025
2025_13_NO_MIA,NO,71,0.28169014084507044,0.6056338028169014,-0.16475911940846216,-0.13490428110554617,1715.0,12,24.154929577464788,2025
2025_13_NYG_NE,NE,61,0.03278688524590164,0.5573770491803278,0.16901200826397503,-0.10817574793003776,1979.0,11,32.442622950819676,2025
2025_13_NYG_NE,NYG,54,0.2777777777777778,0.5,-0.10817574793003776,0.16901200826397503,1525.0,10,28.24074074074074,2025
2025_13_SF_CLE,CLE,61,0.11475409836065574,0.47540983606557374,-0.19539794753917078,0.008921418854560902,1720.0,9,28.19672131147541,2025
2025_13_SF_CLE,SF,64,0.0,0.5,0.008921418854560902,-0.19539794753917078,1762.0,11,27.53125,2025
2025_14_CHI_GB,CHI,69,0.014492753623188406,0.5217391304347826,0.10808021202559331,0.23984333820294076,1960.0,9,28.405797101449274,2025
2025_14_CHI_GB,GB,51,0.09803921568627451,0.5098039215686274,0.23984333820294076,0.10808021202559331,1553.0,9,30.45098039215686,2025
2025_14_CIN_BUF,BUF,58,0.06896551724137931,0.5517241379310345,0.2549044671400213,0.1188889532990819,1884.0,10,32.48275862068966,2025
2025_14_CIN_BUF,CIN,57,0.03508771929824561,0.6666666666666666,0.1188889532990819,0.2549044671400213,1650.0,9,28.94736842105263,2025
2025_14_DAL_DET,DAL,77,0.12987012987012986,0.6883116883116883,-0.013462049760708176,0.3332461341799719,1817.0,11,23.5974025974026,2025
2025_14_DAL_DET,DET,55,0.03636363636363636,0.6363636363636364,0.3332461341799719,-0.013462049760708176,1679.0,12,30.527272727272727,2025
2025_14_DEN_LV,DEN,72,0.09722222222222222,0.5694444444444444,0.15527519608085547,-0.05384815394599233,2321.0,8,32.236111111111114,2025
2025_14_DEN_LV,LV,47,0.19148936170212766,0.7446808510638298,-0.05384815394599233,0.15527519608085547,1211.0,8,25.76595744680851,2025
2025_14_HOU_KC,HOU,65,0.015384615384615385,0.5230769230769231,-0.07540147642134276,-0.2928953694636975,1833.0,13,28.2,2025
2025_14_HOU_KC,KC,63,0.0,0.5396825396825397,-0.2928953694636975,-0.07540147642134276,1611.0,13,25.571428571428573,2025
2025_14_IND_JAX,IND,63,0.12698412698412698,0.6031746031746031,-0.18852082875255344,0.09141080124428921,1725.0,12,27.38095238095238,2025
2025_14_IND_JAX,JAX,60,0.05,0.5166666666666667,0.09141080124428921,-0.18852082875255344,1753.0,12,29.216666666666665,2025
2025_14_LA_ARI,ARI,61,0.21311475409836064,0.7704918032786885,-0.0618625542034183,0.4385575391242012,1412.0,11,23.147540983606557,2025
2025_14_LA_ARI,LA,64,0.046875,0.484375,0.4385575391242012,-0.0618625542034183,2071.0,11,32.359375,2025
2025_14_MIA_NYJ,MIA,61,0.0,0.36065573770491804,0.20675522446731306,-0.45283942731835725,2092.0,13,34.295081967213115,2025
2025_14_MIA_NYJ,NYJ,57,0.15789473684210525,0.7017543859649122,-0.45283942731835725,0.20675522446731306,1342.0,13,23.54385964912281,2025
2025_14_NO_TB,NO,53,0.1509433962264151,0.4339622641509434,0.018192071700584022,-0.1783482840616037,1618.0,11,30.528301886792452,2025
2025_14_NO_TB,TB,69,0.10144927536231885,0.43478260869565216,-0.1783482840616037,0.018192071700584022,1883.0,11,27.28985507246377,2025
2025_14_PHI_LAC,LAC,71,0.07042253521126761,0.4647887323943662,-0.2722896922987969,-0.26299179564461084,2199.0,14,30.971830985915492,2025
2025_14_PHI_LAC,PHI,65,0.13846153846153847,0.6307692307692307,-0.26299179564461084,-0.2722896922987969,1678.0,14,25.815384615384616,2025
2025_14_PIT_BAL,BAL,75,0.04,0.4666666666666667,0.013068931791815798,0.26883418334592607,1978.0,10,26.373333333333335,2025
2025_14_PIT_BAL,PIT,50,0.06,0.68,0.26883418334592607,0.013068931791815798,1516.0,10,30.32,2025
2025_14_SEA_ATL,ATL,62,0.14516129032258066,0.5,-0.35601545536990825,0.15181387743784508,1661.0,11,26.79032258064516,2025
2025_14_SEA_ATL,SEA,58,0.034482758620689655,0.5517241379310345,0.15181387743784508,-0.35601545536990825,1829.0,11,31.53448275862069,2025
2025_14_TEN_CLE,CLE,66,0.10606060606060606,0.6818181818181818,-0.05692766976295185,-0.09271315196570791,1563.0,15,23.681818181818183,2025
2025_14_TEN_CLE,TEN,64,0.03125,0.453125,-0.09271315196570791,-0.05692766976295185,1829.0,15,28.578125,2025
2025_14_WAS_MIN,MIN,57,0.0,0.47368421052631576,0.3093801282268059,-0.4321306956342745,2064.0,8,36.21052631578947,2025
2025_14_WAS_MIN,WAS,49,0.7551020408163265,0.5306122448979592,-0.4321306956342745,0.3093801282268059,1452.0,7,29.632653061224488,2025
2025_15_ARI_HOU,ARI,64,0.140625,0.671875,0.012079446338022534,0.24830012980402955,1611.0,10,25.171875,2025
2025_15_ARI_HOU,HOU,60,0.0,0.48333333333333334,0.24830012980402955,0.012079446338022534,1913.0,11,31.883333333333333,2025
2025_15_ATL_TB,ATL,67,0.08955223880597014,0.6865671641791045,0.2173615541685331,0.055107300613201245,1868.0,10,27.880597014925375,2025
2025_15_ATL_TB,TB,62,0.016129032258064516,0.6451612903225806,0.055107300613201245,0.2173615541685331,1639.0,11,26.43548387096774,2025
2025_15_BAL_CIN,BAL,37,0.0,0.43243243243243246,0.2074522312475908,-0.3091005075363849,1205.0,9,32.567567567567565,2025
2025_15_BAL_CIN,CIN,71,0.028169014084507043,0.5915492957746479,-0.3091005075363849,0.2074522312475908,2278.0,9,32.08450704225352,2025
2025_15_BUF_NE,BUF,64,0.046875,0.46875,0.2610677966958974,0.24429784937200227,2080.0,10,32.5,2025
2025_15_BUF_NE,NE,51,0.0392156862745098,0.5098039215686274,0.24429784937200227,0.2610677966958974,1430.0,10,28.03921568627451,2025
2025_15_CAR_NO,CAR,56,0.05357142857142857,0.44642857142857145,0.11013014508381673,0.10643883001799215,1665.0,8,29.732142857142858,2025
2025_15_CAR_NO,NO,61,0.16393442622950818,0.6065573770491803,0.10643883001799215,0.11013014508381673,1857.0,9,30.442622950819672,2025
2025_15_CLE_CHI,CHI,63,0.015873015873015872,0.49206349206349204,0.05207934172665347,-0.466044770482573,1912.0,13,30.349206349206348,2025
2025_15_CLE_CHI,CLE,56,0.19642857142857142,0.7142857142857143,-0.466044770482573,0.05207934172665347,1520.0,12,27.142857142857142,2025
2025_15_DET_LA,DET,62,0.0967741935483871,0.6774193548387096,0.1559829393661675,0.1972362266317537,1549.0,11,24.983870967741936,2025
2025_15_DET_LA,LA,69,0.028985507246376812,0.5797101449275363,0.1972362266317537,0.1559829393661675,1965.0,11,28.47826086956522,2025
2025_15_GB_DEN,DEN,64,0.1875,0.53125,0.16455615023710563,0.022322196112852005,1795.0,12,28.046875,2025
2025_15_GB_DEN,GB,63,0.06349206349206349,0.6825396825396826,0.022322196112852005,0.16455615023710563,1719.0,11,27.285714285714285,2025
2025_15_IND_SEA,IND,58,0.0,0.4827586206896552,-0.09799451798336897,-0.04144017157500245,1802.0,10,31.06896551724138,2025
2025_15_IND_SEA,SEA,56,0.125,0.625,-0.04144017157500245,-0.09799451798336897,1679.0,11,29.982142857142858,2025
2025_15_LAC_KC,KC,59,0.01694915254237288,0.6440677966101694,-0.10570821223760266,-0.045161468432791736,1454.0,10,24.64406779661017,2025
2025_15_LAC_KC,LAC,61,0.0,0.5409836065573771,-0.045161468432791736,-0.10570821223760266,2026.0,10,33.21311475409836,2025
2025_15_LV_PHI,LV,42,0.19047619047619047,0.6904761904761905,-0.41019967069483493,0.24604142609317212,1179.0,8,28.071428571428573,2025
2025_15_LV_PHI,PHI,66,0.13636363636363635,0.2878787878787879,0.24604142609317212,-0.41019967069483493,2321.0,8,35.166666666666664,2025
2025_15_MIA_PIT,MIA,50,0.12,0.68,-0.04027871940113572,0.223225180653014,1518.0,10,30.36,2025
2025_15_MIA_PIT,PIT,62,0.12903225806451613,0.4838709677419355,0.223225180653014,-0.04027871940113572,1961.0,9,31.629032258064516,2025
2025_15_MIN_DAL,DAL,69,0.11594202898550725,0.5797101449275363,0.1113029115772439,0.22620073394569767,1918.0,10,27.797101449275363,2025
2025_15_MIN_DAL,MIN,51,0.0196078431372549,0.47058823529411764,0.22620073394569767,0.1113029115772439,1606.0,11,31.49019607843137,2025
2025_15_NYJ_JAX,JAX,56,0.07142857142857142,0.5714285714285714,0.3273718464182312,-0.15684513110884288,1561.0,12,27.875,2025
2025_15_NYJ_JAX,NYJ,68,0.16176470588235295,0.5294117647058824,-0.15684513110884288,0.3273718464182312,1908.0,12,28.058823529411764,2025
2025_15_TEN_SF,SF,70,0.08571428571428572,0.45714285714285713,0.24785541111916856,0.23221759362338282,2205.0,8,31.5,2025
2025_15_TEN_SF,TEN,49,0.08163265306122448,0.5918367346938775,0.23221759362338282,0.24785541111916856,1336.0,9,27.26530612244898,2025
2025_15_WAS_NYG,NYG,67,0.208955223880597,0.5671641791044776,0.020273347970565275,0.0025248458819554288,1672.0,12,24.955223880597014,2025
2025_15_WAS_NYG,WAS,55,0.6727272727272727,0.38181818181818183,0.0025248458819554288,0.020273347970565275,1781.0,13,32.38181818181818,2025
2025_16_ATL_ARI,ARI,56,0.10714285714285714,0.5892857142857143,-0.004239506768854666,0.053032834304417804,1423.0,9,25.410714285714285,2025
2025_16_ATL_ARI,ATL,71,0.028169014084507043,0.5070422535211268,0.053032834304417804,-0.004239506768854666,2099.0,9,29.56338028169014,2025
2025_16_BUF_CLE,BUF,48,0.125,0.4375,0.06078290143606926,-0.09587976092174261,1433.0,10,29.854166666666668,2025
2025_16_BUF_CLE,CLE,64,0.109375,0.515625,-0.09587976092174261,0.06078290143606926,2067.0,10,32.296875,2025
2025_16_CIN_MIA,CIN,61,0.0,0.5737704918032787,0.3721539016830053,-0.05743694774995173,1810.0,12,29.672131147540984,2025
2025_16_CIN_MIA,MIA,58,0.05172413793103448,0.5172413793103449,-0.05743694774995173,0.3721539016830053,1633.0,12,28.155172413793103,2025
2025_16_GB_CHI,CHI,60,0.11666666666666667,0.5666666666666667,0.1006365612826786,0.06088478166382712,1528.0,9,25.466666666666665,2025
2025_16_GB_CHI,GB,68,0.04411764705882353,0.38235294117647056,0.06088478166382712,0.1006365612826786,2261.0,10,33.25,2025
2025_16_JAX_DEN,DEN,65,0.3230769230769231,0.7384615384615385,-0.033010765424292064,0.08766054605876356,1553.0,12,23.892307692307693,2025
2025_16_JAX_DEN,JAX,68,0.07352941176470588,0.6029411764705882,0.08766054605876356,-0.033010765424292064,1934.0,12,28.441176470588236,2025
2025_16_KC_TEN,KC,43,0.09302325581395349,0.6511627906976745,-0.31250395935260805,0.04466097440533517,1250.0,10,29.069767441860463,2025
2025_16_KC_TEN,TEN,68,0.04411764705882353,0.4411764705882353,0.04466097440533517,-0.31250395935260805,2217.0,11,32.60294117647059,2025
2025_16_LAC_DAL,DAL,56,0.03571428571428571,0.5892857142857143,0.03422700168266081,0.4464467190914071,1489.0,9,26.589285714285715,2025
2025_16_LAC_DAL,LAC,61,0.0,0.47540983606557374,0.4464467190914071,0.03422700168266081,2049.0,8,33.59016393442623,2025
2025_16_LA_SEA,LA,88,0.022727272727272728,0.5568181818181818,0.24381706246044457,0.03187544195747648,2348.0,14,26.681818181818183,2025
2025_16_LA_SEA,SEA,65,0.09230769230769231,0.6,0.03187544195747648,0.24381706246044457,1474.0,14,22.676923076923078,2025
2025_16_LV_HOU,HOU,59,0.05084745762711865,0.5932203389830508,-0.15858796426285257,-0.04247776650876369,1822.0,12,30.88135593220339,2025
2025_16_LV_HOU,LV,53,0.1509433962264151,0.49056603773584906,-0.04247776650876369,-0.15858796426285257,1623.0,11,30.62264150943396,2025
2025_16_MIN_NYG,MIN,55,0.09090909090909091,0.4909090909090909,-0.05671287556054692,-0.3790469533118428,1812.0,9,32.945454545454545,2025
2025_16_MIN_NYG,NYG,48,0.08333333333333333,0.375,-0.3790469533118428,-0.05671287556054692,1695.0,8,35.3125,2025
2025_16_NE_BAL,BAL,53,0.03773584905660377,0.39622641509433965,0.1051973278112412,0.21092189880171036,1633.0,10,30.81132075471698,2025
2025_16_NE_BAL,NE,68,0.014705882352941176,0.7058823529411765,0.21092189880171036,0.1051973278112412,1870.0,10,27.5,2025
2025_16_NYJ_NO,NO,77,0.2727272727272727,0.6753246753246753,-0.005796187007592138,-0.3565103556337593,1823.0,11,23.675324675324674,2025
2025_16_NYJ_NO,NYJ,63,0.15873015873015872,0.6825396825396826,-0.3565103556337593,-0.005796187007592138,1649.0,11,26.174603174603174,2025
2025_16_PHI_WAS,PHI,65,0.3384615384615385,0.49230769230769234,0.2896811006046502,-0.12504454409910207,2017.0,10,31.03076923076923,2025
2025_16_PHI_WAS,WAS,51,0.5686274509803921,0.49019607843137253,-0.12504454409910207,0.2896811006046502,1504.0,10,29.49019607843137,2025
2025_16_PIT_DET,DET,68,0.16176470588235295,0.8382352941176471,0.10131214237048737,0.2117451658375279,1511.0,11,22.220588235294116,2025
2025_16_PIT_DET,PIT,70,0.14285714285714285,0.6142857142857143,0.2117451658375279,0.10131214237048737,1995.0,10,28.5,2025
2025_16_SF_IND,IND,58,0.1896551724137931,0.6551724137931034,-0.03678054620523284,0.4026968567348456,1565.0,10,26.982758620689655,2025
2025_16_SF_IND,SF,63,0.047619047619047616,0.5555555555555556,0.4026968567348456,-0.03678054620523284,1963.0,11,31.158730158730158,2025
2025_16_TB_CAR,CAR,53,0.05660377358490566,0.6415094339622641,0.10059068346236226,0.10685435090192215,1487.0,9,28.056603773584907,2025
2025_16_TB_CAR,TB,60,0.08333333333333333,0.4666666666666667,0.10685435090192215,0.10059068346236226,2026.0,9,33.766666666666666,2025
2025_17_ARI_CIN,ARI,54,0.2962962962962963,0.7592592592592593,-0.045414285696568656,0.3402397610588282,1072.0,9,19.85185185185185,2025
2025_17_ARI_CIN,CIN,70,0.0,0.5571428571428572,0.3402397610588282,-0.045414285696568656,2420.0,10,34.57142857142857,2025
2025_17_BAL_GB,BAL,73,0.0273972602739726,0.2876712328767123,0.3670992137249119,0.11056126722974988,2403.0,9,32.917808219178085,2025
2025_17_BAL_GB,GB,43,0.27906976744186046,0.627906976744186,0.11056126722974988,0.3670992137249119,1157.0,9,26.906976744186046,2025
2025_17_CHI_SF,CHI,63,0.015873015873015872,0.6507936507936508,0.3625783731220248,0.28495281093808655,1555.0,10,24.682539682539684,2025
2025_17_CHI_SF,SF,68,0.029411764705882353,0.5,0.28495281093808655,0.3625783731220248,1977.0,10,29.073529411764707,2025
2025_17_DAL_WAS,DAL,87,0.05747126436781609,0.4942528735632184,0.2127832348644801,0.19653274427039732,2299.0,9,26.42528735632184,2025
2025_17_DAL_WAS,WAS,40,0.15,0.6,0.19653274427039732,0.2127832348644801,1237.0,9,30.925,2025
2025_17_DEN_KC,DEN,70,0.07142857142857142,0.5571428571428572,0.0965345055469601,-0.1994587992753669,2327.0,8,33.24285714285714,2025
2025_17_DEN_KC,KC,41,0.04878048780487805,0.5365853658536586,-0.1994587992753669,0.0965345055469601,1169.0,8,28.51219512195122,2025
2025_17_DET_MIN,DET,64,0.046875,0.53125,-0.4637179825861598,-0.2773751509675688,1875.0,13,29.296875,2025
2025_17_DET_MIN,MIN,51,0.0196078431372549,0.45098039215686275,-0.2773751509675688,-0.4637179825861598,1573.0,12,30.84313725490196,2025
2025_17_HOU_LAC,HOU,59,0.0,0.4745762711864407,-0.1514305319207047,-0.2153056603435169,1746.0,13,29.593220338983052,2025
2025_17_HOU_LAC,LAC,59,0.05084745762711865,0.6271186440677966,-0.2153056603435169,-0.1514305319207047,1714.0,12,29.050847457627118,2025
2025_17_JAX_IND,IND,54,0.037037037037037035,0.6111111111111112,-0.20558239751147017,0.005853578666848325,1594.0,11,29.51851851851852,2025
2025_17_JAX_IND,JAX,68,0.058823529411764705,0.5735294117647058,0.005853578666848325,-0.20558239751147017,1888.0,10,27.764705882352942,2025
2025_17_LA_ATL,ATL,53,0.07547169811320754,0.37735849056603776,0.1156438092734969,-0.10361725561301678,1709.0,12,32.24528301886792,2025
2025_17_LA_ATL,LA,61,0.06557377049180328,0.6721311475409836,-0.10361725561301678,0.1156438092734969,1721.0,12,28.21311475409836,2025
2025_17_NE_NYJ,NE,60,0.016666666666666666,0.43333333333333335,0.48764402833789583,-0.19830819677414527,1897.0,10,31.616666666666667,2025
2025_17_NE_NYJ,NYJ,63,0.06349206349206349,0.5555555555555556,-0.19830819677414527,0.48764402833789583,1619.0,10,25.6984126984127,2025
2025_17_NO_TEN,NO,51,0.1568627450980392,0.5686274509803921,0.24544763631604535,-0.18078528304507244,1636.0,12,32.07843137254902,2025
2025_17_NO_TEN,TEN,72,0.06944444444444445,0.6111111111111112,-0.18078528304507244,0.24544763631604535,1836.0,12,25.5,2025
2025_17_NYG_LV,LV,54,0.24074074074074073,0.6296296296296297,-0.21468708531499203,0.23922356683374604,1683.0,8,31.166666666666668,2025
2025_17_NYG_LV,NYG,60,0.26666666666666666,0.5333333333333333,0.23922356683374604,-0.21468708531499203,1820.0,9,30.333333333333332,2025
2025_17_PHI_BUF,BUF,73,0.0958904109589041,0.5616438356164384,-0.12071316199451174,-0.11959278373005547,2041.0,11,27.958904109589042,2025
2025_17_PHI_BUF,PHI,53,0.20754716981132076,0.5283018867924528,-0.11959278373005547,-0.12071316199451174,1404.0,11,26.49056603773585,2025
2025_17_PIT_CLE,CLE,49,0.0,0.5102040816326531,-0.2336614750163306,-0.2044288532304102,1694.0,11,34.57142857142857,2025
2025_17_PIT_CLE,PIT,63,0.1111111111111111,0.6190476190476191,-0.2044288532304102,-0.2336614750163306,1775.0,11,28.174603174603174,2025
2025_17_SEA_CAR,CAR,49,0.08163265306122448,0.5306122448979592,-0.5107222867168542,-0.05358890314740905,1473.0,11,30.06122448979592,2025
2025_17_SEA_CAR,SEA,65,0.07692307692307693,0.46153846153846156,-0.05358890314740905,-0.5107222867168542,2006.0,11,30.861538461538462,2025
2025_17_TB_MIA,MIA,52,0.0,0.46153846153846156,0.1076283444776981,0.035067697904803116,1599.0,11,30.75,2025
2025_17_TB_MIA,TB,63,0.1746031746031746,0.746031746031746,0.035067697904803116,0.1076283444776981,1855.0,10,29.444444444444443,2025
2025_18_ARI_LA,ARI,53,0.09433962264150944,0.7169811320754716,0.036187608962900235,0.23612738051027957,1613.0,9,30.433962264150942,2025
2025_18_ARI_LA,LA,68,0.014705882352941176,0.5882352941176471,0.23612738051027957,0.036187608962900235,1896.0,10,27.88235294117647,2025
2025_18_BAL_PIT,BAL,47,0.0,0.44680851063829785,0.13874552093837494,0.05849587082471776,1492.0,10,31.74468085106383,2025
2025_18_BAL_PIT,PIT,73,0.1643835616438356,0.6712328767123288,0.05849587082471776,0.13874552093837494,2013.0,11,27.575342465753426,2025
2025_18_CAR_TB,CAR,47,0.06382978723404255,0.723404255319149,-0.021426274508918312,0.006040095488994255,1308.0,10,27.829787234042552,2025
2025_18_CAR_TB,TB,66,0.030303030303030304,0.36363636363636365,0.006040095488994255,-0.021426274508918312,2194.0,10,33.24242424242424,2025
2025_18_CLE_CIN,CIN,67,0.014925373134328358,0.6268656716417911,-0.11326667210612613,-0.12539844451237517,2061.0,11,30.761194029850746,2025
2025_18_CLE_CIN,CLE,52,0.057692307692307696,0.5384615384615384,-0.12539844451237517,-0.11326667210612613,1398.0,11,26.884615384615383,2025
2025_18_DAL_NYG,DAL,53,0.03773584905660377,0.4528301886792453,-0.12970593135882458,0.13465806505958802,1555.0,11,29.339622641509433,2025
2025_18_DAL_NYG,NYG,70,0.12857142857142856,0.5428571428571428,0.13465806505958802,-0.12970593135882458,1943.0,10,27.757142857142856,2025
2025_18_DET_CHI,CHI,54,0.0,0.6481481481481481,-0.019359930886783536,0.14434690267100864,1398.0,9,25.88888888888889,2025
2025_18_DET_CHI,DET,72,0.027777777777777776,0.625,0.14434690267100864,-0.019359930886783536,2097.0,9,29.125,2025
2025_18_GB_MIN,GB,49,0.02040816326530612,0.30612244897959184,-0.32896393591844886,-0.0427276370525064,1494.0,10,30.489795918367346,2025
2025_18_GB_MIN,MIN,64,0.0625,0.515625,-0.0427276370525064,-0.32896393591844886,1950.0,10,30.46875,2025
2025_18_IND_HOU,HOU,63,0.031746031746031744,0.49206349206349204,-0.01890033960430786,-0.07294242176672638,1637.0,12,25.984126984126984,2025
2025_18_IND_HOU,IND,64,0.046875,0.5625,-0.07294242176672638,-0.01890033960430786,1846.0,11,28.84375,2025
2025_18_KC_LV,KC,62,0.016129032258064516,0.6290322580645161,-0.4682060693371074,-0.49023991220838736,1623.0,15,26.177419354838708,2025
2025_18_KC_LV,LV,61,0.06557377049180328,0.47540983606557374,-0.49023991220838736,-0.4682060693371074,1748.0,14,28.65573770491803,2025
2025_18_LAC_DEN,DEN,56,0.08928571428571429,0.48214285714285715,-0.18474615782707252,-0.41350366559252,1970.0,13,35.17857142857143,2025
2025_18_LAC_DEN,LAC,66,0.030303030303030304,0.6818181818181818,-0.41350366559252,-0.18474615782707252,1462.0,12,22.151515151515152,2025
2025_18_MIA_NE,MIA,54,0.0,0.5370370370370371,-0.34409286922429466,0.35990873299846027,1671.0,11,30.944444444444443,2025
2025_18_MIA_NE,NE,54,0.0,0.4074074074074074,0.35990873299846027,-0.34409286922429466,1796.0,12,33.25925925925926,2025
2025_18_NO_ATL,ATL,58,0.06896551724137931,0.603448275862069,-0.24802168146832365,-0.11437933394057462,1638.0,12,28.24137931034483,2025
2025_18_NO_ATL,NO,65,0.27692307692307694,0.6,-0.11437933394057462,-0.24802168146832365,1788.0,11,27.50769230769231,2025
2025_18_NYJ_BUF,BUF,70,0.02857142857142857,0.44285714285714284,0.35458301354125144,-0.25580803342219044,2269.0,9,32.41428571428571,2025
2025_18_NYJ_BUF,NYJ,47,0.0425531914893617,0.5106382978723404,-0.25580803342219044,0.35458301354125144,1247.0,8,26.53191489361702,2025
2025_18_SEA_SF,SEA,64,0.015625,0.4375,0.06867175021080515,-0.358990701150869,2218.0,9,34.65625,2025
2025_18_SEA_SF,SF,42,0.0,0.7142857142857143,-0.358990701150869,0.06867175021080515,1273.0,8,30.30952380952381,2025
2025_18_TEN_JAX,JAX,55,0.12727272727272726,0.6181818181818182,0.21885933596011084,-0.34853634520370375,1948.0,11,35.41818181818182,2025
2025_18_TEN_JAX,TEN,53,0.09433962264150944,0.6415094339622641,-0.34853634520370375,0.21885933596011084,1546.0,10,29.169811320754718,2025
2025_18_WAS_PHI,PHI,62,0.24193548387096775,0.6935483870967742,-0.10292984583499282,-0.025166327970555676,1493.0,10,24.080645161290324,2025
2025_18_WAS_PHI,WAS,61,0.01639344262295082,0.3442622950819672,-0.025166327970555676,-0.10292984583499282,1994.0,11,32.68852459016394,2025
2025_19_BUF_JAX,BUF,60,0.016666666666666666,0.6,0.24351304215165026,0.027460529384001373,1987.0,10,33.11666666666667,2025
2025_19_BUF_JAX,JAX,54,0.09259259259259259,0.5740740740740741,0.027460529384001373,0.24351304215165026,1529.0,10,28.314814814814813,2025
2025_19_GB_CHI,CHI,78,0.0641025641025641,0.6410256410256411,0.10511108440988046,0.217744487005199,1925.0,10,24.67948717948718,2025
2025_19_GB_CHI,GB,70,0.02857142857142857,0.6714285714285714,0.217744487005199,0.10511108440988046,1583.0,11,22.614285714285714,2025
2025_19_HOU_PIT,HOU,66,0.015151515151515152,0.5303030303030303,0.0882901095829463,-0.544037545822413,1885.0,11,28.560606060606062,2025
2025_19_HOU_PIT,PIT,56,0.17857142857142858,0.6785714285714286,-0.544037545822413,0.0882901095829463,1571.0,11,28.053571428571427,2025
2025_19_LAC_NE,LAC,59,0.1864406779661017,0.6271186440677966,-0.2542955205961964,-0.01594321019669678,1594.0,10,27.016949152542374,2025
2025_19_LAC_NE,NE,61,0.0,0.5737704918032787,-0.01594321019669678,-0.2542955205961964,1888.0,10,30.950819672131146,2025
2025_19_LA_CAR,CAR,63,0.015873015873015872,0.6666666666666666,-0.07389202366997207,0.11456465343702234,1626.0,13,25.80952380952381,2025
2025_19_LA_CAR,LA,71,0.07042253521126761,0.6056338028169014,0.11456465343702234,-0.07389202366997207,1844.0,14,25.971830985915492,2025
2025_19_SF_PHI,PHI,72,0.20833333333333334,0.5,-0.04102145821338829,0.10420946951831479,2087.0,10,28.98611111111111,2025
2025_19_SF_PHI,SF,55,0.12727272727272726,0.6,0.10420946951831479,-0.04102145821338829,1407.0,11,25.581818181818182,2025
2025_20_BUF_DEN,BUF,78,0.02564102564102564,0.5384615384615384,0.08386898105697616,0.0339653066989,2394.0,11,30.692307692307693,2025
2025_20_BUF_DEN,DEN,66,0.21212121212121213,0.696969696969697,0.0339653066989,0.08386898105697616,1708.0,13,25.87878787878788,2025
2025_20_HOU_NE,HOU,72,0.05555555555555555,0.6944444444444444,-0.4067314588650457,-0.27839855696525306,1550.0,15,21.52777777777778,2025
2025_20_HOU_NE,NE,62,0.0,0.5161290322580645,-0.27839855696525306,-0.4067314588650457,1850.0,16,29.838709677419356,2025
2025_20_LA_CHI,CHI,81,0.037037037037037035,0.5185185185185185,-0.03578029582161639,0.03823433419380431,2295.0,12,28.333333333333332,2025
2025_20_LA_CHI,LA,76,0.11842105263157894,0.6052631578947368,0.03823433419380431,-0.03578029582161639,1847.0,13,24.30263157894737,2025
2025_20_SF_SEA,SEA,52,0.057692307692307696,0.36538461538461536,0.2121732109529638,-0.456009572554016,1829.0,10,35.17307692307692,2025
2025_20_SF_SEA,SF,60,0.05,0.55,-0.456009572554016,0.2121732109529638,1661.0,11,27.683333333333334,2025
2025_21_LA_SEA,LA,57,0.017543859649122806,0.6140350877192983,0.31872615365579227,0.19811204491293347,1652.0,10,28.982456140350877,2025
2025_21_LA_SEA,SEA,65,0.03076923076923077,0.6,0.19811204491293347,0.31872615365579227,1867.0,10,28.723076923076924,2025
2025_21_NE_DEN,DEN,58,0.06896551724137931,0.5862068965517241,-0.31277337395350213,-0.1380705371196718,1539.0,12,26.53448275862069,2025
2025_21_NE_DEN,NE,61,0.01639344262295082,0.4262295081967213,-0.1380705371196718,-0.31277337395350213,1916.0,13,31.40983606557377,2025
2025_22_SEA_NE,NE,67,0.23880597014925373,0.746268656716418,-0.309329724577193,-0.049616288765764585,1510.0,15,22.53731343283582,2025
2025_22_SEA_NE,SEA,71,0.056338028169014086,0.5492957746478874,-0.049616288765764585,-0.309329724577193,1892.0,14,26.64788732394366,2025
